/*
 * Chess Pieces - Embedded BMP Data
 * Auto-generated from BMP files (46x46 pixels)
 */

#ifndef CHESS_PIECES_H
#define CHESS_PIECES_H

/* black_bishop.bmp (6494 bytes, 46x46 px) */
static const unsigned char black_bishop_bmp[] = {
    0x42, 0x4d, 0x5e, 0x19, 0x00, 0x00, 0x00, 0x00, 0x00, 0x00, 0x36, 0x00,
    0x00, 0x00, 0x28, 0x00, 0x00, 0x00, 0x2e, 0x00, 0x00, 0x00, 0x2e, 0x00,
    0x00, 0x00, 0x01, 0x00, 0x18, 0x00, 0x00, 0x00, 0x00, 0x00, 0x28, 0x19,
    0x00, 0x00, 0xc4, 0x0e, 0x00, 0x00, 0xc4, 0x0e, 0x00, 0x00, 0x00, 0x00,
    0x00, 0x00, 0x00, 0x00, 0x00, 0x00, 0xfc, 0xfc, 0xfc, 0xef, 0xef, 0xef,
    0xf7, 0xf7, 0xf7, 0xf3, 0xf3, 0xf3, 0xee, 0xee, 0xee, 0xf0, 0xf0, 0xf0,
    0xf4, 0xf4, 0xf4, 0xf6, 0xf6, 0xf6, 0xf7, 0xf7, 0xf7, 0xf8, 0xf8, 0xf8,
    0xf8, 0xf8, 0xf8, 0xf8, 0xf8, 0xf8, 0xf8, 0xf8, 0xf8, 0xf7, 0xf7, 0xf7,
    0xf6, 0xf6, 0xf6, 0xf6, 0xf6, 0xf6, 0xf6, 0xf6, 0xf6, 0xf7, 0xf7, 0xf7,
    0xf8, 0xf8, 0xf8, 0xfb, 0xfb, 0xfb, 0xfd, 0xfd, 0xfd, 0xff, 0xff, 0xff,
    0xff, 0xff, 0xff, 0xff, 0xff, 0xff, 0xff, 0xff, 0xff, 0xfc, 0xfc, 0xfc,
    0xfa, 0xfa, 0xfa, 0xf8, 0xf8, 0xf8, 0xf7, 0xf7, 0xf7, 0xf6, 0xf6, 0xf6,
    0xf6, 0xf6, 0xf6, 0xf6, 0xf6, 0xf6, 0xf7, 0xf7, 0xf7, 0xf7, 0xf7, 0xf7,
    0xf8, 0xf8, 0xf8, 0xf8, 0xf8, 0xf8, 0xf8, 0xf8, 0xf8, 0xf7, 0xf7, 0xf7,
    0xf6, 0xf6, 0xf6, 0xf4, 0xf4, 0xf4, 0xf0, 0xf0, 0xf0, 0xed, 0xed, 0xed,
    0xf4, 0xf4, 0xf4, 0xf5, 0xf5, 0xf5, 0xf0, 0xf0, 0xf0, 0xfd, 0xfd, 0xfd,
    0x00, 0x00, 0xe9, 0xe9, 0xe9, 0xf4, 0xf4, 0xf4, 0xb5, 0xb5, 0xb5, 0xbc,
    0xbc, 0xbc, 0xee, 0xee, 0xee, 0xff, 0xff, 0xff, 0xfe, 0xfe, 0xfe, 0xf6,
    0xf6, 0xf6, 0xf4, 0xf4, 0xf4, 0xf4, 0xf4, 0xf4, 0xf4, 0xf4, 0xf4, 0xf4,
    0xf4, 0xf4, 0xf5, 0xf5, 0xf5, 0xf4, 0xf4, 0xf4, 0xf5, 0xf5, 0xf5, 0xf7,
    0xf7, 0xf7, 0xf7, 0xf7, 0xf7, 0xf5, 0xf5, 0xf5, 0xf4, 0xf4, 0xf4, 0xf5,
    0xf5, 0xf5, 0xf3, 0xf3, 0xf3, 0xf2, 0xf2, 0xf2, 0xf0, 0xf0, 0xf0, 0xf0,
    0xf0, 0xf0, 0xf2, 0xf2, 0xf2, 0xf4, 0xf4, 0xf4, 0xf5, 0xf5, 0xf5, 0xf4,
    0xf4, 0xf4, 0xf5, 0xf5, 0xf5, 0xf7, 0xf7, 0xf7, 0xf7, 0xf7, 0xf7, 0xf5,
    0xf5, 0xf5, 0xf4, 0xf4, 0xf4, 0xf5, 0xf5, 0xf5, 0xf4, 0xf4, 0xf4, 0xf4,
    0xf4, 0xf4, 0xf4, 0xf4, 0xf4, 0xf4, 0xf4, 0xf4, 0xf6, 0xf6, 0xf6, 0xff,
    0xff, 0xff, 0xff, 0xff, 0xff, 0xee, 0xee, 0xee, 0xb5, 0xb5, 0xb5, 0xba,
    0xba, 0xba, 0xf6, 0xf6, 0xf6, 0xe9, 0xe9, 0xe9, 0x00, 0x00, 0xe8, 0xe8,
    0xe8, 0xf9, 0xf9, 0xf9, 0x7b, 0x7b, 0x7b, 0x00, 0x00, 0x00, 0x14, 0x14,
    0x14, 0x4a, 0x4a, 0x4a, 0x72, 0x72, 0x72, 0x8b, 0x8b, 0x8b, 0x99, 0x99,
    0x99, 0xa0, 0xa0, 0xa0, 0xa0, 0xa0, 0xa0, 0x9d, 0x9d, 0x9d, 0x98, 0x98,
    0x98, 0x93, 0x93, 0x93, 0x8e, 0x8e, 0x8e, 0x8a, 0x8a, 0x8a, 0x8a, 0x8a,
    0x8a, 0x90, 0x90, 0x90, 0x9b, 0x9b, 0x9b, 0xad, 0xad, 0xad, 0xca, 0xca,
    0xca, 0xee, 0xee, 0xee, 0xff, 0xff, 0xff, 0xff, 0xff, 0xff, 0xed, 0xed,
    0xed, 0xc9, 0xc9, 0xc9, 0xad, 0xad, 0xad, 0x9a, 0x9a, 0x9a, 0x90, 0x90,
    0x90, 0x8a, 0x8a, 0x8a, 0x8a, 0x8a, 0x8a, 0x8e, 0x8e, 0x8e, 0x93, 0x93,
    0x93, 0x98, 0x98, 0x98, 0x9d, 0x9d, 0x9d, 0xa0, 0xa0, 0xa0, 0x9f, 0x9f,
    0x9f, 0x99, 0x99, 0x99, 0x8b, 0x8b, 0x8b, 0x72, 0x72, 0x72, 0x49, 0x49,
    0x49, 0x13, 0x13, 0x13, 0x1c, 0x1c, 0x1c, 0xa8, 0xa8, 0xa8, 0xfb, 0xfb,
    0xfb, 0xe8, 0xe8, 0xe8, 0x00, 0x00, 0xfc, 0xfc, 0xfc, 0xeb, 0xeb, 0xeb,
    0xff, 0xff, 0xff, 0xb2, 0xb2, 0xb2, 0x50, 0x50, 0x50, 0x1a, 0x1a, 0x1a,
    0x03, 0x03, 0x03, 0x02, 0x02, 0x02, 0x02, 0x02, 0x02, 0x02, 0x02, 0x02,
    0x02, 0x02, 0x02, 0x01, 0x01, 0x01, 0x01, 0x01, 0x01, 0x01, 0x01, 0x01,
    0x01, 0x01, 0x01, 0x01, 0x01, 0x01, 0x00, 0x00, 0x00, 0x00, 0x00, 0x00,
    0x01, 0x01, 0x01, 0x01, 0x01, 0x01, 0x02, 0x02, 0x02, 0x21, 0x21, 0x21,
    0x5f, 0x5f, 0x5f, 0x5f, 0x5f, 0x5f, 0x20, 0x20, 0x20, 0x02, 0x02, 0x02,
    0x01, 0x01, 0x01, 0x01, 0x01, 0x01, 0x00, 0x00, 0x00, 0x00, 0x00, 0x00,
    0x01, 0x01, 0x01, 0x01, 0x01, 0x01, 0x01, 0x01, 0x01, 0x01, 0x01, 0x01,
    0x01, 0x01, 0x01, 0x02, 0x02, 0x02, 0x02, 0x02, 0x02, 0x02, 0x02, 0x02,
    0x02, 0x02, 0x02, 0x02, 0x02, 0x02, 0x1c, 0x1c, 0x1c, 0x71, 0x71, 0x71,
    0xe2, 0xe2, 0xe2, 0xff, 0xff, 0xff, 0xee, 0xee, 0xee, 0xfe, 0xfe, 0xfe,
    0x00, 0x00, 0xff, 0xff, 0xff, 0xfc, 0xfc, 0xfc, 0xef, 0xef, 0xef, 0xf8,
    0xf8, 0xf8, 0xff, 0xff, 0xff, 0xf9, 0xf9, 0xf9, 0xde, 0xde, 0xde, 0xc8,
    0xc8, 0xc8, 0xb9, 0xb9, 0xb9, 0xaf, 0xaf, 0xaf, 0xaa, 0xaa, 0xaa, 0xa7,
    0xa7, 0xa7, 0xa4, 0xa4, 0xa4, 0x9f, 0x9f, 0x9f, 0x98, 0x98, 0x98, 0x8d,
    0x8d, 0x8d, 0x7c, 0x7c, 0x7c, 0x67, 0x67, 0x67, 0x47, 0x47, 0x47, 0x22,
    0x22, 0x22, 0x00, 0x00, 0x00, 0x00, 0x00, 0x00, 0x00, 0x00, 0x00, 0x00,
    0x00, 0x00, 0x00, 0x00, 0x00, 0x00, 0x00, 0x00, 0x23, 0x23, 0x23, 0x47,
    0x47, 0x47, 0x67, 0x67, 0x67, 0x7d, 0x7d, 0x7d, 0x8d, 0x8d, 0x8d, 0x98,
    0x98, 0x98, 0x9f, 0x9f, 0x9f, 0xa4, 0xa4, 0xa4, 0xa7, 0xa7, 0xa7, 0xaa,
    0xaa, 0xaa, 0xb0, 0xb0, 0xb0, 0xb9, 0xb9, 0xb9, 0xc9, 0xc9, 0xc9, 0xde,
    0xde, 0xde, 0xf9, 0xf9, 0xf9, 0xff, 0xff, 0xff, 0xf1, 0xf1, 0xf1, 0xf3,
    0xf3, 0xf3, 0xff, 0xff, 0xff, 0xff, 0xff, 0xff, 0x00, 0x00, 0xff, 0xff,
    0xff, 0xff, 0xff, 0xff, 0xff, 0xff, 0xff, 0xf8, 0xf8, 0xf8, 0xf3, 0xf3,
    0xf3, 0xf0, 0xf0, 0xf0, 0xf1, 0xf1, 0xf1, 0xf2, 0xf2, 0xf2, 0xf4, 0xf4,
    0xf4, 0xf4, 0xf4, 0xf4, 0xf3, 0xf3, 0xf3, 0xf4, 0xf4, 0xf4, 0xf4, 0xf4,
    0xf4, 0xf3, 0xf3, 0xf3, 0xf7, 0xf7, 0xf7, 0xfe, 0xfe, 0xfe, 0xff, 0xff,
    0xff, 0xff, 0xff, 0xff, 0xfa, 0xfa, 0xfa, 0xe5, 0xe5, 0xe5, 0xbf, 0xbf,
    0xbf, 0x79, 0x79, 0x79, 0x1c, 0x1c, 0x1c, 0x1d, 0x1d, 0x1d, 0x7b, 0x7b,
    0x7b, 0xbf, 0xbf, 0xbf, 0xe5, 0xe5, 0xe5, 0xfa, 0xfa, 0xfa, 0xff, 0xff,
    0xff, 0xff, 0xff, 0xff, 0xfe, 0xfe, 0xfe, 0xf7, 0xf7, 0xf7, 0xf3, 0xf3,
    0xf3, 0xf4, 0xf4, 0xf4, 0xf4, 0xf4, 0xf4, 0xf3, 0xf3, 0xf3, 0xf4, 0xf4,
    0xf4, 0xf4, 0xf4, 0xf4, 0xf3, 0xf3, 0xf3, 0xf1, 0xf1, 0xf1, 0xf2, 0xf2,
    0xf2, 0xf4, 0xf4, 0xf4, 0xfc, 0xfc, 0xfc, 0xff, 0xff, 0xff, 0xff, 0xff,
    0xff, 0xff, 0xff, 0xff, 0x00, 0x00, 0xff, 0xff, 0xff, 0xff, 0xff, 0xff,
    0xff, 0xff, 0xff, 0xff, 0xff, 0xff, 0xff, 0xff, 0xff, 0xff, 0xff, 0xff,
    0xff, 0xff, 0xff, 0xfc, 0xfc, 0xfc, 0xfb, 0xfb, 0xfb, 0xfb, 0xfb, 0xfb,
    0xfa, 0xfa, 0xfa, 0xf9, 0xf9, 0xf9, 0xf9, 0xf9, 0xf9, 0xf8, 0xf8, 0xf8,
    0xf9, 0xf9, 0xf9, 0xf8, 0xf8, 0xf8, 0xf6, 0xf6, 0xf6, 0xf1, 0xf1, 0xf1,
    0xeb, 0xeb, 0xeb, 0xe7, 0xe7, 0xe7, 0xed, 0xed, 0xed, 0xf5, 0xf5, 0xf5,
    0xd4, 0xd4, 0xd4, 0xd5, 0xd5, 0xd5, 0xf5, 0xf5, 0xf5, 0xed, 0xed, 0xed,
    0xe7, 0xe7, 0xe7, 0xea, 0xea, 0xea, 0xf1, 0xf1, 0xf1, 0xf5, 0xf5, 0xf5,
    0xf8, 0xf8, 0xf8, 0xf9, 0xf9, 0xf9, 0xf8, 0xf8, 0xf8, 0xf9, 0xf9, 0xf9,
    0xf9, 0xf9, 0xf9, 0xfa, 0xfa, 0xfa, 0xfb, 0xfb, 0xfb, 0xfc, 0xfc, 0xfc,
    0xfc, 0xfc, 0xfc, 0xff, 0xff, 0xff, 0xff, 0xff, 0xff, 0xff, 0xff, 0xff,
    0xff, 0xff, 0xff, 0xff, 0xff, 0xff, 0xff, 0xff, 0xff, 0xff, 0xff, 0xff,
    0x00, 0x00, 0xff, 0xff, 0xff, 0xff, 0xff, 0xff, 0xff, 0xff, 0xff, 0xff,
    0xff, 0xff, 0xff, 0xff, 0xff, 0xff, 0xff, 0xff, 0xff, 0xff, 0xff, 0xff,
    0xff, 0xff, 0xff, 0xff, 0xff, 0xff, 0xff, 0xff, 0xff, 0xff, 0xff, 0xff,
    0xff, 0xff, 0xff, 0xff, 0xff, 0xff, 0xff, 0xff, 0xfb, 0xfb, 0xfb, 0xf4,
    0xf4, 0xf4, 0xf3, 0xf3, 0xf3, 0xf4, 0xf4, 0xf4, 0xf7, 0xf7, 0xf7, 0xf6,
    0xf6, 0xf6, 0xf5, 0xf5, 0xf5, 0xf1, 0xf1, 0xf1, 0xf7, 0xf7, 0xf7, 0xf7,
    0xf7, 0xf7, 0xf1, 0xf1, 0xf1, 0xf5, 0xf5, 0xf5, 0xf6, 0xf6, 0xf6, 0xf7,
    0xf7, 0xf7, 0xf4, 0xf4, 0xf4, 0xf3, 0xf3, 0xf3, 0xf4, 0xf4, 0xf4, 0xfb,
    0xfb, 0xfb, 0xff, 0xff, 0xff, 0xff, 0xff, 0xff, 0xff, 0xff, 0xff, 0xff,
    0xff, 0xff, 0xff, 0xff, 0xff, 0xff, 0xff, 0xff, 0xff, 0xff, 0xff, 0xff,
    0xff, 0xff, 0xff, 0xff, 0xff, 0xfe, 0xfe, 0xfe, 0xff, 0xff, 0xff, 0xff,
    0xff, 0xff, 0xff, 0xff, 0xff, 0xff, 0xff, 0xff, 0x00, 0x00, 0xff, 0xff,
    0xff, 0xff, 0xff, 0xff, 0xff, 0xff, 0xff, 0xff, 0xff, 0xff, 0xff, 0xff,
    0xff, 0xff, 0xff, 0xff, 0xff, 0xff, 0xff, 0xff, 0xff, 0xff, 0xff, 0xff,
    0xff, 0xff, 0xff, 0xff, 0xfe, 0xfe, 0xfe, 0xff, 0xff, 0xff, 0xfe, 0xfe,
    0xfe, 0xf2, 0xf2, 0xf2, 0xf3, 0xf3, 0xf3, 0xff, 0xff, 0xff, 0xf5, 0xf5,
    0xf5, 0xcc, 0xcc, 0xcc, 0xa2, 0xa2, 0xa2, 0x7e, 0x7e, 0x7e, 0x65, 0x65,
    0x65, 0x56, 0x56, 0x56, 0x4d, 0x4d, 0x4d, 0x4d, 0x4d, 0x4d, 0x56, 0x56,
    0x56, 0x66, 0x66, 0x66, 0x7f, 0x7f, 0x7f, 0xa3, 0xa3, 0xa3, 0xcd, 0xcd,
    0xcd, 0xf5, 0xf5, 0xf5, 0xff, 0xff, 0xff, 0xf4, 0xf4, 0xf4, 0xf2, 0xf2,
    0xf2, 0xfe, 0xfe, 0xfe, 0xfe, 0xfe, 0xfe, 0xfe, 0xfe, 0xfe, 0xff, 0xff,
    0xff, 0xff, 0xff, 0xff, 0xff, 0xff, 0xff, 0xff, 0xff, 0xff, 0xff, 0xff,
    0xff, 0xff, 0xff, 0xff, 0xff, 0xff, 0xff, 0xff, 0xff, 0xff, 0xff, 0xff,
    0xff, 0xff, 0xff, 0xff, 0x00, 0x00, 0xff, 0xff, 0xff, 0xff, 0xff, 0xff,
    0xff, 0xff, 0xff, 0xff, 0xff, 0xff, 0xff, 0xff, 0xff, 0xff, 0xff, 0xff,
    0xff, 0xff, 0xff, 0xff, 0xff, 0xff, 0xff, 0xff, 0xff, 0xff, 0xff, 0xff,
    0xfe, 0xfe, 0xfe, 0xff, 0xff, 0xff, 0xea, 0xea, 0xea, 0xff, 0xff, 0xff,
    0xcc, 0xcc, 0xcc, 0x6d, 0x6d, 0x6d, 0x29, 0x29, 0x29, 0x06, 0x06, 0x06,
    0x01, 0x01, 0x01, 0x00, 0x00, 0x00, 0x00, 0x00, 0x00, 0x00, 0x00, 0x00,
    0x00, 0x00, 0x00, 0x00, 0x00, 0x00, 0x00, 0x00, 0x00, 0x00, 0x00, 0x00,
    0x00, 0x00, 0x00, 0x01, 0x01, 0x01, 0x07, 0x07, 0x07, 0x2a, 0x2a, 0x2a,
    0x6e, 0x6e, 0x6e, 0xce, 0xce, 0xce, 0xff, 0xff, 0xff, 0xea, 0xea, 0xea,
    0xff, 0xff, 0xff, 0xff, 0xff, 0xff, 0xff, 0xff, 0xff, 0xff, 0xff, 0xff,
    0xff, 0xff, 0xff, 0xff, 0xff, 0xff, 0xff, 0xff, 0xff, 0xff, 0xff, 0xff,
    0xff, 0xff, 0xff, 0xff, 0xff, 0xff, 0xff, 0xff, 0xff, 0xff, 0xff, 0xff,
    0x00, 0x00, 0xff, 0xff, 0xff, 0xff, 0xff, 0xff, 0xff, 0xff, 0xff, 0xff,
    0xff, 0xff, 0xff, 0xff, 0xff, 0xff, 0xff, 0xff, 0xff, 0xff, 0xff, 0xff,
    0xff, 0xff, 0xff, 0xff, 0xff, 0xff, 0xff, 0xff, 0xff, 0xff, 0xff, 0xf9,
    0xf9, 0xf9, 0xf3, 0xf3, 0xf3, 0xaf, 0xaf, 0xaf, 0x01, 0x01, 0x01, 0x00,
    0x00, 0x00, 0x00, 0x00, 0x00, 0x00, 0x00, 0x00, 0x00, 0x00, 0x00, 0x00,
    0x00, 0x00, 0x00, 0x00, 0x00, 0x00, 0x00, 0x00, 0x00, 0x00, 0x00, 0x00,
    0x00, 0x00, 0x00, 0x00, 0x00, 0x00, 0x00, 0x00, 0x00, 0x00, 0x00, 0x00,
    0x00, 0x00, 0x00, 0x00, 0x00, 0x00, 0x00, 0x00, 0x00, 0x00, 0x00, 0x01,
    0x01, 0x01, 0xaf, 0xaf, 0xaf, 0xf4, 0xf4, 0xf4, 0xf9, 0xf9, 0xf9, 0xff,
    0xff, 0xff, 0xff, 0xff, 0xff, 0xff, 0xff, 0xff, 0xff, 0xff, 0xff, 0xff,
    0xff, 0xff, 0xff, 0xff, 0xff, 0xff, 0xff, 0xff, 0xff, 0xff, 0xff, 0xff,
    0xff, 0xff, 0xff, 0xff, 0xff, 0xff, 0xff, 0xff, 0x00, 0x00, 0xff, 0xff,
    0xff, 0xff, 0xff, 0xff, 0xff, 0xff, 0xff, 0xff, 0xff, 0xff, 0xff, 0xff,
    0xff, 0xff, 0xff, 0xff, 0xff, 0xff, 0xff, 0xff, 0xff, 0xff, 0xff, 0xff,
    0xff, 0xfe, 0xfe, 0xfe, 0xff, 0xff, 0xff, 0xf7, 0xf7, 0xf7, 0xf7, 0xf7,
    0xf7, 0x9f, 0x9f, 0x9f, 0x3f, 0x3f, 0x3f, 0x48, 0x48, 0x48, 0x43, 0x43,
    0x43, 0x42, 0x42, 0x42, 0x42, 0x42, 0x42, 0x42, 0x42, 0x42, 0x42, 0x42,
    0x42, 0x42, 0x42, 0x42, 0x42, 0x42, 0x42, 0x42, 0x42, 0x42, 0x42, 0x42,
    0x42, 0x42, 0x42, 0x42, 0x42, 0x42, 0x42, 0x42, 0x42, 0x42, 0x42, 0x42,
    0x42, 0x44, 0x44, 0x44, 0x48, 0x48, 0x48, 0x3f, 0x3f, 0x3f, 0x9d, 0x9d,
    0x9d, 0xfa, 0xfa, 0xfa, 0xf6, 0xf6, 0xf6, 0xff, 0xff, 0xff, 0xff, 0xff,
    0xff, 0xff, 0xff, 0xff, 0xff, 0xff, 0xff, 0xff, 0xff, 0xff, 0xff, 0xff,
    0xff, 0xff, 0xff, 0xff, 0xff, 0xff, 0xff, 0xff, 0xff, 0xff, 0xff, 0xff,
    0xff, 0xff, 0xff, 0xff, 0x00, 0x00, 0xff, 0xff, 0xff, 0xff, 0xff, 0xff,
    0xff, 0xff, 0xff, 0xff, 0xff, 0xff, 0xff, 0xff, 0xff, 0xff, 0xff, 0xff,
    0xff, 0xff, 0xff, 0xff, 0xff, 0xff, 0xff, 0xff, 0xff, 0xff, 0xff, 0xff,
    0xff, 0xff, 0xff, 0xfb, 0xfb, 0xfb, 0xe6, 0xe6, 0xe6, 0xec, 0xec, 0xec,
    0xff, 0xff, 0xff, 0xff, 0xff, 0xff, 0xff, 0xff, 0xff, 0xff, 0xff, 0xff,
    0xff, 0xff, 0xff, 0xff, 0xff, 0xff, 0xff, 0xff, 0xff, 0xff, 0xff, 0xff,
    0xff, 0xff, 0xff, 0xff, 0xff, 0xff, 0xff, 0xff, 0xff, 0xff, 0xff, 0xff,
    0xff, 0xff, 0xff, 0xff, 0xff, 0xff, 0xff, 0xff, 0xff, 0xff, 0xff, 0xff,
    0xff, 0xff, 0xff, 0xff, 0xff, 0xff, 0xed, 0xed, 0xed, 0xe6, 0xe6, 0xe6,
    0xfc, 0xfc, 0xfc, 0xff, 0xff, 0xff, 0xff, 0xff, 0xff, 0xff, 0xff, 0xff,
    0xff, 0xff, 0xff, 0xff, 0xff, 0xff, 0xff, 0xff, 0xff, 0xff, 0xff, 0xff,
    0xff, 0xff, 0xff, 0xff, 0xff, 0xff, 0xff, 0xff, 0xff, 0xff, 0xff, 0xff,
    0x00, 0x00, 0xff, 0xff, 0xff, 0xff, 0xff, 0xff, 0xff, 0xff, 0xff, 0xff,
    0xff, 0xff, 0xff, 0xff, 0xff, 0xff, 0xff, 0xff, 0xff, 0xff, 0xff, 0xff,
    0xff, 0xff, 0xff, 0xff, 0xff, 0xff, 0xff, 0xff, 0xff, 0xff, 0xff, 0xfd,
    0xfd, 0xfd, 0xea, 0xea, 0xea, 0xe1, 0xe1, 0xe1, 0x6f, 0x6f, 0x6f, 0x6c,
    0x6c, 0x6c, 0x6b, 0x6b, 0x6b, 0x6b, 0x6b, 0x6b, 0x6b, 0x6b, 0x6b, 0x6b,
    0x6b, 0x6b, 0x6b, 0x6b, 0x6b, 0x6b, 0x6b, 0x6b, 0x6b, 0x6b, 0x6b, 0x6b,
    0x6b, 0x6b, 0x6b, 0x6b, 0x6b, 0x6b, 0x6b, 0x6b, 0x6b, 0x6b, 0x6b, 0x6b,
    0x6b, 0x6b, 0x6b, 0x6b, 0x6b, 0x6c, 0x6c, 0x6c, 0x6c, 0x6c, 0x6c, 0x72,
    0x72, 0x72, 0xe6, 0xe6, 0xe6, 0xea, 0xea, 0xea, 0xfe, 0xfe, 0xfe, 0xff,
    0xff, 0xff, 0xff, 0xff, 0xff, 0xff, 0xff, 0xff, 0xff, 0xff, 0xff, 0xff,
    0xff, 0xff, 0xff, 0xff, 0xff, 0xff, 0xff, 0xff, 0xff, 0xff, 0xff, 0xff,
    0xff, 0xff, 0xff, 0xff, 0xff, 0xff, 0xff, 0xff, 0x00, 0x00, 0xff, 0xff,
    0xff, 0xff, 0xff, 0xff, 0xff, 0xff, 0xff, 0xff, 0xff, 0xff, 0xff, 0xff,
    0xff, 0xff, 0xff, 0xff, 0xff, 0xff, 0xff, 0xff, 0xff, 0xff, 0xff, 0xff,
    0xff, 0xff, 0xff, 0xff, 0xff, 0xff, 0xff, 0xff, 0xff, 0xff, 0xed, 0xed,
    0xed, 0xfc, 0xfc, 0xfc, 0x3a, 0x3a, 0x3a, 0x00, 0x00, 0x00, 0x00, 0x00,
    0x00, 0x00, 0x00, 0x00, 0x00, 0x00, 0x00, 0x00, 0x00, 0x00, 0x00, 0x00,
    0x00, 0x00, 0x00, 0x00, 0x00, 0x00, 0x00, 0x00, 0x00, 0x00, 0x00, 0x00,
    0x00, 0x00, 0x00, 0x00, 0x00, 0x00, 0x00, 0x00, 0x00, 0x00, 0x00, 0x00,
    0x00, 0x00, 0x00, 0x00, 0x00, 0x00, 0x00, 0x3d, 0x3d, 0x3d, 0xfe, 0xfe,
    0xfe, 0xee, 0xee, 0xee, 0xff, 0xff, 0xff, 0xfe, 0xfe, 0xfe, 0xff, 0xff,
    0xff, 0xff, 0xff, 0xff, 0xff, 0xff, 0xff, 0xff, 0xff, 0xff, 0xff, 0xff,
    0xff, 0xff, 0xff, 0xff, 0xff, 0xff, 0xff, 0xff, 0xff, 0xff, 0xff, 0xff,
    0xff, 0xff, 0xff, 0xff, 0x00, 0x00, 0xff, 0xff, 0xff, 0xff, 0xff, 0xff,
    0xff, 0xff, 0xff, 0xff, 0xff, 0xff, 0xff, 0xff, 0xff, 0xff, 0xff, 0xff,
    0xff, 0xff, 0xff, 0xff, 0xff, 0xff, 0xff, 0xff, 0xff, 0xff, 0xff, 0xff,
    0xfe, 0xfe, 0xfe, 0xff, 0xff, 0xff, 0xf8, 0xf8, 0xf8, 0xf1, 0xf1, 0xf1,
    0xd3, 0xd3, 0xd3, 0x17, 0x17, 0x17, 0x00, 0x00, 0x00, 0x02, 0x02, 0x02,
    0x00, 0x00, 0x00, 0x00, 0x00, 0x00, 0x00, 0x00, 0x00, 0x00, 0x00, 0x00,
    0x00, 0x00, 0x00, 0x00, 0x00, 0x00, 0x00, 0x00, 0x00, 0x00, 0x00, 0x00,
    0x00, 0x00, 0x00, 0x00, 0x00, 0x00, 0x02, 0x02, 0x02, 0x00, 0x00, 0x00,
    0x18, 0x18, 0x18, 0xd4, 0xd4, 0xd4, 0xf1, 0xf1, 0xf1, 0xf8, 0xf8, 0xf8,
    0xff, 0xff, 0xff, 0xff, 0xff, 0xff, 0xff, 0xff, 0xff, 0xff, 0xff, 0xff,
    0xff, 0xff, 0xff, 0xff, 0xff, 0xff, 0xff, 0xff, 0xff, 0xff, 0xff, 0xff,
    0xff, 0xff, 0xff, 0xff, 0xff, 0xff, 0xff, 0xff, 0xff, 0xff, 0xff, 0xff,
    0x00, 0x00, 0xff, 0xff, 0xff, 0xff, 0xff, 0xff, 0xff, 0xff, 0xff, 0xff,
    0xff, 0xff, 0xff, 0xff, 0xff, 0xff, 0xff, 0xff, 0xff, 0xff, 0xff, 0xff,
    0xff, 0xff, 0xff, 0xff, 0xff, 0xff, 0xff, 0xff, 0xff, 0xff, 0xff, 0xff,
    0xff, 0xff, 0xff, 0xff, 0xff, 0xef, 0xef, 0xef, 0xfc, 0xfc, 0xfc, 0xbd,
    0xbd, 0xbd, 0x22, 0x22, 0x22, 0x0c, 0x0c, 0x0c, 0x0c, 0x0c, 0x0c, 0x0b,
    0x0b, 0x0b, 0x0b, 0x0b, 0x0b, 0x0b, 0x0b, 0x0b, 0x0b, 0x0b, 0x0b, 0x0b,
    0x0b, 0x0b, 0x0b, 0x0b, 0x0b, 0x0b, 0x0b, 0x0b, 0x0b, 0x0b, 0x0b, 0x0c,
    0x0c, 0x0c, 0x0c, 0x0c, 0x0c, 0x24, 0x24, 0x24, 0xbf, 0xbf, 0xbf, 0xfc,
    0xfc, 0xfc, 0xef, 0xef, 0xef, 0xff, 0xff, 0xff, 0xfe, 0xfe, 0xfe, 0xff,
    0xff, 0xff, 0xff, 0xff, 0xff, 0xff, 0xff, 0xff, 0xff, 0xff, 0xff, 0xff,
    0xff, 0xff, 0xff, 0xff, 0xff, 0xff, 0xff, 0xff, 0xff, 0xff, 0xff, 0xff,
    0xff, 0xff, 0xff, 0xff, 0xff, 0xff, 0xff, 0xff, 0x00, 0x00, 0xff, 0xff,
    0xff, 0xff, 0xff, 0xff, 0xff, 0xff, 0xff, 0xff, 0xff, 0xff, 0xff, 0xff,
    0xff, 0xff, 0xff, 0xff, 0xff, 0xff, 0xff, 0xff, 0xff, 0xff, 0xff, 0xff,
    0xff, 0xff, 0xff, 0xff, 0xff, 0xff, 0xff, 0xfe, 0xfe, 0xfe, 0xff, 0xff,
    0xff, 0xff, 0xff, 0xff, 0xe6, 0xe6, 0xe6, 0xf8, 0xf8, 0xf8, 0xe9, 0xe9,
    0xe9, 0xdf, 0xdf, 0xdf, 0xe0, 0xe0, 0xe0, 0xdf, 0xdf, 0xdf, 0xdf, 0xdf,
    0xdf, 0xdf, 0xdf, 0xdf, 0xdf, 0xdf, 0xdf, 0xdf, 0xdf, 0xdf, 0xdf, 0xdf,
    0xdf, 0xdf, 0xdf, 0xdf, 0xdf, 0xdf, 0xdf, 0xe0, 0xe0, 0xe0, 0xdf, 0xdf,
    0xdf, 0xea, 0xea, 0xea, 0xf8, 0xf8, 0xf8, 0xe8, 0xe8, 0xe8, 0xff, 0xff,
    0xff, 0xff, 0xff, 0xff, 0xfe, 0xfe, 0xfe, 0xff, 0xff, 0xff, 0xff, 0xff,
    0xff, 0xff, 0xff, 0xff, 0xff, 0xff, 0xff, 0xff, 0xff, 0xff, 0xff, 0xff,
    0xff, 0xff, 0xff, 0xff, 0xff, 0xff, 0xff, 0xff, 0xff, 0xff, 0xff, 0xff,
    0xff, 0xff, 0xff, 0xff, 0x00, 0x00, 0xff, 0xff, 0xff, 0xff, 0xff, 0xff,
    0xff, 0xff, 0xff, 0xff, 0xff, 0xff, 0xff, 0xff, 0xff, 0xff, 0xff, 0xff,
    0xff, 0xff, 0xff, 0xff, 0xff, 0xff, 0xff, 0xff, 0xff, 0xff, 0xff, 0xff,
    0xff, 0xff, 0xff, 0xff, 0xff, 0xff, 0xfe, 0xfe, 0xfe, 0xed, 0xed, 0xed,
    0xf9, 0xf9, 0xf9, 0xe3, 0xe3, 0xe3, 0xba, 0xba, 0xba, 0xb7, 0xb7, 0xb7,
    0xb7, 0xb7, 0xb7, 0xb7, 0xb7, 0xb7, 0xb7, 0xb7, 0xb7, 0xb7, 0xb7, 0xb7,
    0xb7, 0xb7, 0xb7, 0xb7, 0xb7, 0xb7, 0xb7, 0xb7, 0xb7, 0xb7, 0xb7, 0xb7,
    0xb7, 0xb7, 0xb7, 0xb7, 0xb7, 0xb7, 0xb7, 0xb7, 0xb7, 0xba, 0xba, 0xba,
    0xe4, 0xe4, 0xe4, 0xf8, 0xf8, 0xf8, 0xee, 0xee, 0xee, 0xff, 0xff, 0xff,
    0xff, 0xff, 0xff, 0xff, 0xff, 0xff, 0xff, 0xff, 0xff, 0xff, 0xff, 0xff,
    0xff, 0xff, 0xff, 0xff, 0xff, 0xff, 0xff, 0xff, 0xff, 0xff, 0xff, 0xff,
    0xff, 0xff, 0xff, 0xff, 0xff, 0xff, 0xff, 0xff, 0xff, 0xff, 0xff, 0xff,
    0x00, 0x00, 0xff, 0xff, 0xff, 0xff, 0xff, 0xff, 0xff, 0xff, 0xff, 0xff,
    0xff, 0xff, 0xff, 0xff, 0xff, 0xff, 0xff, 0xff, 0xff, 0xff, 0xff, 0xff,
    0xff, 0xff, 0xff, 0xff, 0xff, 0xff, 0xff, 0xff, 0xfe, 0xfe, 0xfe, 0xff,
    0xff, 0xff, 0xeb, 0xeb, 0xeb, 0xff, 0xff, 0xff, 0xae, 0xae, 0xae, 0x2c,
    0x2c, 0x2c, 0x00, 0x00, 0x00, 0x00, 0x00, 0x00, 0x00, 0x00, 0x00, 0x00,
    0x00, 0x00, 0x00, 0x00, 0x00, 0x00, 0x00, 0x00, 0x00, 0x00, 0x00, 0x00,
    0x00, 0x00, 0x00, 0x00, 0x00, 0x00, 0x00, 0x00, 0x00, 0x00, 0x00, 0x00,
    0x00, 0x00, 0x00, 0x00, 0x00, 0x00, 0x00, 0x00, 0x2e, 0x2e, 0x2e, 0xb0,
    0xb0, 0xb0, 0xff, 0xff, 0xff, 0xeb, 0xeb, 0xeb, 0xff, 0xff, 0xff, 0xfe,
    0xfe, 0xfe, 0xfe, 0xfe, 0xfe, 0xff, 0xff, 0xff, 0xff, 0xff, 0xff, 0xff,
    0xff, 0xff, 0xff, 0xff, 0xff, 0xff, 0xff, 0xff, 0xff, 0xff, 0xff, 0xff,
    0xff, 0xff, 0xff, 0xff, 0xff, 0xff, 0xff, 0xff, 0x00, 0x00, 0xff, 0xff,
    0xff, 0xff, 0xff, 0xff, 0xff, 0xff, 0xff, 0xff, 0xff, 0xff, 0xff, 0xff,
    0xff, 0xff, 0xff, 0xff, 0xff, 0xff, 0xff, 0xff, 0xff, 0xff, 0xff, 0xff,
    0xff, 0xff, 0xff, 0xff, 0xff, 0xff, 0xff, 0xf0, 0xf0, 0xf0, 0xff, 0xff,
    0xff, 0xa7, 0xa7, 0xa7, 0x02, 0x02, 0x02, 0x00, 0x00, 0x00, 0x01, 0x01,
    0x01, 0x01, 0x01, 0x01, 0x01, 0x01, 0x01, 0x01, 0x01, 0x01, 0x01, 0x01,
    0x01, 0x01, 0x01, 0x01, 0x01, 0x01, 0x01, 0x01, 0x01, 0x01, 0x01, 0x01,
    0x01, 0x01, 0x01, 0x01, 0x01, 0x01, 0x01, 0x01, 0x01, 0x01, 0x01, 0x01,
    0x01, 0x01, 0x01, 0x01, 0x00, 0x00, 0x00, 0x03, 0x03, 0x03, 0xaa, 0xaa,
    0xaa, 0xff, 0xff, 0xff, 0xf1, 0xf1, 0xf1, 0xff, 0xff, 0xff, 0xff, 0xff,
    0xff, 0xff, 0xff, 0xff, 0xff, 0xff, 0xff, 0xff, 0xff, 0xff, 0xff, 0xff,
    0xff, 0xff, 0xff, 0xff, 0xff, 0xff, 0xff, 0xff, 0xff, 0xff, 0xff, 0xff,
    0xff, 0xff, 0xff, 0xff, 0x00, 0x00, 0xff, 0xff, 0xff, 0xff, 0xff, 0xff,
    0xff, 0xff, 0xff, 0xff, 0xff, 0xff, 0xff, 0xff, 0xff, 0xff, 0xff, 0xff,
    0xff, 0xff, 0xff, 0xff, 0xff, 0xff, 0xff, 0xff, 0xff, 0xff, 0xff, 0xff,
    0xfd, 0xfd, 0xfd, 0xec, 0xec, 0xec, 0xdf, 0xdf, 0xdf, 0x15, 0x15, 0x15,
    0x00, 0x00, 0x00, 0x04, 0x04, 0x04, 0x00, 0x00, 0x00, 0x00, 0x00, 0x00,
    0x00, 0x00, 0x00, 0x00, 0x00, 0x00, 0x00, 0x00, 0x00, 0x00, 0x00, 0x00,
    0x00, 0x00, 0x00, 0x00, 0x00, 0x00, 0x00, 0x00, 0x00, 0x00, 0x00, 0x00,
    0x00, 0x00, 0x00, 0x00, 0x00, 0x00, 0x00, 0x00, 0x00, 0x00, 0x00, 0x00,
    0x04, 0x04, 0x04, 0x00, 0x00, 0x00, 0x17, 0x17, 0x17, 0xe1, 0xe1, 0xe1,
    0xeb, 0xeb, 0xeb, 0xfd, 0xfd, 0xfd, 0xfe, 0xfe, 0xfe, 0xff, 0xff, 0xff,
    0xff, 0xff, 0xff, 0xff, 0xff, 0xff, 0xff, 0xff, 0xff, 0xff, 0xff, 0xff,
    0xff, 0xff, 0xff, 0xff, 0xff, 0xff, 0xff, 0xff, 0xff, 0xff, 0xff, 0xff,
    0x00, 0x00, 0xff, 0xff, 0xff, 0xff, 0xff, 0xff, 0xff, 0xff, 0xff, 0xff,
    0xff, 0xff, 0xff, 0xff, 0xff, 0xff, 0xff, 0xff, 0xff, 0xff, 0xff, 0xff,
    0xff, 0xff, 0xfe, 0xfe, 0xfe, 0xff, 0xff, 0xff, 0xf3, 0xf3, 0xf3, 0xff,
    0xff, 0xff, 0x81, 0x81, 0x81, 0x00, 0x00, 0x00, 0x04, 0x04, 0x04, 0x00,
    0x00, 0x00, 0x00, 0x00, 0x00, 0x00, 0x00, 0x00, 0x00, 0x00, 0x00, 0x00,
    0x00, 0x00, 0x00, 0x00, 0x00, 0x00, 0x00, 0x00, 0x03, 0x03, 0x03, 0x03,
    0x03, 0x03, 0x00, 0x00, 0x00, 0x00, 0x00, 0x00, 0x00, 0x00, 0x00, 0x00,
    0x00, 0x00, 0x00, 0x00, 0x00, 0x00, 0x00, 0x00, 0x00, 0x00, 0x00, 0x04,
    0x04, 0x04, 0x00, 0x00, 0x00, 0x83, 0x83, 0x83, 0xff, 0xff, 0xff, 0xf4,
    0xf4, 0xf4, 0xff, 0xff, 0xff, 0xff, 0xff, 0xff, 0xff, 0xff, 0xff, 0xff,
    0xff, 0xff, 0xff, 0xff, 0xff, 0xff, 0xff, 0xff, 0xff, 0xff, 0xff, 0xff,
    0xff, 0xff, 0xff, 0xff, 0xff, 0xff, 0xff, 0xff, 0x00, 0x00, 0xff, 0xff,
    0xff, 0xff, 0xff, 0xff, 0xff, 0xff, 0xff, 0xff, 0xff, 0xff, 0xff, 0xff,
    0xff, 0xff, 0xff, 0xff, 0xff, 0xff, 0xff, 0xff, 0xff, 0xff, 0xff, 0xff,
    0xff, 0xff, 0xff, 0xff, 0xef, 0xef, 0xef, 0xff, 0xff, 0xff, 0x3f, 0x3f,
    0x3f, 0x01, 0x01, 0x01, 0x03, 0x03, 0x03, 0x00, 0x00, 0x00, 0x00, 0x00,
    0x00, 0x00, 0x00, 0x00, 0x00, 0x00, 0x00, 0x00, 0x00, 0x00, 0x00, 0x00,
    0x00, 0x00, 0x00, 0x00, 0x00, 0x00, 0x00, 0x00, 0x00, 0x00, 0x00, 0x00,
    0x00, 0x00, 0x00, 0x00, 0x00, 0x00, 0x00, 0x00, 0x00, 0x00, 0x00, 0x00,
    0x00, 0x00, 0x00, 0x00, 0x00, 0x00, 0x00, 0x03, 0x03, 0x03, 0x01, 0x01,
    0x01, 0x43, 0x43, 0x43, 0xff, 0xff, 0xff, 0xef, 0xef, 0xef, 0xff, 0xff,
    0xff, 0xff, 0xff, 0xff, 0xff, 0xff, 0xff, 0xff, 0xff, 0xff, 0xff, 0xff,
    0xff, 0xff, 0xff, 0xff, 0xff, 0xff, 0xff, 0xff, 0xff, 0xff, 0xff, 0xff,
    0xff, 0xff, 0xff, 0xff, 0x00, 0x00, 0xff, 0xff, 0xff, 0xff, 0xff, 0xff,
    0xff, 0xff, 0xff, 0xff, 0xff, 0xff, 0xff, 0xff, 0xff, 0xff, 0xff, 0xff,
    0xff, 0xff, 0xff, 0xff, 0xff, 0xff, 0xff, 0xff, 0xff, 0xff, 0xff, 0xff,
    0xef, 0xef, 0xef, 0xf4, 0xf4, 0xf4, 0x23, 0x23, 0x23, 0x00, 0x00, 0x00,
    0x02, 0x02, 0x02, 0x00, 0x00, 0x00, 0x00, 0x00, 0x00, 0x00, 0x00, 0x00,
    0x00, 0x00, 0x00, 0x00, 0x00, 0x00, 0x01, 0x01, 0x01, 0x00, 0x00, 0x00,
    0x70, 0x70, 0x70, 0x6e, 0x6e, 0x6e, 0x00, 0x00, 0x00, 0x01, 0x01, 0x01,
    0x00, 0x00, 0x00, 0x00, 0x00, 0x00, 0x00, 0x00, 0x00, 0x00, 0x00, 0x00,
    0x00, 0x00, 0x00, 0x02, 0x02, 0x02, 0x00, 0x00, 0x00, 0x26, 0x26, 0x26,
    0xf6, 0xf6, 0xf6, 0xef, 0xef, 0xef, 0xff, 0xff, 0xff, 0xff, 0xff, 0xff,
    0xff, 0xff, 0xff, 0xff, 0xff, 0xff, 0xff, 0xff, 0xff, 0xff, 0xff, 0xff,
    0xff, 0xff, 0xff, 0xff, 0xff, 0xff, 0xff, 0xff, 0xff, 0xff, 0xff, 0xff,
    0x00, 0x00, 0xff, 0xff, 0xff, 0xff, 0xff, 0xff, 0xff, 0xff, 0xff, 0xff,
    0xff, 0xff, 0xff, 0xff, 0xff, 0xff, 0xff, 0xff, 0xff, 0xff, 0xff, 0xff,
    0xff, 0xff, 0xff, 0xff, 0xff, 0xff, 0xff, 0xff, 0xef, 0xef, 0xef, 0xf1,
    0xf1, 0xf1, 0x20, 0x20, 0x20, 0x00, 0x00, 0x00, 0x02, 0x02, 0x02, 0x00,
    0x00, 0x00, 0x00, 0x00, 0x00, 0x00, 0x00, 0x00, 0x00, 0x00, 0x00, 0x04,
    0x04, 0x04, 0x04, 0x04, 0x04, 0x05, 0x05, 0x05, 0xdc, 0xdc, 0xdc, 0xd7,
    0xd7, 0xd7, 0x03, 0x03, 0x03, 0x04, 0x04, 0x04, 0x03, 0x03, 0x03, 0x00,
    0x00, 0x00, 0x00, 0x00, 0x00, 0x00, 0x00, 0x00, 0x00, 0x00, 0x00, 0x02,
    0x02, 0x02, 0x00, 0x00, 0x00, 0x23, 0x23, 0x23, 0xf3, 0xf3, 0xf3, 0xed,
    0xed, 0xed, 0xff, 0xff, 0xff, 0xff, 0xff, 0xff, 0xff, 0xff, 0xff, 0xff,
    0xff, 0xff, 0xff, 0xff, 0xff, 0xff, 0xff, 0xff, 0xff, 0xff, 0xff, 0xff,
    0xff, 0xff, 0xff, 0xff, 0xff, 0xff, 0xff, 0xff, 0x00, 0x00, 0xff, 0xff,
    0xff, 0xff, 0xff, 0xff, 0xff, 0xff, 0xff, 0xff, 0xff, 0xff, 0xff, 0xff,
    0xff, 0xff, 0xff, 0xff, 0xff, 0xff, 0xff, 0xff, 0xff, 0xff, 0xfe, 0xfe,
    0xfe, 0xff, 0xff, 0xff, 0xef, 0xef, 0xef, 0xfb, 0xfb, 0xfb, 0x30, 0x30,
    0x30, 0x00, 0x00, 0x00, 0x02, 0x02, 0x02, 0x00, 0x00, 0x00, 0x00, 0x00,
    0x00, 0x00, 0x00, 0x00, 0x00, 0x00, 0x00, 0x00, 0x00, 0x00, 0x00, 0x00,
    0x00, 0x00, 0x00, 0x00, 0xcc, 0xcc, 0xcc, 0xc7, 0xc7, 0xc7, 0x00, 0x00,
    0x00, 0x00, 0x00, 0x00, 0x00, 0x00, 0x00, 0x00, 0x00, 0x00, 0x00, 0x00,
    0x00, 0x00, 0x00, 0x00, 0x00, 0x00, 0x00, 0x02, 0x02, 0x02, 0x00, 0x00,
    0x00, 0x32, 0x32, 0x32, 0xfc, 0xfc, 0xfc, 0xef, 0xef, 0xef, 0xff, 0xff,
    0xff, 0xff, 0xff, 0xff, 0xff, 0xff, 0xff, 0xff, 0xff, 0xff, 0xff, 0xff,
    0xff, 0xff, 0xff, 0xff, 0xff, 0xff, 0xff, 0xff, 0xff, 0xff, 0xff, 0xff,
    0xff, 0xff, 0xff, 0xff, 0x00, 0x00, 0xff, 0xff, 0xff, 0xff, 0xff, 0xff,
    0xff, 0xff, 0xff, 0xff, 0xff, 0xff, 0xff, 0xff, 0xff, 0xff, 0xff, 0xff,
    0xff, 0xff, 0xff, 0xff, 0xff, 0xff, 0xff, 0xff, 0xff, 0xff, 0xff, 0xff,
    0xf0, 0xf0, 0xf0, 0xff, 0xff, 0xff, 0x5b, 0x5b, 0x5b, 0x01, 0x01, 0x01,
    0x04, 0x04, 0x04, 0x00, 0x00, 0x00, 0x00, 0x00, 0x00, 0x00, 0x00, 0x00,
    0x05, 0x05, 0x05, 0x46, 0x46, 0x46, 0x55, 0x55, 0x55, 0x53, 0x53, 0x53,
    0xd8, 0xd8, 0xd8, 0xd5, 0xd5, 0xd5, 0x52, 0x52, 0x52, 0x55, 0x55, 0x55,
    0x45, 0x45, 0x45, 0x05, 0x05, 0x05, 0x00, 0x00, 0x00, 0x00, 0x00, 0x00,
    0x00, 0x00, 0x00, 0x04, 0x04, 0x04, 0x01, 0x01, 0x01, 0x5e, 0x5e, 0x5e,
    0xff, 0xff, 0xff, 0xf0, 0xf0, 0xf0, 0xff, 0xff, 0xff, 0xff, 0xff, 0xff,
    0xff, 0xff, 0xff, 0xff, 0xff, 0xff, 0xff, 0xff, 0xff, 0xff, 0xff, 0xff,
    0xff, 0xff, 0xff, 0xff, 0xff, 0xff, 0xff, 0xff, 0xff, 0xff, 0xff, 0xff,
    0x00, 0x00, 0xff, 0xff, 0xff, 0xff, 0xff, 0xff, 0xff, 0xff, 0xff, 0xff,
    0xff, 0xff, 0xff, 0xff, 0xff, 0xff, 0xff, 0xff, 0xff, 0xff, 0xff, 0xff,
    0xff, 0xff, 0xfe, 0xfe, 0xfe, 0xff, 0xff, 0xff, 0xf7, 0xf7, 0xf7, 0xf8,
    0xf8, 0xf8, 0xa1, 0xa1, 0xa1, 0x00, 0x00, 0x00, 0x02, 0x02, 0x02, 0x00,
    0x00, 0x00, 0x02, 0x02, 0x02, 0x00, 0x00, 0x00, 0x30, 0x30, 0x30, 0xff,
    0xff, 0xff, 0xff, 0xff, 0xff, 0xff, 0xff, 0xff, 0xe9, 0xe9, 0xe9, 0xea,
    0xea, 0xea, 0xff, 0xff, 0xff, 0xff, 0xff, 0xff, 0xff, 0xff, 0xff, 0x2d,
    0x2d, 0x2d, 0x00, 0x00, 0x00, 0x02, 0x02, 0x02, 0x00, 0x00, 0x00, 0x02,
    0x02, 0x02, 0x00, 0x00, 0x00, 0xa4, 0xa4, 0xa4, 0xf6, 0xf6, 0xf6, 0xf8,
    0xf8, 0xf8, 0xff, 0xff, 0xff, 0xff, 0xff, 0xff, 0xff, 0xff, 0xff, 0xff,
    0xff, 0xff, 0xff, 0xff, 0xff, 0xff, 0xff, 0xff, 0xff, 0xff, 0xff, 0xff,
    0xff, 0xff, 0xff, 0xff, 0xff, 0xff, 0xff, 0xff, 0x00, 0x00, 0xff, 0xff,
    0xff, 0xff, 0xff, 0xff, 0xff, 0xff, 0xff, 0xff, 0xff, 0xff, 0xff, 0xff,
    0xff, 0xff, 0xff, 0xff, 0xff, 0xff, 0xff, 0xff, 0xff, 0xff, 0xff, 0xff,
    0xff, 0xff, 0xff, 0xff, 0xff, 0xff, 0xff, 0xea, 0xea, 0xea, 0xee, 0xee,
    0xee, 0x24, 0x24, 0x24, 0x01, 0x01, 0x01, 0x02, 0x02, 0x02, 0x00, 0x00,
    0x00, 0x00, 0x00, 0x00, 0x07, 0x07, 0x07, 0x4e, 0x4e, 0x4e, 0x5b, 0x5b,
    0x5b, 0x5a, 0x5a, 0x5a, 0xd8, 0xd8, 0xd8, 0xd5, 0xd5, 0xd5, 0x58, 0x58,
    0x58, 0x5c, 0x5c, 0x5c, 0x4d, 0x4d, 0x4d, 0x06, 0x06, 0x06, 0x00, 0x00,
    0x00, 0x00, 0x00, 0x00, 0x02, 0x02, 0x02, 0x01, 0x01, 0x01, 0x26, 0x26,
    0x26, 0xf0, 0xf0, 0xf0, 0xe9, 0xe9, 0xe9, 0xfe, 0xfe, 0xfe, 0xfe, 0xfe,
    0xfe, 0xff, 0xff, 0xff, 0xff, 0xff, 0xff, 0xff, 0xff, 0xff, 0xff, 0xff,
    0xff, 0xff, 0xff, 0xff, 0xff, 0xff, 0xff, 0xff, 0xff, 0xff, 0xff, 0xff,
    0xff, 0xff, 0xff, 0xff, 0x00, 0x00, 0xff, 0xff, 0xff, 0xff, 0xff, 0xff,
    0xff, 0xff, 0xff, 0xff, 0xff, 0xff, 0xff, 0xff, 0xff, 0xff, 0xff, 0xff,
    0xff, 0xff, 0xff, 0xff, 0xff, 0xff, 0xff, 0xff, 0xff, 0xfe, 0xfe, 0xfe,
    0xff, 0xff, 0xff, 0xf3, 0xf3, 0xf3, 0xff, 0xff, 0xff, 0x9c, 0x9c, 0x9c,
    0x00, 0x00, 0x00, 0x04, 0x04, 0x04, 0x00, 0x00, 0x00, 0x00, 0x00, 0x00,
    0x00, 0x00, 0x00, 0x00, 0x00, 0x00, 0x00, 0x00, 0x00, 0x00, 0x00, 0x00,
    0xcc, 0xcc, 0xcc, 0xc6, 0xc6, 0xc6, 0x00, 0x00, 0x00, 0x00, 0x00, 0x00,
    0x00, 0x00, 0x00, 0x00, 0x00, 0x00, 0x00, 0x00, 0x00, 0x00, 0x00, 0x00,
    0x04, 0x04, 0x04, 0x00, 0x00, 0x00, 0x9f, 0x9f, 0x9f, 0xff, 0xff, 0xff,
    0xf3, 0xf3, 0xf3, 0xff, 0xff, 0xff, 0xfe, 0xfe, 0xfe, 0xff, 0xff, 0xff,
    0xff, 0xff, 0xff, 0xff, 0xff, 0xff, 0xff, 0xff, 0xff, 0xff, 0xff, 0xff,
    0xff, 0xff, 0xff, 0xff, 0xff, 0xff, 0xff, 0xff, 0xff, 0xff, 0xff, 0xff,
    0x00, 0x00, 0xff, 0xff, 0xff, 0xff, 0xff, 0xff, 0xff, 0xff, 0xff, 0xff,
    0xff, 0xff, 0xff, 0xff, 0xff, 0xff, 0xff, 0xff, 0xff, 0xff, 0xff, 0xff,
    0xff, 0xff, 0xff, 0xff, 0xff, 0xff, 0xff, 0xff, 0xff, 0xff, 0xff, 0xff,
    0xff, 0xff, 0xe7, 0xe7, 0xe7, 0xfd, 0xfd, 0xfd, 0x51, 0x51, 0x51, 0x00,
    0x00, 0x00, 0x05, 0x05, 0x05, 0x00, 0x00, 0x00, 0x00, 0x00, 0x00, 0x04,
    0x04, 0x04, 0x04, 0x04, 0x04, 0x05, 0x05, 0x05, 0xdc, 0xdc, 0xdc, 0xd7,
    0xd7, 0xd7, 0x04, 0x04, 0x04, 0x04, 0x04, 0x04, 0x03, 0x03, 0x03, 0x00,
    0x00, 0x00, 0x00, 0x00, 0x00, 0x05, 0x05, 0x05, 0x00, 0x00, 0x00, 0x54,
    0x54, 0x54, 0xfe, 0xfe, 0xfe, 0xe8, 0xe8, 0xe8, 0xff, 0xff, 0xff, 0xff,
    0xff, 0xff, 0xff, 0xff, 0xff, 0xff, 0xff, 0xff, 0xff, 0xff, 0xff, 0xff,
    0xff, 0xff, 0xff, 0xff, 0xff, 0xff, 0xff, 0xff, 0xff, 0xff, 0xff, 0xff,
    0xff, 0xff, 0xff, 0xff, 0xff, 0xff, 0xff, 0xff, 0x00, 0x00, 0xff, 0xff,
    0xff, 0xff, 0xff, 0xff, 0xff, 0xff, 0xff, 0xff, 0xff, 0xff, 0xff, 0xff,
    0xff, 0xff, 0xff, 0xff, 0xff, 0xff, 0xff, 0xff, 0xff, 0xff, 0xff, 0xff,
    0xff, 0xff, 0xff, 0xff, 0xff, 0xff, 0xff, 0xff, 0xff, 0xff, 0xf9, 0xf9,
    0xf9, 0xee, 0xee, 0xee, 0xe9, 0xe9, 0xe9, 0x35, 0x35, 0x35, 0x00, 0x00,
    0x00, 0x05, 0x05, 0x05, 0x00, 0x00, 0x00, 0x00, 0x00, 0x00, 0x01, 0x01,
    0x01, 0x00, 0x00, 0x00, 0x77, 0x77, 0x77, 0x75, 0x75, 0x75, 0x00, 0x00,
    0x00, 0x01, 0x01, 0x01, 0x00, 0x00, 0x00, 0x00, 0x00, 0x00, 0x05, 0x05,
    0x05, 0x00, 0x00, 0x00, 0x37, 0x37, 0x37, 0xeb, 0xeb, 0xeb, 0xee, 0xee,
    0xee, 0xfa, 0xfa, 0xfa, 0xff, 0xff, 0xff, 0xff, 0xff, 0xff, 0xff, 0xff,
    0xff, 0xff, 0xff, 0xff, 0xff, 0xff, 0xff, 0xff, 0xff, 0xff, 0xff, 0xff,
    0xff, 0xff, 0xff, 0xff, 0xff, 0xff, 0xff, 0xff, 0xff, 0xff, 0xff, 0xff,
    0xff, 0xff, 0xff, 0xff, 0x00, 0x00, 0xff, 0xff, 0xff, 0xff, 0xff, 0xff,
    0xff, 0xff, 0xff, 0xff, 0xff, 0xff, 0xff, 0xff, 0xff, 0xff, 0xff, 0xff,
    0xff, 0xff, 0xff, 0xff, 0xff, 0xff, 0xff, 0xff, 0xff, 0xff, 0xff, 0xff,
    0xff, 0xff, 0xff, 0xff, 0xff, 0xff, 0xff, 0xff, 0xff, 0xf3, 0xf3, 0xf3,
    0xf7, 0xf7, 0xf7, 0xe2, 0xe2, 0xe2, 0x3a, 0x3a, 0x3a, 0x00, 0x00, 0x00,
    0x03, 0x03, 0x03, 0x02, 0x02, 0x02, 0x00, 0x00, 0x00, 0x00, 0x00, 0x00,
    0x00, 0x00, 0x00, 0x00, 0x00, 0x00, 0x00, 0x00, 0x00, 0x00, 0x00, 0x00,
    0x02, 0x02, 0x02, 0x03, 0x03, 0x03, 0x00, 0x00, 0x00, 0x3c, 0x3c, 0x3c,
    0xe2, 0xe2, 0xe2, 0xf6, 0xf6, 0xf6, 0xf4, 0xf4, 0xf4, 0xff, 0xff, 0xff,
    0xff, 0xff, 0xff, 0xff, 0xff, 0xff, 0xff, 0xff, 0xff, 0xff, 0xff, 0xff,
    0xff, 0xff, 0xff, 0xff, 0xff, 0xff, 0xff, 0xff, 0xff, 0xff, 0xff, 0xff,
    0xff, 0xff, 0xff, 0xff, 0xff, 0xff, 0xff, 0xff, 0xff, 0xff, 0xff, 0xff,
    0x00, 0x00, 0xff, 0xff, 0xff, 0xff, 0xff, 0xff, 0xff, 0xff, 0xff, 0xff,
    0xff, 0xff, 0xff, 0xff, 0xff, 0xff, 0xff, 0xff, 0xff, 0xff, 0xff, 0xff,
    0xff, 0xff, 0xff, 0xff, 0xff, 0xff, 0xff, 0xff, 0xff, 0xff, 0xff, 0xff,
    0xff, 0xff, 0xfe, 0xfe, 0xfe, 0xff, 0xff, 0xff, 0xf2, 0xf2, 0xf2, 0xf5,
    0xf5, 0xf5, 0xec, 0xec, 0xec, 0x5f, 0x5f, 0x5f, 0x00, 0x00, 0x00, 0x00,
    0x00, 0x00, 0x04, 0x04, 0x04, 0x02, 0x02, 0x02, 0x03, 0x03, 0x03, 0x03,
    0x03, 0x03, 0x02, 0x02, 0x02, 0x04, 0x04, 0x04, 0x00, 0x00, 0x00, 0x00,
    0x00, 0x00, 0x61, 0x61, 0x61, 0xee, 0xee, 0xee, 0xf4, 0xf4, 0xf4, 0xf2,
    0xf2, 0xf2, 0xff, 0xff, 0xff, 0xfe, 0xfe, 0xfe, 0xff, 0xff, 0xff, 0xff,
    0xff, 0xff, 0xff, 0xff, 0xff, 0xff, 0xff, 0xff, 0xff, 0xff, 0xff, 0xff,
    0xff, 0xff, 0xff, 0xff, 0xff, 0xff, 0xff, 0xff, 0xff, 0xff, 0xff, 0xff,
    0xff, 0xff, 0xff, 0xff, 0xff, 0xff, 0xff, 0xff, 0x00, 0x00, 0xff, 0xff,
    0xff, 0xff, 0xff, 0xff, 0xff, 0xff, 0xff, 0xff, 0xff, 0xff, 0xff, 0xff,
    0xff, 0xff, 0xff, 0xff, 0xff, 0xff, 0xff, 0xff, 0xff, 0xff, 0xff, 0xff,
    0xff, 0xff, 0xff, 0xff, 0xff, 0xff, 0xff, 0xff, 0xff, 0xff, 0xff, 0xff,
    0xff, 0xfe, 0xfe, 0xfe, 0xff, 0xff, 0xff, 0xf4, 0xf4, 0xf4, 0xef, 0xef,
    0xef, 0xff, 0xff, 0xff, 0xa1, 0xa1, 0xa1, 0x24, 0x24, 0x24, 0x00, 0x00,
    0x00, 0x00, 0x00, 0x00, 0x03, 0x03, 0x03, 0x03, 0x03, 0x03, 0x00, 0x00,
    0x00, 0x00, 0x00, 0x00, 0x26, 0x26, 0x26, 0xa2, 0xa2, 0xa2, 0xff, 0xff,
    0xff, 0xef, 0xef, 0xef, 0xf5, 0xf5, 0xf5, 0xff, 0xff, 0xff, 0xff, 0xff,
    0xff, 0xff, 0xff, 0xff, 0xff, 0xff, 0xff, 0xff, 0xff, 0xff, 0xff, 0xff,
    0xff, 0xff, 0xff, 0xff, 0xff, 0xff, 0xff, 0xff, 0xff, 0xff, 0xff, 0xff,
    0xff, 0xff, 0xff, 0xff, 0xff, 0xff, 0xff, 0xff, 0xff, 0xff, 0xff, 0xff,
    0xff, 0xff, 0xff, 0xff, 0x00, 0x00, 0xff, 0xff, 0xff, 0xff, 0xff, 0xff,
    0xff, 0xff, 0xff, 0xff, 0xff, 0xff, 0xff, 0xff, 0xff, 0xff, 0xff, 0xff,
    0xff, 0xff, 0xff, 0xff, 0xff, 0xff, 0xff, 0xff, 0xff, 0xff, 0xff, 0xff,
    0xff, 0xff, 0xff, 0xff, 0xff, 0xff, 0xff, 0xff, 0xff, 0xff, 0xff, 0xff,
    0xfe, 0xfe, 0xfe, 0xff, 0xff, 0xff, 0xfa, 0xfa, 0xfa, 0xee, 0xee, 0xee,
    0xff, 0xff, 0xff, 0xe8, 0xe8, 0xe8, 0x83, 0x83, 0x83, 0x22, 0x22, 0x22,
    0x00, 0x00, 0x00, 0x00, 0x00, 0x00, 0x23, 0x23, 0x23, 0x85, 0x85, 0x85,
    0xe9, 0xe9, 0xe9, 0xff, 0xff, 0xff, 0xed, 0xed, 0xed, 0xf9, 0xf9, 0xf9,
    0xff, 0xff, 0xff, 0xfe, 0xfe, 0xfe, 0xff, 0xff, 0xff, 0xff, 0xff, 0xff,
    0xff, 0xff, 0xff, 0xff, 0xff, 0xff, 0xff, 0xff, 0xff, 0xff, 0xff, 0xff,
    0xff, 0xff, 0xff, 0xff, 0xff, 0xff, 0xff, 0xff, 0xff, 0xff, 0xff, 0xff,
    0xff, 0xff, 0xff, 0xff, 0xff, 0xff, 0xff, 0xff, 0xff, 0xff, 0xff, 0xff,
    0x00, 0x00, 0xff, 0xff, 0xff, 0xff, 0xff, 0xff, 0xff, 0xff, 0xff, 0xff,
    0xff, 0xff, 0xff, 0xff, 0xff, 0xff, 0xff, 0xff, 0xff, 0xff, 0xff, 0xff,
    0xff, 0xff, 0xff, 0xff, 0xff, 0xff, 0xff, 0xff, 0xff, 0xff, 0xff, 0xff,
    0xff, 0xff, 0xff, 0xff, 0xff, 0xff, 0xff, 0xff, 0xff, 0xff, 0xff, 0xff,
    0xff, 0xff, 0xff, 0xff, 0xff, 0xff, 0xff, 0xff, 0xf3, 0xf3, 0xf3, 0xef,
    0xef, 0xef, 0xf9, 0xf9, 0xf9, 0xe0, 0xe0, 0xe0, 0x91, 0x91, 0x91, 0x92,
    0x92, 0x92, 0xe1, 0xe1, 0xe1, 0xf9, 0xf9, 0xf9, 0xef, 0xef, 0xef, 0xf4,
    0xf4, 0xf4, 0xff, 0xff, 0xff, 0xff, 0xff, 0xff, 0xff, 0xff, 0xff, 0xff,
    0xff, 0xff, 0xff, 0xff, 0xff, 0xff, 0xff, 0xff, 0xff, 0xff, 0xff, 0xff,
    0xff, 0xff, 0xff, 0xff, 0xff, 0xff, 0xff, 0xff, 0xff, 0xff, 0xff, 0xff,
    0xff, 0xff, 0xff, 0xff, 0xff, 0xff, 0xff, 0xff, 0xff, 0xff, 0xff, 0xff,
    0xff, 0xff, 0xff, 0xff, 0xff, 0xff, 0xff, 0xff, 0x00, 0x00, 0xff, 0xff,
    0xff, 0xff, 0xff, 0xff, 0xff, 0xff, 0xff, 0xff, 0xff, 0xff, 0xff, 0xff,
    0xff, 0xff, 0xff, 0xff, 0xff, 0xff, 0xff, 0xff, 0xff, 0xff, 0xff, 0xff,
    0xff, 0xff, 0xff, 0xff, 0xff, 0xff, 0xff, 0xff, 0xff, 0xff, 0xff, 0xff,
    0xff, 0xff, 0xff, 0xff, 0xff, 0xff, 0xff, 0xff, 0xff, 0xff, 0xff, 0xff,
    0xff, 0xff, 0xff, 0xff, 0xff, 0xff, 0xff, 0xfc, 0xfc, 0xfc, 0xe6, 0xe6,
    0xe6, 0xf5, 0xf5, 0xf5, 0xff, 0xff, 0xff, 0xff, 0xff, 0xff, 0xf5, 0xf5,
    0xf5, 0xe7, 0xe7, 0xe7, 0xfd, 0xfd, 0xfd, 0xff, 0xff, 0xff, 0xff, 0xff,
    0xff, 0xff, 0xff, 0xff, 0xff, 0xff, 0xff, 0xff, 0xff, 0xff, 0xff, 0xff,
    0xff, 0xff, 0xff, 0xff, 0xff, 0xff, 0xff, 0xff, 0xff, 0xff, 0xff, 0xff,
    0xff, 0xff, 0xff, 0xff, 0xff, 0xff, 0xff, 0xff, 0xff, 0xff, 0xff, 0xff,
    0xff, 0xff, 0xff, 0xff, 0xff, 0xff, 0xff, 0xff, 0xff, 0xff, 0xff, 0xff,
    0xff, 0xff, 0xff, 0xff, 0x00, 0x00, 0xff, 0xff, 0xff, 0xff, 0xff, 0xff,
    0xff, 0xff, 0xff, 0xff, 0xff, 0xff, 0xff, 0xff, 0xff, 0xff, 0xff, 0xff,
    0xff, 0xff, 0xff, 0xff, 0xff, 0xff, 0xff, 0xff, 0xff, 0xff, 0xff, 0xff,
    0xff, 0xff, 0xff, 0xff, 0xff, 0xff, 0xff, 0xff, 0xff, 0xff, 0xff, 0xff,
    0xff, 0xff, 0xff, 0xff, 0xff, 0xff, 0xff, 0xff, 0xff, 0xff, 0xff, 0xff,
    0xff, 0xff, 0xff, 0xef, 0xef, 0xef, 0xfb, 0xfb, 0xfb, 0xc2, 0xc2, 0xc2,
    0x5f, 0x5f, 0x5f, 0x5f, 0x5f, 0x5f, 0xc3, 0xc3, 0xc3, 0xfa, 0xfa, 0xfa,
    0xf0, 0xf0, 0xf0, 0xff, 0xff, 0xff, 0xff, 0xff, 0xff, 0xff, 0xff, 0xff,
    0xff, 0xff, 0xff, 0xff, 0xff, 0xff, 0xff, 0xff, 0xff, 0xff, 0xff, 0xff,
    0xff, 0xff, 0xff, 0xff, 0xff, 0xff, 0xff, 0xff, 0xff, 0xff, 0xff, 0xff,
    0xff, 0xff, 0xff, 0xff, 0xff, 0xff, 0xff, 0xff, 0xff, 0xff, 0xff, 0xff,
    0xff, 0xff, 0xff, 0xff, 0xff, 0xff, 0xff, 0xff, 0xff, 0xff, 0xff, 0xff,
    0x00, 0x00, 0xff, 0xff, 0xff, 0xff, 0xff, 0xff, 0xff, 0xff, 0xff, 0xff,
    0xff, 0xff, 0xff, 0xff, 0xff, 0xff, 0xff, 0xff, 0xff, 0xff, 0xff, 0xff,
    0xff, 0xff, 0xff, 0xff, 0xff, 0xff, 0xff, 0xff, 0xff, 0xff, 0xff, 0xff,
    0xff, 0xff, 0xff, 0xff, 0xff, 0xff, 0xff, 0xff, 0xff, 0xff, 0xff, 0xff,
    0xff, 0xff, 0xff, 0xff, 0xff, 0xff, 0xff, 0xff, 0xfb, 0xfb, 0xfb, 0xed,
    0xed, 0xed, 0xcf, 0xcf, 0xcf, 0x0f, 0x0f, 0x0f, 0x00, 0x00, 0x00, 0x00,
    0x00, 0x00, 0x11, 0x11, 0x11, 0xd2, 0xd2, 0xd2, 0xed, 0xed, 0xed, 0xfb,
    0xfb, 0xfb, 0xff, 0xff, 0xff, 0xff, 0xff, 0xff, 0xff, 0xff, 0xff, 0xff,
    0xff, 0xff, 0xff, 0xff, 0xff, 0xff, 0xff, 0xff, 0xff, 0xff, 0xff, 0xff,
    0xff, 0xff, 0xff, 0xff, 0xff, 0xff, 0xff, 0xff, 0xff, 0xff, 0xff, 0xff,
    0xff, 0xff, 0xff, 0xff, 0xff, 0xff, 0xff, 0xff, 0xff, 0xff, 0xff, 0xff,
    0xff, 0xff, 0xff, 0xff, 0xff, 0xff, 0xff, 0xff, 0x00, 0x00, 0xff, 0xff,
    0xff, 0xff, 0xff, 0xff, 0xff, 0xff, 0xff, 0xff, 0xff, 0xff, 0xff, 0xff,
    0xff, 0xff, 0xff, 0xff, 0xff, 0xff, 0xff, 0xff, 0xff, 0xff, 0xff, 0xff,
    0xff, 0xff, 0xff, 0xff, 0xff, 0xff, 0xff, 0xff, 0xff, 0xff, 0xff, 0xff,
    0xff, 0xff, 0xff, 0xff, 0xff, 0xff, 0xff, 0xff, 0xff, 0xff, 0xff, 0xff,
    0xff, 0xff, 0xff, 0xff, 0xf5, 0xf5, 0xf5, 0xff, 0xff, 0xff, 0x7d, 0x7d,
    0x7d, 0x00, 0x00, 0x00, 0x08, 0x08, 0x08, 0x08, 0x08, 0x08, 0x00, 0x00,
    0x00, 0x82, 0x82, 0x82, 0xfe, 0xfe, 0xfe, 0xf5, 0xf5, 0xf5, 0xff, 0xff,
    0xff, 0xff, 0xff, 0xff, 0xff, 0xff, 0xff, 0xff, 0xff, 0xff, 0xff, 0xff,
    0xff, 0xff, 0xff, 0xff, 0xff, 0xff, 0xff, 0xff, 0xff, 0xff, 0xff, 0xff,
    0xff, 0xff, 0xff, 0xff, 0xff, 0xff, 0xff, 0xff, 0xff, 0xff, 0xff, 0xff,
    0xff, 0xff, 0xff, 0xff, 0xff, 0xff, 0xff, 0xff, 0xff, 0xff, 0xff, 0xff,
    0xff, 0xff, 0xff, 0xff, 0x00, 0x00, 0xff, 0xff, 0xff, 0xff, 0xff, 0xff,
    0xff, 0xff, 0xff, 0xff, 0xff, 0xff, 0xff, 0xff, 0xff, 0xff, 0xff, 0xff,
    0xff, 0xff, 0xff, 0xff, 0xff, 0xff, 0xff, 0xff, 0xff, 0xff, 0xff, 0xff,
    0xff, 0xff, 0xff, 0xff, 0xff, 0xff, 0xff, 0xff, 0xff, 0xff, 0xff, 0xff,
    0xff, 0xff, 0xff, 0xff, 0xff, 0xff, 0xfe, 0xfe, 0xfe, 0xff, 0xff, 0xff,
    0xf7, 0xf7, 0xf7, 0xfa, 0xfa, 0xfa, 0x97, 0x97, 0x97, 0x00, 0x00, 0x00,
    0x03, 0x03, 0x03, 0x03, 0x03, 0x03, 0x00, 0x00, 0x00, 0x9a, 0x9a, 0x9a,
    0xf9, 0xf9, 0xf9, 0xf7, 0xf7, 0xf7, 0xff, 0xff, 0xff, 0xff, 0xff, 0xff,
    0xff, 0xff, 0xff, 0xff, 0xff, 0xff, 0xff, 0xff, 0xff, 0xff, 0xff, 0xff,
    0xff, 0xff, 0xff, 0xff, 0xff, 0xff, 0xff, 0xff, 0xff, 0xff, 0xff, 0xff,
    0xff, 0xff, 0xff, 0xff, 0xff, 0xff, 0xff, 0xff, 0xff, 0xff, 0xff, 0xff,
    0xff, 0xff, 0xff, 0xff, 0xff, 0xff, 0xff, 0xff, 0xff, 0xff, 0xff, 0xff,
    0x00, 0x00, 0xff, 0xff, 0xff, 0xff, 0xff, 0xff, 0xff, 0xff, 0xff, 0xff,
    0xff, 0xff, 0xff, 0xff, 0xff, 0xff, 0xff, 0xff, 0xff, 0xff, 0xff, 0xff,
    0xff, 0xff, 0xff, 0xff, 0xff, 0xff, 0xff, 0xff, 0xff, 0xff, 0xff, 0xff,
    0xff, 0xff, 0xff, 0xff, 0xff, 0xff, 0xff, 0xff, 0xff, 0xff, 0xff, 0xff,
    0xff, 0xff, 0xff, 0xff, 0xff, 0xff, 0xff, 0xff, 0xfe, 0xfe, 0xfe, 0xe8,
    0xe8, 0xe8, 0xf3, 0xf3, 0xf3, 0x4f, 0x4f, 0x4f, 0x00, 0x00, 0x00, 0x00,
    0x00, 0x00, 0x51, 0x51, 0x51, 0xf4, 0xf4, 0xf4, 0xe9, 0xe9, 0xe9, 0xfe,
    0xfe, 0xfe, 0xff, 0xff, 0xff, 0xff, 0xff, 0xff, 0xff, 0xff, 0xff, 0xff,
    0xff, 0xff, 0xff, 0xff, 0xff, 0xff, 0xff, 0xff, 0xff, 0xff, 0xff, 0xff,
    0xff, 0xff, 0xff, 0xff, 0xff, 0xff, 0xff, 0xff, 0xff, 0xff, 0xff, 0xff,
    0xff, 0xff, 0xff, 0xff, 0xff, 0xff, 0xff, 0xff, 0xff, 0xff, 0xff, 0xff,
    0xff, 0xff, 0xff, 0xff, 0xff, 0xff, 0xff, 0xff, 0x00, 0x00, 0xff, 0xff,
    0xff, 0xff, 0xff, 0xff, 0xff, 0xff, 0xff, 0xff, 0xff, 0xff, 0xff, 0xff,
    0xff, 0xff, 0xff, 0xff, 0xff, 0xff, 0xff, 0xff, 0xff, 0xff, 0xff, 0xff,
    0xff, 0xff, 0xff, 0xff, 0xff, 0xff, 0xff, 0xff, 0xff, 0xff, 0xff, 0xff,
    0xff, 0xff, 0xff, 0xff, 0xff, 0xff, 0xff, 0xff, 0xff, 0xff, 0xff, 0xff,
    0xff, 0xfe, 0xfe, 0xfe, 0xff, 0xff, 0xff, 0xf8, 0xf8, 0xf8, 0xf1, 0xf1,
    0xf1, 0xf7, 0xf7, 0xf7, 0xbc, 0xbc, 0xbc, 0xbc, 0xbc, 0xbc, 0xf8, 0xf8,
    0xf8, 0xf1, 0xf1, 0xf1, 0xf8, 0xf8, 0xf8, 0xff, 0xff, 0xff, 0xfe, 0xfe,
    0xfe, 0xff, 0xff, 0xff, 0xff, 0xff, 0xff, 0xff, 0xff, 0xff, 0xff, 0xff,
    0xff, 0xff, 0xff, 0xff, 0xff, 0xff, 0xff, 0xff, 0xff, 0xff, 0xff, 0xff,
    0xff, 0xff, 0xff, 0xff, 0xff, 0xff, 0xff, 0xff, 0xff, 0xff, 0xff, 0xff,
    0xff, 0xff, 0xff, 0xff, 0xff, 0xff, 0xff, 0xff, 0xff, 0xff, 0xff, 0xff,
    0xff, 0xff, 0xff, 0xff, 0x00, 0x00, 0xff, 0xff, 0xff, 0xff, 0xff, 0xff,
    0xff, 0xff, 0xff, 0xff, 0xff, 0xff, 0xff, 0xff, 0xff, 0xff, 0xff, 0xff,
    0xff, 0xff, 0xff, 0xff, 0xff, 0xff, 0xff, 0xff, 0xff, 0xff, 0xff, 0xff,
    0xff, 0xff, 0xff, 0xff, 0xff, 0xff, 0xff, 0xff, 0xff, 0xff, 0xff, 0xff,
    0xff, 0xff, 0xff, 0xff, 0xff, 0xff, 0xff, 0xff, 0xff, 0xff, 0xff, 0xff,
    0xff, 0xff, 0xff, 0xff, 0xff, 0xff, 0xf7, 0xf7, 0xf7, 0xf1, 0xf1, 0xf1,
    0xf3, 0xf3, 0xf3, 0xf3, 0xf3, 0xf3, 0xf0, 0xf0, 0xf0, 0xf7, 0xf7, 0xf7,
    0xff, 0xff, 0xff, 0xff, 0xff, 0xff, 0xff, 0xff, 0xff, 0xff, 0xff, 0xff,
    0xff, 0xff, 0xff, 0xff, 0xff, 0xff, 0xff, 0xff, 0xff, 0xff, 0xff, 0xff,
    0xff, 0xff, 0xff, 0xff, 0xff, 0xff, 0xff, 0xff, 0xff, 0xff, 0xff, 0xff,
    0xff, 0xff, 0xff, 0xff, 0xff, 0xff, 0xff, 0xff, 0xff, 0xff, 0xff, 0xff,
    0xff, 0xff, 0xff, 0xff, 0xff, 0xff, 0xff, 0xff, 0xff, 0xff, 0xff, 0xff,
    0x00, 0x00
};
static const unsigned int black_bishop_bmp_len = 6494;

/* black_king.bmp (6494 bytes, 46x46 px) */
static const unsigned char black_king_bmp[] = {
    0x42, 0x4d, 0x5e, 0x19, 0x00, 0x00, 0x00, 0x00, 0x00, 0x00, 0x36, 0x00,
    0x00, 0x00, 0x28, 0x00, 0x00, 0x00, 0x2e, 0x00, 0x00, 0x00, 0x2e, 0x00,
    0x00, 0x00, 0x01, 0x00, 0x18, 0x00, 0x00, 0x00, 0x00, 0x00, 0x28, 0x19,
    0x00, 0x00, 0xc4, 0x0e, 0x00, 0x00, 0xc4, 0x0e, 0x00, 0x00, 0x00, 0x00,
    0x00, 0x00, 0x00, 0x00, 0x00, 0x00, 0xff, 0xff, 0xff, 0xff, 0xff, 0xff,
    0xff, 0xff, 0xff, 0xff, 0xff, 0xff, 0xff, 0xff, 0xff, 0xff, 0xff, 0xff,
    0xff, 0xff, 0xff, 0xff, 0xff, 0xff, 0xff, 0xff, 0xff, 0xff, 0xff, 0xff,
    0xff, 0xff, 0xff, 0xff, 0xff, 0xff, 0xff, 0xff, 0xff, 0xff, 0xff, 0xff,
    0xf8, 0xf8, 0xf8, 0xf5, 0xf5, 0xf5, 0xf3, 0xf3, 0xf3, 0xf2, 0xf2, 0xf2,
    0xf3, 0xf3, 0xf3, 0xf6, 0xf6, 0xf6, 0xf5, 0xf5, 0xf5, 0xf5, 0xf5, 0xf5,
    0xf6, 0xf6, 0xf6, 0xf4, 0xf4, 0xf4, 0xf5, 0xf5, 0xf5, 0xf3, 0xf3, 0xf3,
    0xf3, 0xf3, 0xf3, 0xf2, 0xf2, 0xf2, 0xf3, 0xf3, 0xf3, 0xf6, 0xf6, 0xf6,
    0xfa, 0xfa, 0xfa, 0xff, 0xff, 0xff, 0xff, 0xff, 0xff, 0xff, 0xff, 0xff,
    0xff, 0xff, 0xff, 0xff, 0xff, 0xff, 0xff, 0xff, 0xff, 0xff, 0xff, 0xff,
    0xff, 0xff, 0xff, 0xff, 0xff, 0xff, 0xff, 0xff, 0xff, 0xff, 0xff, 0xff,
    0xff, 0xff, 0xff, 0xff, 0xff, 0xff, 0xff, 0xff, 0xff, 0xff, 0xff, 0xff,
    0x00, 0x00, 0xff, 0xff, 0xff, 0xff, 0xff, 0xff, 0xff, 0xff, 0xff, 0xff,
    0xff, 0xff, 0xff, 0xff, 0xff, 0xff, 0xff, 0xff, 0xff, 0xff, 0xff, 0xff,
    0xff, 0xff, 0xff, 0xff, 0xff, 0xff, 0xff, 0xff, 0xff, 0xff, 0xff, 0xf8,
    0xf8, 0xf8, 0xf3, 0xf3, 0xf3, 0xf5, 0xf5, 0xf5, 0xf7, 0xf7, 0xf7, 0xfe,
    0xfe, 0xfe, 0xf8, 0xf8, 0xf8, 0xe4, 0xe4, 0xe4, 0xcc, 0xcc, 0xcc, 0xb7,
    0xb7, 0xb7, 0xa6, 0xa6, 0xa6, 0x9c, 0x9c, 0x9c, 0x99, 0x99, 0x99, 0x9e,
    0x9e, 0x9e, 0xaa, 0xaa, 0xaa, 0xbc, 0xbc, 0xbc, 0xd3, 0xd3, 0xd3, 0xea,
    0xea, 0xea, 0xfb, 0xfb, 0xfb, 0xfc, 0xfc, 0xfc, 0xf8, 0xf8, 0xf8, 0xf4,
    0xf4, 0xf4, 0xf4, 0xf4, 0xf4, 0xfa, 0xfa, 0xfa, 0xff, 0xff, 0xff, 0xff,
    0xff, 0xff, 0xff, 0xff, 0xff, 0xff, 0xff, 0xff, 0xff, 0xff, 0xff, 0xff,
    0xff, 0xff, 0xff, 0xff, 0xff, 0xff, 0xff, 0xff, 0xff, 0xff, 0xff, 0xff,
    0xff, 0xff, 0xff, 0xff, 0xff, 0xff, 0xff, 0xff, 0x00, 0x00, 0xff, 0xff,
    0xff, 0xff, 0xff, 0xff, 0xff, 0xff, 0xff, 0xff, 0xff, 0xff, 0xff, 0xff,
    0xff, 0xff, 0xff, 0xff, 0xff, 0xff, 0xff, 0xff, 0xff, 0xff, 0xff, 0xff,
    0xff, 0xf8, 0xf8, 0xf8, 0xf5, 0xf5, 0xf5, 0xfc, 0xfc, 0xfc, 0xff, 0xff,
    0xff, 0xd5, 0xd5, 0xd5, 0x96, 0x96, 0x96, 0x5b, 0x5b, 0x5b, 0x30, 0x30,
    0x30, 0x13, 0x13, 0x13, 0x02, 0x02, 0x02, 0x01, 0x01, 0x01, 0x00, 0x00,
    0x00, 0x00, 0x00, 0x00, 0x00, 0x00, 0x00, 0x00, 0x00, 0x00, 0x00, 0x00,
    0x00, 0x01, 0x01, 0x01, 0x06, 0x06, 0x06, 0x1a, 0x1a, 0x1a, 0x3a, 0x3a,
    0x3a, 0x6a, 0x6a, 0x6a, 0xa7, 0xa7, 0xa7, 0xe5, 0xe5, 0xe5, 0xff, 0xff,
    0xff, 0xfa, 0xfa, 0xfa, 0xf5, 0xf5, 0xf5, 0xfa, 0xfa, 0xfa, 0xff, 0xff,
    0xff, 0xff, 0xff, 0xff, 0xff, 0xff, 0xff, 0xff, 0xff, 0xff, 0xff, 0xff,
    0xff, 0xff, 0xff, 0xff, 0xff, 0xff, 0xff, 0xff, 0xff, 0xff, 0xff, 0xff,
    0xff, 0xff, 0xff, 0xff, 0x00, 0x00, 0xff, 0xff, 0xff, 0xff, 0xff, 0xff,
    0xff, 0xff, 0xff, 0xff, 0xff, 0xff, 0xff, 0xff, 0xff, 0xff, 0xff, 0xff,
    0xff, 0xff, 0xff, 0xfb, 0xfb, 0xfb, 0xf1, 0xf1, 0xf1, 0xf3, 0xf3, 0xf3,
    0xdd, 0xdd, 0xdd, 0x87, 0x87, 0x87, 0x3c, 0x3c, 0x3c, 0x0b, 0x0b, 0x0b,
    0x01, 0x01, 0x01, 0x00, 0x00, 0x00, 0x00, 0x00, 0x00, 0x00, 0x00, 0x00,
    0x00, 0x00, 0x00, 0x01, 0x01, 0x01, 0x02, 0x02, 0x02, 0x03, 0x03, 0x03,
    0x03, 0x03, 0x03, 0x03, 0x03, 0x03, 0x02, 0x02, 0x02, 0x01, 0x01, 0x01,
    0x00, 0x00, 0x00, 0x00, 0x00, 0x00, 0x00, 0x00, 0x00, 0x00, 0x00, 0x00,
    0x01, 0x01, 0x01, 0x16, 0x16, 0x16, 0x4f, 0x4f, 0x4f, 0x9f, 0x9f, 0x9f,
    0xec, 0xec, 0xec, 0xec, 0xec, 0xec, 0xf1, 0xf1, 0xf1, 0xfe, 0xfe, 0xfe,
    0xff, 0xff, 0xff, 0xff, 0xff, 0xff, 0xff, 0xff, 0xff, 0xff, 0xff, 0xff,
    0xff, 0xff, 0xff, 0xff, 0xff, 0xff, 0xff, 0xff, 0xff, 0xff, 0xff, 0xff,
    0x00, 0x00, 0xff, 0xff, 0xff, 0xff, 0xff, 0xff, 0xff, 0xff, 0xff, 0xff,
    0xff, 0xff, 0xff, 0xff, 0xff, 0xff, 0xff, 0xff, 0xff, 0xff, 0xff, 0xf3,
    0xf3, 0xf3, 0xff, 0xff, 0xff, 0xf4, 0xf4, 0xf4, 0xb0, 0xb0, 0xb0, 0x2e,
    0x2e, 0x2e, 0x00, 0x00, 0x00, 0x00, 0x00, 0x00, 0x00, 0x00, 0x00, 0x00,
    0x00, 0x00, 0x00, 0x00, 0x00, 0x00, 0x00, 0x00, 0x02, 0x02, 0x02, 0x03,
    0x03, 0x03, 0x04, 0x04, 0x04, 0x04, 0x04, 0x04, 0x04, 0x04, 0x04, 0x04,
    0x04, 0x04, 0x03, 0x03, 0x03, 0x03, 0x03, 0x03, 0x02, 0x02, 0x02, 0x00,
    0x00, 0x00, 0x00, 0x00, 0x00, 0x00, 0x00, 0x00, 0x00, 0x00, 0x00, 0x00,
    0x00, 0x00, 0x03, 0x03, 0x03, 0x4a, 0x4a, 0x4a, 0xd2, 0xd2, 0xd2, 0xf1,
    0xf1, 0xf1, 0xf4, 0xf4, 0xf4, 0xfb, 0xfb, 0xfb, 0xff, 0xff, 0xff, 0xff,
    0xff, 0xff, 0xff, 0xff, 0xff, 0xff, 0xff, 0xff, 0xff, 0xff, 0xff, 0xff,
    0xff, 0xff, 0xff, 0xff, 0xff, 0xff, 0xff, 0xff, 0x00, 0x00, 0xff, 0xff,
    0xff, 0xff, 0xff, 0xff, 0xff, 0xff, 0xff, 0xff, 0xff, 0xff, 0xff, 0xff,
    0xff, 0xff, 0xff, 0xff, 0xff, 0xff, 0xff, 0xf4, 0xf4, 0xf4, 0xf6, 0xf6,
    0xf6, 0xbd, 0xbd, 0xbd, 0xed, 0xed, 0xed, 0xff, 0xff, 0xff, 0xd8, 0xd8,
    0xd8, 0x98, 0x98, 0x98, 0x5c, 0x5c, 0x5c, 0x2f, 0x2f, 0x2f, 0x11, 0x11,
    0x11, 0x00, 0x00, 0x00, 0x00, 0x00, 0x00, 0x00, 0x00, 0x00, 0x00, 0x00,
    0x00, 0x00, 0x00, 0x00, 0x00, 0x00, 0x00, 0x00, 0x00, 0x00, 0x00, 0x00,
    0x00, 0x00, 0x00, 0x00, 0x00, 0x00, 0x00, 0x03, 0x03, 0x03, 0x18, 0x18,
    0x18, 0x3a, 0x3a, 0x3a, 0x6b, 0x6b, 0x6b, 0xaa, 0xaa, 0xaa, 0xe8, 0xe8,
    0xe8, 0xff, 0xff, 0xff, 0xd9, 0xd9, 0xd9, 0xc5, 0xc5, 0xc5, 0xee, 0xee,
    0xee, 0xfa, 0xfa, 0xfa, 0xff, 0xff, 0xff, 0xff, 0xff, 0xff, 0xff, 0xff,
    0xff, 0xff, 0xff, 0xff, 0xff, 0xff, 0xff, 0xff, 0xff, 0xff, 0xff, 0xff,
    0xff, 0xff, 0xff, 0xff, 0x00, 0x00, 0xff, 0xff, 0xff, 0xff, 0xff, 0xff,
    0xff, 0xff, 0xff, 0xff, 0xff, 0xff, 0xff, 0xff, 0xff, 0xff, 0xff, 0xff,
    0xff, 0xff, 0xff, 0xf2, 0xf2, 0xf2, 0xfd, 0xfd, 0xfd, 0x33, 0x33, 0x33,
    0x26, 0x26, 0x26, 0x77, 0x77, 0x77, 0xbe, 0xbe, 0xbe, 0xef, 0xef, 0xef,
    0xff, 0xff, 0xff, 0xfc, 0xfc, 0xfc, 0xe8, 0xe8, 0xe8, 0xce, 0xce, 0xce,
    0xb5, 0xb5, 0xb5, 0x9f, 0x9f, 0x9f, 0x90, 0x90, 0x90, 0x87, 0x87, 0x87,
    0x85, 0x85, 0x85, 0x89, 0x89, 0x89, 0x94, 0x94, 0x94, 0xa5, 0xa5, 0xa5,
    0xbb, 0xbb, 0xbb, 0xd5, 0xd5, 0xd5, 0xee, 0xee, 0xee, 0xff, 0xff, 0xff,
    0xff, 0xff, 0xff, 0xe5, 0xe5, 0xe5, 0xac, 0xac, 0xac, 0x63, 0x63, 0x63,
    0x15, 0x15, 0x15, 0x70, 0x70, 0x70, 0xfc, 0xfc, 0xfc, 0xf7, 0xf7, 0xf7,
    0xff, 0xff, 0xff, 0xff, 0xff, 0xff, 0xff, 0xff, 0xff, 0xff, 0xff, 0xff,
    0xff, 0xff, 0xff, 0xff, 0xff, 0xff, 0xff, 0xff, 0xff, 0xff, 0xff, 0xff,
    0x00, 0x00, 0xff, 0xff, 0xff, 0xff, 0xff, 0xff, 0xff, 0xff, 0xff, 0xff,
    0xff, 0xff, 0xff, 0xff, 0xff, 0xff, 0xff, 0xff, 0xff, 0xff, 0xff, 0xf2,
    0xf2, 0xf2, 0xff, 0xff, 0xff, 0x2a, 0x2a, 0x2a, 0x00, 0x00, 0x00, 0x00,
    0x00, 0x00, 0x00, 0x00, 0x00, 0x1b, 0x1b, 0x1b, 0x46, 0x46, 0x46, 0x73,
    0x73, 0x73, 0x9c, 0x9c, 0x9c, 0xbd, 0xbd, 0xbd, 0xd4, 0xd4, 0xd4, 0xe4,
    0xe4, 0xe4, 0xed, 0xed, 0xed, 0xf1, 0xf1, 0xf1, 0xf2, 0xf2, 0xf2, 0xf0,
    0xf0, 0xf0, 0xeb, 0xeb, 0xeb, 0xe0, 0xe0, 0xe0, 0xcf, 0xcf, 0xcf, 0xb5,
    0xb5, 0xb5, 0x92, 0x92, 0x92, 0x67, 0x67, 0x67, 0x39, 0x39, 0x39, 0x11,
    0x11, 0x11, 0x00, 0x00, 0x00, 0x00, 0x00, 0x00, 0x00, 0x00, 0x00, 0x6d,
    0x6d, 0x6d, 0xfc, 0xfc, 0xfc, 0xf7, 0xf7, 0xf7, 0xff, 0xff, 0xff, 0xff,
    0xff, 0xff, 0xff, 0xff, 0xff, 0xff, 0xff, 0xff, 0xff, 0xff, 0xff, 0xff,
    0xff, 0xff, 0xff, 0xff, 0xff, 0xff, 0xff, 0xff, 0x00, 0x00, 0xff, 0xff,
    0xff, 0xff, 0xff, 0xff, 0xff, 0xff, 0xff, 0xff, 0xff, 0xff, 0xff, 0xff,
    0xff, 0xff, 0xff, 0xff, 0xff, 0xff, 0xff, 0xf2, 0xf2, 0xf2, 0xfc, 0xfc,
    0xfc, 0x7c, 0x7c, 0x7c, 0x15, 0x15, 0x15, 0x00, 0x00, 0x00, 0x00, 0x00,
    0x00, 0x00, 0x00, 0x00, 0x00, 0x00, 0x00, 0x00, 0x00, 0x00, 0x00, 0x00,
    0x00, 0x00, 0x00, 0x00, 0x04, 0x04, 0x04, 0x0d, 0x0d, 0x0d, 0x15, 0x15,
    0x15, 0x1a, 0x1a, 0x1a, 0x1b, 0x1b, 0x1b, 0x19, 0x19, 0x19, 0x13, 0x13,
    0x13, 0x0a, 0x0a, 0x0a, 0x02, 0x02, 0x02, 0x00, 0x00, 0x00, 0x00, 0x00,
    0x00, 0x00, 0x00, 0x00, 0x00, 0x00, 0x00, 0x00, 0x00, 0x00, 0x00, 0x00,
    0x00, 0x00, 0x00, 0x00, 0x26, 0x26, 0x26, 0xa9, 0xa9, 0xa9, 0xf4, 0xf4,
    0xf4, 0xf9, 0xf9, 0xf9, 0xff, 0xff, 0xff, 0xff, 0xff, 0xff, 0xff, 0xff,
    0xff, 0xff, 0xff, 0xff, 0xff, 0xff, 0xff, 0xff, 0xff, 0xff, 0xff, 0xff,
    0xff, 0xff, 0xff, 0xff, 0x00, 0x00, 0xff, 0xff, 0xff, 0xff, 0xff, 0xff,
    0xff, 0xff, 0xff, 0xff, 0xff, 0xff, 0xff, 0xff, 0xff, 0xff, 0xff, 0xff,
    0xff, 0xff, 0xff, 0xf3, 0xf3, 0xf3, 0xf5, 0xf5, 0xf5, 0xff, 0xff, 0xff,
    0xe5, 0xe5, 0xe5, 0x94, 0x94, 0x94, 0x48, 0x48, 0x48, 0x15, 0x15, 0x15,
    0x00, 0x00, 0x00, 0x00, 0x00, 0x00, 0x00, 0x00, 0x00, 0x00, 0x00, 0x00,
    0x00, 0x00, 0x00, 0x00, 0x00, 0x00, 0x00, 0x00, 0x00, 0x00, 0x00, 0x00,
    0x00, 0x00, 0x00, 0x00, 0x00, 0x00, 0x00, 0x00, 0x00, 0x00, 0x00, 0x00,
    0x00, 0x00, 0x00, 0x00, 0x00, 0x00, 0x00, 0x00, 0x00, 0x00, 0x00, 0x00,
    0x01, 0x01, 0x01, 0x20, 0x20, 0x20, 0x5a, 0x5a, 0x5a, 0xab, 0xab, 0xab,
    0xf4, 0xf4, 0xf4, 0xf6, 0xf6, 0xf6, 0xe7, 0xe7, 0xe7, 0xfc, 0xfc, 0xfc,
    0xff, 0xff, 0xff, 0xff, 0xff, 0xff, 0xff, 0xff, 0xff, 0xff, 0xff, 0xff,
    0xff, 0xff, 0xff, 0xff, 0xff, 0xff, 0xff, 0xff, 0xff, 0xff, 0xff, 0xff,
    0x00, 0x00, 0xff, 0xff, 0xff, 0xff, 0xff, 0xff, 0xff, 0xff, 0xff, 0xff,
    0xff, 0xff, 0xff, 0xff, 0xff, 0xff, 0xff, 0xff, 0xff, 0xff, 0xff, 0xf3,
    0xf3, 0xf3, 0xf9, 0xf9, 0xf9, 0x7b, 0x7b, 0x7b, 0xad, 0xad, 0xad, 0xf7,
    0xf7, 0xf7, 0xff, 0xff, 0xff, 0xe8, 0xe8, 0xe8, 0xb9, 0xb9, 0xb9, 0x87,
    0x87, 0x87, 0x5c, 0x5c, 0x5c, 0x3c, 0x3c, 0x3c, 0x25, 0x25, 0x25, 0x16,
    0x16, 0x16, 0x0e, 0x0e, 0x0e, 0x09, 0x09, 0x09, 0x08, 0x08, 0x08, 0x0a,
    0x0a, 0x0a, 0x10, 0x10, 0x10, 0x1a, 0x1a, 0x1a, 0x2a, 0x2a, 0x2a, 0x43,
    0x43, 0x43, 0x67, 0x67, 0x67, 0x94, 0x94, 0x94, 0xc7, 0xc7, 0xc7, 0xf2,
    0xf2, 0xf2, 0xff, 0xff, 0xff, 0xeb, 0xeb, 0xeb, 0x90, 0x90, 0x90, 0x99,
    0x99, 0x99, 0xf5, 0xf5, 0xf5, 0xf9, 0xf9, 0xf9, 0xff, 0xff, 0xff, 0xff,
    0xff, 0xff, 0xff, 0xff, 0xff, 0xff, 0xff, 0xff, 0xff, 0xff, 0xff, 0xff,
    0xff, 0xff, 0xff, 0xff, 0xff, 0xff, 0xff, 0xff, 0x00, 0x00, 0xff, 0xff,
    0xff, 0xff, 0xff, 0xff, 0xff, 0xff, 0xff, 0xff, 0xff, 0xff, 0xff, 0xff,
    0xff, 0xff, 0xff, 0xff, 0xff, 0xff, 0xff, 0xf2, 0xf2, 0xf2, 0xfe, 0xfe,
    0xfe, 0x29, 0x29, 0x29, 0x00, 0x00, 0x00, 0x26, 0x26, 0x26, 0x63, 0x63,
    0x63, 0xa3, 0xa3, 0xa3, 0xd6, 0xd6, 0xd6, 0xf5, 0xf5, 0xf5, 0xff, 0xff,
    0xff, 0xff, 0xff, 0xff, 0xf8, 0xf8, 0xf8, 0xee, 0xee, 0xee, 0xe5, 0xe5,
    0xe5, 0xde, 0xde, 0xde, 0xdc, 0xdc, 0xdc, 0xe0, 0xe0, 0xe0, 0xe7, 0xe7,
    0xe7, 0xf1, 0xf1, 0xf1, 0xfb, 0xfb, 0xfb, 0xff, 0xff, 0xff, 0xff, 0xff,
    0xff, 0xef, 0xef, 0xef, 0xca, 0xca, 0xca, 0x93, 0x93, 0x93, 0x50, 0x50,
    0x50, 0x19, 0x19, 0x19, 0x00, 0x00, 0x00, 0x6c, 0x6c, 0x6c, 0xfc, 0xfc,
    0xfc, 0xf7, 0xf7, 0xf7, 0xff, 0xff, 0xff, 0xff, 0xff, 0xff, 0xff, 0xff,
    0xff, 0xff, 0xff, 0xff, 0xff, 0xff, 0xff, 0xff, 0xff, 0xff, 0xff, 0xff,
    0xff, 0xff, 0xff, 0xff, 0x00, 0x00, 0xff, 0xff, 0xff, 0xff, 0xff, 0xff,
    0xff, 0xff, 0xff, 0xff, 0xff, 0xff, 0xff, 0xff, 0xff, 0xfe, 0xfe, 0xfe,
    0xff, 0xff, 0xff, 0xf2, 0xf2, 0xf2, 0xfe, 0xfe, 0xfe, 0x32, 0x32, 0x32,
    0x00, 0x00, 0x00, 0x00, 0x00, 0x00, 0x00, 0x00, 0x00, 0x00, 0x00, 0x00,
    0x07, 0x07, 0x07, 0x21, 0x21, 0x21, 0x40, 0x40, 0x40, 0x5f, 0x5f, 0x5f,
    0x7a, 0x7a, 0x7a, 0x8f, 0x8f, 0x8f, 0x9d, 0x9d, 0x9d, 0xa5, 0xa5, 0xa5,
    0xa8, 0xa8, 0xa8, 0xa4, 0xa4, 0xa4, 0x9a, 0x9a, 0x9a, 0x8a, 0x8a, 0x8a,
    0x73, 0x73, 0x73, 0x57, 0x57, 0x57, 0x37, 0x37, 0x37, 0x19, 0x19, 0x19,
    0x01, 0x01, 0x01, 0x00, 0x00, 0x00, 0x00, 0x00, 0x00, 0x00, 0x00, 0x00,
    0x00, 0x00, 0x00, 0x73, 0x73, 0x73, 0xf9, 0xf9, 0xf9, 0xf6, 0xf6, 0xf6,
    0xff, 0xff, 0xff, 0xff, 0xff, 0xff, 0xff, 0xff, 0xff, 0xff, 0xff, 0xff,
    0xff, 0xff, 0xff, 0xff, 0xff, 0xff, 0xff, 0xff, 0xff, 0xff, 0xff, 0xff,
    0x00, 0x00, 0xff, 0xff, 0xff, 0xff, 0xff, 0xff, 0xff, 0xff, 0xff, 0xff,
    0xff, 0xff, 0xff, 0xff, 0xff, 0xff, 0xff, 0xff, 0xff, 0xff, 0xff, 0xee,
    0xee, 0xee, 0xfa, 0xfa, 0xfa, 0xc5, 0xc5, 0xc5, 0x5b, 0x5b, 0x5b, 0x15,
    0x15, 0x15, 0x00, 0x00, 0x00, 0x00, 0x00, 0x00, 0x00, 0x00, 0x00, 0x00,
    0x00, 0x00, 0x00, 0x00, 0x00, 0x00, 0x00, 0x00, 0x00, 0x00, 0x00, 0x00,
    0x00, 0x00, 0x00, 0x00, 0x00, 0x00, 0x00, 0x00, 0x00, 0x00, 0x00, 0x00,
    0x00, 0x00, 0x00, 0x00, 0x00, 0x00, 0x00, 0x00, 0x00, 0x00, 0x00, 0x00,
    0x00, 0x00, 0x00, 0x00, 0x00, 0x00, 0x00, 0x00, 0x00, 0x00, 0x00, 0x00,
    0x00, 0x00, 0x00, 0x00, 0x00, 0x24, 0x24, 0x24, 0x76, 0x76, 0x76, 0xdc,
    0xdc, 0xdc, 0xfc, 0xfc, 0xfc, 0xf0, 0xf0, 0xf0, 0xf7, 0xf7, 0xf7, 0xff,
    0xff, 0xff, 0xff, 0xff, 0xff, 0xfe, 0xfe, 0xfe, 0xff, 0xff, 0xff, 0xff,
    0xff, 0xff, 0xff, 0xff, 0xff, 0xff, 0xff, 0xff, 0x00, 0x00, 0xff, 0xff,
    0xff, 0xff, 0xff, 0xff, 0xff, 0xff, 0xff, 0xfe, 0xfe, 0xfe, 0xff, 0xff,
    0xff, 0xfa, 0xfa, 0xfa, 0xf0, 0xf0, 0xf0, 0xfc, 0xfc, 0xfc, 0xd8, 0xd8,
    0xd8, 0xd8, 0xd8, 0xd8, 0xff, 0xff, 0xff, 0xe5, 0xe5, 0xe5, 0xa2, 0xa2,
    0xa2, 0x5e, 0x5e, 0x5e, 0x2a, 0x2a, 0x2a, 0x0b, 0x0b, 0x0b, 0x00, 0x00,
    0x00, 0x00, 0x00, 0x00, 0x00, 0x00, 0x00, 0x00, 0x00, 0x00, 0x00, 0x00,
    0x00, 0x00, 0x00, 0x00, 0x00, 0x00, 0x00, 0x00, 0x00, 0x00, 0x00, 0x00,
    0x00, 0x00, 0x00, 0x00, 0x00, 0x00, 0x00, 0x00, 0x00, 0x00, 0x00, 0x00,
    0x00, 0x12, 0x12, 0x12, 0x36, 0x36, 0x36, 0x6f, 0x6f, 0x6f, 0xb6, 0xb6,
    0xb6, 0xf3, 0xf3, 0xf3, 0xff, 0xff, 0xff, 0xbf, 0xbf, 0xbf, 0x8d, 0x8d,
    0x8d, 0xf0, 0xf0, 0xf0, 0xf8, 0xf8, 0xf8, 0xf0, 0xf0, 0xf0, 0xfe, 0xfe,
    0xfe, 0xff, 0xff, 0xff, 0xfe, 0xfe, 0xfe, 0xff, 0xff, 0xff, 0xff, 0xff,
    0xff, 0xff, 0xff, 0xff, 0x00, 0x00, 0xff, 0xff, 0xff, 0xff, 0xff, 0xff,
    0xff, 0xff, 0xff, 0xff, 0xff, 0xff, 0xf5, 0xf5, 0xf5, 0xf2, 0xf2, 0xf2,
    0xff, 0xff, 0xff, 0x9a, 0x9a, 0x9a, 0x1e, 0x1e, 0x1e, 0x0e, 0x0e, 0x0e,
    0x5b, 0x5b, 0x5b, 0xae, 0xae, 0xae, 0xeb, 0xeb, 0xeb, 0xff, 0xff, 0xff,
    0xfa, 0xfa, 0xfa, 0xde, 0xde, 0xde, 0xba, 0xba, 0xba, 0x97, 0x97, 0x97,
    0x7a, 0x7a, 0x7a, 0x64, 0x64, 0x64, 0x55, 0x55, 0x55, 0x4d, 0x4d, 0x4d,
    0x4d, 0x4d, 0x4d, 0x51, 0x51, 0x51, 0x58, 0x58, 0x58, 0x69, 0x69, 0x69,
    0x82, 0x82, 0x82, 0xa0, 0xa0, 0xa0, 0xc4, 0xc4, 0xc4, 0xe6, 0xe6, 0xe6,
    0xff, 0xff, 0xff, 0xff, 0xff, 0xff, 0xde, 0xde, 0xde, 0x98, 0x98, 0x98,
    0x43, 0x43, 0x43, 0x03, 0x03, 0x03, 0x00, 0x00, 0x00, 0x2f, 0x2f, 0x2f,
    0xb7, 0xb7, 0xb7, 0xff, 0xff, 0xff, 0xee, 0xee, 0xee, 0xfa, 0xfa, 0xfa,
    0xff, 0xff, 0xff, 0xff, 0xff, 0xff, 0xff, 0xff, 0xff, 0xff, 0xff, 0xff,
    0x00, 0x00, 0xff, 0xff, 0xff, 0xfe, 0xfe, 0xfe, 0xff, 0xff, 0xff, 0xf2,
    0xf2, 0xf2, 0xf5, 0xf5, 0xf5, 0xea, 0xea, 0xea, 0x56, 0x56, 0x56, 0x00,
    0x00, 0x00, 0x00, 0x00, 0x00, 0x00, 0x00, 0x00, 0x00, 0x00, 0x00, 0x00,
    0x00, 0x00, 0x16, 0x16, 0x16, 0x47, 0x47, 0x47, 0x7d, 0x7d, 0x7d, 0xae,
    0xae, 0xae, 0xd2, 0xd2, 0xd2, 0xea, 0xea, 0xea, 0xf8, 0xf8, 0xf8, 0xfe,
    0xfe, 0xfe, 0xff, 0xff, 0xff, 0xff, 0xff, 0xff, 0xf6, 0xf6, 0xf6, 0xf6,
    0xf6, 0xf6, 0xff, 0xff, 0xff, 0xfd, 0xfd, 0xfd, 0xf5, 0xf5, 0xf5, 0xe5,
    0xe5, 0xe5, 0xca, 0xca, 0xca, 0xa2, 0xa2, 0xa2, 0x6f, 0x6f, 0x6f, 0x39,
    0x39, 0x39, 0x0b, 0x0b, 0x0b, 0x00, 0x00, 0x00, 0x00, 0x00, 0x00, 0x00,
    0x00, 0x00, 0x04, 0x04, 0x04, 0x00, 0x00, 0x00, 0x02, 0x02, 0x02, 0x82,
    0x82, 0x82, 0xff, 0xff, 0xff, 0xef, 0xef, 0xef, 0xf9, 0xf9, 0xf9, 0xff,
    0xff, 0xff, 0xff, 0xff, 0xff, 0xff, 0xff, 0xff, 0x00, 0x00, 0xff, 0xff,
    0xff, 0xff, 0xff, 0xff, 0xf4, 0xf4, 0xf4, 0xf5, 0xf5, 0xf5, 0xd8, 0xd8,
    0xd8, 0x2e, 0x2e, 0x2e, 0x00, 0x00, 0x00, 0x03, 0x03, 0x03, 0x02, 0x02,
    0x02, 0x01, 0x01, 0x01, 0x03, 0x03, 0x03, 0x02, 0x02, 0x02, 0x00, 0x00,
    0x00, 0x00, 0x00, 0x00, 0x00, 0x00, 0x00, 0x00, 0x00, 0x00, 0x02, 0x02,
    0x02, 0x12, 0x12, 0x12, 0x24, 0x24, 0x24, 0x33, 0x33, 0x33, 0x40, 0x40,
    0x40, 0x47, 0x47, 0x47, 0xc8, 0xc8, 0xc8, 0xd1, 0xd1, 0xd1, 0x3d, 0x3d,
    0x3d, 0x30, 0x30, 0x30, 0x1f, 0x1f, 0x1f, 0x0d, 0x0d, 0x0d, 0x00, 0x00,
    0x00, 0x00, 0x00, 0x00, 0x00, 0x00, 0x00, 0x00, 0x00, 0x00, 0x00, 0x00,
    0x00, 0x03, 0x03, 0x03, 0x03, 0x03, 0x03, 0x01, 0x01, 0x01, 0x00, 0x00,
    0x00, 0x02, 0x02, 0x02, 0x01, 0x01, 0x01, 0x00, 0x00, 0x00, 0x5d, 0x5d,
    0x5d, 0xfb, 0xfb, 0xfb, 0xed, 0xed, 0xed, 0xfb, 0xfb, 0xfb, 0xff, 0xff,
    0xff, 0xff, 0xff, 0xff, 0x00, 0x00, 0xff, 0xff, 0xff, 0xfa, 0xfa, 0xfa,
    0xf0, 0xf0, 0xf0, 0xde, 0xde, 0xde, 0x25, 0x25, 0x25, 0x00, 0x00, 0x00,
    0x04, 0x04, 0x04, 0x00, 0x00, 0x00, 0x00, 0x00, 0x00, 0x00, 0x00, 0x00,
    0x00, 0x00, 0x00, 0x00, 0x00, 0x00, 0x01, 0x01, 0x01, 0x03, 0x03, 0x03,
    0x04, 0x04, 0x04, 0x02, 0x02, 0x02, 0x00, 0x00, 0x00, 0x00, 0x00, 0x00,
    0x00, 0x00, 0x00, 0x00, 0x00, 0x00, 0x00, 0x00, 0x00, 0x00, 0x00, 0x00,
    0xbb, 0xbb, 0xbb, 0xcc, 0xcc, 0xcc, 0x00, 0x00, 0x00, 0x00, 0x00, 0x00,
    0x00, 0x00, 0x00, 0x00, 0x00, 0x00, 0x00, 0x00, 0x00, 0x03, 0x03, 0x03,
    0x04, 0x04, 0x04, 0x03, 0x03, 0x03, 0x01, 0x01, 0x01, 0x00, 0x00, 0x00,
    0x00, 0x00, 0x00, 0x00, 0x00, 0x00, 0x00, 0x00, 0x00, 0x00, 0x00, 0x00,
    0x01, 0x01, 0x01, 0x04, 0x04, 0x04, 0x00, 0x00, 0x00, 0x56, 0x56, 0x56,
    0xfd, 0xfd, 0xfd, 0xeb, 0xeb, 0xeb, 0xfe, 0xfe, 0xfe, 0xff, 0xff, 0xff,
    0x00, 0x00, 0xff, 0xff, 0xff, 0xea, 0xea, 0xea, 0xfa, 0xfa, 0xfa, 0x3d,
    0x3d, 0x3d, 0x00, 0x00, 0x00, 0x04, 0x04, 0x04, 0x00, 0x00, 0x00, 0x00,
    0x00, 0x00, 0x00, 0x00, 0x00, 0x00, 0x00, 0x00, 0x00, 0x00, 0x00, 0x00,
    0x00, 0x00, 0x00, 0x00, 0x00, 0x00, 0x00, 0x00, 0x00, 0x00, 0x00, 0x00,
    0x00, 0x00, 0x01, 0x01, 0x01, 0x01, 0x01, 0x01, 0x02, 0x02, 0x02, 0x03,
    0x03, 0x03, 0x04, 0x04, 0x04, 0x03, 0x03, 0x03, 0xbf, 0xbf, 0xbf, 0xcd,
    0xcd, 0xcd, 0x03, 0x03, 0x03, 0x02, 0x02, 0x02, 0x02, 0x02, 0x02, 0x01,
    0x01, 0x01, 0x00, 0x00, 0x00, 0x00, 0x00, 0x00, 0x00, 0x00, 0x00, 0x00,
    0x00, 0x00, 0x00, 0x00, 0x00, 0x00, 0x00, 0x00, 0x00, 0x00, 0x00, 0x00,
    0x00, 0x00, 0x00, 0x00, 0x00, 0x00, 0x00, 0x00, 0x00, 0x00, 0x00, 0x00,
    0x00, 0x00, 0x05, 0x05, 0x05, 0x00, 0x00, 0x00, 0x74, 0x74, 0x74, 0xff,
    0xff, 0xff, 0xee, 0xee, 0xee, 0xff, 0xff, 0xff, 0x00, 0x00, 0xf4, 0xf4,
    0xf4, 0xfd, 0xfd, 0xfd, 0x8c, 0x8c, 0x8c, 0x00, 0x00, 0x00, 0x04, 0x04,
    0x04, 0x00, 0x00, 0x00, 0x00, 0x00, 0x00, 0x00, 0x00, 0x00, 0x00, 0x00,
    0x00, 0x00, 0x00, 0x00, 0x00, 0x00, 0x00, 0x00, 0x00, 0x00, 0x00, 0x00,
    0x00, 0x00, 0x00, 0x00, 0x00, 0x00, 0x00, 0x00, 0x00, 0x00, 0x00, 0x00,
    0x00, 0x00, 0x00, 0x00, 0x00, 0x00, 0x00, 0x00, 0x00, 0x00, 0x01, 0x01,
    0x01, 0x01, 0x01, 0x01, 0xbe, 0xbe, 0xbe, 0xcd, 0xcd, 0xcd, 0x01, 0x01,
    0x01, 0x00, 0x00, 0x00, 0x00, 0x00, 0x00, 0x00, 0x00, 0x00, 0x00, 0x00,
    0x00, 0x00, 0x00, 0x00, 0x00, 0x00, 0x00, 0x00, 0x00, 0x00, 0x00, 0x00,
    0x00, 0x00, 0x00, 0x00, 0x00, 0x00, 0x00, 0x00, 0x00, 0x00, 0x00, 0x00,
    0x00, 0x00, 0x00, 0x00, 0x00, 0x00, 0x00, 0x00, 0x00, 0x00, 0x01, 0x01,
    0x01, 0x03, 0x03, 0x03, 0x01, 0x01, 0x01, 0xbb, 0xbb, 0xbb, 0xf2, 0xf2,
    0xf2, 0xf9, 0xf9, 0xf9, 0x00, 0x00, 0xee, 0xee, 0xee, 0xf1, 0xf1, 0xf1,
    0x22, 0x22, 0x22, 0x01, 0x01, 0x01, 0x02, 0x02, 0x02, 0x00, 0x00, 0x00,
    0x00, 0x00, 0x00, 0x00, 0x00, 0x00, 0x00, 0x00, 0x00, 0x00, 0x00, 0x00,
    0x00, 0x00, 0x00, 0x00, 0x00, 0x00, 0x00, 0x00, 0x00, 0x00, 0x00, 0x00,
    0x00, 0x00, 0x00, 0x00, 0x00, 0x00, 0x00, 0x00, 0x00, 0x00, 0x00, 0x00,
    0x00, 0x00, 0x00, 0x00, 0x00, 0x00, 0x01, 0x01, 0x01, 0x00, 0x00, 0x00,
    0xbd, 0xbd, 0xbd, 0xcc, 0xcc, 0xcc, 0x00, 0x00, 0x00, 0x00, 0x00, 0x00,
    0x00, 0x00, 0x00, 0x00, 0x00, 0x00, 0x00, 0x00, 0x00, 0x00, 0x00, 0x00,
    0x00, 0x00, 0x00, 0x00, 0x00, 0x00, 0x00, 0x00, 0x00, 0x00, 0x00, 0x00,
    0x00, 0x00, 0x00, 0x00, 0x00, 0x00, 0x00, 0x00, 0x00, 0x00, 0x00, 0x00,
    0x00, 0x00, 0x00, 0x00, 0x00, 0x00, 0x00, 0x00, 0x00, 0x03, 0x03, 0x03,
    0x00, 0x00, 0x00, 0x40, 0x40, 0x40, 0xfe, 0xfe, 0xfe, 0xef, 0xef, 0xef,
    0x00, 0x00, 0xf2, 0xf2, 0xf2, 0xbd, 0xbd, 0xbd, 0x01, 0x01, 0x01, 0x01,
    0x01, 0x01, 0x00, 0x00, 0x00, 0x00, 0x00, 0x00, 0x00, 0x00, 0x00, 0x00,
    0x00, 0x00, 0x00, 0x00, 0x00, 0x00, 0x00, 0x00, 0x00, 0x00, 0x00, 0x00,
    0x00, 0x00, 0x00, 0x00, 0x00, 0x00, 0x00, 0x00, 0x00, 0x00, 0x00, 0x00,
    0x00, 0x00, 0x00, 0x00, 0x00, 0x00, 0x00, 0x00, 0x00, 0x00, 0x00, 0x02,
    0x02, 0x02, 0x01, 0x01, 0x01, 0x1f, 0x1f, 0x1f, 0xe0, 0xe0, 0xe0, 0xdd,
    0xdd, 0xdd, 0x18, 0x18, 0x18, 0x01, 0x01, 0x01, 0x02, 0x02, 0x02, 0x00,
    0x00, 0x00, 0x00, 0x00, 0x00, 0x00, 0x00, 0x00, 0x00, 0x00, 0x00, 0x00,
    0x00, 0x00, 0x00, 0x00, 0x00, 0x00, 0x00, 0x00, 0x00, 0x00, 0x00, 0x00,
    0x00, 0x00, 0x00, 0x00, 0x00, 0x00, 0x00, 0x00, 0x00, 0x00, 0x00, 0x00,
    0x00, 0x00, 0x00, 0x00, 0x00, 0x01, 0x01, 0x01, 0x00, 0x00, 0x00, 0x06,
    0x06, 0x06, 0xd2, 0xd2, 0xd2, 0xf1, 0xf1, 0xf1, 0x00, 0x00, 0xf4, 0xf4,
    0xf4, 0x9e, 0x9e, 0x9e, 0x01, 0x01, 0x01, 0x03, 0x03, 0x03, 0x00, 0x00,
    0x00, 0x00, 0x00, 0x00, 0x00, 0x00, 0x00, 0x00, 0x00, 0x00, 0x00, 0x00,
    0x00, 0x00, 0x00, 0x00, 0x00, 0x00, 0x00, 0x00, 0x00, 0x00, 0x00, 0x00,
    0x00, 0x00, 0x00, 0x00, 0x00, 0x00, 0x00, 0x00, 0x00, 0x00, 0x00, 0x00,
    0x00, 0x00, 0x00, 0x00, 0x00, 0x00, 0x00, 0x04, 0x04, 0x04, 0x00, 0x00,
    0x00, 0x9b, 0x9b, 0x9b, 0xf9, 0xf9, 0xf9, 0xf8, 0xf8, 0xf8, 0x73, 0x73,
    0x73, 0x00, 0x00, 0x00, 0x04, 0x04, 0x04, 0x00, 0x00, 0x00, 0x00, 0x00,
    0x00, 0x00, 0x00, 0x00, 0x00, 0x00, 0x00, 0x00, 0x00, 0x00, 0x00, 0x00,
    0x00, 0x00, 0x00, 0x00, 0x00, 0x00, 0x00, 0x00, 0x00, 0x00, 0x00, 0x00,
    0x00, 0x00, 0x00, 0x00, 0x00, 0x00, 0x00, 0x00, 0x00, 0x00, 0x00, 0x00,
    0x00, 0x00, 0x00, 0x00, 0x02, 0x02, 0x02, 0x00, 0x00, 0x00, 0xa9, 0xa9,
    0xa9, 0xf3, 0xf3, 0xf3, 0x00, 0x00, 0xf3, 0xf3, 0xf3, 0xa4, 0xa4, 0xa4,
    0x00, 0x00, 0x00, 0x02, 0x02, 0x02, 0x00, 0x00, 0x00, 0x00, 0x00, 0x00,
    0x00, 0x00, 0x00, 0x00, 0x00, 0x00, 0x00, 0x00, 0x00, 0x00, 0x00, 0x00,
    0x00, 0x00, 0x00, 0x00, 0x00, 0x00, 0x00, 0x00, 0x00, 0x00, 0x00, 0x00,
    0x00, 0x00, 0x00, 0x00, 0x00, 0x00, 0x00, 0x00, 0x00, 0x00, 0x00, 0x00,
    0x04, 0x04, 0x04, 0x00, 0x00, 0x00, 0x4d, 0x4d, 0x4d, 0xff, 0xff, 0xff,
    0x97, 0x97, 0x97, 0xbc, 0xbc, 0xbc, 0xe4, 0xe4, 0xe4, 0x14, 0x14, 0x14,
    0x01, 0x01, 0x01, 0x02, 0x02, 0x02, 0x00, 0x00, 0x00, 0x00, 0x00, 0x00,
    0x00, 0x00, 0x00, 0x00, 0x00, 0x00, 0x00, 0x00, 0x00, 0x00, 0x00, 0x00,
    0x00, 0x00, 0x00, 0x00, 0x00, 0x00, 0x00, 0x00, 0x00, 0x00, 0x00, 0x00,
    0x00, 0x00, 0x00, 0x00, 0x00, 0x00, 0x00, 0x00, 0x00, 0x00, 0x00, 0x00,
    0x03, 0x03, 0x03, 0x01, 0x01, 0x01, 0xa4, 0xa4, 0xa4, 0xf4, 0xf4, 0xf4,
    0x00, 0x00, 0xf0, 0xf0, 0xf0, 0xcd, 0xcd, 0xcd, 0x04, 0x04, 0x04, 0x00,
    0x00, 0x00, 0x00, 0x00, 0x00, 0x00, 0x00, 0x00, 0x00, 0x00, 0x00, 0x00,
    0x00, 0x00, 0x00, 0x00, 0x00, 0x00, 0x00, 0x00, 0x00, 0x00, 0x00, 0x00,
    0x00, 0x00, 0x00, 0x00, 0x00, 0x00, 0x00, 0x00, 0x00, 0x00, 0x00, 0x00,
    0x00, 0x00, 0x00, 0x00, 0x00, 0x04, 0x04, 0x04, 0x00, 0x00, 0x00, 0x25,
    0x25, 0x25, 0xe6, 0xe6, 0xe6, 0xda, 0xda, 0xda, 0x08, 0x08, 0x08, 0x3f,
    0x3f, 0x3f, 0xff, 0xff, 0xff, 0x98, 0x98, 0x98, 0x00, 0x00, 0x00, 0x04,
    0x04, 0x04, 0x00, 0x00, 0x00, 0x00, 0x00, 0x00, 0x00, 0x00, 0x00, 0x00,
    0x00, 0x00, 0x00, 0x00, 0x00, 0x00, 0x00, 0x00, 0x00, 0x00, 0x00, 0x00,
    0x00, 0x00, 0x00, 0x00, 0x00, 0x00, 0x00, 0x00, 0x00, 0x00, 0x00, 0x00,
    0x00, 0x00, 0x00, 0x00, 0x00, 0x00, 0x00, 0x00, 0x01, 0x01, 0x01, 0x02,
    0x02, 0x02, 0xc6, 0xc6, 0xc6, 0xf2, 0xf2, 0xf2, 0x00, 0x00, 0xee, 0xee,
    0xee, 0xfb, 0xfb, 0xfb, 0x39, 0x39, 0x39, 0x01, 0x01, 0x01, 0x03, 0x03,
    0x03, 0x00, 0x00, 0x00, 0x00, 0x00, 0x00, 0x00, 0x00, 0x00, 0x00, 0x00,
    0x00, 0x00, 0x00, 0x00, 0x00, 0x00, 0x00, 0x00, 0x00, 0x00, 0x00, 0x00,
    0x00, 0x00, 0x00, 0x00, 0x00, 0x00, 0x00, 0x00, 0x00, 0x00, 0x04, 0x04,
    0x04, 0x00, 0x00, 0x00, 0x1d, 0x1d, 0x1d, 0xd2, 0xd2, 0xd2, 0xf3, 0xf3,
    0xf3, 0x38, 0x38, 0x38, 0x00, 0x00, 0x00, 0x00, 0x00, 0x00, 0x93, 0x93,
    0x93, 0xff, 0xff, 0xff, 0x64, 0x64, 0x64, 0x00, 0x00, 0x00, 0x05, 0x05,
    0x05, 0x01, 0x01, 0x01, 0x00, 0x00, 0x00, 0x00, 0x00, 0x00, 0x00, 0x00,
    0x00, 0x00, 0x00, 0x00, 0x00, 0x00, 0x00, 0x00, 0x00, 0x00, 0x00, 0x00,
    0x00, 0x00, 0x00, 0x00, 0x00, 0x00, 0x00, 0x00, 0x00, 0x00, 0x00, 0x00,
    0x00, 0x03, 0x03, 0x03, 0x00, 0x00, 0x00, 0x2d, 0x2d, 0x2d, 0xf7, 0xf7,
    0xf7, 0xee, 0xee, 0xee, 0x00, 0x00, 0xf8, 0xf8, 0xf8, 0xf4, 0xf4, 0xf4,
    0xab, 0xab, 0xab, 0x01, 0x01, 0x01, 0x04, 0x04, 0x04, 0x00, 0x00, 0x00,
    0x00, 0x00, 0x00, 0x00, 0x00, 0x00, 0x00, 0x00, 0x00, 0x00, 0x00, 0x00,
    0x00, 0x00, 0x00, 0x00, 0x00, 0x00, 0x00, 0x00, 0x00, 0x00, 0x00, 0x00,
    0x02, 0x02, 0x02, 0x03, 0x03, 0x03, 0x00, 0x00, 0x00, 0x2a, 0x2a, 0x2a,
    0xcf, 0xcf, 0xcf, 0xf5, 0xf5, 0xf5, 0x51, 0x51, 0x51, 0x00, 0x00, 0x00,
    0x04, 0x04, 0x04, 0x02, 0x02, 0x02, 0x0c, 0x0c, 0x0c, 0xc0, 0xc0, 0xc0,
    0xfe, 0xfe, 0xfe, 0x5b, 0x5b, 0x5b, 0x00, 0x00, 0x00, 0x02, 0x02, 0x02,
    0x03, 0x03, 0x03, 0x00, 0x00, 0x00, 0x00, 0x00, 0x00, 0x00, 0x00, 0x00,
    0x00, 0x00, 0x00, 0x00, 0x00, 0x00, 0x00, 0x00, 0x00, 0x00, 0x00, 0x00,
    0x00, 0x00, 0x00, 0x00, 0x00, 0x00, 0x02, 0x02, 0x02, 0x03, 0x03, 0x03,
    0x00, 0x00, 0x00, 0xaf, 0xaf, 0xaf, 0xf5, 0xf5, 0xf5, 0xf6, 0xf6, 0xf6,
    0x00, 0x00, 0xff, 0xff, 0xff, 0xec, 0xec, 0xec, 0xff, 0xff, 0xff, 0x57,
    0x57, 0x57, 0x00, 0x00, 0x00, 0x05, 0x05, 0x05, 0x02, 0x02, 0x02, 0x01,
    0x01, 0x01, 0x00, 0x00, 0x00, 0x00, 0x00, 0x00, 0x00, 0x00, 0x00, 0x01,
    0x01, 0x01, 0x03, 0x03, 0x03, 0x03, 0x03, 0x03, 0x00, 0x00, 0x00, 0x00,
    0x00, 0x00, 0x55, 0x55, 0x55, 0xdf, 0xdf, 0xdf, 0xfe, 0xfe, 0xfe, 0x7f,
    0x7f, 0x7f, 0x00, 0x00, 0x00, 0x05, 0x05, 0x05, 0x00, 0x00, 0x00, 0x02,
    0x02, 0x02, 0x00, 0x00, 0x00, 0x1a, 0x1a, 0x1a, 0xc7, 0xc7, 0xc7, 0xf7,
    0xf7, 0xf7, 0x78, 0x78, 0x78, 0x01, 0x01, 0x01, 0x00, 0x00, 0x00, 0x02,
    0x02, 0x02, 0x03, 0x03, 0x03, 0x01, 0x01, 0x01, 0x00, 0x00, 0x00, 0x00,
    0x00, 0x00, 0x00, 0x00, 0x00, 0x00, 0x00, 0x00, 0x01, 0x01, 0x01, 0x04,
    0x04, 0x04, 0x00, 0x00, 0x00, 0x00, 0x00, 0x00, 0x85, 0x85, 0x85, 0xff,
    0xff, 0xff, 0xed, 0xed, 0xed, 0xff, 0xff, 0xff, 0x00, 0x00, 0xff, 0xff,
    0xff, 0xfd, 0xfd, 0xfd, 0xec, 0xec, 0xec, 0xf3, 0xf3, 0xf3, 0x4f, 0x4f,
    0x4f, 0x00, 0x00, 0x00, 0x00, 0x00, 0x00, 0x00, 0x00, 0x00, 0x02, 0x02,
    0x02, 0x02, 0x02, 0x02, 0x00, 0x00, 0x00, 0x00, 0x00, 0x00, 0x00, 0x00,
    0x00, 0x01, 0x01, 0x01, 0x2b, 0x2b, 0x2b, 0x9f, 0x9f, 0x9f, 0xff, 0xff,
    0xff, 0xe6, 0xe6, 0xe6, 0xf4, 0xf4, 0xf4, 0x69, 0x69, 0x69, 0x03, 0x03,
    0x03, 0x04, 0x04, 0x04, 0x00, 0x00, 0x00, 0x00, 0x00, 0x00, 0x05, 0x05,
    0x05, 0x00, 0x00, 0x00, 0x5a, 0x5a, 0x5a, 0xf6, 0xf6, 0xf6, 0xff, 0xff,
    0xff, 0xb5, 0xb5, 0xb5, 0x35, 0x35, 0x35, 0x01, 0x01, 0x01, 0x00, 0x00,
    0x00, 0x00, 0x00, 0x00, 0x00, 0x00, 0x00, 0x02, 0x02, 0x02, 0x02, 0x02,
    0x02, 0x00, 0x00, 0x00, 0x00, 0x00, 0x00, 0x00, 0x00, 0x00, 0x0e, 0x0e,
    0x0e, 0x92, 0x92, 0x92, 0xff, 0xff, 0xff, 0xec, 0xec, 0xec, 0xff, 0xff,
    0xff, 0xff, 0xff, 0xff, 0x00, 0x00, 0xff, 0xff, 0xff, 0xff, 0xff, 0xff,
    0xf8, 0xf8, 0xf8, 0xf1, 0xf1, 0xf1, 0xfe, 0xfe, 0xfe, 0x91, 0x91, 0x91,
    0x30, 0x30, 0x30, 0x06, 0x06, 0x06, 0x02, 0x02, 0x02, 0x02, 0x02, 0x02,
    0x02, 0x02, 0x02, 0x17, 0x17, 0x17, 0x4c, 0x4c, 0x4c, 0x9e, 0x9e, 0x9e,
    0xf4, 0xf4, 0xf4, 0xfd, 0xfd, 0xfd, 0xee, 0xee, 0xee, 0xf5, 0xf5, 0xf5,
    0xf5, 0xf5, 0xf5, 0x93, 0x93, 0x93, 0x01, 0x01, 0x01, 0x04, 0x04, 0x04,
    0x00, 0x00, 0x00, 0x00, 0x00, 0x00, 0x04, 0x04, 0x04, 0x00, 0x00, 0x00,
    0x85, 0x85, 0x85, 0xf5, 0xf5, 0xf5, 0xe7, 0xe7, 0xe7, 0xf3, 0xf3, 0xf3,
    0xfb, 0xfb, 0xfb, 0xa6, 0xa6, 0xa6, 0x51, 0x51, 0x51, 0x1a, 0x1a, 0x1a,
    0x02, 0x02, 0x02, 0x02, 0x02, 0x02, 0x02, 0x02, 0x02, 0x02, 0x02, 0x02,
    0x21, 0x21, 0x21, 0x66, 0x66, 0x66, 0xd2, 0xd2, 0xd2, 0xff, 0xff, 0xff,
    0xed, 0xed, 0xed, 0xfd, 0xfd, 0xfd, 0xff, 0xff, 0xff, 0xff, 0xff, 0xff,
    0x00, 0x00, 0xff, 0xff, 0xff, 0xff, 0xff, 0xff, 0xff, 0xff, 0xff, 0xfa,
    0xfa, 0xfa, 0xef, 0xef, 0xef, 0xfe, 0xfe, 0xfe, 0xfa, 0xfa, 0xfa, 0xd2,
    0xd2, 0xd2, 0xb6, 0xb6, 0xb6, 0xb2, 0xb2, 0xb2, 0xc7, 0xc7, 0xc7, 0xe9,
    0xe9, 0xe9, 0xff, 0xff, 0xff, 0xf8, 0xf8, 0xf8, 0xf2, 0xf2, 0xf2, 0xf6,
    0xf6, 0xf6, 0xff, 0xff, 0xff, 0xff, 0xff, 0xff, 0xee, 0xee, 0xee, 0xe9,
    0xe9, 0xe9, 0x1b, 0x1b, 0x1b, 0x00, 0x00, 0x00, 0x05, 0x05, 0x05, 0x05,
    0x05, 0x05, 0x00, 0x00, 0x00, 0x13, 0x13, 0x13, 0xe2, 0xe2, 0xe2, 0xed,
    0xed, 0xed, 0xff, 0xff, 0xff, 0xf8, 0xf8, 0xf8, 0xf2, 0xf2, 0xf2, 0xf8,
    0xf8, 0xf8, 0xff, 0xff, 0xff, 0xeb, 0xeb, 0xeb, 0xc9, 0xc9, 0xc9, 0xb3,
    0xb3, 0xb3, 0xb4, 0xb4, 0xb4, 0xcb, 0xcb, 0xcb, 0xf0, 0xf0, 0xf0, 0xff,
    0xff, 0xff, 0xf5, 0xf5, 0xf5, 0xf3, 0xf3, 0xf3, 0xff, 0xff, 0xff, 0xff,
    0xff, 0xff, 0xff, 0xff, 0xff, 0xff, 0xff, 0xff, 0x00, 0x00, 0xff, 0xff,
    0xff, 0xff, 0xff, 0xff, 0xff, 0xff, 0xff, 0xff, 0xff, 0xff, 0xff, 0xff,
    0xff, 0xf7, 0xf7, 0xf7, 0xf4, 0xf4, 0xf4, 0xf6, 0xf6, 0xf6, 0xf6, 0xf6,
    0xf6, 0xf5, 0xf5, 0xf5, 0xf5, 0xf5, 0xf5, 0xf4, 0xf4, 0xf4, 0xf5, 0xf5,
    0xf5, 0xf9, 0xf9, 0xf9, 0xff, 0xff, 0xff, 0xff, 0xff, 0xff, 0xfe, 0xfe,
    0xfe, 0xff, 0xff, 0xff, 0xf5, 0xf5, 0xf5, 0xfd, 0xfd, 0xfd, 0xae, 0xae,
    0xae, 0x03, 0x03, 0x03, 0x00, 0x00, 0x00, 0x00, 0x00, 0x00, 0x00, 0x00,
    0x00, 0xa1, 0xa1, 0xa1, 0xff, 0xff, 0xff, 0xf3, 0xf3, 0xf3, 0xff, 0xff,
    0xff, 0xff, 0xff, 0xff, 0xff, 0xff, 0xff, 0xf9, 0xf9, 0xf9, 0xf5, 0xf5,
    0xf5, 0xf4, 0xf4, 0xf4, 0xf5, 0xf5, 0xf5, 0xf5, 0xf5, 0xf5, 0xf5, 0xf5,
    0xf5, 0xf5, 0xf5, 0xf5, 0xf5, 0xf5, 0xf5, 0xf5, 0xf5, 0xf5, 0xfc, 0xfc,
    0xfc, 0xff, 0xff, 0xff, 0xff, 0xff, 0xff, 0xff, 0xff, 0xff, 0xff, 0xff,
    0xff, 0xff, 0xff, 0xff, 0x00, 0x00, 0xff, 0xff, 0xff, 0xff, 0xff, 0xff,
    0xff, 0xff, 0xff, 0xfe, 0xfe, 0xfe, 0xff, 0xff, 0xff, 0xff, 0xff, 0xff,
    0xff, 0xff, 0xff, 0xff, 0xff, 0xff, 0xfc, 0xfc, 0xfc, 0xfc, 0xfc, 0xfc,
    0xff, 0xff, 0xff, 0xff, 0xff, 0xff, 0xff, 0xff, 0xff, 0xff, 0xff, 0xff,
    0xff, 0xff, 0xff, 0xfe, 0xfe, 0xfe, 0xff, 0xff, 0xff, 0xfe, 0xfe, 0xfe,
    0xff, 0xff, 0xff, 0xed, 0xed, 0xed, 0xff, 0xff, 0xff, 0xb3, 0xb3, 0xb3,
    0x46, 0x46, 0x46, 0x43, 0x43, 0x43, 0xac, 0xac, 0xac, 0xff, 0xff, 0xff,
    0xec, 0xec, 0xec, 0xff, 0xff, 0xff, 0xfe, 0xfe, 0xfe, 0xff, 0xff, 0xff,
    0xfe, 0xfe, 0xfe, 0xff, 0xff, 0xff, 0xff, 0xff, 0xff, 0xff, 0xff, 0xff,
    0xff, 0xff, 0xff, 0xfc, 0xfc, 0xfc, 0xfc, 0xfc, 0xfc, 0xff, 0xff, 0xff,
    0xff, 0xff, 0xff, 0xff, 0xff, 0xff, 0xff, 0xff, 0xff, 0xff, 0xff, 0xff,
    0xff, 0xff, 0xff, 0xff, 0xff, 0xff, 0xff, 0xff, 0xff, 0xff, 0xff, 0xff,
    0x00, 0x00, 0xff, 0xff, 0xff, 0xff, 0xff, 0xff, 0xff, 0xff, 0xff, 0xff,
    0xff, 0xff, 0xff, 0xff, 0xff, 0xfe, 0xfe, 0xfe, 0xff, 0xff, 0xff, 0xff,
    0xff, 0xff, 0xff, 0xff, 0xff, 0xff, 0xff, 0xff, 0xff, 0xff, 0xff, 0xff,
    0xff, 0xff, 0xff, 0xff, 0xff, 0xff, 0xff, 0xff, 0xff, 0xff, 0xff, 0xff,
    0xff, 0xff, 0xff, 0xff, 0xff, 0xff, 0xff, 0xff, 0xfe, 0xfe, 0xfe, 0xff,
    0xff, 0xff, 0xeb, 0xeb, 0xeb, 0xfc, 0xfc, 0xfc, 0xff, 0xff, 0xff, 0xff,
    0xff, 0xff, 0xfb, 0xfb, 0xfb, 0xe8, 0xe8, 0xe8, 0xff, 0xff, 0xff, 0xff,
    0xff, 0xff, 0xff, 0xff, 0xff, 0xff, 0xff, 0xff, 0xff, 0xff, 0xff, 0xff,
    0xff, 0xff, 0xff, 0xff, 0xff, 0xff, 0xff, 0xff, 0xff, 0xff, 0xff, 0xff,
    0xff, 0xff, 0xff, 0xff, 0xff, 0xff, 0xff, 0xff, 0xff, 0xff, 0xff, 0xfe,
    0xfe, 0xfe, 0xff, 0xff, 0xff, 0xff, 0xff, 0xff, 0xff, 0xff, 0xff, 0xff,
    0xff, 0xff, 0xff, 0xff, 0xff, 0xff, 0xff, 0xff, 0x00, 0x00, 0xff, 0xff,
    0xff, 0xff, 0xff, 0xff, 0xff, 0xff, 0xff, 0xff, 0xff, 0xff, 0xff, 0xff,
    0xff, 0xff, 0xff, 0xff, 0xff, 0xff, 0xff, 0xff, 0xff, 0xff, 0xff, 0xff,
    0xff, 0xff, 0xff, 0xff, 0xff, 0xff, 0xff, 0xff, 0xff, 0xff, 0xff, 0xff,
    0xff, 0xff, 0xff, 0xff, 0xff, 0xff, 0xff, 0xff, 0xff, 0xff, 0xff, 0xff,
    0xff, 0xff, 0xff, 0xff, 0xff, 0xff, 0xff, 0xff, 0xff, 0xff, 0xf2, 0xf2,
    0xf2, 0xea, 0xea, 0xea, 0x61, 0x61, 0x61, 0x59, 0x59, 0x59, 0xdc, 0xdc,
    0xdc, 0xf2, 0xf2, 0xf2, 0xff, 0xff, 0xff, 0xff, 0xff, 0xff, 0xff, 0xff,
    0xff, 0xff, 0xff, 0xff, 0xff, 0xff, 0xff, 0xff, 0xff, 0xff, 0xff, 0xff,
    0xff, 0xff, 0xff, 0xff, 0xff, 0xff, 0xff, 0xff, 0xff, 0xff, 0xff, 0xff,
    0xff, 0xff, 0xff, 0xff, 0xff, 0xff, 0xff, 0xff, 0xff, 0xff, 0xff, 0xff,
    0xff, 0xff, 0xff, 0xff, 0xff, 0xff, 0xff, 0xff, 0xff, 0xff, 0xff, 0xff,
    0xff, 0xff, 0xff, 0xff, 0x00, 0x00, 0xff, 0xff, 0xff, 0xff, 0xff, 0xff,
    0xff, 0xff, 0xff, 0xff, 0xff, 0xff, 0xff, 0xff, 0xff, 0xff, 0xff, 0xff,
    0xff, 0xff, 0xff, 0xff, 0xff, 0xff, 0xff, 0xff, 0xff, 0xff, 0xff, 0xff,
    0xff, 0xff, 0xff, 0xff, 0xff, 0xff, 0xff, 0xff, 0xff, 0xff, 0xff, 0xff,
    0xff, 0xff, 0xff, 0xff, 0xff, 0xff, 0xff, 0xff, 0xff, 0xff, 0xff, 0xff,
    0xf8, 0xf8, 0xf8, 0xf6, 0xf6, 0xf6, 0xec, 0xec, 0xec, 0xe0, 0xe0, 0xe0,
    0x03, 0x03, 0x03, 0x02, 0x02, 0x02, 0xce, 0xce, 0xce, 0xee, 0xee, 0xee,
    0xf7, 0xf7, 0xf7, 0xf9, 0xf9, 0xf9, 0xff, 0xff, 0xff, 0xff, 0xff, 0xff,
    0xff, 0xff, 0xff, 0xff, 0xff, 0xff, 0xff, 0xff, 0xff, 0xff, 0xff, 0xff,
    0xff, 0xff, 0xff, 0xff, 0xff, 0xff, 0xff, 0xff, 0xff, 0xff, 0xff, 0xff,
    0xff, 0xff, 0xff, 0xff, 0xff, 0xff, 0xff, 0xff, 0xff, 0xff, 0xff, 0xff,
    0xff, 0xff, 0xff, 0xff, 0xff, 0xff, 0xff, 0xff, 0xff, 0xff, 0xff, 0xff,
    0x00, 0x00, 0xff, 0xff, 0xff, 0xff, 0xff, 0xff, 0xff, 0xff, 0xff, 0xff,
    0xff, 0xff, 0xff, 0xff, 0xff, 0xff, 0xff, 0xff, 0xff, 0xff, 0xff, 0xff,
    0xff, 0xff, 0xff, 0xff, 0xff, 0xff, 0xff, 0xff, 0xff, 0xff, 0xff, 0xff,
    0xff, 0xff, 0xff, 0xff, 0xff, 0xff, 0xff, 0xff, 0xff, 0xff, 0xff, 0xff,
    0xff, 0xff, 0xff, 0xff, 0xff, 0xf0, 0xf0, 0xf0, 0xfd, 0xfd, 0xfd, 0xfb,
    0xfb, 0xfb, 0xfd, 0xfd, 0xfd, 0xe8, 0xe8, 0xe8, 0x15, 0x15, 0x15, 0x03,
    0x03, 0x03, 0xd6, 0xd6, 0xd6, 0xff, 0xff, 0xff, 0xfe, 0xfe, 0xfe, 0xf6,
    0xf6, 0xf6, 0xf1, 0xf1, 0xf1, 0xfe, 0xfe, 0xfe, 0xfe, 0xfe, 0xfe, 0xff,
    0xff, 0xff, 0xff, 0xff, 0xff, 0xff, 0xff, 0xff, 0xff, 0xff, 0xff, 0xff,
    0xff, 0xff, 0xff, 0xff, 0xff, 0xff, 0xff, 0xff, 0xff, 0xff, 0xff, 0xff,
    0xff, 0xff, 0xff, 0xff, 0xff, 0xff, 0xff, 0xff, 0xff, 0xff, 0xff, 0xff,
    0xff, 0xff, 0xff, 0xff, 0xff, 0xff, 0xff, 0xff, 0x00, 0x00, 0xff, 0xff,
    0xff, 0xff, 0xff, 0xff, 0xff, 0xff, 0xff, 0xff, 0xff, 0xff, 0xff, 0xff,
    0xff, 0xff, 0xff, 0xff, 0xff, 0xff, 0xff, 0xff, 0xff, 0xff, 0xff, 0xff,
    0xff, 0xff, 0xff, 0xff, 0xff, 0xff, 0xff, 0xff, 0xff, 0xff, 0xff, 0xff,
    0xff, 0xff, 0xff, 0xff, 0xff, 0xff, 0xff, 0xff, 0xff, 0xff, 0xf7, 0xf7,
    0xf7, 0xfe, 0xfe, 0xfe, 0xb1, 0xb1, 0xb1, 0x69, 0x69, 0x69, 0x6c, 0x6c,
    0x6c, 0x61, 0x61, 0x61, 0x07, 0x07, 0x07, 0x00, 0x00, 0x00, 0x49, 0x49,
    0x49, 0x5e, 0x5e, 0x5e, 0x60, 0x60, 0x60, 0xae, 0xae, 0xae, 0xff, 0xff,
    0xff, 0xf4, 0xf4, 0xf4, 0xff, 0xff, 0xff, 0xfe, 0xfe, 0xfe, 0xff, 0xff,
    0xff, 0xff, 0xff, 0xff, 0xff, 0xff, 0xff, 0xff, 0xff, 0xff, 0xff, 0xff,
    0xff, 0xff, 0xff, 0xff, 0xff, 0xff, 0xff, 0xff, 0xff, 0xff, 0xff, 0xff,
    0xff, 0xff, 0xff, 0xff, 0xff, 0xff, 0xff, 0xff, 0xff, 0xff, 0xff, 0xff,
    0xff, 0xff, 0xff, 0xff, 0x00, 0x00, 0xff, 0xff, 0xff, 0xff, 0xff, 0xff,
    0xff, 0xff, 0xff, 0xff, 0xff, 0xff, 0xff, 0xff, 0xff, 0xff, 0xff, 0xff,
    0xff, 0xff, 0xff, 0xff, 0xff, 0xff, 0xff, 0xff, 0xff, 0xff, 0xff, 0xff,
    0xff, 0xff, 0xff, 0xff, 0xff, 0xff, 0xff, 0xff, 0xff, 0xff, 0xff, 0xff,
    0xff, 0xff, 0xff, 0xff, 0xff, 0xff, 0xf4, 0xf4, 0xf4, 0xff, 0xff, 0xff,
    0x59, 0x59, 0x59, 0x00, 0x00, 0x00, 0x00, 0x00, 0x00, 0x00, 0x00, 0x00,
    0x00, 0x00, 0x00, 0x00, 0x00, 0x00, 0x00, 0x00, 0x00, 0x00, 0x00, 0x00,
    0x01, 0x01, 0x01, 0x3f, 0x3f, 0x3f, 0xff, 0xff, 0xff, 0xf2, 0xf2, 0xf2,
    0xff, 0xff, 0xff, 0xfe, 0xfe, 0xfe, 0xff, 0xff, 0xff, 0xff, 0xff, 0xff,
    0xff, 0xff, 0xff, 0xff, 0xff, 0xff, 0xff, 0xff, 0xff, 0xff, 0xff, 0xff,
    0xff, 0xff, 0xff, 0xff, 0xff, 0xff, 0xff, 0xff, 0xff, 0xff, 0xff, 0xff,
    0xff, 0xff, 0xff, 0xff, 0xff, 0xff, 0xff, 0xff, 0xff, 0xff, 0xff, 0xff,
    0x00, 0x00, 0xff, 0xff, 0xff, 0xff, 0xff, 0xff, 0xff, 0xff, 0xff, 0xff,
    0xff, 0xff, 0xff, 0xff, 0xff, 0xff, 0xff, 0xff, 0xff, 0xff, 0xff, 0xff,
    0xff, 0xff, 0xff, 0xff, 0xff, 0xff, 0xff, 0xff, 0xff, 0xff, 0xff, 0xff,
    0xff, 0xff, 0xff, 0xff, 0xff, 0xff, 0xff, 0xff, 0xff, 0xff, 0xff, 0xff,
    0xff, 0xff, 0xf9, 0xf9, 0xf9, 0xf5, 0xf5, 0xf5, 0xc8, 0xc8, 0xc8, 0x7b,
    0x7b, 0x7b, 0x7d, 0x7d, 0x7d, 0x71, 0x71, 0x71, 0x08, 0x08, 0x08, 0x00,
    0x00, 0x00, 0x6c, 0x6c, 0x6c, 0x86, 0x86, 0x86, 0x85, 0x85, 0x85, 0xc0,
    0xc0, 0xc0, 0xfe, 0xfe, 0xfe, 0xf6, 0xf6, 0xf6, 0xff, 0xff, 0xff, 0xff,
    0xff, 0xff, 0xff, 0xff, 0xff, 0xff, 0xff, 0xff, 0xff, 0xff, 0xff, 0xff,
    0xff, 0xff, 0xff, 0xff, 0xff, 0xff, 0xff, 0xff, 0xff, 0xff, 0xff, 0xff,
    0xff, 0xff, 0xff, 0xff, 0xff, 0xff, 0xff, 0xff, 0xff, 0xff, 0xff, 0xff,
    0xff, 0xff, 0xff, 0xff, 0xff, 0xff, 0xff, 0xff, 0x00, 0x00, 0xff, 0xff,
    0xff, 0xff, 0xff, 0xff, 0xff, 0xff, 0xff, 0xff, 0xff, 0xff, 0xff, 0xff,
    0xff, 0xff, 0xff, 0xff, 0xff, 0xff, 0xff, 0xff, 0xff, 0xff, 0xff, 0xff,
    0xff, 0xff, 0xff, 0xff, 0xff, 0xff, 0xff, 0xff, 0xff, 0xff, 0xff, 0xff,
    0xff, 0xff, 0xff, 0xff, 0xff, 0xff, 0xff, 0xff, 0xff, 0xff, 0xff, 0xff,
    0xff, 0xf3, 0xf3, 0xf3, 0xf5, 0xf5, 0xf5, 0xf6, 0xf6, 0xf6, 0xfa, 0xfa,
    0xfa, 0xe9, 0xe9, 0xe9, 0x12, 0x12, 0x12, 0x01, 0x01, 0x01, 0xd9, 0xd9,
    0xd9, 0xfd, 0xfd, 0xfd, 0xf5, 0xf5, 0xf5, 0xf6, 0xf6, 0xf6, 0xf2, 0xf2,
    0xf2, 0xff, 0xff, 0xff, 0xff, 0xff, 0xff, 0xff, 0xff, 0xff, 0xff, 0xff,
    0xff, 0xff, 0xff, 0xff, 0xff, 0xff, 0xff, 0xff, 0xff, 0xff, 0xff, 0xff,
    0xff, 0xff, 0xff, 0xff, 0xff, 0xff, 0xff, 0xff, 0xff, 0xff, 0xff, 0xff,
    0xff, 0xff, 0xff, 0xff, 0xff, 0xff, 0xff, 0xff, 0xff, 0xff, 0xff, 0xff,
    0xff, 0xff, 0xff, 0xff, 0x00, 0x00, 0xff, 0xff, 0xff, 0xff, 0xff, 0xff,
    0xff, 0xff, 0xff, 0xff, 0xff, 0xff, 0xff, 0xff, 0xff, 0xff, 0xff, 0xff,
    0xff, 0xff, 0xff, 0xff, 0xff, 0xff, 0xff, 0xff, 0xff, 0xff, 0xff, 0xff,
    0xff, 0xff, 0xff, 0xff, 0xff, 0xff, 0xff, 0xff, 0xff, 0xff, 0xff, 0xff,
    0xff, 0xff, 0xff, 0xff, 0xff, 0xff, 0xff, 0xff, 0xff, 0xff, 0xff, 0xff,
    0xf9, 0xf9, 0xf9, 0xf8, 0xf8, 0xf8, 0xee, 0xee, 0xee, 0xdf, 0xdf, 0xdf,
    0x0c, 0x0c, 0x0c, 0x02, 0x02, 0x02, 0xcd, 0xcd, 0xcd, 0xee, 0xee, 0xee,
    0xf9, 0xf9, 0xf9, 0xfb, 0xfb, 0xfb, 0xff, 0xff, 0xff, 0xff, 0xff, 0xff,
    0xff, 0xff, 0xff, 0xff, 0xff, 0xff, 0xff, 0xff, 0xff, 0xff, 0xff, 0xff,
    0xff, 0xff, 0xff, 0xff, 0xff, 0xff, 0xff, 0xff, 0xff, 0xff, 0xff, 0xff,
    0xff, 0xff, 0xff, 0xff, 0xff, 0xff, 0xff, 0xff, 0xff, 0xff, 0xff, 0xff,
    0xff, 0xff, 0xff, 0xff, 0xff, 0xff, 0xff, 0xff, 0xff, 0xff, 0xff, 0xff,
    0x00, 0x00, 0xff, 0xff, 0xff, 0xff, 0xff, 0xff, 0xff, 0xff, 0xff, 0xff,
    0xff, 0xff, 0xff, 0xff, 0xff, 0xff, 0xff, 0xff, 0xff, 0xff, 0xff, 0xff,
    0xff, 0xff, 0xff, 0xff, 0xff, 0xff, 0xff, 0xff, 0xff, 0xff, 0xff, 0xff,
    0xff, 0xff, 0xff, 0xff, 0xff, 0xff, 0xff, 0xff, 0xff, 0xff, 0xff, 0xff,
    0xff, 0xff, 0xff, 0xff, 0xff, 0xff, 0xff, 0xff, 0xff, 0xff, 0xff, 0xff,
    0xff, 0xff, 0xee, 0xee, 0xee, 0xfb, 0xfb, 0xfb, 0x2f, 0x2f, 0x2f, 0x23,
    0x23, 0x23, 0xf3, 0xf3, 0xf3, 0xec, 0xec, 0xec, 0xff, 0xff, 0xff, 0xff,
    0xff, 0xff, 0xff, 0xff, 0xff, 0xff, 0xff, 0xff, 0xff, 0xff, 0xff, 0xff,
    0xff, 0xff, 0xff, 0xff, 0xff, 0xff, 0xff, 0xff, 0xff, 0xff, 0xff, 0xff,
    0xff, 0xff, 0xff, 0xff, 0xff, 0xff, 0xff, 0xff, 0xff, 0xff, 0xff, 0xff,
    0xff, 0xff, 0xff, 0xff, 0xff, 0xff, 0xff, 0xff, 0xff, 0xff, 0xff, 0xff,
    0xff, 0xff, 0xff, 0xff, 0xff, 0xff, 0xff, 0xff, 0x00, 0x00, 0xff, 0xff,
    0xff, 0xff, 0xff, 0xff, 0xff, 0xff, 0xff, 0xff, 0xff, 0xff, 0xff, 0xff,
    0xff, 0xff, 0xff, 0xff, 0xff, 0xff, 0xff, 0xff, 0xff, 0xff, 0xff, 0xff,
    0xff, 0xff, 0xff, 0xff, 0xff, 0xff, 0xff, 0xff, 0xff, 0xff, 0xff, 0xff,
    0xff, 0xff, 0xff, 0xff, 0xff, 0xff, 0xff, 0xff, 0xff, 0xff, 0xff, 0xff,
    0xff, 0xff, 0xff, 0xff, 0xff, 0xff, 0xff, 0xfe, 0xfe, 0xfe, 0xf9, 0xf9,
    0xf9, 0xf2, 0xf2, 0xf2, 0xcf, 0xcf, 0xcf, 0xcd, 0xcd, 0xcd, 0xf2, 0xf2,
    0xf2, 0xf7, 0xf7, 0xf7, 0xff, 0xff, 0xff, 0xfe, 0xfe, 0xfe, 0xff, 0xff,
    0xff, 0xff, 0xff, 0xff, 0xff, 0xff, 0xff, 0xff, 0xff, 0xff, 0xff, 0xff,
    0xff, 0xff, 0xff, 0xff, 0xff, 0xff, 0xff, 0xff, 0xff, 0xff, 0xff, 0xff,
    0xff, 0xff, 0xff, 0xff, 0xff, 0xff, 0xff, 0xff, 0xff, 0xff, 0xff, 0xff,
    0xff, 0xff, 0xff, 0xff, 0xff, 0xff, 0xff, 0xff, 0xff, 0xff, 0xff, 0xff,
    0xff, 0xff, 0xff, 0xff, 0x00, 0x00, 0xff, 0xff, 0xff, 0xff, 0xff, 0xff,
    0xff, 0xff, 0xff, 0xff, 0xff, 0xff, 0xff, 0xff, 0xff, 0xff, 0xff, 0xff,
    0xff, 0xff, 0xff, 0xff, 0xff, 0xff, 0xff, 0xff, 0xff, 0xff, 0xff, 0xff,
    0xff, 0xff, 0xff, 0xff, 0xff, 0xff, 0xff, 0xff, 0xff, 0xff, 0xff, 0xff,
    0xff, 0xff, 0xff, 0xff, 0xff, 0xff, 0xff, 0xff, 0xff, 0xff, 0xff, 0xff,
    0xff, 0xff, 0xff, 0xff, 0xff, 0xff, 0xff, 0xff, 0xff, 0xf2, 0xf2, 0xf2,
    0xf5, 0xf5, 0xf5, 0xf4, 0xf4, 0xf4, 0xf2, 0xf2, 0xf2, 0xff, 0xff, 0xff,
    0xff, 0xff, 0xff, 0xff, 0xff, 0xff, 0xff, 0xff, 0xff, 0xff, 0xff, 0xff,
    0xff, 0xff, 0xff, 0xff, 0xff, 0xff, 0xff, 0xff, 0xff, 0xff, 0xff, 0xff,
    0xff, 0xff, 0xff, 0xff, 0xff, 0xff, 0xff, 0xff, 0xff, 0xff, 0xff, 0xff,
    0xff, 0xff, 0xff, 0xff, 0xff, 0xff, 0xff, 0xff, 0xff, 0xff, 0xff, 0xff,
    0xff, 0xff, 0xff, 0xff, 0xff, 0xff, 0xff, 0xff, 0xff, 0xff, 0xff, 0xff,
    0x00, 0x00
};
static const unsigned int black_king_bmp_len = 6494;

/* black_knight.bmp (6494 bytes, 46x46 px) */
static const unsigned char black_knight_bmp[] = {
    0x42, 0x4d, 0x5e, 0x19, 0x00, 0x00, 0x00, 0x00, 0x00, 0x00, 0x36, 0x00,
    0x00, 0x00, 0x28, 0x00, 0x00, 0x00, 0x2e, 0x00, 0x00, 0x00, 0x2e, 0x00,
    0x00, 0x00, 0x01, 0x00, 0x18, 0x00, 0x00, 0x00, 0x00, 0x00, 0x28, 0x19,
    0x00, 0x00, 0xc4, 0x0e, 0x00, 0x00, 0xc4, 0x0e, 0x00, 0x00, 0x00, 0x00,
    0x00, 0x00, 0x00, 0x00, 0x00, 0x00, 0xff, 0xff, 0xff, 0xff, 0xff, 0xff,
    0xff, 0xff, 0xff, 0xff, 0xff, 0xff, 0xff, 0xff, 0xff, 0xff, 0xff, 0xff,
    0xfe, 0xfe, 0xfe, 0xff, 0xff, 0xff, 0xec, 0xec, 0xec, 0xf0, 0xf0, 0xf0,
    0xed, 0xed, 0xed, 0xf0, 0xf0, 0xf0, 0xef, 0xef, 0xef, 0xf0, 0xf0, 0xf0,
    0xf0, 0xf0, 0xf0, 0xf0, 0xf0, 0xf0, 0xf0, 0xf0, 0xf0, 0xf0, 0xf0, 0xf0,
    0xf0, 0xf0, 0xf0, 0xf0, 0xf0, 0xf0, 0xf0, 0xf0, 0xf0, 0xf0, 0xf0, 0xf0,
    0xf0, 0xf0, 0xf0, 0xf0, 0xf0, 0xf0, 0xf0, 0xf0, 0xf0, 0xf0, 0xf0, 0xf0,
    0xf0, 0xf0, 0xf0, 0xf0, 0xf0, 0xf0, 0xf0, 0xf0, 0xf0, 0xf0, 0xf0, 0xf0,
    0xf0, 0xf0, 0xf0, 0xf0, 0xf0, 0xf0, 0xf0, 0xf0, 0xf0, 0xf0, 0xf0, 0xf0,
    0xf0, 0xf0, 0xf0, 0xf0, 0xf0, 0xf0, 0xf0, 0xf0, 0xf0, 0xf0, 0xf0, 0xf0,
    0xf0, 0xf0, 0xf0, 0xf0, 0xf0, 0xf0, 0xf0, 0xf0, 0xf0, 0xef, 0xef, 0xef,
    0xf0, 0xf0, 0xf0, 0xee, 0xee, 0xee, 0xec, 0xec, 0xec, 0xec, 0xec, 0xec,
    0x00, 0x00, 0xff, 0xff, 0xff, 0xff, 0xff, 0xff, 0xff, 0xff, 0xff, 0xff,
    0xff, 0xff, 0xff, 0xff, 0xff, 0xff, 0xff, 0xff, 0xff, 0xff, 0xff, 0xff,
    0xff, 0xff, 0xe9, 0xe9, 0xe9, 0xee, 0xee, 0xee, 0xc6, 0xc6, 0xc6, 0xbf,
    0xbf, 0xbf, 0xc0, 0xc0, 0xc0, 0xbf, 0xbf, 0xbf, 0xbf, 0xbf, 0xbf, 0xbf,
    0xbf, 0xbf, 0xbf, 0xbf, 0xbf, 0xbf, 0xbf, 0xbf, 0xbf, 0xbf, 0xbf, 0xbf,
    0xbf, 0xbf, 0xbf, 0xbf, 0xbf, 0xbf, 0xbf, 0xbf, 0xbf, 0xbf, 0xbf, 0xbf,
    0xbf, 0xbf, 0xbf, 0xbf, 0xbf, 0xbf, 0xbf, 0xbf, 0xbf, 0xbf, 0xbf, 0xbf,
    0xbf, 0xbf, 0xbf, 0xbf, 0xbf, 0xbf, 0xbf, 0xbf, 0xbf, 0xbf, 0xbf, 0xbf,
    0xbf, 0xbf, 0xbf, 0xbf, 0xbf, 0xbf, 0xbf, 0xbf, 0xbf, 0xbf, 0xbf, 0xbf,
    0xbf, 0xbf, 0xbf, 0xbf, 0xbf, 0xbf, 0xbf, 0xbf, 0xc1, 0xc1, 0xc1, 0xc1,
    0xc1, 0xc1, 0xc1, 0xc1, 0xc1, 0xc0, 0xc0, 0xc0, 0xbf, 0xbf, 0xbf, 0xc5,
    0xc5, 0xc5, 0xe8, 0xe8, 0xe8, 0xe7, 0xe7, 0xe7, 0x00, 0x00, 0xff, 0xff,
    0xff, 0xff, 0xff, 0xff, 0xff, 0xff, 0xff, 0xff, 0xff, 0xff, 0xff, 0xff,
    0xff, 0xff, 0xff, 0xff, 0xff, 0xff, 0xff, 0xff, 0xff, 0xff, 0xe8, 0xe8,
    0xe8, 0xfb, 0xfb, 0xfb, 0x3e, 0x3e, 0x3e, 0x00, 0x00, 0x00, 0x00, 0x00,
    0x00, 0x00, 0x00, 0x00, 0x00, 0x00, 0x00, 0x00, 0x00, 0x00, 0x00, 0x00,
    0x00, 0x00, 0x00, 0x00, 0x00, 0x00, 0x00, 0x00, 0x00, 0x00, 0x00, 0x00,
    0x00, 0x00, 0x00, 0x00, 0x00, 0x00, 0x00, 0x00, 0x00, 0x00, 0x00, 0x00,
    0x00, 0x00, 0x00, 0x00, 0x00, 0x00, 0x00, 0x00, 0x00, 0x00, 0x00, 0x00,
    0x00, 0x00, 0x00, 0x00, 0x00, 0x00, 0x00, 0x00, 0x00, 0x00, 0x00, 0x00,
    0x00, 0x00, 0x00, 0x00, 0x00, 0x00, 0x00, 0x00, 0x00, 0x00, 0x00, 0x00,
    0x00, 0x00, 0x00, 0x00, 0x00, 0x00, 0x00, 0x00, 0x00, 0x00, 0x00, 0x00,
    0x00, 0x00, 0x00, 0x00, 0x00, 0x00, 0x00, 0x1f, 0x1f, 0x1f, 0xe6, 0xe6,
    0xe6, 0xe8, 0xe8, 0xe8, 0x00, 0x00, 0xff, 0xff, 0xff, 0xff, 0xff, 0xff,
    0xff, 0xff, 0xff, 0xff, 0xff, 0xff, 0xff, 0xff, 0xff, 0xff, 0xff, 0xff,
    0xfe, 0xfe, 0xfe, 0xff, 0xff, 0xff, 0xeb, 0xeb, 0xeb, 0xff, 0xff, 0xff,
    0x6f, 0x6f, 0x6f, 0x00, 0x00, 0x00, 0x04, 0x04, 0x04, 0x00, 0x00, 0x00,
    0x00, 0x00, 0x00, 0x00, 0x00, 0x00, 0x00, 0x00, 0x00, 0x00, 0x00, 0x00,
    0x00, 0x00, 0x00, 0x00, 0x00, 0x00, 0x00, 0x00, 0x00, 0x00, 0x00, 0x00,
    0x00, 0x00, 0x00, 0x00, 0x00, 0x00, 0x00, 0x00, 0x00, 0x00, 0x00, 0x00,
    0x00, 0x00, 0x00, 0x00, 0x00, 0x00, 0x00, 0x00, 0x00, 0x00, 0x00, 0x00,
    0x00, 0x00, 0x00, 0x00, 0x00, 0x00, 0x00, 0x00, 0x00, 0x00, 0x00, 0x00,
    0x00, 0x00, 0x00, 0x00, 0x00, 0x00, 0x02, 0x02, 0x02, 0x00, 0x00, 0x00,
    0x34, 0x34, 0x34, 0xb8, 0xb8, 0xb8, 0x3e, 0x3e, 0x3e, 0x00, 0x00, 0x00,
    0x00, 0x00, 0x00, 0x20, 0x20, 0x20, 0xe5, 0xe5, 0xe5, 0xe8, 0xe8, 0xe8,
    0x00, 0x00, 0xff, 0xff, 0xff, 0xff, 0xff, 0xff, 0xff, 0xff, 0xff, 0xff,
    0xff, 0xff, 0xff, 0xff, 0xff, 0xff, 0xff, 0xff, 0xfe, 0xfe, 0xfe, 0xff,
    0xff, 0xff, 0xf4, 0xf4, 0xf4, 0xfc, 0xfc, 0xfc, 0xbb, 0xbb, 0xbb, 0x01,
    0x01, 0x01, 0x03, 0x03, 0x03, 0x01, 0x01, 0x01, 0x00, 0x00, 0x00, 0x00,
    0x00, 0x00, 0x00, 0x00, 0x00, 0x00, 0x00, 0x00, 0x00, 0x00, 0x00, 0x00,
    0x00, 0x00, 0x00, 0x00, 0x00, 0x00, 0x00, 0x00, 0x00, 0x00, 0x00, 0x00,
    0x00, 0x00, 0x00, 0x00, 0x00, 0x00, 0x00, 0x00, 0x00, 0x00, 0x00, 0x00,
    0x00, 0x00, 0x00, 0x00, 0x00, 0x00, 0x00, 0x00, 0x00, 0x00, 0x00, 0x00,
    0x00, 0x00, 0x00, 0x00, 0x00, 0x00, 0x00, 0x00, 0x00, 0x00, 0x00, 0x00,
    0x00, 0x00, 0x05, 0x05, 0x05, 0x00, 0x00, 0x00, 0x73, 0x73, 0x73, 0xff,
    0xff, 0xff, 0x8a, 0x8a, 0x8a, 0x00, 0x00, 0x00, 0x00, 0x00, 0x00, 0x20,
    0x20, 0x20, 0xe5, 0xe5, 0xe5, 0xe8, 0xe8, 0xe8, 0x00, 0x00, 0xff, 0xff,
    0xff, 0xff, 0xff, 0xff, 0xff, 0xff, 0xff, 0xff, 0xff, 0xff, 0xff, 0xff,
    0xff, 0xff, 0xff, 0xff, 0xff, 0xff, 0xff, 0xff, 0xff, 0xff, 0xfd, 0xfd,
    0xfd, 0xe6, 0xe6, 0xe6, 0xf9, 0xf9, 0xf9, 0x4f, 0x4f, 0x4f, 0x00, 0x00,
    0x00, 0x04, 0x04, 0x04, 0x00, 0x00, 0x00, 0x00, 0x00, 0x00, 0x00, 0x00,
    0x00, 0x00, 0x00, 0x00, 0x00, 0x00, 0x00, 0x00, 0x00, 0x00, 0x00, 0x00,
    0x00, 0x00, 0x00, 0x00, 0x00, 0x00, 0x00, 0x00, 0x00, 0x00, 0x00, 0x00,
    0x00, 0x00, 0x00, 0x00, 0x00, 0x00, 0x00, 0x00, 0x00, 0x00, 0x00, 0x00,
    0x00, 0x00, 0x00, 0x00, 0x00, 0x00, 0x00, 0x00, 0x00, 0x00, 0x00, 0x00,
    0x00, 0x00, 0x00, 0x00, 0x00, 0x00, 0x00, 0x00, 0x00, 0x00, 0x04, 0x04,
    0x04, 0x00, 0x00, 0x00, 0x62, 0x62, 0x62, 0xfc, 0xfc, 0xfc, 0x8c, 0x8c,
    0x8c, 0x00, 0x00, 0x00, 0x00, 0x00, 0x00, 0x20, 0x20, 0x20, 0xe5, 0xe5,
    0xe5, 0xe8, 0xe8, 0xe8, 0x00, 0x00, 0xff, 0xff, 0xff, 0xff, 0xff, 0xff,
    0xff, 0xff, 0xff, 0xff, 0xff, 0xff, 0xff, 0xff, 0xff, 0xff, 0xff, 0xff,
    0xff, 0xff, 0xff, 0xff, 0xff, 0xff, 0xff, 0xff, 0xff, 0xf4, 0xf4, 0xf4,
    0xfc, 0xfc, 0xfc, 0xd9, 0xd9, 0xd9, 0x1c, 0x1c, 0x1c, 0x00, 0x00, 0x00,
    0x04, 0x04, 0x04, 0x00, 0x00, 0x00, 0x00, 0x00, 0x00, 0x00, 0x00, 0x00,
    0x00, 0x00, 0x00, 0x00, 0x00, 0x00, 0x00, 0x00, 0x00, 0x00, 0x00, 0x00,
    0x00, 0x00, 0x00, 0x00, 0x00, 0x00, 0x00, 0x00, 0x00, 0x00, 0x00, 0x00,
    0x00, 0x00, 0x00, 0x00, 0x00, 0x00, 0x00, 0x00, 0x00, 0x00, 0x00, 0x00,
    0x00, 0x00, 0x00, 0x00, 0x00, 0x00, 0x00, 0x00, 0x00, 0x00, 0x00, 0x00,
    0x00, 0x00, 0x00, 0x00, 0x00, 0x00, 0x04, 0x04, 0x04, 0x00, 0x00, 0x00,
    0x5d, 0x5d, 0x5d, 0xff, 0xff, 0xff, 0x93, 0x93, 0x93, 0x00, 0x00, 0x00,
    0x00, 0x00, 0x00, 0x23, 0x23, 0x23, 0xe7, 0xe7, 0xe7, 0xe8, 0xe8, 0xe8,
    0x00, 0x00, 0xff, 0xff, 0xff, 0xff, 0xff, 0xff, 0xff, 0xff, 0xff, 0xff,
    0xff, 0xff, 0xff, 0xff, 0xff, 0xff, 0xff, 0xff, 0xff, 0xff, 0xff, 0xff,
    0xff, 0xff, 0xff, 0xff, 0xff, 0xff, 0xff, 0xff, 0xeb, 0xeb, 0xeb, 0xff,
    0xff, 0xff, 0xc3, 0xc3, 0xc3, 0x17, 0x17, 0x17, 0x00, 0x00, 0x00, 0x04,
    0x04, 0x04, 0x00, 0x00, 0x00, 0x00, 0x00, 0x00, 0x00, 0x00, 0x00, 0x00,
    0x00, 0x00, 0x00, 0x00, 0x00, 0x00, 0x00, 0x00, 0x00, 0x00, 0x00, 0x00,
    0x00, 0x00, 0x00, 0x00, 0x00, 0x00, 0x00, 0x00, 0x00, 0x00, 0x00, 0x00,
    0x00, 0x00, 0x00, 0x00, 0x00, 0x00, 0x00, 0x00, 0x00, 0x00, 0x00, 0x00,
    0x00, 0x00, 0x00, 0x00, 0x00, 0x00, 0x00, 0x00, 0x00, 0x00, 0x00, 0x00,
    0x00, 0x00, 0x04, 0x04, 0x04, 0x00, 0x00, 0x00, 0x59, 0x59, 0x59, 0xff,
    0xff, 0xff, 0x96, 0x96, 0x96, 0x00, 0x00, 0x00, 0x00, 0x00, 0x00, 0x29,
    0x29, 0x29, 0xeb, 0xeb, 0xeb, 0xe7, 0xe7, 0xe7, 0x00, 0x00, 0xff, 0xff,
    0xff, 0xff, 0xff, 0xff, 0xff, 0xff, 0xff, 0xff, 0xff, 0xff, 0xff, 0xff,
    0xff, 0xff, 0xff, 0xff, 0xff, 0xff, 0xff, 0xff, 0xff, 0xff, 0xff, 0xff,
    0xff, 0xff, 0xff, 0xff, 0xfe, 0xfe, 0xfe, 0xe9, 0xe9, 0xe9, 0xff, 0xff,
    0xff, 0xcb, 0xcb, 0xcb, 0x2b, 0x2b, 0x2b, 0x00, 0x00, 0x00, 0x03, 0x03,
    0x03, 0x01, 0x01, 0x01, 0x00, 0x00, 0x00, 0x00, 0x00, 0x00, 0x00, 0x00,
    0x00, 0x00, 0x00, 0x00, 0x00, 0x00, 0x00, 0x00, 0x00, 0x00, 0x00, 0x00,
    0x00, 0x00, 0x00, 0x00, 0x00, 0x00, 0x00, 0x00, 0x00, 0x00, 0x00, 0x00,
    0x00, 0x00, 0x00, 0x00, 0x00, 0x00, 0x00, 0x00, 0x00, 0x00, 0x00, 0x00,
    0x00, 0x00, 0x00, 0x00, 0x00, 0x00, 0x00, 0x00, 0x00, 0x00, 0x04, 0x04,
    0x04, 0x00, 0x00, 0x00, 0x59, 0x59, 0x59, 0xff, 0xff, 0xff, 0x96, 0x96,
    0x96, 0x00, 0x00, 0x00, 0x00, 0x00, 0x00, 0x2f, 0x2f, 0x2f, 0xef, 0xef,
    0xef, 0xe6, 0xe6, 0xe6, 0x00, 0x00, 0xff, 0xff, 0xff, 0xff, 0xff, 0xff,
    0xff, 0xff, 0xff, 0xff, 0xff, 0xff, 0xff, 0xff, 0xff, 0xff, 0xff, 0xff,
    0xff, 0xff, 0xff, 0xff, 0xff, 0xff, 0xff, 0xff, 0xff, 0xff, 0xff, 0xff,
    0xff, 0xff, 0xff, 0xfd, 0xfd, 0xfd, 0xec, 0xec, 0xec, 0xff, 0xff, 0xff,
    0xe2, 0xe2, 0xe2, 0x56, 0x56, 0x56, 0x00, 0x00, 0x00, 0x00, 0x00, 0x00,
    0x03, 0x03, 0x03, 0x00, 0x00, 0x00, 0x00, 0x00, 0x00, 0x00, 0x00, 0x00,
    0x00, 0x00, 0x00, 0x00, 0x00, 0x00, 0x00, 0x00, 0x00, 0x00, 0x00, 0x00,
    0x00, 0x00, 0x00, 0x00, 0x00, 0x00, 0x00, 0x00, 0x00, 0x00, 0x00, 0x00,
    0x00, 0x00, 0x00, 0x00, 0x00, 0x00, 0x00, 0x00, 0x00, 0x00, 0x00, 0x00,
    0x00, 0x00, 0x00, 0x00, 0x00, 0x00, 0x04, 0x04, 0x04, 0x00, 0x00, 0x00,
    0x5d, 0x5d, 0x5d, 0xff, 0xff, 0xff, 0x93, 0x93, 0x93, 0x00, 0x00, 0x00,
    0x00, 0x00, 0x00, 0x39, 0x39, 0x39, 0xf4, 0xf4, 0xf4, 0xe7, 0xe7, 0xe7,
    0x00, 0x00, 0xff, 0xff, 0xff, 0xff, 0xff, 0xff, 0xff, 0xff, 0xff, 0xff,
    0xff, 0xff, 0xff, 0xff, 0xff, 0xff, 0xff, 0xff, 0xff, 0xff, 0xff, 0xff,
    0xff, 0xff, 0xff, 0xff, 0xff, 0xff, 0xff, 0xff, 0xff, 0xff, 0xff, 0xff,
    0xff, 0xff, 0xfe, 0xfe, 0xfe, 0xf0, 0xf0, 0xf0, 0xf5, 0xf5, 0xf5, 0xf8,
    0xf8, 0xf8, 0x90, 0x90, 0x90, 0x0d, 0x0d, 0x0d, 0x00, 0x00, 0x00, 0x03,
    0x03, 0x03, 0x00, 0x00, 0x00, 0x00, 0x00, 0x00, 0x00, 0x00, 0x00, 0x00,
    0x00, 0x00, 0x00, 0x00, 0x00, 0x00, 0x00, 0x00, 0x00, 0x00, 0x00, 0x00,
    0x00, 0x00, 0x00, 0x00, 0x00, 0x00, 0x00, 0x00, 0x00, 0x00, 0x00, 0x00,
    0x00, 0x00, 0x00, 0x00, 0x00, 0x00, 0x00, 0x00, 0x00, 0x00, 0x00, 0x00,
    0x00, 0x00, 0x04, 0x04, 0x04, 0x00, 0x00, 0x00, 0x64, 0x64, 0x64, 0xff,
    0xff, 0xff, 0x8d, 0x8d, 0x8d, 0x00, 0x00, 0x00, 0x00, 0x00, 0x00, 0x44,
    0x44, 0x44, 0xf9, 0xf9, 0xf9, 0xe6, 0xe6, 0xe6, 0x00, 0x00, 0xff, 0xff,
    0xff, 0xff, 0xff, 0xff, 0xfe, 0xfe, 0xfe, 0xff, 0xff, 0xff, 0xff, 0xff,
    0xff, 0xff, 0xff, 0xff, 0xff, 0xff, 0xff, 0xff, 0xff, 0xff, 0xfd, 0xfd,
    0xfd, 0xfe, 0xfe, 0xfe, 0xff, 0xff, 0xff, 0xff, 0xff, 0xff, 0xff, 0xff,
    0xff, 0xff, 0xff, 0xff, 0xf6, 0xf6, 0xf6, 0xec, 0xec, 0xec, 0xff, 0xff,
    0xff, 0xc8, 0xc8, 0xc8, 0x33, 0x33, 0x33, 0x00, 0x00, 0x00, 0x03, 0x03,
    0x03, 0x00, 0x00, 0x00, 0x00, 0x00, 0x00, 0x00, 0x00, 0x00, 0x00, 0x00,
    0x00, 0x00, 0x00, 0x00, 0x00, 0x00, 0x00, 0x00, 0x00, 0x00, 0x00, 0x00,
    0x00, 0x00, 0x00, 0x00, 0x00, 0x00, 0x00, 0x00, 0x00, 0x00, 0x00, 0x00,
    0x00, 0x00, 0x00, 0x00, 0x00, 0x00, 0x00, 0x00, 0x00, 0x00, 0x04, 0x04,
    0x04, 0x00, 0x00, 0x00, 0x6e, 0x6e, 0x6e, 0xff, 0xff, 0xff, 0x82, 0x82,
    0x82, 0x00, 0x00, 0x00, 0x00, 0x00, 0x00, 0x53, 0x53, 0x53, 0xfe, 0xfe,
    0xfe, 0xe8, 0xe8, 0xe8, 0x00, 0x00, 0xff, 0xff, 0xff, 0xff, 0xff, 0xff,
    0xff, 0xff, 0xff, 0xff, 0xff, 0xff, 0xff, 0xff, 0xff, 0xff, 0xff, 0xff,
    0xfc, 0xfc, 0xfc, 0xf1, 0xf1, 0xf1, 0xf1, 0xf1, 0xf1, 0xf1, 0xf1, 0xf1,
    0xf0, 0xf0, 0xf0, 0xf9, 0xf9, 0xf9, 0xff, 0xff, 0xff, 0xfe, 0xfe, 0xfe,
    0xff, 0xff, 0xff, 0xfb, 0xfb, 0xfb, 0xed, 0xed, 0xed, 0xff, 0xff, 0xff,
    0xe9, 0xe9, 0xe9, 0x5f, 0x5f, 0x5f, 0x00, 0x00, 0x00, 0x02, 0x02, 0x02,
    0x01, 0x01, 0x01, 0x00, 0x00, 0x00, 0x00, 0x00, 0x00, 0x00, 0x00, 0x00,
    0x00, 0x00, 0x00, 0x00, 0x00, 0x00, 0x00, 0x00, 0x00, 0x00, 0x00, 0x00,
    0x00, 0x00, 0x00, 0x00, 0x00, 0x00, 0x00, 0x00, 0x00, 0x00, 0x00, 0x00,
    0x00, 0x00, 0x00, 0x00, 0x00, 0x00, 0x04, 0x04, 0x04, 0x00, 0x00, 0x00,
    0x7c, 0x7c, 0x7c, 0xff, 0xff, 0xff, 0x74, 0x74, 0x74, 0x00, 0x00, 0x00,
    0x00, 0x00, 0x00, 0x68, 0x68, 0x68, 0xff, 0xff, 0xff, 0xe9, 0xe9, 0xe9,
    0x00, 0x00, 0xff, 0xff, 0xff, 0xff, 0xff, 0xff, 0xff, 0xff, 0xff, 0xf7,
    0xf7, 0xf7, 0xf3, 0xf3, 0xf3, 0xf0, 0xf0, 0xf0, 0xe7, 0xe7, 0xe7, 0xff,
    0xff, 0xff, 0xdb, 0xdb, 0xdb, 0xd4, 0xd4, 0xd4, 0xff, 0xff, 0xff, 0xed,
    0xed, 0xed, 0xf3, 0xf3, 0xf3, 0xff, 0xff, 0xff, 0xff, 0xff, 0xff, 0xff,
    0xff, 0xff, 0xff, 0xff, 0xff, 0xf2, 0xf2, 0xf2, 0xf0, 0xf0, 0xf0, 0xf9,
    0xf9, 0xf9, 0x7e, 0x7e, 0x7e, 0x00, 0x00, 0x00, 0x03, 0x03, 0x03, 0x01,
    0x01, 0x01, 0x00, 0x00, 0x00, 0x00, 0x00, 0x00, 0x00, 0x00, 0x00, 0x00,
    0x00, 0x00, 0x00, 0x00, 0x00, 0x00, 0x00, 0x00, 0x00, 0x00, 0x00, 0x00,
    0x00, 0x00, 0x00, 0x00, 0x00, 0x00, 0x00, 0x00, 0x00, 0x00, 0x00, 0x00,
    0x00, 0x00, 0x03, 0x03, 0x03, 0x00, 0x00, 0x00, 0x8f, 0x8f, 0x8f, 0xff,
    0xff, 0xff, 0x62, 0x62, 0x62, 0x00, 0x00, 0x00, 0x00, 0x00, 0x00, 0x7e,
    0x7e, 0x7e, 0xff, 0xff, 0xff, 0xec, 0xec, 0xec, 0x00, 0x00, 0xff, 0xff,
    0xff, 0xfe, 0xfe, 0xfe, 0xef, 0xef, 0xef, 0xfe, 0xfe, 0xfe, 0xff, 0xff,
    0xff, 0xff, 0xff, 0xff, 0xf3, 0xf3, 0xf3, 0xa7, 0xa7, 0xa7, 0x12, 0x12,
    0x12, 0x0b, 0x0b, 0x0b, 0x72, 0x72, 0x72, 0xef, 0xef, 0xef, 0xf8, 0xf8,
    0xf8, 0xf0, 0xf0, 0xf0, 0xff, 0xff, 0xff, 0xff, 0xff, 0xff, 0xff, 0xff,
    0xff, 0xff, 0xff, 0xff, 0xf6, 0xf6, 0xf6, 0xea, 0xea, 0xea, 0xfe, 0xfe,
    0xfe, 0x87, 0x87, 0x87, 0x00, 0x00, 0x00, 0x03, 0x03, 0x03, 0x00, 0x00,
    0x00, 0x00, 0x00, 0x00, 0x00, 0x00, 0x00, 0x00, 0x00, 0x00, 0x00, 0x00,
    0x00, 0x00, 0x00, 0x00, 0x00, 0x00, 0x00, 0x00, 0x00, 0x00, 0x00, 0x00,
    0x00, 0x00, 0x00, 0x00, 0x00, 0x00, 0x00, 0x00, 0x00, 0x00, 0x02, 0x02,
    0x02, 0x00, 0x00, 0x00, 0xa5, 0xa5, 0xa5, 0xff, 0xff, 0xff, 0x4d, 0x4d,
    0x4d, 0x00, 0x00, 0x00, 0x00, 0x00, 0x00, 0x96, 0x96, 0x96, 0xff, 0xff,
    0xff, 0xf0, 0xf0, 0xf0, 0x00, 0x00, 0xff, 0xff, 0xff, 0xea, 0xea, 0xea,
    0xff, 0xff, 0xff, 0xc7, 0xc7, 0xc7, 0x59, 0x59, 0x59, 0x91, 0x91, 0x91,
    0xf8, 0xf8, 0xf8, 0xc5, 0xc5, 0xc5, 0x16, 0x16, 0x16, 0x00, 0x00, 0x00,
    0x00, 0x00, 0x00, 0x4f, 0x4f, 0x4f, 0xed, 0xed, 0xed, 0xf8, 0xf8, 0xf8,
    0xf0, 0xf0, 0xf0, 0xff, 0xff, 0xff, 0xff, 0xff, 0xff, 0xfe, 0xfe, 0xfe,
    0xff, 0xff, 0xff, 0xf8, 0xf8, 0xf8, 0xea, 0xea, 0xea, 0xfd, 0xfd, 0xfd,
    0x70, 0x70, 0x70, 0x00, 0x00, 0x00, 0x03, 0x03, 0x03, 0x00, 0x00, 0x00,
    0x00, 0x00, 0x00, 0x00, 0x00, 0x00, 0x00, 0x00, 0x00, 0x00, 0x00, 0x00,
    0x00, 0x00, 0x00, 0x00, 0x00, 0x00, 0x00, 0x00, 0x00, 0x00, 0x00, 0x00,
    0x00, 0x00, 0x00, 0x00, 0x00, 0x00, 0x00, 0x00, 0x00, 0x01, 0x01, 0x01,
    0xbf, 0xbf, 0xbf, 0xf7, 0xf7, 0xf7, 0x35, 0x35, 0x35, 0x00, 0x00, 0x00,
    0x00, 0x00, 0x00, 0xb2, 0xb2, 0xb2, 0xfa, 0xfa, 0xfa, 0xf4, 0xf4, 0xf4,
    0x00, 0x00, 0xf2, 0xf2, 0xf2, 0xfc, 0xfc, 0xfc, 0xca, 0xca, 0xca, 0x18,
    0x18, 0x18, 0x00, 0x00, 0x00, 0x00, 0x00, 0x00, 0xa0, 0xa0, 0xa0, 0xff,
    0xff, 0xff, 0xa5, 0xa5, 0xa5, 0x00, 0x00, 0x00, 0x06, 0x06, 0x06, 0x00,
    0x00, 0x00, 0x48, 0x48, 0x48, 0xe9, 0xe9, 0xe9, 0xfe, 0xfe, 0xfe, 0xed,
    0xed, 0xed, 0xfd, 0xfd, 0xfd, 0xff, 0xff, 0xff, 0xfe, 0xfe, 0xfe, 0xff,
    0xff, 0xff, 0xf6, 0xf6, 0xf6, 0xec, 0xec, 0xec, 0xf3, 0xf3, 0xf3, 0x3e,
    0x3e, 0x3e, 0x00, 0x00, 0x00, 0x03, 0x03, 0x03, 0x00, 0x00, 0x00, 0x00,
    0x00, 0x00, 0x00, 0x00, 0x00, 0x00, 0x00, 0x00, 0x00, 0x00, 0x00, 0x00,
    0x00, 0x00, 0x00, 0x00, 0x00, 0x00, 0x00, 0x00, 0x00, 0x00, 0x00, 0x01,
    0x01, 0x01, 0x00, 0x00, 0x00, 0x10, 0x10, 0x10, 0xd9, 0xd9, 0xd9, 0xe5,
    0xe5, 0xe5, 0x1d, 0x1d, 0x1d, 0x00, 0x00, 0x00, 0x07, 0x07, 0x07, 0xcc,
    0xcc, 0xcc, 0xec, 0xec, 0xec, 0xf9, 0xf9, 0xf9, 0x00, 0x00, 0xe6, 0xe6,
    0xe6, 0xfb, 0xfb, 0xfb, 0x52, 0x52, 0x52, 0x00, 0x00, 0x00, 0x19, 0x19,
    0x19, 0x02, 0x02, 0x02, 0x13, 0x13, 0x13, 0xd6, 0xd6, 0xd6, 0xff, 0xff,
    0xff, 0x52, 0x52, 0x52, 0x00, 0x00, 0x00, 0x07, 0x07, 0x07, 0x00, 0x00,
    0x00, 0x35, 0x35, 0x35, 0xd2, 0xd2, 0xd2, 0xff, 0xff, 0xff, 0xeb, 0xeb,
    0xeb, 0xf7, 0xf7, 0xf7, 0xff, 0xff, 0xff, 0xff, 0xff, 0xff, 0xff, 0xff,
    0xff, 0xee, 0xee, 0xee, 0xfe, 0xfe, 0xfe, 0xc6, 0xc6, 0xc6, 0x08, 0x08,
    0x08, 0x01, 0x01, 0x01, 0x01, 0x01, 0x01, 0x00, 0x00, 0x00, 0x00, 0x00,
    0x00, 0x00, 0x00, 0x00, 0x00, 0x00, 0x00, 0x00, 0x00, 0x00, 0x00, 0x00,
    0x00, 0x00, 0x00, 0x00, 0x00, 0x00, 0x00, 0x02, 0x02, 0x02, 0x00, 0x00,
    0x00, 0x2b, 0x2b, 0x2b, 0xf1, 0xf1, 0xf1, 0xcb, 0xcb, 0xcb, 0x07, 0x07,
    0x07, 0x00, 0x00, 0x00, 0x1e, 0x1e, 0x1e, 0xe6, 0xe6, 0xe6, 0xe9, 0xe9,
    0xe9, 0xfc, 0xfc, 0xfc, 0x00, 0x00, 0xe6, 0xe6, 0xe6, 0xe7, 0xe7, 0xe7,
    0x13, 0x13, 0x13, 0x38, 0x38, 0x38, 0xf3, 0xf3, 0xf3, 0xa4, 0xa4, 0xa4,
    0x00, 0x00, 0x00, 0x51, 0x51, 0x51, 0xd7, 0xd7, 0xd7, 0x48, 0x48, 0x48,
    0x00, 0x00, 0x00, 0x03, 0x03, 0x03, 0x03, 0x03, 0x03, 0x00, 0x00, 0x00,
    0x16, 0x16, 0x16, 0xa0, 0xa0, 0xa0, 0xfc, 0xfc, 0xfc, 0xf3, 0xf3, 0xf3,
    0xf0, 0xf0, 0xf0, 0xfc, 0xfc, 0xfc, 0xff, 0xff, 0xff, 0xff, 0xff, 0xff,
    0xe6, 0xe6, 0xe6, 0xfd, 0xfd, 0xfd, 0x5e, 0x5e, 0x5e, 0x00, 0x00, 0x00,
    0x04, 0x04, 0x04, 0x00, 0x00, 0x00, 0x00, 0x00, 0x00, 0x00, 0x00, 0x00,
    0x00, 0x00, 0x00, 0x00, 0x00, 0x00, 0x00, 0x00, 0x00, 0x00, 0x00, 0x00,
    0x00, 0x00, 0x00, 0x04, 0x04, 0x04, 0x00, 0x00, 0x00, 0x52, 0x52, 0x52,
    0xfe, 0xfe, 0xfe, 0xa6, 0xa6, 0xa6, 0x00, 0x00, 0x00, 0x00, 0x00, 0x00,
    0x3f, 0x3f, 0x3f, 0xfb, 0xfb, 0xfb, 0xe9, 0xe9, 0xe9, 0xfe, 0xfe, 0xfe,
    0x00, 0x00, 0xe7, 0xe7, 0xe7, 0xe4, 0xe4, 0xe4, 0x13, 0x13, 0x13, 0x30,
    0x30, 0x30, 0xe0, 0xe0, 0xe0, 0x91, 0x91, 0x91, 0x01, 0x01, 0x01, 0x00,
    0x00, 0x00, 0x01, 0x01, 0x01, 0x00, 0x00, 0x00, 0x00, 0x00, 0x00, 0x00,
    0x00, 0x00, 0x00, 0x00, 0x00, 0x03, 0x03, 0x03, 0x00, 0x00, 0x00, 0x00,
    0x00, 0x00, 0x5b, 0x5b, 0x5b, 0xd9, 0xd9, 0xd9, 0xff, 0xff, 0xff, 0xeb,
    0xeb, 0xeb, 0xf5, 0xf5, 0xf5, 0xff, 0xff, 0xff, 0xf4, 0xf4, 0xf4, 0xff,
    0xff, 0xff, 0xbe, 0xbe, 0xbe, 0x03, 0x03, 0x03, 0x01, 0x01, 0x01, 0x00,
    0x00, 0x00, 0x00, 0x00, 0x00, 0x00, 0x00, 0x00, 0x00, 0x00, 0x00, 0x00,
    0x00, 0x00, 0x00, 0x00, 0x00, 0x00, 0x00, 0x00, 0x00, 0x00, 0x00, 0x04,
    0x04, 0x04, 0x00, 0x00, 0x00, 0x83, 0x83, 0x83, 0xff, 0xff, 0xff, 0x77,
    0x77, 0x77, 0x00, 0x00, 0x00, 0x00, 0x00, 0x00, 0x6b, 0x6b, 0x6b, 0xff,
    0xff, 0xff, 0xeb, 0xeb, 0xeb, 0xff, 0xff, 0xff, 0x00, 0x00, 0xe7, 0xe7,
    0xe7, 0xf4, 0xf4, 0xf4, 0x3e, 0x3e, 0x3e, 0x00, 0x00, 0x00, 0x07, 0x07,
    0x07, 0x00, 0x00, 0x00, 0x00, 0x00, 0x00, 0x02, 0x02, 0x02, 0x00, 0x00,
    0x00, 0x01, 0x01, 0x01, 0x00, 0x00, 0x00, 0x00, 0x00, 0x00, 0x00, 0x00,
    0x00, 0x00, 0x00, 0x00, 0x01, 0x01, 0x01, 0x02, 0x02, 0x02, 0x00, 0x00,
    0x00, 0x1a, 0x1a, 0x1a, 0x99, 0x99, 0x99, 0xf7, 0xf7, 0xf7, 0xfb, 0xfb,
    0xfb, 0xee, 0xee, 0xee, 0xfc, 0xfc, 0xfc, 0xe7, 0xe7, 0xe7, 0xf2, 0xf2,
    0xf2, 0x2f, 0x2f, 0x2f, 0x00, 0x00, 0x00, 0x02, 0x02, 0x02, 0x00, 0x00,
    0x00, 0x00, 0x00, 0x00, 0x00, 0x00, 0x00, 0x00, 0x00, 0x00, 0x00, 0x00,
    0x00, 0x00, 0x00, 0x00, 0x00, 0x00, 0x00, 0x01, 0x01, 0x01, 0x01, 0x01,
    0x01, 0xb9, 0xb9, 0xb9, 0xfb, 0xfb, 0xfb, 0x43, 0x43, 0x43, 0x00, 0x00,
    0x00, 0x00, 0x00, 0x00, 0x9e, 0x9e, 0x9e, 0xff, 0xff, 0xff, 0xf2, 0xf2,
    0xf2, 0xff, 0xff, 0xff, 0x00, 0x00, 0xec, 0xec, 0xec, 0xff, 0xff, 0xff,
    0x8a, 0x8a, 0x8a, 0x00, 0x00, 0x00, 0x02, 0x02, 0x02, 0x00, 0x00, 0x00,
    0x00, 0x00, 0x00, 0x00, 0x00, 0x00, 0x01, 0x01, 0x01, 0x00, 0x00, 0x00,
    0x00, 0x00, 0x00, 0x00, 0x00, 0x00, 0x00, 0x00, 0x00, 0x00, 0x00, 0x00,
    0x00, 0x00, 0x00, 0x00, 0x00, 0x00, 0x03, 0x03, 0x03, 0x00, 0x00, 0x00,
    0x00, 0x00, 0x00, 0x4a, 0x4a, 0x4a, 0xcf, 0xcf, 0xcf, 0xff, 0xff, 0xff,
    0xe6, 0xe6, 0xe6, 0xe5, 0xe5, 0xe5, 0xfc, 0xfc, 0xfc, 0x6a, 0x6a, 0x6a,
    0x01, 0x01, 0x01, 0x04, 0x04, 0x04, 0x00, 0x00, 0x00, 0x00, 0x00, 0x00,
    0x00, 0x00, 0x00, 0x00, 0x00, 0x00, 0x00, 0x00, 0x00, 0x00, 0x00, 0x00,
    0x02, 0x02, 0x02, 0x00, 0x00, 0x00, 0x21, 0x21, 0x21, 0xe9, 0xe9, 0xe9,
    0xda, 0xda, 0xda, 0x13, 0x13, 0x13, 0x00, 0x00, 0x00, 0x08, 0x08, 0x08,
    0xcb, 0xcb, 0xcb, 0xf4, 0xf4, 0xf4, 0xf8, 0xf8, 0xf8, 0xff, 0xff, 0xff,
    0x00, 0x00, 0xf9, 0xf9, 0xf9, 0xea, 0xea, 0xea, 0xe7, 0xe7, 0xe7, 0x28,
    0x28, 0x28, 0x00, 0x00, 0x00, 0x03, 0x03, 0x03, 0x00, 0x00, 0x00, 0x00,
    0x00, 0x00, 0x00, 0x00, 0x00, 0x00, 0x00, 0x00, 0x00, 0x00, 0x00, 0x00,
    0x00, 0x00, 0x00, 0x00, 0x00, 0x00, 0x00, 0x00, 0x00, 0x00, 0x00, 0x00,
    0x00, 0x00, 0x00, 0x00, 0x00, 0x01, 0x01, 0x01, 0x03, 0x03, 0x03, 0x00,
    0x00, 0x00, 0x12, 0x12, 0x12, 0x97, 0x97, 0x97, 0xfb, 0xfb, 0xfb, 0xe8,
    0xe8, 0xe8, 0xf2, 0xf2, 0xf2, 0x95, 0x95, 0x95, 0x00, 0x00, 0x00, 0x03,
    0x03, 0x03, 0x00, 0x00, 0x00, 0x00, 0x00, 0x00, 0x00, 0x00, 0x00, 0x00,
    0x00, 0x00, 0x00, 0x00, 0x00, 0x00, 0x00, 0x00, 0x04, 0x04, 0x04, 0x00,
    0x00, 0x00, 0x63, 0x63, 0x63, 0xff, 0xff, 0xff, 0xa1, 0xa1, 0xa1, 0x00,
    0x00, 0x00, 0x00, 0x00, 0x00, 0x32, 0x32, 0x32, 0xf3, 0xf3, 0xf3, 0xe7,
    0xe7, 0xe7, 0xfe, 0xfe, 0xfe, 0xff, 0xff, 0xff, 0x00, 0x00, 0xff, 0xff,
    0xff, 0xee, 0xee, 0xee, 0xff, 0xff, 0xff, 0xc6, 0xc6, 0xc6, 0x11, 0x11,
    0x11, 0x01, 0x01, 0x01, 0x01, 0x01, 0x01, 0x00, 0x00, 0x00, 0x00, 0x00,
    0x00, 0x00, 0x00, 0x00, 0x00, 0x00, 0x00, 0x00, 0x00, 0x00, 0x00, 0x00,
    0x00, 0x00, 0x00, 0x00, 0x00, 0x00, 0x00, 0x00, 0x00, 0x00, 0x00, 0x00,
    0x00, 0x00, 0x00, 0x00, 0x00, 0x00, 0x00, 0x03, 0x03, 0x03, 0x00, 0x00,
    0x00, 0x00, 0x00, 0x00, 0x63, 0x63, 0x63, 0xe8, 0xe8, 0xe8, 0xf3, 0xf3,
    0xf3, 0xbc, 0xbc, 0xbc, 0x00, 0x00, 0x00, 0x00, 0x00, 0x00, 0x01, 0x01,
    0x01, 0x00, 0x00, 0x00, 0x00, 0x00, 0x00, 0x00, 0x00, 0x00, 0x00, 0x00,
    0x00, 0x00, 0x00, 0x00, 0x01, 0x01, 0x01, 0x00, 0x00, 0x00, 0xb2, 0xb2,
    0xb2, 0xfd, 0xfd, 0xfd, 0x56, 0x56, 0x56, 0x00, 0x00, 0x00, 0x00, 0x00,
    0x00, 0x73, 0x73, 0x73, 0xff, 0xff, 0xff, 0xeb, 0xeb, 0xeb, 0xff, 0xff,
    0xff, 0xff, 0xff, 0xff, 0x00, 0x00, 0xff, 0xff, 0xff, 0xff, 0xff, 0xff,
    0xe9, 0xe9, 0xe9, 0xff, 0xff, 0xff, 0xa4, 0xa4, 0xa4, 0x00, 0x00, 0x00,
    0x03, 0x03, 0x03, 0x01, 0x01, 0x01, 0x00, 0x00, 0x00, 0x00, 0x00, 0x00,
    0x00, 0x00, 0x00, 0x00, 0x00, 0x00, 0x00, 0x00, 0x00, 0x00, 0x00, 0x00,
    0x00, 0x00, 0x00, 0x00, 0x00, 0x00, 0x00, 0x00, 0x00, 0x00, 0x00, 0x00,
    0x00, 0x00, 0x00, 0x00, 0x00, 0x00, 0x01, 0x01, 0x01, 0x03, 0x03, 0x03,
    0x00, 0x00, 0x00, 0x3f, 0x3f, 0x3f, 0xdc, 0xdc, 0xdc, 0xfc, 0xfc, 0xfc,
    0x97, 0x97, 0x97, 0x03, 0x03, 0x03, 0x02, 0x02, 0x02, 0x00, 0x00, 0x00,
    0x00, 0x00, 0x00, 0x00, 0x00, 0x00, 0x00, 0x00, 0x00, 0x03, 0x03, 0x03,
    0x01, 0x01, 0x01, 0x30, 0x30, 0x30, 0xf0, 0xf0, 0xf0, 0xd7, 0xd7, 0xd7,
    0x11, 0x11, 0x11, 0x00, 0x00, 0x00, 0x01, 0x01, 0x01, 0xba, 0xba, 0xba,
    0xfc, 0xfc, 0xfc, 0xf4, 0xf4, 0xf4, 0xff, 0xff, 0xff, 0xff, 0xff, 0xff,
    0x00, 0x00, 0xff, 0xff, 0xff, 0xff, 0xff, 0xff, 0xfc, 0xfc, 0xfc, 0xe7,
    0xe7, 0xe7, 0xff, 0xff, 0xff, 0x6f, 0x6f, 0x6f, 0x00, 0x00, 0x00, 0x04,
    0x04, 0x04, 0x00, 0x00, 0x00, 0x00, 0x00, 0x00, 0x00, 0x00, 0x00, 0x00,
    0x00, 0x00, 0x00, 0x00, 0x00, 0x00, 0x00, 0x00, 0x00, 0x00, 0x00, 0x00,
    0x00, 0x00, 0x00, 0x00, 0x00, 0x00, 0x00, 0x00, 0x00, 0x00, 0x00, 0x00,
    0x00, 0x00, 0x00, 0x00, 0x00, 0x00, 0x00, 0x00, 0x04, 0x04, 0x04, 0x00,
    0x00, 0x00, 0x2b, 0x2b, 0x2b, 0xd4, 0xd4, 0xd4, 0xbc, 0xbc, 0xbc, 0x06,
    0x06, 0x06, 0x01, 0x01, 0x01, 0x01, 0x01, 0x01, 0x00, 0x00, 0x00, 0x00,
    0x00, 0x00, 0x00, 0x00, 0x00, 0x03, 0x03, 0x03, 0x00, 0x00, 0x00, 0x94,
    0x94, 0x94, 0xff, 0xff, 0xff, 0x84, 0x84, 0x84, 0x00, 0x00, 0x00, 0x01,
    0x01, 0x01, 0x2f, 0x2f, 0x2f, 0xf0, 0xf0, 0xf0, 0xe7, 0xe7, 0xe7, 0xfd,
    0xfd, 0xfd, 0xff, 0xff, 0xff, 0xff, 0xff, 0xff, 0x00, 0x00, 0xff, 0xff,
    0xff, 0xfe, 0xfe, 0xfe, 0xff, 0xff, 0xff, 0xf7, 0xf7, 0xf7, 0xef, 0xef,
    0xef, 0xef, 0xef, 0xef, 0x38, 0x38, 0x38, 0x00, 0x00, 0x00, 0x03, 0x03,
    0x03, 0x00, 0x00, 0x00, 0x00, 0x00, 0x00, 0x00, 0x00, 0x00, 0x00, 0x00,
    0x00, 0x00, 0x00, 0x00, 0x00, 0x00, 0x00, 0x00, 0x00, 0x00, 0x00, 0x00,
    0x00, 0x00, 0x00, 0x00, 0x00, 0x00, 0x00, 0x00, 0x00, 0x00, 0x00, 0x00,
    0x00, 0x00, 0x00, 0x00, 0x00, 0x00, 0x00, 0x03, 0x03, 0x03, 0x00, 0x00,
    0x00, 0x0a, 0x0a, 0x0a, 0x07, 0x07, 0x07, 0x00, 0x00, 0x00, 0x01, 0x01,
    0x01, 0x00, 0x00, 0x00, 0x00, 0x00, 0x00, 0x00, 0x00, 0x00, 0x02, 0x02,
    0x02, 0x00, 0x00, 0x00, 0x2b, 0x2b, 0x2b, 0xea, 0xea, 0xea, 0xe5, 0xe5,
    0xe5, 0x21, 0x21, 0x21, 0x01, 0x01, 0x01, 0x00, 0x00, 0x00, 0x89, 0x89,
    0x89, 0xff, 0xff, 0xff, 0xec, 0xec, 0xec, 0xff, 0xff, 0xff, 0xff, 0xff,
    0xff, 0xff, 0xff, 0xff, 0x00, 0x00, 0xff, 0xff, 0xff, 0xff, 0xff, 0xff,
    0xff, 0xff, 0xff, 0xff, 0xff, 0xff, 0xee, 0xee, 0xee, 0xff, 0xff, 0xff,
    0xcc, 0xcc, 0xcc, 0x0e, 0x0e, 0x0e, 0x02, 0x02, 0x02, 0x01, 0x01, 0x01,
    0x00, 0x00, 0x00, 0x00, 0x00, 0x00, 0x00, 0x00, 0x00, 0x00, 0x00, 0x00,
    0x00, 0x00, 0x00, 0x00, 0x00, 0x00, 0x00, 0x00, 0x00, 0x00, 0x00, 0x00,
    0x00, 0x00, 0x00, 0x00, 0x00, 0x00, 0x00, 0x00, 0x00, 0x00, 0x00, 0x00,
    0x00, 0x00, 0x00, 0x00, 0x00, 0x00, 0x02, 0x02, 0x02, 0x00, 0x00, 0x00,
    0x00, 0x00, 0x00, 0x00, 0x00, 0x00, 0x00, 0x00, 0x00, 0x00, 0x00, 0x00,
    0x00, 0x00, 0x00, 0x00, 0x00, 0x00, 0x04, 0x04, 0x04, 0x00, 0x00, 0x00,
    0xa8, 0xa8, 0xa8, 0xff, 0xff, 0xff, 0x84, 0x84, 0x84, 0x00, 0x00, 0x00,
    0x01, 0x01, 0x01, 0x15, 0x15, 0x15, 0xdc, 0xdc, 0xdc, 0xef, 0xef, 0xef,
    0xf9, 0xf9, 0xf9, 0xff, 0xff, 0xff, 0xfe, 0xfe, 0xfe, 0xff, 0xff, 0xff,
    0x00, 0x00, 0xff, 0xff, 0xff, 0xff, 0xff, 0xff, 0xff, 0xff, 0xff, 0xff,
    0xff, 0xff, 0xff, 0xff, 0xff, 0xe7, 0xe7, 0xe7, 0xff, 0xff, 0xff, 0x93,
    0x93, 0x93, 0x00, 0x00, 0x00, 0x04, 0x04, 0x04, 0x00, 0x00, 0x00, 0x00,
    0x00, 0x00, 0x00, 0x00, 0x00, 0x00, 0x00, 0x00, 0x00, 0x00, 0x00, 0x00,
    0x00, 0x00, 0x00, 0x00, 0x00, 0x00, 0x00, 0x00, 0x00, 0x00, 0x00, 0x00,
    0x00, 0x00, 0x00, 0x00, 0x00, 0x00, 0x00, 0x00, 0x00, 0x00, 0x00, 0x00,
    0x00, 0x00, 0x00, 0x00, 0x00, 0x01, 0x01, 0x01, 0x01, 0x01, 0x01, 0x00,
    0x00, 0x00, 0x00, 0x00, 0x00, 0x00, 0x00, 0x00, 0x00, 0x00, 0x00, 0x04,
    0x04, 0x04, 0x00, 0x00, 0x00, 0x5e, 0x5e, 0x5e, 0xfa, 0xfa, 0xfa, 0xd3,
    0xd3, 0xd3, 0x13, 0x13, 0x13, 0x03, 0x03, 0x03, 0x00, 0x00, 0x00, 0x7a,
    0x7a, 0x7a, 0xff, 0xff, 0xff, 0xe7, 0xe7, 0xe7, 0xff, 0xff, 0xff, 0xff,
    0xff, 0xff, 0xff, 0xff, 0xff, 0xff, 0xff, 0xff, 0x00, 0x00, 0xff, 0xff,
    0xff, 0xff, 0xff, 0xff, 0xff, 0xff, 0xff, 0xff, 0xff, 0xff, 0xff, 0xff,
    0xff, 0xfb, 0xfb, 0xfb, 0xea, 0xea, 0xea, 0xfa, 0xfa, 0xfa, 0x55, 0x55,
    0x55, 0x00, 0x00, 0x00, 0x03, 0x03, 0x03, 0x00, 0x00, 0x00, 0x01, 0x01,
    0x01, 0x00, 0x00, 0x00, 0x03, 0x03, 0x03, 0x00, 0x00, 0x00, 0x00, 0x00,
    0x00, 0x00, 0x00, 0x00, 0x00, 0x00, 0x00, 0x00, 0x00, 0x00, 0x00, 0x00,
    0x00, 0x00, 0x00, 0x00, 0x00, 0x00, 0x00, 0x00, 0x00, 0x00, 0x00, 0x00,
    0x00, 0x00, 0x00, 0x00, 0x00, 0x00, 0x00, 0x00, 0x00, 0x00, 0x00, 0x00,
    0x00, 0x00, 0x00, 0x00, 0x04, 0x04, 0x04, 0x00, 0x00, 0x00, 0x31, 0x31,
    0x31, 0xe4, 0xe4, 0xe4, 0xf6, 0xf6, 0xf6, 0x4c, 0x4c, 0x4c, 0x00, 0x00,
    0x00, 0x02, 0x02, 0x02, 0x1c, 0x1c, 0x1c, 0xe0, 0xe0, 0xe0, 0xf1, 0xf1,
    0xf1, 0xf8, 0xf8, 0xf8, 0xff, 0xff, 0xff, 0xff, 0xff, 0xff, 0xff, 0xff,
    0xff, 0xff, 0xff, 0xff, 0x00, 0x00, 0xff, 0xff, 0xff, 0xff, 0xff, 0xff,
    0xff, 0xff, 0xff, 0xff, 0xff, 0xff, 0xfe, 0xfe, 0xfe, 0xff, 0xff, 0xff,
    0xf3, 0xf3, 0xf3, 0xf8, 0xf8, 0xf8, 0xe0, 0xe0, 0xe0, 0x22, 0x22, 0x22,
    0x01, 0x01, 0x01, 0x02, 0x02, 0x02, 0x00, 0x00, 0x00, 0x00, 0x00, 0x00,
    0x00, 0x00, 0x00, 0x00, 0x00, 0x00, 0x00, 0x00, 0x00, 0x00, 0x00, 0x00,
    0x00, 0x00, 0x00, 0x00, 0x00, 0x00, 0x00, 0x00, 0x00, 0x00, 0x00, 0x00,
    0x00, 0x00, 0x00, 0x00, 0x00, 0x00, 0x00, 0x00, 0x00, 0x00, 0x00, 0x00,
    0x00, 0x00, 0x00, 0x00, 0x00, 0x00, 0x00, 0x00, 0x00, 0x04, 0x04, 0x04,
    0x00, 0x00, 0x00, 0x23, 0x23, 0x23, 0xd2, 0xd2, 0xd2, 0xff, 0xff, 0xff,
    0x81, 0x81, 0x81, 0x00, 0x00, 0x00, 0x06, 0x06, 0x06, 0x00, 0x00, 0x00,
    0x9c, 0x9c, 0x9c, 0xff, 0xff, 0xff, 0xe8, 0xe8, 0xe8, 0xff, 0xff, 0xff,
    0xff, 0xff, 0xff, 0xff, 0xff, 0xff, 0xff, 0xff, 0xff, 0xff, 0xff, 0xff,
    0x00, 0x00, 0xff, 0xff, 0xff, 0xff, 0xff, 0xff, 0xff, 0xff, 0xff, 0xff,
    0xff, 0xff, 0xff, 0xff, 0xff, 0xff, 0xff, 0xff, 0xff, 0xff, 0xff, 0xea,
    0xea, 0xea, 0xff, 0xff, 0xff, 0x9a, 0x9a, 0x9a, 0x00, 0x00, 0x00, 0x01,
    0x01, 0x01, 0x4c, 0x4c, 0x4c, 0xcf, 0xcf, 0xcf, 0x73, 0x73, 0x73, 0x00,
    0x00, 0x00, 0x01, 0x01, 0x01, 0x01, 0x01, 0x01, 0x00, 0x00, 0x00, 0x00,
    0x00, 0x00, 0x00, 0x00, 0x00, 0x00, 0x00, 0x00, 0x00, 0x00, 0x00, 0x00,
    0x00, 0x00, 0x00, 0x00, 0x00, 0x00, 0x00, 0x00, 0x00, 0x00, 0x00, 0x02,
    0x02, 0x02, 0x03, 0x03, 0x03, 0x00, 0x00, 0x00, 0x2f, 0x2f, 0x2f, 0xcf,
    0xcf, 0xcf, 0xff, 0xff, 0xff, 0x9c, 0x9c, 0x9c, 0x01, 0x01, 0x01, 0x07,
    0x07, 0x07, 0x00, 0x00, 0x00, 0x56, 0x56, 0x56, 0xf8, 0xf8, 0xf8, 0xe8,
    0xe8, 0xe8, 0xfc, 0xfc, 0xfc, 0xff, 0xff, 0xff, 0xff, 0xff, 0xff, 0xff,
    0xff, 0xff, 0xff, 0xff, 0xff, 0xff, 0xff, 0xff, 0x00, 0x00, 0xff, 0xff,
    0xff, 0xff, 0xff, 0xff, 0xff, 0xff, 0xff, 0xff, 0xff, 0xff, 0xff, 0xff,
    0xff, 0xfe, 0xfe, 0xfe, 0xff, 0xff, 0xff, 0xfb, 0xfb, 0xfb, 0xed, 0xed,
    0xed, 0xda, 0xda, 0xda, 0x13, 0x13, 0x13, 0x01, 0x01, 0x01, 0x62, 0x62,
    0x62, 0xff, 0xff, 0xff, 0xf6, 0xf6, 0xf6, 0x94, 0x94, 0x94, 0x00, 0x00,
    0x00, 0x02, 0x02, 0x02, 0x00, 0x00, 0x00, 0x00, 0x00, 0x00, 0x00, 0x00,
    0x00, 0x00, 0x00, 0x00, 0x00, 0x00, 0x00, 0x00, 0x00, 0x00, 0x00, 0x00,
    0x00, 0x01, 0x01, 0x01, 0x02, 0x02, 0x02, 0x00, 0x00, 0x00, 0x00, 0x00,
    0x00, 0x5a, 0x5a, 0x5a, 0xe1, 0xe1, 0xe1, 0xff, 0xff, 0xff, 0x9a, 0x9a,
    0x9a, 0x05, 0x05, 0x05, 0x05, 0x05, 0x05, 0x00, 0x00, 0x00, 0x2d, 0x2d,
    0x2d, 0xe6, 0xe6, 0xe6, 0xf9, 0xf9, 0xf9, 0xf3, 0xf3, 0xf3, 0xff, 0xff,
    0xff, 0xff, 0xff, 0xff, 0xff, 0xff, 0xff, 0xff, 0xff, 0xff, 0xff, 0xff,
    0xff, 0xff, 0xff, 0xff, 0x00, 0x00, 0xff, 0xff, 0xff, 0xff, 0xff, 0xff,
    0xff, 0xff, 0xff, 0xff, 0xff, 0xff, 0xff, 0xff, 0xff, 0xff, 0xff, 0xff,
    0xff, 0xff, 0xff, 0xff, 0xff, 0xff, 0xe6, 0xe6, 0xe6, 0xf9, 0xf9, 0xf9,
    0x42, 0x42, 0x42, 0x00, 0x00, 0x00, 0x0c, 0x0c, 0x0c, 0xbb, 0xbb, 0xbb,
    0xf0, 0xf0, 0xf0, 0xf4, 0xf4, 0xf4, 0x5e, 0x5e, 0x5e, 0x00, 0x00, 0x00,
    0x03, 0x03, 0x03, 0x00, 0x00, 0x00, 0x00, 0x00, 0x00, 0x00, 0x00, 0x00,
    0x00, 0x00, 0x00, 0x00, 0x00, 0x00, 0x00, 0x00, 0x00, 0x00, 0x00, 0x00,
    0x00, 0x00, 0x00, 0x34, 0x34, 0x34, 0xa5, 0xa5, 0xa5, 0xfc, 0xfc, 0xfc,
    0xf3, 0xf3, 0xf3, 0x7c, 0x7c, 0x7c, 0x00, 0x00, 0x00, 0x05, 0x05, 0x05,
    0x00, 0x00, 0x00, 0x1f, 0x1f, 0x1f, 0xd3, 0xd3, 0xd3, 0xff, 0xff, 0xff,
    0xed, 0xed, 0xed, 0xff, 0xff, 0xff, 0xfe, 0xfe, 0xfe, 0xff, 0xff, 0xff,
    0xff, 0xff, 0xff, 0xff, 0xff, 0xff, 0xff, 0xff, 0xff, 0xff, 0xff, 0xff,
    0x00, 0x00, 0xff, 0xff, 0xff, 0xff, 0xff, 0xff, 0xff, 0xff, 0xff, 0xff,
    0xff, 0xff, 0xff, 0xff, 0xff, 0xff, 0xff, 0xff, 0xfe, 0xfe, 0xfe, 0xff,
    0xff, 0xff, 0xf1, 0xf1, 0xf1, 0xff, 0xff, 0xff, 0xc4, 0xc4, 0xc4, 0x14,
    0x14, 0x14, 0x00, 0x00, 0x00, 0x20, 0x20, 0x20, 0xc4, 0xc4, 0xc4, 0xff,
    0xff, 0xff, 0xbc, 0xbc, 0xbc, 0x00, 0x00, 0x00, 0x02, 0x02, 0x02, 0x00,
    0x00, 0x00, 0x00, 0x00, 0x00, 0x00, 0x00, 0x00, 0x00, 0x00, 0x00, 0x01,
    0x01, 0x01, 0x01, 0x01, 0x01, 0x18, 0x18, 0x18, 0xa8, 0xa8, 0xa8, 0xf3,
    0xf3, 0xf3, 0xff, 0xff, 0xff, 0xc4, 0xc4, 0xc4, 0x43, 0x43, 0x43, 0x00,
    0x00, 0x00, 0x06, 0x06, 0x06, 0x00, 0x00, 0x00, 0x26, 0x26, 0x26, 0xcf,
    0xcf, 0xcf, 0xff, 0xff, 0xff, 0xea, 0xea, 0xea, 0xff, 0xff, 0xff, 0xff,
    0xff, 0xff, 0xff, 0xff, 0xff, 0xff, 0xff, 0xff, 0xff, 0xff, 0xff, 0xff,
    0xff, 0xff, 0xff, 0xff, 0xff, 0xff, 0xff, 0xff, 0x00, 0x00, 0xff, 0xff,
    0xff, 0xff, 0xff, 0xff, 0xff, 0xff, 0xff, 0xff, 0xff, 0xff, 0xff, 0xff,
    0xff, 0xff, 0xff, 0xff, 0xff, 0xff, 0xff, 0xff, 0xff, 0xff, 0xfe, 0xfe,
    0xfe, 0xea, 0xea, 0xea, 0xff, 0xff, 0xff, 0xc8, 0xc8, 0xc8, 0x36, 0x36,
    0x36, 0x00, 0x00, 0x00, 0x09, 0x09, 0x09, 0x71, 0x71, 0x71, 0x45, 0x45,
    0x45, 0x00, 0x00, 0x00, 0x01, 0x01, 0x01, 0x00, 0x00, 0x00, 0x00, 0x00,
    0x00, 0x00, 0x00, 0x00, 0x00, 0x00, 0x00, 0x02, 0x02, 0x02, 0x00, 0x00,
    0x00, 0x2c, 0x2c, 0x2c, 0xec, 0xec, 0xec, 0xc8, 0xc8, 0xc8, 0x63, 0x63,
    0x63, 0x09, 0x09, 0x09, 0x00, 0x00, 0x00, 0x01, 0x01, 0x01, 0x00, 0x00,
    0x00, 0x47, 0x47, 0x47, 0xdd, 0xdd, 0xdd, 0xff, 0xff, 0xff, 0xec, 0xec,
    0xec, 0xfe, 0xfe, 0xfe, 0xff, 0xff, 0xff, 0xff, 0xff, 0xff, 0xff, 0xff,
    0xff, 0xff, 0xff, 0xff, 0xff, 0xff, 0xff, 0xff, 0xff, 0xff, 0xff, 0xff,
    0xff, 0xff, 0xff, 0xff, 0x00, 0x00, 0xff, 0xff, 0xff, 0xff, 0xff, 0xff,
    0xff, 0xff, 0xff, 0xff, 0xff, 0xff, 0xff, 0xff, 0xff, 0xff, 0xff, 0xff,
    0xff, 0xff, 0xff, 0xff, 0xff, 0xff, 0xff, 0xff, 0xff, 0xfe, 0xfe, 0xfe,
    0xee, 0xee, 0xee, 0xff, 0xff, 0xff, 0xeb, 0xeb, 0xeb, 0x80, 0x80, 0x80,
    0x0c, 0x0c, 0x0c, 0x00, 0x00, 0x00, 0x00, 0x00, 0x00, 0x03, 0x03, 0x03,
    0x00, 0x00, 0x00, 0x00, 0x00, 0x00, 0x00, 0x00, 0x00, 0x00, 0x00, 0x00,
    0x00, 0x00, 0x00, 0x00, 0x00, 0x00, 0x00, 0x00, 0x00, 0x00, 0x00, 0x00,
    0x14, 0x14, 0x14, 0x09, 0x09, 0x09, 0x00, 0x00, 0x00, 0x00, 0x00, 0x00,
    0x00, 0x00, 0x00, 0x11, 0x11, 0x11, 0x87, 0x87, 0x87, 0xf2, 0xf2, 0xf2,
    0xfb, 0xfb, 0xfb, 0xee, 0xee, 0xee, 0xff, 0xff, 0xff, 0xff, 0xff, 0xff,
    0xfe, 0xfe, 0xfe, 0xff, 0xff, 0xff, 0xff, 0xff, 0xff, 0xff, 0xff, 0xff,
    0xff, 0xff, 0xff, 0xff, 0xff, 0xff, 0xff, 0xff, 0xff, 0xff, 0xff, 0xff,
    0x00, 0x00, 0xff, 0xff, 0xff, 0xff, 0xff, 0xff, 0xff, 0xff, 0xff, 0xff,
    0xff, 0xff, 0xff, 0xff, 0xff, 0xff, 0xff, 0xff, 0xff, 0xff, 0xff, 0xff,
    0xff, 0xff, 0xff, 0xff, 0xff, 0xff, 0xff, 0xff, 0xff, 0xff, 0xff, 0xf3,
    0xf3, 0xf3, 0xed, 0xed, 0xed, 0xff, 0xff, 0xff, 0xcf, 0xcf, 0xcf, 0x62,
    0x62, 0x62, 0x07, 0x07, 0x07, 0x00, 0x00, 0x00, 0x00, 0x00, 0x00, 0x03,
    0x03, 0x03, 0x01, 0x01, 0x01, 0x00, 0x00, 0x00, 0x00, 0x00, 0x00, 0x00,
    0x00, 0x00, 0x00, 0x00, 0x00, 0x02, 0x02, 0x02, 0x00, 0x00, 0x00, 0x00,
    0x00, 0x00, 0x00, 0x00, 0x00, 0x10, 0x10, 0x10, 0x66, 0x66, 0x66, 0xd0,
    0xd0, 0xd0, 0xff, 0xff, 0xff, 0xec, 0xec, 0xec, 0xf5, 0xf5, 0xf5, 0xff,
    0xff, 0xff, 0xff, 0xff, 0xff, 0xff, 0xff, 0xff, 0xff, 0xff, 0xff, 0xff,
    0xff, 0xff, 0xff, 0xff, 0xff, 0xff, 0xff, 0xff, 0xff, 0xff, 0xff, 0xff,
    0xff, 0xff, 0xff, 0xff, 0xff, 0xff, 0xff, 0xff, 0x00, 0x00, 0xff, 0xff,
    0xff, 0xff, 0xff, 0xff, 0xff, 0xff, 0xff, 0xff, 0xff, 0xff, 0xff, 0xff,
    0xff, 0xff, 0xff, 0xff, 0xff, 0xff, 0xff, 0xff, 0xff, 0xff, 0xff, 0xff,
    0xff, 0xff, 0xff, 0xff, 0xff, 0xff, 0xff, 0xff, 0xff, 0xff, 0xfa, 0xfa,
    0xfa, 0xef, 0xef, 0xef, 0xf1, 0xf1, 0xf1, 0xf5, 0xf5, 0xf5, 0xc0, 0xc0,
    0xc0, 0x54, 0x54, 0x54, 0x05, 0x05, 0x05, 0x00, 0x00, 0x00, 0x00, 0x00,
    0x00, 0x02, 0x02, 0x02, 0x00, 0x00, 0x00, 0x00, 0x00, 0x00, 0x00, 0x00,
    0x00, 0x00, 0x00, 0x00, 0x06, 0x06, 0x06, 0x33, 0x33, 0x33, 0x7f, 0x7f,
    0x7f, 0xd2, 0xd2, 0xd2, 0xff, 0xff, 0xff, 0xf2, 0xf2, 0xf2, 0xee, 0xee,
    0xee, 0xfb, 0xfb, 0xfb, 0xff, 0xff, 0xff, 0xff, 0xff, 0xff, 0xff, 0xff,
    0xff, 0xff, 0xff, 0xff, 0xff, 0xff, 0xff, 0xff, 0xff, 0xff, 0xff, 0xff,
    0xff, 0xff, 0xff, 0xff, 0xff, 0xff, 0xff, 0xff, 0xff, 0xff, 0xff, 0xff,
    0xff, 0xff, 0xff, 0xff, 0x00, 0x00, 0xff, 0xff, 0xff, 0xff, 0xff, 0xff,
    0xff, 0xff, 0xff, 0xff, 0xff, 0xff, 0xff, 0xff, 0xff, 0xff, 0xff, 0xff,
    0xff, 0xff, 0xff, 0xff, 0xff, 0xff, 0xff, 0xff, 0xff, 0xff, 0xff, 0xff,
    0xff, 0xff, 0xff, 0xfe, 0xfe, 0xfe, 0xff, 0xff, 0xff, 0xff, 0xff, 0xff,
    0xed, 0xed, 0xed, 0xee, 0xee, 0xee, 0xf2, 0xf2, 0xf2, 0xff, 0xff, 0xff,
    0xc2, 0xc2, 0xc2, 0x5e, 0x5e, 0x5e, 0x12, 0x12, 0x12, 0x00, 0x00, 0x00,
    0x02, 0x02, 0x02, 0x03, 0x03, 0x03, 0x00, 0x00, 0x00, 0x40, 0x40, 0x40,
    0xd0, 0xd0, 0xd0, 0xee, 0xee, 0xee, 0xff, 0xff, 0xff, 0xf0, 0xf0, 0xf0,
    0xee, 0xee, 0xee, 0xf9, 0xf9, 0xf9, 0xff, 0xff, 0xff, 0xff, 0xff, 0xff,
    0xff, 0xff, 0xff, 0xff, 0xff, 0xff, 0xff, 0xff, 0xff, 0xff, 0xff, 0xff,
    0xff, 0xff, 0xff, 0xff, 0xff, 0xff, 0xff, 0xff, 0xff, 0xff, 0xff, 0xff,
    0xff, 0xff, 0xff, 0xff, 0xff, 0xff, 0xff, 0xff, 0xff, 0xff, 0xff, 0xff,
    0x00, 0x00, 0xff, 0xff, 0xff, 0xff, 0xff, 0xff, 0xff, 0xff, 0xff, 0xff,
    0xff, 0xff, 0xff, 0xff, 0xff, 0xff, 0xff, 0xff, 0xff, 0xff, 0xff, 0xff,
    0xff, 0xff, 0xff, 0xff, 0xff, 0xff, 0xff, 0xff, 0xff, 0xff, 0xff, 0xff,
    0xff, 0xff, 0xff, 0xff, 0xff, 0xff, 0xff, 0xff, 0xf3, 0xf3, 0xf3, 0xfd,
    0xfd, 0xfd, 0xb5, 0xb5, 0xb5, 0x9d, 0x9d, 0x9d, 0xf8, 0xf8, 0xf8, 0xff,
    0xff, 0xff, 0xde, 0xde, 0xde, 0x6e, 0x6e, 0x6e, 0x00, 0x00, 0x00, 0x07,
    0x07, 0x07, 0x00, 0x00, 0x00, 0x7b, 0x7b, 0x7b, 0xff, 0xff, 0xff, 0xe8,
    0xe8, 0xe8, 0xf2, 0xf2, 0xf2, 0xfb, 0xfb, 0xfb, 0xff, 0xff, 0xff, 0xff,
    0xff, 0xff, 0xff, 0xff, 0xff, 0xfe, 0xfe, 0xfe, 0xff, 0xff, 0xff, 0xff,
    0xff, 0xff, 0xff, 0xff, 0xff, 0xff, 0xff, 0xff, 0xff, 0xff, 0xff, 0xff,
    0xff, 0xff, 0xff, 0xff, 0xff, 0xff, 0xff, 0xff, 0xff, 0xff, 0xff, 0xff,
    0xff, 0xff, 0xff, 0xff, 0xff, 0xff, 0xff, 0xff, 0x00, 0x00, 0xff, 0xff,
    0xff, 0xff, 0xff, 0xff, 0xff, 0xff, 0xff, 0xff, 0xff, 0xff, 0xff, 0xff,
    0xff, 0xff, 0xff, 0xff, 0xff, 0xff, 0xff, 0xff, 0xff, 0xff, 0xff, 0xff,
    0xff, 0xff, 0xff, 0xff, 0xff, 0xff, 0xff, 0xff, 0xff, 0xff, 0xfe, 0xfe,
    0xfe, 0xff, 0xff, 0xff, 0xfb, 0xfb, 0xfb, 0xed, 0xed, 0xed, 0xd0, 0xd0,
    0xd0, 0x08, 0x08, 0x08, 0x38, 0x38, 0x38, 0x91, 0x91, 0x91, 0xe0, 0xe0,
    0xe0, 0xf8, 0xf8, 0xf8, 0x47, 0x47, 0x47, 0x00, 0x00, 0x00, 0x03, 0x03,
    0x03, 0x7f, 0x7f, 0x7f, 0xfd, 0xfd, 0xfd, 0xee, 0xee, 0xee, 0xff, 0xff,
    0xff, 0xff, 0xff, 0xff, 0xfe, 0xfe, 0xfe, 0xff, 0xff, 0xff, 0xff, 0xff,
    0xff, 0xff, 0xff, 0xff, 0xff, 0xff, 0xff, 0xff, 0xff, 0xff, 0xff, 0xff,
    0xff, 0xff, 0xff, 0xff, 0xff, 0xff, 0xff, 0xff, 0xff, 0xff, 0xff, 0xff,
    0xff, 0xff, 0xff, 0xff, 0xff, 0xff, 0xff, 0xff, 0xff, 0xff, 0xff, 0xff,
    0xff, 0xff, 0xff, 0xff, 0x00, 0x00, 0xff, 0xff, 0xff, 0xff, 0xff, 0xff,
    0xff, 0xff, 0xff, 0xff, 0xff, 0xff, 0xff, 0xff, 0xff, 0xff, 0xff, 0xff,
    0xff, 0xff, 0xff, 0xff, 0xff, 0xff, 0xff, 0xff, 0xff, 0xff, 0xff, 0xff,
    0xff, 0xff, 0xff, 0xff, 0xff, 0xff, 0xff, 0xff, 0xff, 0xff, 0xff, 0xff,
    0xff, 0xff, 0xff, 0xea, 0xea, 0xea, 0xff, 0xff, 0xff, 0x6d, 0x6d, 0x6d,
    0x00, 0x00, 0x00, 0x00, 0x00, 0x00, 0xc7, 0xc7, 0xc7, 0xf2, 0xf2, 0xf2,
    0xdd, 0xdd, 0xdd, 0x31, 0x31, 0x31, 0x00, 0x00, 0x00, 0x9f, 0x9f, 0x9f,
    0xff, 0xff, 0xff, 0xf2, 0xf2, 0xf2, 0xff, 0xff, 0xff, 0xfe, 0xfe, 0xfe,
    0xff, 0xff, 0xff, 0xff, 0xff, 0xff, 0xff, 0xff, 0xff, 0xff, 0xff, 0xff,
    0xff, 0xff, 0xff, 0xff, 0xff, 0xff, 0xff, 0xff, 0xff, 0xff, 0xff, 0xff,
    0xff, 0xff, 0xff, 0xff, 0xff, 0xff, 0xff, 0xff, 0xff, 0xff, 0xff, 0xff,
    0xff, 0xff, 0xff, 0xff, 0xff, 0xff, 0xff, 0xff, 0xff, 0xff, 0xff, 0xff,
    0x00, 0x00, 0xff, 0xff, 0xff, 0xff, 0xff, 0xff, 0xff, 0xff, 0xff, 0xff,
    0xff, 0xff, 0xff, 0xff, 0xff, 0xff, 0xff, 0xff, 0xff, 0xff, 0xff, 0xff,
    0xff, 0xff, 0xff, 0xff, 0xff, 0xff, 0xff, 0xff, 0xff, 0xff, 0xff, 0xff,
    0xff, 0xff, 0xff, 0xff, 0xff, 0xfe, 0xfe, 0xfe, 0xfe, 0xfe, 0xfe, 0xf9,
    0xf9, 0xf9, 0xf1, 0xf1, 0xf1, 0xdc, 0xdc, 0xdc, 0x30, 0x30, 0x30, 0xa1,
    0xa1, 0xa1, 0xfd, 0xfd, 0xfd, 0xe1, 0xe1, 0xe1, 0xf6, 0xf6, 0xf6, 0xde,
    0xde, 0xde, 0x54, 0x54, 0x54, 0xc3, 0xc3, 0xc3, 0xf8, 0xf8, 0xf8, 0xf8,
    0xf8, 0xf8, 0xff, 0xff, 0xff, 0xff, 0xff, 0xff, 0xff, 0xff, 0xff, 0xff,
    0xff, 0xff, 0xff, 0xff, 0xff, 0xff, 0xff, 0xff, 0xff, 0xff, 0xff, 0xff,
    0xff, 0xff, 0xff, 0xff, 0xff, 0xff, 0xff, 0xff, 0xff, 0xff, 0xff, 0xff,
    0xff, 0xff, 0xff, 0xff, 0xff, 0xff, 0xff, 0xff, 0xff, 0xff, 0xff, 0xff,
    0xff, 0xff, 0xff, 0xff, 0xff, 0xff, 0xff, 0xff, 0x00, 0x00, 0xff, 0xff,
    0xff, 0xff, 0xff, 0xff, 0xff, 0xff, 0xff, 0xff, 0xff, 0xff, 0xff, 0xff,
    0xff, 0xff, 0xff, 0xff, 0xff, 0xff, 0xff, 0xff, 0xff, 0xff, 0xff, 0xff,
    0xff, 0xff, 0xff, 0xff, 0xff, 0xff, 0xff, 0xff, 0xff, 0xff, 0xff, 0xff,
    0xff, 0xff, 0xff, 0xff, 0xff, 0xff, 0xff, 0xff, 0xff, 0xff, 0xef, 0xef,
    0xef, 0xfe, 0xfe, 0xfe, 0xe5, 0xe5, 0xe5, 0xfe, 0xfe, 0xfe, 0xeb, 0xeb,
    0xeb, 0xfd, 0xfd, 0xfd, 0xef, 0xef, 0xef, 0xf6, 0xf6, 0xf6, 0xf2, 0xf2,
    0xf2, 0xf2, 0xf2, 0xf2, 0xe8, 0xe8, 0xe8, 0xff, 0xff, 0xff, 0xff, 0xff,
    0xff, 0xff, 0xff, 0xff, 0xff, 0xff, 0xff, 0xff, 0xff, 0xff, 0xff, 0xff,
    0xff, 0xff, 0xff, 0xff, 0xff, 0xff, 0xff, 0xff, 0xff, 0xff, 0xff, 0xff,
    0xff, 0xff, 0xff, 0xff, 0xff, 0xff, 0xff, 0xff, 0xff, 0xff, 0xff, 0xff,
    0xff, 0xff, 0xff, 0xff, 0xff, 0xff, 0xff, 0xff, 0xff, 0xff, 0xff, 0xff,
    0xff, 0xff, 0xff, 0xff, 0x00, 0x00, 0xff, 0xff, 0xff, 0xff, 0xff, 0xff,
    0xff, 0xff, 0xff, 0xff, 0xff, 0xff, 0xff, 0xff, 0xff, 0xff, 0xff, 0xff,
    0xff, 0xff, 0xff, 0xff, 0xff, 0xff, 0xff, 0xff, 0xff, 0xff, 0xff, 0xff,
    0xff, 0xff, 0xff, 0xff, 0xff, 0xff, 0xff, 0xff, 0xff, 0xff, 0xff, 0xff,
    0xff, 0xff, 0xff, 0xfe, 0xfe, 0xfe, 0xff, 0xff, 0xff, 0xf0, 0xf0, 0xf0,
    0xf4, 0xf4, 0xf4, 0xf1, 0xf1, 0xf1, 0xfd, 0xfd, 0xfd, 0xff, 0xff, 0xff,
    0xff, 0xff, 0xff, 0xf5, 0xf5, 0xf5, 0xeb, 0xeb, 0xeb, 0xee, 0xee, 0xee,
    0xf8, 0xf8, 0xf8, 0xff, 0xff, 0xff, 0xfe, 0xfe, 0xfe, 0xff, 0xff, 0xff,
    0xff, 0xff, 0xff, 0xff, 0xff, 0xff, 0xff, 0xff, 0xff, 0xff, 0xff, 0xff,
    0xff, 0xff, 0xff, 0xff, 0xff, 0xff, 0xff, 0xff, 0xff, 0xff, 0xff, 0xff,
    0xff, 0xff, 0xff, 0xff, 0xff, 0xff, 0xff, 0xff, 0xff, 0xff, 0xff, 0xff,
    0xff, 0xff, 0xff, 0xff, 0xff, 0xff, 0xff, 0xff, 0xff, 0xff, 0xff, 0xff,
    0x00, 0x00
};
static const unsigned int black_knight_bmp_len = 6494;

/* black_pawn.bmp (6494 bytes, 46x46 px) */
static const unsigned char black_pawn_bmp[] = {
    0x42, 0x4d, 0x5e, 0x19, 0x00, 0x00, 0x00, 0x00, 0x00, 0x00, 0x36, 0x00,
    0x00, 0x00, 0x28, 0x00, 0x00, 0x00, 0x2e, 0x00, 0x00, 0x00, 0x2e, 0x00,
    0x00, 0x00, 0x01, 0x00, 0x18, 0x00, 0x00, 0x00, 0x00, 0x00, 0x28, 0x19,
    0x00, 0x00, 0xc4, 0x0e, 0x00, 0x00, 0xc4, 0x0e, 0x00, 0x00, 0x00, 0x00,
    0x00, 0x00, 0x00, 0x00, 0x00, 0x00, 0xe6, 0xe6, 0xe6, 0xe6, 0xe6, 0xe6,
    0xe6, 0xe6, 0xe6, 0xe5, 0xe5, 0xe5, 0xe5, 0xe5, 0xe5, 0xe5, 0xe5, 0xe5,
    0xe5, 0xe5, 0xe5, 0xe5, 0xe5, 0xe5, 0xe5, 0xe5, 0xe5, 0xe5, 0xe5, 0xe5,
    0xe5, 0xe5, 0xe5, 0xe5, 0xe5, 0xe5, 0xe5, 0xe5, 0xe5, 0xe5, 0xe5, 0xe5,
    0xe5, 0xe5, 0xe5, 0xe5, 0xe5, 0xe5, 0xe5, 0xe5, 0xe5, 0xe5, 0xe5, 0xe5,
    0xe5, 0xe5, 0xe5, 0xe5, 0xe5, 0xe5, 0xe5, 0xe5, 0xe5, 0xe5, 0xe5, 0xe5,
    0xe5, 0xe5, 0xe5, 0xe5, 0xe5, 0xe5, 0xe5, 0xe5, 0xe5, 0xe5, 0xe5, 0xe5,
    0xe5, 0xe5, 0xe5, 0xe5, 0xe5, 0xe5, 0xe5, 0xe5, 0xe5, 0xe5, 0xe5, 0xe5,
    0xe5, 0xe5, 0xe5, 0xe5, 0xe5, 0xe5, 0xe5, 0xe5, 0xe5, 0xe5, 0xe5, 0xe5,
    0xe5, 0xe5, 0xe5, 0xe5, 0xe5, 0xe5, 0xe5, 0xe5, 0xe5, 0xe5, 0xe5, 0xe5,
    0xe5, 0xe5, 0xe5, 0xe5, 0xe5, 0xe5, 0xe5, 0xe5, 0xe5, 0xe5, 0xe5, 0xe5,
    0xe5, 0xe5, 0xe5, 0xe6, 0xe6, 0xe6, 0xe6, 0xe6, 0xe6, 0xe5, 0xe5, 0xe5,
    0x00, 0x00, 0xe6, 0xe6, 0xe6, 0xe6, 0xe6, 0xe6, 0xe7, 0xe7, 0xe7, 0xec,
    0xec, 0xec, 0xec, 0xec, 0xec, 0xec, 0xec, 0xec, 0xec, 0xec, 0xec, 0xec,
    0xec, 0xec, 0xec, 0xec, 0xec, 0xec, 0xec, 0xec, 0xec, 0xec, 0xec, 0xec,
    0xec, 0xec, 0xec, 0xec, 0xec, 0xec, 0xec, 0xec, 0xec, 0xec, 0xec, 0xec,
    0xec, 0xec, 0xec, 0xec, 0xec, 0xec, 0xec, 0xec, 0xec, 0xec, 0xec, 0xec,
    0xec, 0xec, 0xec, 0xec, 0xec, 0xec, 0xec, 0xec, 0xec, 0xec, 0xec, 0xec,
    0xec, 0xec, 0xec, 0xec, 0xec, 0xec, 0xec, 0xec, 0xec, 0xec, 0xec, 0xec,
    0xec, 0xec, 0xec, 0xec, 0xec, 0xec, 0xec, 0xec, 0xec, 0xec, 0xec, 0xec,
    0xec, 0xec, 0xec, 0xec, 0xec, 0xec, 0xec, 0xec, 0xec, 0xec, 0xec, 0xec,
    0xec, 0xec, 0xec, 0xec, 0xec, 0xec, 0xec, 0xec, 0xec, 0xec, 0xec, 0xec,
    0xec, 0xec, 0xec, 0xec, 0xec, 0xec, 0xec, 0xec, 0xec, 0xec, 0xec, 0xe7,
    0xe7, 0xe7, 0xe6, 0xe6, 0xe6, 0xe5, 0xe5, 0xe5, 0x00, 0x00, 0xe4, 0xe4,
    0xe4, 0xf0, 0xf0, 0xf0, 0xb8, 0xb8, 0xb8, 0x31, 0x31, 0x31, 0x32, 0x32,
    0x32, 0x31, 0x31, 0x31, 0x31, 0x31, 0x31, 0x31, 0x31, 0x31, 0x31, 0x31,
    0x31, 0x31, 0x31, 0x31, 0x31, 0x31, 0x31, 0x31, 0x31, 0x31, 0x31, 0x31,
    0x31, 0x31, 0x31, 0x31, 0x31, 0x31, 0x31, 0x31, 0x31, 0x31, 0x31, 0x31,
    0x31, 0x31, 0x31, 0x31, 0x31, 0x31, 0x31, 0x31, 0x31, 0x31, 0x31, 0x31,
    0x31, 0x31, 0x31, 0x31, 0x31, 0x31, 0x31, 0x31, 0x31, 0x31, 0x31, 0x31,
    0x31, 0x31, 0x31, 0x31, 0x31, 0x31, 0x31, 0x31, 0x31, 0x31, 0x31, 0x31,
    0x31, 0x31, 0x31, 0x31, 0x31, 0x31, 0x31, 0x31, 0x31, 0x31, 0x31, 0x31,
    0x31, 0x31, 0x31, 0x31, 0x31, 0x31, 0x31, 0x31, 0x31, 0x31, 0x31, 0x31,
    0x31, 0x31, 0x31, 0x31, 0x31, 0x31, 0x31, 0x31, 0x31, 0x31, 0x31, 0x31,
    0x31, 0x32, 0x32, 0x32, 0x31, 0x31, 0x31, 0xb9, 0xb9, 0xb9, 0xf0, 0xf0,
    0xf0, 0xe4, 0xe4, 0xe4, 0x00, 0x00, 0xe6, 0xe6, 0xe6, 0xf4, 0xf4, 0xf4,
    0xb8, 0xb8, 0xb8, 0x00, 0x00, 0x00, 0x00, 0x00, 0x00, 0x00, 0x00, 0x00,
    0x00, 0x00, 0x00, 0x00, 0x00, 0x00, 0x00, 0x00, 0x00, 0x00, 0x00, 0x00,
    0x00, 0x00, 0x00, 0x00, 0x00, 0x00, 0x00, 0x00, 0x00, 0x00, 0x00, 0x00,
    0x00, 0x00, 0x00, 0x00, 0x00, 0x00, 0x00, 0x00, 0x00, 0x00, 0x00, 0x00,
    0x00, 0x00, 0x00, 0x00, 0x00, 0x00, 0x00, 0x00, 0x00, 0x00, 0x00, 0x00,
    0x00, 0x00, 0x00, 0x00, 0x00, 0x00, 0x00, 0x00, 0x00, 0x00, 0x00, 0x00,
    0x00, 0x00, 0x00, 0x00, 0x00, 0x00, 0x00, 0x00, 0x00, 0x00, 0x00, 0x00,
    0x00, 0x00, 0x00, 0x00, 0x00, 0x00, 0x00, 0x00, 0x00, 0x00, 0x00, 0x00,
    0x00, 0x00, 0x00, 0x00, 0x00, 0x00, 0x00, 0x00, 0x00, 0x00, 0x00, 0x00,
    0x00, 0x00, 0x00, 0x00, 0x00, 0x00, 0x00, 0x00, 0x00, 0x00, 0x00, 0x00,
    0x00, 0x00, 0x00, 0xb9, 0xb9, 0xb9, 0xf4, 0xf4, 0xf4, 0xe6, 0xe6, 0xe6,
    0x00, 0x00, 0xea, 0xea, 0xea, 0xf3, 0xf3, 0xf3, 0xd3, 0xd3, 0xd3, 0x0f,
    0x0f, 0x0f, 0x02, 0x02, 0x02, 0x03, 0x03, 0x03, 0x02, 0x02, 0x02, 0x02,
    0x02, 0x02, 0x02, 0x02, 0x02, 0x02, 0x02, 0x02, 0x02, 0x02, 0x02, 0x02,
    0x02, 0x02, 0x02, 0x02, 0x02, 0x02, 0x02, 0x02, 0x02, 0x02, 0x02, 0x02,
    0x02, 0x02, 0x02, 0x02, 0x02, 0x02, 0x02, 0x02, 0x02, 0x02, 0x02, 0x02,
    0x02, 0x02, 0x02, 0x02, 0x02, 0x02, 0x02, 0x02, 0x02, 0x02, 0x02, 0x02,
    0x02, 0x02, 0x02, 0x02, 0x02, 0x02, 0x02, 0x02, 0x02, 0x02, 0x02, 0x02,
    0x02, 0x02, 0x02, 0x02, 0x02, 0x02, 0x02, 0x02, 0x02, 0x02, 0x02, 0x02,
    0x02, 0x02, 0x02, 0x02, 0x02, 0x02, 0x02, 0x02, 0x02, 0x02, 0x02, 0x02,
    0x02, 0x02, 0x02, 0x02, 0x02, 0x02, 0x02, 0x02, 0x02, 0x02, 0x02, 0x02,
    0x02, 0x02, 0x03, 0x03, 0x03, 0x02, 0x02, 0x02, 0x10, 0x10, 0x10, 0xd4,
    0xd4, 0xd4, 0xf3, 0xf3, 0xf3, 0xea, 0xea, 0xea, 0x00, 0x00, 0xf0, 0xf0,
    0xf0, 0xf1, 0xf1, 0xf1, 0xe9, 0xe9, 0xe9, 0x2b, 0x2b, 0x2b, 0x00, 0x00,
    0x00, 0x02, 0x02, 0x02, 0x00, 0x00, 0x00, 0x00, 0x00, 0x00, 0x00, 0x00,
    0x00, 0x00, 0x00, 0x00, 0x00, 0x00, 0x00, 0x00, 0x00, 0x00, 0x00, 0x00,
    0x00, 0x00, 0x00, 0x00, 0x00, 0x00, 0x00, 0x00, 0x00, 0x00, 0x00, 0x00,
    0x00, 0x00, 0x00, 0x00, 0x00, 0x00, 0x00, 0x00, 0x00, 0x00, 0x00, 0x00,
    0x00, 0x00, 0x00, 0x00, 0x00, 0x00, 0x00, 0x00, 0x00, 0x00, 0x00, 0x00,
    0x00, 0x00, 0x00, 0x00, 0x00, 0x00, 0x00, 0x00, 0x00, 0x00, 0x00, 0x00,
    0x00, 0x00, 0x00, 0x00, 0x00, 0x00, 0x00, 0x00, 0x00, 0x00, 0x00, 0x00,
    0x00, 0x00, 0x00, 0x00, 0x00, 0x00, 0x00, 0x00, 0x00, 0x00, 0x00, 0x00,
    0x00, 0x00, 0x00, 0x00, 0x00, 0x00, 0x00, 0x00, 0x00, 0x00, 0x02, 0x02,
    0x02, 0x00, 0x00, 0x00, 0x2c, 0x2c, 0x2c, 0xe9, 0xe9, 0xe9, 0xf1, 0xf1,
    0xf1, 0xef, 0xef, 0xef, 0x00, 0x00, 0xf6, 0xf6, 0xf6, 0xed, 0xed, 0xed,
    0xf5, 0xf5, 0xf5, 0x5f, 0x5f, 0x5f, 0x01, 0x01, 0x01, 0x04, 0x04, 0x04,
    0x00, 0x00, 0x00, 0x00, 0x00, 0x00, 0x00, 0x00, 0x00, 0x00, 0x00, 0x00,
    0x00, 0x00, 0x00, 0x00, 0x00, 0x00, 0x00, 0x00, 0x00, 0x00, 0x00, 0x00,
    0x00, 0x00, 0x00, 0x00, 0x00, 0x00, 0x00, 0x00, 0x00, 0x00, 0x00, 0x00,
    0x00, 0x00, 0x00, 0x00, 0x00, 0x00, 0x00, 0x00, 0x00, 0x00, 0x00, 0x00,
    0x00, 0x00, 0x00, 0x00, 0x00, 0x00, 0x00, 0x00, 0x00, 0x00, 0x00, 0x00,
    0x00, 0x00, 0x00, 0x00, 0x00, 0x00, 0x00, 0x00, 0x00, 0x00, 0x00, 0x00,
    0x00, 0x00, 0x00, 0x00, 0x00, 0x00, 0x00, 0x00, 0x00, 0x00, 0x00, 0x00,
    0x00, 0x00, 0x00, 0x00, 0x00, 0x00, 0x00, 0x00, 0x00, 0x00, 0x00, 0x00,
    0x00, 0x00, 0x00, 0x00, 0x00, 0x00, 0x04, 0x04, 0x04, 0x01, 0x01, 0x01,
    0x60, 0x60, 0x60, 0xf5, 0xf5, 0xf5, 0xed, 0xed, 0xed, 0xf5, 0xf5, 0xf5,
    0x00, 0x00, 0xfc, 0xfc, 0xfc, 0xe3, 0xe3, 0xe3, 0xf6, 0xf6, 0xf6, 0xa3,
    0xa3, 0xa3, 0x00, 0x00, 0x00, 0x02, 0x02, 0x02, 0x00, 0x00, 0x00, 0x00,
    0x00, 0x00, 0x00, 0x00, 0x00, 0x00, 0x00, 0x00, 0x00, 0x00, 0x00, 0x00,
    0x00, 0x00, 0x00, 0x00, 0x00, 0x00, 0x00, 0x00, 0x00, 0x00, 0x00, 0x00,
    0x00, 0x00, 0x00, 0x00, 0x00, 0x00, 0x00, 0x00, 0x00, 0x00, 0x00, 0x00,
    0x00, 0x00, 0x00, 0x00, 0x00, 0x00, 0x00, 0x00, 0x00, 0x00, 0x00, 0x00,
    0x00, 0x00, 0x00, 0x00, 0x00, 0x00, 0x00, 0x00, 0x00, 0x00, 0x00, 0x00,
    0x00, 0x00, 0x00, 0x00, 0x00, 0x00, 0x00, 0x00, 0x00, 0x00, 0x00, 0x00,
    0x00, 0x00, 0x00, 0x00, 0x00, 0x00, 0x00, 0x00, 0x00, 0x00, 0x00, 0x00,
    0x00, 0x00, 0x00, 0x00, 0x00, 0x00, 0x00, 0x00, 0x00, 0x00, 0x00, 0x00,
    0x00, 0x00, 0x02, 0x02, 0x02, 0x00, 0x00, 0x00, 0xa4, 0xa4, 0xa4, 0xf6,
    0xf6, 0xf6, 0xe3, 0xe3, 0xe3, 0xfc, 0xfc, 0xfc, 0x00, 0x00, 0xff, 0xff,
    0xff, 0xec, 0xec, 0xec, 0xf5, 0xf5, 0xf5, 0xe0, 0xe0, 0xe0, 0x1b, 0x1b,
    0x1b, 0x01, 0x01, 0x01, 0x02, 0x02, 0x02, 0x00, 0x00, 0x00, 0x00, 0x00,
    0x00, 0x00, 0x00, 0x00, 0x00, 0x00, 0x00, 0x00, 0x00, 0x00, 0x00, 0x00,
    0x00, 0x00, 0x00, 0x00, 0x00, 0x00, 0x00, 0x00, 0x00, 0x00, 0x00, 0x00,
    0x00, 0x00, 0x00, 0x00, 0x00, 0x00, 0x00, 0x00, 0x00, 0x00, 0x00, 0x00,
    0x00, 0x00, 0x00, 0x00, 0x00, 0x00, 0x00, 0x00, 0x00, 0x00, 0x00, 0x00,
    0x00, 0x00, 0x00, 0x00, 0x00, 0x00, 0x00, 0x00, 0x00, 0x00, 0x00, 0x00,
    0x00, 0x00, 0x00, 0x00, 0x00, 0x00, 0x00, 0x00, 0x00, 0x00, 0x00, 0x00,
    0x00, 0x00, 0x00, 0x00, 0x00, 0x00, 0x00, 0x00, 0x00, 0x00, 0x00, 0x00,
    0x00, 0x00, 0x00, 0x00, 0x00, 0x00, 0x00, 0x02, 0x02, 0x02, 0x01, 0x01,
    0x01, 0x1c, 0x1c, 0x1c, 0xe1, 0xe1, 0xe1, 0xf5, 0xf5, 0xf5, 0xeb, 0xeb,
    0xeb, 0xff, 0xff, 0xff, 0x00, 0x00, 0xff, 0xff, 0xff, 0xf6, 0xf6, 0xf6,
    0xf3, 0xf3, 0xf3, 0xf5, 0xf5, 0xf5, 0x76, 0x76, 0x76, 0x00, 0x00, 0x00,
    0x04, 0x04, 0x04, 0x00, 0x00, 0x00, 0x00, 0x00, 0x00, 0x00, 0x00, 0x00,
    0x00, 0x00, 0x00, 0x00, 0x00, 0x00, 0x00, 0x00, 0x00, 0x00, 0x00, 0x00,
    0x00, 0x00, 0x00, 0x00, 0x00, 0x00, 0x00, 0x00, 0x00, 0x00, 0x00, 0x00,
    0x00, 0x00, 0x00, 0x00, 0x00, 0x00, 0x00, 0x00, 0x00, 0x00, 0x00, 0x00,
    0x00, 0x00, 0x00, 0x00, 0x00, 0x00, 0x00, 0x00, 0x00, 0x00, 0x00, 0x00,
    0x00, 0x00, 0x00, 0x00, 0x00, 0x00, 0x00, 0x00, 0x00, 0x00, 0x00, 0x00,
    0x00, 0x00, 0x00, 0x00, 0x00, 0x00, 0x00, 0x00, 0x00, 0x00, 0x00, 0x00,
    0x00, 0x00, 0x00, 0x00, 0x00, 0x00, 0x00, 0x00, 0x00, 0x00, 0x00, 0x00,
    0x00, 0x00, 0x00, 0x03, 0x03, 0x03, 0x00, 0x00, 0x00, 0x77, 0x77, 0x77,
    0xf5, 0xf5, 0xf5, 0xf2, 0xf2, 0xf2, 0xf6, 0xf6, 0xf6, 0xff, 0xff, 0xff,
    0x00, 0x00, 0xff, 0xff, 0xff, 0xff, 0xff, 0xff, 0xe6, 0xe6, 0xe6, 0xf0,
    0xf0, 0xf0, 0xd8, 0xd8, 0xd8, 0x13, 0x13, 0x13, 0x02, 0x02, 0x02, 0x02,
    0x02, 0x02, 0x00, 0x00, 0x00, 0x00, 0x00, 0x00, 0x00, 0x00, 0x00, 0x00,
    0x00, 0x00, 0x00, 0x00, 0x00, 0x00, 0x00, 0x00, 0x00, 0x00, 0x00, 0x00,
    0x00, 0x00, 0x00, 0x00, 0x00, 0x00, 0x00, 0x00, 0x00, 0x00, 0x00, 0x00,
    0x00, 0x00, 0x00, 0x00, 0x00, 0x00, 0x00, 0x00, 0x00, 0x00, 0x00, 0x00,
    0x00, 0x00, 0x00, 0x00, 0x00, 0x00, 0x00, 0x00, 0x00, 0x00, 0x00, 0x00,
    0x00, 0x00, 0x00, 0x00, 0x00, 0x00, 0x00, 0x00, 0x00, 0x00, 0x00, 0x00,
    0x00, 0x00, 0x00, 0x00, 0x00, 0x00, 0x00, 0x00, 0x00, 0x00, 0x00, 0x00,
    0x00, 0x00, 0x00, 0x00, 0x00, 0x00, 0x00, 0x00, 0x02, 0x02, 0x02, 0x02,
    0x02, 0x02, 0x14, 0x14, 0x14, 0xd9, 0xd9, 0xd9, 0xf0, 0xf0, 0xf0, 0xe7,
    0xe7, 0xe7, 0xfe, 0xfe, 0xfe, 0xff, 0xff, 0xff, 0x00, 0x00, 0xff, 0xff,
    0xff, 0xff, 0xff, 0xff, 0xf5, 0xf5, 0xf5, 0xf3, 0xf3, 0xf3, 0xf5, 0xf5,
    0xf5, 0x8a, 0x8a, 0x8a, 0x00, 0x00, 0x00, 0x04, 0x04, 0x04, 0x00, 0x00,
    0x00, 0x00, 0x00, 0x00, 0x00, 0x00, 0x00, 0x00, 0x00, 0x00, 0x00, 0x00,
    0x00, 0x00, 0x00, 0x00, 0x00, 0x00, 0x00, 0x00, 0x00, 0x00, 0x00, 0x00,
    0x00, 0x00, 0x00, 0x00, 0x00, 0x00, 0x00, 0x00, 0x00, 0x00, 0x00, 0x00,
    0x00, 0x00, 0x00, 0x00, 0x00, 0x00, 0x00, 0x00, 0x00, 0x00, 0x00, 0x00,
    0x00, 0x00, 0x00, 0x00, 0x00, 0x00, 0x00, 0x00, 0x00, 0x00, 0x00, 0x00,
    0x00, 0x00, 0x00, 0x00, 0x00, 0x00, 0x00, 0x00, 0x00, 0x00, 0x00, 0x00,
    0x00, 0x00, 0x00, 0x00, 0x00, 0x00, 0x00, 0x00, 0x00, 0x00, 0x00, 0x00,
    0x00, 0x00, 0x00, 0x00, 0x04, 0x04, 0x04, 0x00, 0x00, 0x00, 0x8c, 0x8c,
    0x8c, 0xf4, 0xf4, 0xf4, 0xf3, 0xf3, 0xf3, 0xf5, 0xf5, 0xf5, 0xff, 0xff,
    0xff, 0xff, 0xff, 0xff, 0x00, 0x00, 0xff, 0xff, 0xff, 0xff, 0xff, 0xff,
    0xff, 0xff, 0xff, 0xea, 0xea, 0xea, 0xf0, 0xf0, 0xf0, 0xee, 0xee, 0xee,
    0x41, 0x41, 0x41, 0x00, 0x00, 0x00, 0x04, 0x04, 0x04, 0x00, 0x00, 0x00,
    0x00, 0x00, 0x00, 0x00, 0x00, 0x00, 0x00, 0x00, 0x00, 0x00, 0x00, 0x00,
    0x00, 0x00, 0x00, 0x00, 0x00, 0x00, 0x00, 0x00, 0x00, 0x00, 0x00, 0x00,
    0x00, 0x00, 0x00, 0x00, 0x00, 0x00, 0x00, 0x00, 0x00, 0x00, 0x00, 0x00,
    0x00, 0x00, 0x00, 0x00, 0x00, 0x00, 0x00, 0x00, 0x00, 0x00, 0x00, 0x00,
    0x00, 0x00, 0x00, 0x00, 0x00, 0x00, 0x00, 0x00, 0x00, 0x00, 0x00, 0x00,
    0x00, 0x00, 0x00, 0x00, 0x00, 0x00, 0x00, 0x00, 0x00, 0x00, 0x00, 0x00,
    0x00, 0x00, 0x00, 0x00, 0x00, 0x00, 0x00, 0x00, 0x00, 0x04, 0x04, 0x04,
    0x00, 0x00, 0x00, 0x42, 0x42, 0x42, 0xef, 0xef, 0xef, 0xf0, 0xf0, 0xf0,
    0xea, 0xea, 0xea, 0xff, 0xff, 0xff, 0xff, 0xff, 0xff, 0xfe, 0xfe, 0xfe,
    0x00, 0x00, 0xff, 0xff, 0xff, 0xff, 0xff, 0xff, 0xff, 0xff, 0xff, 0xfa,
    0xfa, 0xfa, 0xeb, 0xeb, 0xeb, 0xee, 0xee, 0xee, 0xd8, 0xd8, 0xd8, 0x1d,
    0x1d, 0x1d, 0x00, 0x00, 0x00, 0x03, 0x03, 0x03, 0x00, 0x00, 0x00, 0x00,
    0x00, 0x00, 0x00, 0x00, 0x00, 0x00, 0x00, 0x00, 0x00, 0x00, 0x00, 0x00,
    0x00, 0x00, 0x00, 0x00, 0x00, 0x00, 0x00, 0x00, 0x00, 0x00, 0x00, 0x00,
    0x00, 0x00, 0x00, 0x00, 0x00, 0x00, 0x00, 0x00, 0x00, 0x00, 0x00, 0x00,
    0x00, 0x00, 0x00, 0x00, 0x00, 0x00, 0x00, 0x00, 0x00, 0x00, 0x00, 0x00,
    0x00, 0x00, 0x00, 0x00, 0x00, 0x00, 0x00, 0x00, 0x00, 0x00, 0x00, 0x00,
    0x00, 0x00, 0x00, 0x00, 0x00, 0x00, 0x00, 0x00, 0x00, 0x00, 0x00, 0x00,
    0x00, 0x00, 0x03, 0x03, 0x03, 0x00, 0x00, 0x00, 0x1e, 0x1e, 0x1e, 0xd8,
    0xd8, 0xd8, 0xee, 0xee, 0xee, 0xeb, 0xeb, 0xeb, 0xfa, 0xfa, 0xfa, 0xff,
    0xff, 0xff, 0xff, 0xff, 0xff, 0xff, 0xff, 0xff, 0x00, 0x00, 0xff, 0xff,
    0xff, 0xff, 0xff, 0xff, 0xff, 0xff, 0xff, 0xff, 0xff, 0xff, 0xf4, 0xf4,
    0xf4, 0xf4, 0xf4, 0xf4, 0xf1, 0xf1, 0xf1, 0xc4, 0xc4, 0xc4, 0x13, 0x13,
    0x13, 0x00, 0x00, 0x00, 0x04, 0x04, 0x04, 0x00, 0x00, 0x00, 0x00, 0x00,
    0x00, 0x00, 0x00, 0x00, 0x00, 0x00, 0x00, 0x00, 0x00, 0x00, 0x00, 0x00,
    0x00, 0x00, 0x00, 0x00, 0x00, 0x00, 0x00, 0x00, 0x00, 0x00, 0x00, 0x00,
    0x00, 0x00, 0x00, 0x00, 0x00, 0x00, 0x00, 0x00, 0x00, 0x00, 0x00, 0x00,
    0x00, 0x00, 0x00, 0x00, 0x00, 0x00, 0x00, 0x00, 0x00, 0x00, 0x00, 0x00,
    0x00, 0x00, 0x00, 0x00, 0x00, 0x00, 0x00, 0x00, 0x00, 0x00, 0x00, 0x00,
    0x00, 0x00, 0x00, 0x00, 0x00, 0x00, 0x00, 0x04, 0x04, 0x04, 0x00, 0x00,
    0x00, 0x13, 0x13, 0x13, 0xc5, 0xc5, 0xc5, 0xf1, 0xf1, 0xf1, 0xf4, 0xf4,
    0xf4, 0xf4, 0xf4, 0xf4, 0xff, 0xff, 0xff, 0xff, 0xff, 0xff, 0xff, 0xff,
    0xff, 0xff, 0xff, 0xff, 0x00, 0x00, 0xff, 0xff, 0xff, 0xff, 0xff, 0xff,
    0xff, 0xff, 0xff, 0xff, 0xff, 0xff, 0xff, 0xff, 0xff, 0xf2, 0xf2, 0xf2,
    0xf5, 0xf5, 0xf5, 0xf2, 0xf2, 0xf2, 0xc2, 0xc2, 0xc2, 0x1c, 0x1c, 0x1c,
    0x00, 0x00, 0x00, 0x04, 0x04, 0x04, 0x01, 0x01, 0x01, 0x00, 0x00, 0x00,
    0x00, 0x00, 0x00, 0x00, 0x00, 0x00, 0x00, 0x00, 0x00, 0x00, 0x00, 0x00,
    0x00, 0x00, 0x00, 0x00, 0x00, 0x00, 0x00, 0x00, 0x00, 0x00, 0x00, 0x00,
    0x00, 0x00, 0x00, 0x00, 0x00, 0x00, 0x00, 0x00, 0x00, 0x00, 0x00, 0x00,
    0x00, 0x00, 0x00, 0x00, 0x00, 0x00, 0x00, 0x00, 0x00, 0x00, 0x00, 0x00,
    0x00, 0x00, 0x00, 0x00, 0x00, 0x00, 0x00, 0x00, 0x00, 0x01, 0x01, 0x01,
    0x04, 0x04, 0x04, 0x00, 0x00, 0x00, 0x1c, 0x1c, 0x1c, 0xc3, 0xc3, 0xc3,
    0xf2, 0xf2, 0xf2, 0xf5, 0xf5, 0xf5, 0xf2, 0xf2, 0xf2, 0xff, 0xff, 0xff,
    0xff, 0xff, 0xff, 0xff, 0xff, 0xff, 0xff, 0xff, 0xff, 0xff, 0xff, 0xff,
    0x00, 0x00, 0xff, 0xff, 0xff, 0xff, 0xff, 0xff, 0xff, 0xff, 0xff, 0xfe,
    0xfe, 0xfe, 0xfe, 0xfe, 0xfe, 0xff, 0xff, 0xff, 0xf2, 0xf2, 0xf2, 0xf4,
    0xf4, 0xf4, 0xf1, 0xf1, 0xf1, 0xd3, 0xd3, 0xd3, 0x3d, 0x3d, 0x3d, 0x00,
    0x00, 0x00, 0x00, 0x00, 0x00, 0x04, 0x04, 0x04, 0x01, 0x01, 0x01, 0x00,
    0x00, 0x00, 0x00, 0x00, 0x00, 0x00, 0x00, 0x00, 0x00, 0x00, 0x00, 0x00,
    0x00, 0x00, 0x00, 0x00, 0x00, 0x00, 0x00, 0x00, 0x00, 0x00, 0x00, 0x00,
    0x00, 0x00, 0x00, 0x00, 0x00, 0x00, 0x00, 0x00, 0x00, 0x00, 0x00, 0x00,
    0x00, 0x00, 0x00, 0x00, 0x00, 0x00, 0x00, 0x00, 0x00, 0x00, 0x00, 0x01,
    0x01, 0x01, 0x04, 0x04, 0x04, 0x00, 0x00, 0x00, 0x00, 0x00, 0x00, 0x3e,
    0x3e, 0x3e, 0xd3, 0xd3, 0xd3, 0xf1, 0xf1, 0xf1, 0xf4, 0xf4, 0xf4, 0xf2,
    0xf2, 0xf2, 0xff, 0xff, 0xff, 0xfe, 0xfe, 0xfe, 0xfe, 0xfe, 0xfe, 0xff,
    0xff, 0xff, 0xff, 0xff, 0xff, 0xff, 0xff, 0xff, 0x00, 0x00, 0xff, 0xff,
    0xff, 0xff, 0xff, 0xff, 0xff, 0xff, 0xff, 0xff, 0xff, 0xff, 0xff, 0xff,
    0xff, 0xff, 0xff, 0xff, 0xff, 0xff, 0xff, 0xf4, 0xf4, 0xf4, 0xed, 0xed,
    0xed, 0xf2, 0xf2, 0xf2, 0xea, 0xea, 0xea, 0x7e, 0x7e, 0x7e, 0x0e, 0x0e,
    0x0e, 0x00, 0x00, 0x00, 0x00, 0x00, 0x00, 0x03, 0x03, 0x03, 0x03, 0x03,
    0x03, 0x02, 0x02, 0x02, 0x00, 0x00, 0x00, 0x00, 0x00, 0x00, 0x00, 0x00,
    0x00, 0x00, 0x00, 0x00, 0x00, 0x00, 0x00, 0x00, 0x00, 0x00, 0x00, 0x00,
    0x00, 0x00, 0x00, 0x00, 0x00, 0x00, 0x00, 0x00, 0x00, 0x00, 0x02, 0x02,
    0x02, 0x03, 0x03, 0x03, 0x03, 0x03, 0x03, 0x00, 0x00, 0x00, 0x00, 0x00,
    0x00, 0x0e, 0x0e, 0x0e, 0x7f, 0x7f, 0x7f, 0xeb, 0xeb, 0xeb, 0xf2, 0xf2,
    0xf2, 0xed, 0xed, 0xed, 0xf4, 0xf4, 0xf4, 0xff, 0xff, 0xff, 0xff, 0xff,
    0xff, 0xff, 0xff, 0xff, 0xff, 0xff, 0xff, 0xff, 0xff, 0xff, 0xff, 0xff,
    0xff, 0xff, 0xff, 0xff, 0x00, 0x00, 0xff, 0xff, 0xff, 0xff, 0xff, 0xff,
    0xff, 0xff, 0xff, 0xff, 0xff, 0xff, 0xff, 0xff, 0xff, 0xfe, 0xfe, 0xfe,
    0xff, 0xff, 0xff, 0xff, 0xff, 0xff, 0xf7, 0xf7, 0xf7, 0xec, 0xec, 0xec,
    0xf6, 0xf6, 0xf6, 0xf5, 0xf5, 0xf5, 0xcc, 0xcc, 0xcc, 0x67, 0x67, 0x67,
    0x14, 0x14, 0x14, 0x00, 0x00, 0x00, 0x00, 0x00, 0x00, 0x00, 0x00, 0x00,
    0x00, 0x00, 0x00, 0x00, 0x00, 0x00, 0x00, 0x00, 0x00, 0x00, 0x00, 0x00,
    0x00, 0x00, 0x00, 0x00, 0x00, 0x00, 0x00, 0x00, 0x00, 0x00, 0x00, 0x00,
    0x00, 0x00, 0x00, 0x00, 0x00, 0x00, 0x00, 0x00, 0x00, 0x00, 0x00, 0x00,
    0x00, 0x00, 0x00, 0x15, 0x15, 0x15, 0x68, 0x68, 0x68, 0xcc, 0xcc, 0xcc,
    0xf5, 0xf5, 0xf5, 0xf6, 0xf6, 0xf6, 0xec, 0xec, 0xec, 0xf8, 0xf8, 0xf8,
    0xff, 0xff, 0xff, 0xff, 0xff, 0xff, 0xff, 0xff, 0xff, 0xff, 0xff, 0xff,
    0xff, 0xff, 0xff, 0xff, 0xff, 0xff, 0xff, 0xff, 0xff, 0xff, 0xff, 0xff,
    0x00, 0x00, 0xff, 0xff, 0xff, 0xff, 0xff, 0xff, 0xff, 0xff, 0xff, 0xff,
    0xff, 0xff, 0xff, 0xff, 0xff, 0xff, 0xff, 0xff, 0xff, 0xff, 0xff, 0xfe,
    0xfe, 0xfe, 0xff, 0xff, 0xff, 0xfc, 0xfc, 0xfc, 0xf3, 0xf3, 0xf3, 0xe7,
    0xe7, 0xe7, 0xf8, 0xf8, 0xf8, 0xf4, 0xf4, 0xf4, 0xd8, 0xd8, 0xd8, 0x98,
    0x98, 0x98, 0x60, 0x60, 0x60, 0x32, 0x32, 0x32, 0x03, 0x03, 0x03, 0x00,
    0x00, 0x00, 0x00, 0x00, 0x00, 0x00, 0x00, 0x00, 0x00, 0x00, 0x00, 0x00,
    0x00, 0x00, 0x00, 0x00, 0x00, 0x00, 0x00, 0x00, 0x00, 0x00, 0x00, 0x03,
    0x03, 0x03, 0x32, 0x32, 0x32, 0x61, 0x61, 0x61, 0x98, 0x98, 0x98, 0xd8,
    0xd8, 0xd8, 0xf4, 0xf4, 0xf4, 0xf8, 0xf8, 0xf8, 0xe7, 0xe7, 0xe7, 0xf3,
    0xf3, 0xf3, 0xfc, 0xfc, 0xfc, 0xff, 0xff, 0xff, 0xfe, 0xfe, 0xfe, 0xff,
    0xff, 0xff, 0xff, 0xff, 0xff, 0xff, 0xff, 0xff, 0xff, 0xff, 0xff, 0xff,
    0xff, 0xff, 0xff, 0xff, 0xff, 0xff, 0xff, 0xff, 0x00, 0x00, 0xff, 0xff,
    0xff, 0xff, 0xff, 0xff, 0xff, 0xff, 0xff, 0xff, 0xff, 0xff, 0xff, 0xff,
    0xff, 0xff, 0xff, 0xff, 0xff, 0xff, 0xff, 0xff, 0xff, 0xff, 0xff, 0xff,
    0xff, 0xff, 0xff, 0xff, 0xff, 0xff, 0xff, 0xfb, 0xfb, 0xfb, 0xf0, 0xf0,
    0xf0, 0xea, 0xea, 0xea, 0xe5, 0xe5, 0xe5, 0xff, 0xff, 0xff, 0xf1, 0xf1,
    0xf1, 0x6a, 0x6a, 0x6a, 0x04, 0x04, 0x04, 0x02, 0x02, 0x02, 0x00, 0x00,
    0x00, 0x00, 0x00, 0x00, 0x00, 0x00, 0x00, 0x00, 0x00, 0x00, 0x00, 0x00,
    0x00, 0x00, 0x00, 0x00, 0x02, 0x02, 0x02, 0x04, 0x04, 0x04, 0x6b, 0x6b,
    0x6b, 0xf2, 0xf2, 0xf2, 0xff, 0xff, 0xff, 0xe5, 0xe5, 0xe5, 0xea, 0xea,
    0xea, 0xef, 0xef, 0xef, 0xfb, 0xfb, 0xfb, 0xff, 0xff, 0xff, 0xff, 0xff,
    0xff, 0xff, 0xff, 0xff, 0xff, 0xff, 0xff, 0xff, 0xff, 0xff, 0xff, 0xff,
    0xff, 0xff, 0xff, 0xff, 0xff, 0xff, 0xff, 0xff, 0xff, 0xff, 0xff, 0xff,
    0xff, 0xff, 0xff, 0xff, 0x00, 0x00, 0xff, 0xff, 0xff, 0xff, 0xff, 0xff,
    0xff, 0xff, 0xff, 0xff, 0xff, 0xff, 0xff, 0xff, 0xff, 0xff, 0xff, 0xff,
    0xff, 0xff, 0xff, 0xff, 0xff, 0xff, 0xff, 0xff, 0xff, 0xff, 0xff, 0xff,
    0xfe, 0xfe, 0xfe, 0xfe, 0xfe, 0xfe, 0xef, 0xef, 0xef, 0xea, 0xea, 0xea,
    0xf3, 0xf3, 0xf3, 0xa6, 0xa6, 0xa6, 0x1f, 0x1f, 0x1f, 0x00, 0x00, 0x00,
    0x00, 0x00, 0x00, 0x00, 0x00, 0x00, 0x00, 0x00, 0x00, 0x00, 0x00, 0x00,
    0x00, 0x00, 0x00, 0x00, 0x00, 0x00, 0x00, 0x00, 0x00, 0x00, 0x00, 0x00,
    0x00, 0x00, 0x00, 0x00, 0x00, 0x00, 0x00, 0x00, 0x00, 0x1f, 0x1f, 0x1f,
    0xa6, 0xa6, 0xa6, 0xf3, 0xf3, 0xf3, 0xea, 0xea, 0xea, 0xef, 0xef, 0xef,
    0xfe, 0xfe, 0xfe, 0xfe, 0xfe, 0xfe, 0xff, 0xff, 0xff, 0xff, 0xff, 0xff,
    0xff, 0xff, 0xff, 0xff, 0xff, 0xff, 0xff, 0xff, 0xff, 0xff, 0xff, 0xff,
    0xff, 0xff, 0xff, 0xff, 0xff, 0xff, 0xff, 0xff, 0xff, 0xff, 0xff, 0xff,
    0x00, 0x00, 0xff, 0xff, 0xff, 0xff, 0xff, 0xff, 0xff, 0xff, 0xff, 0xff,
    0xff, 0xff, 0xff, 0xff, 0xff, 0xff, 0xff, 0xff, 0xff, 0xff, 0xff, 0xff,
    0xff, 0xff, 0xff, 0xff, 0xff, 0xfe, 0xfe, 0xfe, 0xfe, 0xfe, 0xfe, 0xec,
    0xec, 0xec, 0xf7, 0xf7, 0xf7, 0xf3, 0xf3, 0xf3, 0x83, 0x83, 0x83, 0x00,
    0x00, 0x00, 0x00, 0x00, 0x00, 0x03, 0x03, 0x03, 0x00, 0x00, 0x00, 0x00,
    0x00, 0x00, 0x00, 0x00, 0x00, 0x00, 0x00, 0x00, 0x00, 0x00, 0x00, 0x00,
    0x00, 0x00, 0x00, 0x00, 0x00, 0x00, 0x00, 0x00, 0x00, 0x00, 0x00, 0x00,
    0x00, 0x00, 0x03, 0x03, 0x03, 0x00, 0x00, 0x00, 0x00, 0x00, 0x00, 0x84,
    0x84, 0x84, 0xf3, 0xf3, 0xf3, 0xf7, 0xf7, 0xf7, 0xec, 0xec, 0xec, 0xff,
    0xff, 0xff, 0xfe, 0xfe, 0xfe, 0xfe, 0xfe, 0xfe, 0xff, 0xff, 0xff, 0xff,
    0xff, 0xff, 0xff, 0xff, 0xff, 0xff, 0xff, 0xff, 0xff, 0xff, 0xff, 0xff,
    0xff, 0xff, 0xff, 0xff, 0xff, 0xff, 0xff, 0xff, 0x00, 0x00, 0xff, 0xff,
    0xff, 0xff, 0xff, 0xff, 0xff, 0xff, 0xff, 0xff, 0xff, 0xff, 0xff, 0xff,
    0xff, 0xff, 0xff, 0xff, 0xff, 0xff, 0xff, 0xff, 0xff, 0xff, 0xfe, 0xfe,
    0xfe, 0xff, 0xff, 0xff, 0xf4, 0xf4, 0xf4, 0xf6, 0xf6, 0xf6, 0xf3, 0xf3,
    0xf3, 0x94, 0x94, 0x94, 0x00, 0x00, 0x00, 0x03, 0x03, 0x03, 0x02, 0x02,
    0x02, 0x00, 0x00, 0x00, 0x00, 0x00, 0x00, 0x00, 0x00, 0x00, 0x00, 0x00,
    0x00, 0x00, 0x00, 0x00, 0x00, 0x00, 0x00, 0x00, 0x00, 0x00, 0x00, 0x00,
    0x00, 0x00, 0x00, 0x00, 0x00, 0x00, 0x00, 0x00, 0x00, 0x00, 0x00, 0x00,
    0x00, 0x02, 0x02, 0x02, 0x03, 0x03, 0x03, 0x00, 0x00, 0x00, 0x95, 0x95,
    0x95, 0xf3, 0xf3, 0xf3, 0xf6, 0xf6, 0xf6, 0xf4, 0xf4, 0xf4, 0xff, 0xff,
    0xff, 0xfe, 0xfe, 0xfe, 0xff, 0xff, 0xff, 0xff, 0xff, 0xff, 0xff, 0xff,
    0xff, 0xff, 0xff, 0xff, 0xff, 0xff, 0xff, 0xff, 0xff, 0xff, 0xff, 0xff,
    0xff, 0xff, 0xff, 0xff, 0x00, 0x00, 0xff, 0xff, 0xff, 0xff, 0xff, 0xff,
    0xff, 0xff, 0xff, 0xff, 0xff, 0xff, 0xff, 0xff, 0xff, 0xff, 0xff, 0xff,
    0xff, 0xff, 0xff, 0xff, 0xff, 0xff, 0xfe, 0xfe, 0xfe, 0xfe, 0xfe, 0xfe,
    0xe6, 0xe6, 0xe6, 0xf1, 0xf1, 0xf1, 0xd1, 0xd1, 0xd1, 0x0c, 0x0c, 0x0c,
    0x02, 0x02, 0x02, 0x02, 0x02, 0x02, 0x00, 0x00, 0x00, 0x00, 0x00, 0x00,
    0x00, 0x00, 0x00, 0x00, 0x00, 0x00, 0x00, 0x00, 0x00, 0x00, 0x00, 0x00,
    0x00, 0x00, 0x00, 0x00, 0x00, 0x00, 0x00, 0x00, 0x00, 0x00, 0x00, 0x00,
    0x00, 0x00, 0x00, 0x00, 0x00, 0x00, 0x00, 0x00, 0x00, 0x00, 0x00, 0x00,
    0x02, 0x02, 0x02, 0x02, 0x02, 0x02, 0x0d, 0x0d, 0x0d, 0xd2, 0xd2, 0xd2,
    0xf1, 0xf1, 0xf1, 0xe6, 0xe6, 0xe6, 0xfe, 0xfe, 0xfe, 0xff, 0xff, 0xff,
    0xff, 0xff, 0xff, 0xff, 0xff, 0xff, 0xff, 0xff, 0xff, 0xff, 0xff, 0xff,
    0xff, 0xff, 0xff, 0xff, 0xff, 0xff, 0xff, 0xff, 0xff, 0xff, 0xff, 0xff,
    0x00, 0x00, 0xff, 0xff, 0xff, 0xff, 0xff, 0xff, 0xff, 0xff, 0xff, 0xff,
    0xff, 0xff, 0xff, 0xff, 0xff, 0xff, 0xff, 0xff, 0xff, 0xff, 0xff, 0xff,
    0xff, 0xff, 0xff, 0xff, 0xff, 0xf7, 0xf7, 0xf7, 0xef, 0xef, 0xef, 0xf6,
    0xf6, 0xf6, 0x74, 0x74, 0x74, 0x00, 0x00, 0x00, 0x04, 0x04, 0x04, 0x00,
    0x00, 0x00, 0x00, 0x00, 0x00, 0x00, 0x00, 0x00, 0x00, 0x00, 0x00, 0x00,
    0x00, 0x00, 0x00, 0x00, 0x00, 0x00, 0x00, 0x00, 0x00, 0x00, 0x00, 0x00,
    0x00, 0x00, 0x00, 0x00, 0x00, 0x00, 0x00, 0x00, 0x00, 0x00, 0x00, 0x00,
    0x00, 0x00, 0x00, 0x00, 0x00, 0x00, 0x00, 0x00, 0x00, 0x00, 0x00, 0x04,
    0x04, 0x04, 0x00, 0x00, 0x00, 0x75, 0x75, 0x75, 0xf5, 0xf5, 0xf5, 0xee,
    0xee, 0xee, 0xf8, 0xf8, 0xf8, 0xff, 0xff, 0xff, 0xff, 0xff, 0xff, 0xff,
    0xff, 0xff, 0xff, 0xff, 0xff, 0xff, 0xff, 0xff, 0xff, 0xff, 0xff, 0xff,
    0xff, 0xff, 0xff, 0xff, 0xff, 0xff, 0xff, 0xff, 0x00, 0x00, 0xff, 0xff,
    0xff, 0xff, 0xff, 0xff, 0xff, 0xff, 0xff, 0xff, 0xff, 0xff, 0xff, 0xff,
    0xff, 0xff, 0xff, 0xff, 0xff, 0xff, 0xff, 0xff, 0xff, 0xff, 0xff, 0xff,
    0xff, 0xf2, 0xf2, 0xf2, 0xf5, 0xf5, 0xf5, 0xed, 0xed, 0xed, 0x37, 0x37,
    0x37, 0x01, 0x01, 0x01, 0x03, 0x03, 0x03, 0x00, 0x00, 0x00, 0x00, 0x00,
    0x00, 0x00, 0x00, 0x00, 0x00, 0x00, 0x00, 0x00, 0x00, 0x00, 0x00, 0x00,
    0x00, 0x00, 0x00, 0x00, 0x00, 0x00, 0x00, 0x00, 0x00, 0x00, 0x00, 0x00,
    0x00, 0x00, 0x00, 0x00, 0x00, 0x00, 0x00, 0x00, 0x00, 0x00, 0x00, 0x00,
    0x00, 0x00, 0x00, 0x00, 0x00, 0x00, 0x00, 0x03, 0x03, 0x03, 0x01, 0x01,
    0x01, 0x38, 0x38, 0x38, 0xee, 0xee, 0xee, 0xf5, 0xf5, 0xf5, 0xf2, 0xf2,
    0xf2, 0xff, 0xff, 0xff, 0xff, 0xff, 0xff, 0xff, 0xff, 0xff, 0xff, 0xff,
    0xff, 0xff, 0xff, 0xff, 0xff, 0xff, 0xff, 0xff, 0xff, 0xff, 0xff, 0xff,
    0xff, 0xff, 0xff, 0xff, 0x00, 0x00, 0xff, 0xff, 0xff, 0xff, 0xff, 0xff,
    0xff, 0xff, 0xff, 0xff, 0xff, 0xff, 0xff, 0xff, 0xff, 0xff, 0xff, 0xff,
    0xff, 0xff, 0xff, 0xff, 0xff, 0xff, 0xff, 0xff, 0xff, 0xef, 0xef, 0xef,
    0xf7, 0xf7, 0xf7, 0xe4, 0xe4, 0xe4, 0x23, 0x23, 0x23, 0x00, 0x00, 0x00,
    0x02, 0x02, 0x02, 0x00, 0x00, 0x00, 0x00, 0x00, 0x00, 0x00, 0x00, 0x00,
    0x00, 0x00, 0x00, 0x00, 0x00, 0x00, 0x00, 0x00, 0x00, 0x00, 0x00, 0x00,
    0x00, 0x00, 0x00, 0x00, 0x00, 0x00, 0x00, 0x00, 0x00, 0x00, 0x00, 0x00,
    0x00, 0x00, 0x00, 0x00, 0x00, 0x00, 0x00, 0x00, 0x00, 0x00, 0x00, 0x00,
    0x00, 0x00, 0x00, 0x02, 0x02, 0x02, 0x00, 0x00, 0x00, 0x23, 0x23, 0x23,
    0xe4, 0xe4, 0xe4, 0xf7, 0xf7, 0xf7, 0xf0, 0xf0, 0xf0, 0xff, 0xff, 0xff,
    0xff, 0xff, 0xff, 0xff, 0xff, 0xff, 0xff, 0xff, 0xff, 0xff, 0xff, 0xff,
    0xff, 0xff, 0xff, 0xff, 0xff, 0xff, 0xff, 0xff, 0xff, 0xff, 0xff, 0xff,
    0x00, 0x00, 0xff, 0xff, 0xff, 0xff, 0xff, 0xff, 0xff, 0xff, 0xff, 0xff,
    0xff, 0xff, 0xff, 0xff, 0xff, 0xff, 0xff, 0xff, 0xff, 0xff, 0xff, 0xff,
    0xff, 0xff, 0xff, 0xff, 0xff, 0xf2, 0xf2, 0xf2, 0xf6, 0xf6, 0xf6, 0xe9,
    0xe9, 0xe9, 0x2c, 0x2c, 0x2c, 0x00, 0x00, 0x00, 0x02, 0x02, 0x02, 0x00,
    0x00, 0x00, 0x00, 0x00, 0x00, 0x00, 0x00, 0x00, 0x00, 0x00, 0x00, 0x00,
    0x00, 0x00, 0x00, 0x00, 0x00, 0x00, 0x00, 0x00, 0x00, 0x00, 0x00, 0x00,
    0x00, 0x00, 0x00, 0x00, 0x00, 0x00, 0x00, 0x00, 0x00, 0x00, 0x00, 0x00,
    0x00, 0x00, 0x00, 0x00, 0x00, 0x00, 0x00, 0x00, 0x00, 0x00, 0x00, 0x02,
    0x02, 0x02, 0x00, 0x00, 0x00, 0x2d, 0x2d, 0x2d, 0xea, 0xea, 0xea, 0xf6,
    0xf6, 0xf6, 0xf1, 0xf1, 0xf1, 0xff, 0xff, 0xff, 0xff, 0xff, 0xff, 0xff,
    0xff, 0xff, 0xff, 0xff, 0xff, 0xff, 0xff, 0xff, 0xff, 0xff, 0xff, 0xff,
    0xff, 0xff, 0xff, 0xff, 0xff, 0xff, 0xff, 0xff, 0x00, 0x00, 0xff, 0xff,
    0xff, 0xff, 0xff, 0xff, 0xff, 0xff, 0xff, 0xff, 0xff, 0xff, 0xff, 0xff,
    0xff, 0xff, 0xff, 0xff, 0xff, 0xff, 0xff, 0xff, 0xff, 0xff, 0xff, 0xff,
    0xff, 0xf5, 0xf5, 0xf5, 0xf2, 0xf2, 0xf2, 0xf5, 0xf5, 0xf5, 0x5a, 0x5a,
    0x5a, 0x01, 0x01, 0x01, 0x04, 0x04, 0x04, 0x00, 0x00, 0x00, 0x00, 0x00,
    0x00, 0x00, 0x00, 0x00, 0x00, 0x00, 0x00, 0x00, 0x00, 0x00, 0x00, 0x00,
    0x00, 0x00, 0x00, 0x00, 0x00, 0x00, 0x00, 0x00, 0x00, 0x00, 0x00, 0x00,
    0x00, 0x00, 0x00, 0x00, 0x00, 0x00, 0x00, 0x00, 0x00, 0x00, 0x00, 0x00,
    0x00, 0x00, 0x00, 0x00, 0x00, 0x00, 0x00, 0x04, 0x04, 0x04, 0x00, 0x00,
    0x00, 0x5c, 0x5c, 0x5c, 0xf5, 0xf5, 0xf5, 0xf2, 0xf2, 0xf2, 0xf6, 0xf6,
    0xf6, 0xff, 0xff, 0xff, 0xff, 0xff, 0xff, 0xff, 0xff, 0xff, 0xff, 0xff,
    0xff, 0xff, 0xff, 0xff, 0xff, 0xff, 0xff, 0xff, 0xff, 0xff, 0xff, 0xff,
    0xff, 0xff, 0xff, 0xff, 0x00, 0x00, 0xff, 0xff, 0xff, 0xff, 0xff, 0xff,
    0xff, 0xff, 0xff, 0xff, 0xff, 0xff, 0xff, 0xff, 0xff, 0xff, 0xff, 0xff,
    0xff, 0xff, 0xff, 0xfe, 0xfe, 0xfe, 0xff, 0xff, 0xff, 0xfc, 0xfc, 0xfc,
    0xe6, 0xe6, 0xe6, 0xf2, 0xf2, 0xf2, 0xb4, 0xb4, 0xb4, 0x00, 0x00, 0x00,
    0x04, 0x04, 0x04, 0x00, 0x00, 0x00, 0x00, 0x00, 0x00, 0x00, 0x00, 0x00,
    0x00, 0x00, 0x00, 0x00, 0x00, 0x00, 0x00, 0x00, 0x00, 0x00, 0x00, 0x00,
    0x00, 0x00, 0x00, 0x00, 0x00, 0x00, 0x00, 0x00, 0x00, 0x00, 0x00, 0x00,
    0x00, 0x00, 0x00, 0x00, 0x00, 0x00, 0x00, 0x00, 0x00, 0x00, 0x00, 0x00,
    0x00, 0x00, 0x00, 0x04, 0x04, 0x04, 0x00, 0x00, 0x00, 0xb5, 0xb5, 0xb5,
    0xf2, 0xf2, 0xf2, 0xe6, 0xe6, 0xe6, 0xfc, 0xfc, 0xfc, 0xff, 0xff, 0xff,
    0xfe, 0xfe, 0xfe, 0xff, 0xff, 0xff, 0xff, 0xff, 0xff, 0xff, 0xff, 0xff,
    0xff, 0xff, 0xff, 0xff, 0xff, 0xff, 0xff, 0xff, 0xff, 0xff, 0xff, 0xff,
    0x00, 0x00, 0xff, 0xff, 0xff, 0xff, 0xff, 0xff, 0xff, 0xff, 0xff, 0xff,
    0xff, 0xff, 0xff, 0xff, 0xff, 0xff, 0xff, 0xff, 0xff, 0xff, 0xff, 0xff,
    0xff, 0xff, 0xff, 0xff, 0xff, 0xff, 0xff, 0xff, 0xef, 0xef, 0xef, 0xf4,
    0xf4, 0xf4, 0xf2, 0xf2, 0xf2, 0x5d, 0x5d, 0x5d, 0x00, 0x00, 0x00, 0x06,
    0x06, 0x06, 0x00, 0x00, 0x00, 0x00, 0x00, 0x00, 0x00, 0x00, 0x00, 0x00,
    0x00, 0x00, 0x00, 0x00, 0x00, 0x00, 0x00, 0x00, 0x00, 0x00, 0x00, 0x00,
    0x00, 0x00, 0x00, 0x00, 0x00, 0x00, 0x00, 0x00, 0x00, 0x00, 0x00, 0x00,
    0x00, 0x00, 0x00, 0x00, 0x00, 0x00, 0x00, 0x00, 0x06, 0x06, 0x06, 0x00,
    0x00, 0x00, 0x5e, 0x5e, 0x5e, 0xf2, 0xf2, 0xf2, 0xf4, 0xf4, 0xf4, 0xef,
    0xef, 0xef, 0xff, 0xff, 0xff, 0xff, 0xff, 0xff, 0xff, 0xff, 0xff, 0xff,
    0xff, 0xff, 0xff, 0xff, 0xff, 0xff, 0xff, 0xff, 0xff, 0xff, 0xff, 0xff,
    0xff, 0xff, 0xff, 0xff, 0xff, 0xff, 0xff, 0xff, 0x00, 0x00, 0xff, 0xff,
    0xff, 0xff, 0xff, 0xff, 0xff, 0xff, 0xff, 0xff, 0xff, 0xff, 0xff, 0xff,
    0xff, 0xff, 0xff, 0xff, 0xff, 0xff, 0xff, 0xff, 0xff, 0xff, 0xff, 0xff,
    0xff, 0xff, 0xff, 0xff, 0xfd, 0xfd, 0xfd, 0xeb, 0xeb, 0xeb, 0xed, 0xed,
    0xed, 0xe7, 0xe7, 0xe7, 0x43, 0x43, 0x43, 0x00, 0x00, 0x00, 0x02, 0x02,
    0x02, 0x03, 0x03, 0x03, 0x00, 0x00, 0x00, 0x00, 0x00, 0x00, 0x00, 0x00,
    0x00, 0x00, 0x00, 0x00, 0x00, 0x00, 0x00, 0x00, 0x00, 0x00, 0x00, 0x00,
    0x00, 0x00, 0x00, 0x00, 0x00, 0x00, 0x00, 0x00, 0x00, 0x00, 0x03, 0x03,
    0x03, 0x02, 0x02, 0x02, 0x00, 0x00, 0x00, 0x44, 0x44, 0x44, 0xe7, 0xe7,
    0xe7, 0xed, 0xed, 0xed, 0xeb, 0xeb, 0xeb, 0xfd, 0xfd, 0xfd, 0xfe, 0xfe,
    0xfe, 0xff, 0xff, 0xff, 0xff, 0xff, 0xff, 0xff, 0xff, 0xff, 0xff, 0xff,
    0xff, 0xff, 0xff, 0xff, 0xff, 0xff, 0xff, 0xff, 0xff, 0xff, 0xff, 0xff,
    0xff, 0xff, 0xff, 0xff, 0x00, 0x00, 0xff, 0xff, 0xff, 0xff, 0xff, 0xff,
    0xff, 0xff, 0xff, 0xff, 0xff, 0xff, 0xff, 0xff, 0xff, 0xff, 0xff, 0xff,
    0xff, 0xff, 0xff, 0xff, 0xff, 0xff, 0xff, 0xff, 0xff, 0xfe, 0xfe, 0xfe,
    0xff, 0xff, 0xff, 0xf8, 0xf8, 0xf8, 0xed, 0xed, 0xed, 0xee, 0xee, 0xee,
    0xe8, 0xe8, 0xe8, 0x64, 0x64, 0x64, 0x00, 0x00, 0x00, 0x00, 0x00, 0x00,
    0x00, 0x00, 0x00, 0x00, 0x00, 0x00, 0x00, 0x00, 0x00, 0x00, 0x00, 0x00,
    0x00, 0x00, 0x00, 0x00, 0x00, 0x00, 0x00, 0x00, 0x00, 0x00, 0x00, 0x00,
    0x00, 0x00, 0x00, 0x00, 0x00, 0x00, 0x00, 0x00, 0x00, 0x00, 0x00, 0x00,
    0x65, 0x65, 0x65, 0xe8, 0xe8, 0xe8, 0xee, 0xee, 0xee, 0xec, 0xec, 0xec,
    0xf8, 0xf8, 0xf8, 0xff, 0xff, 0xff, 0xfe, 0xfe, 0xfe, 0xff, 0xff, 0xff,
    0xff, 0xff, 0xff, 0xff, 0xff, 0xff, 0xff, 0xff, 0xff, 0xff, 0xff, 0xff,
    0xff, 0xff, 0xff, 0xff, 0xff, 0xff, 0xff, 0xff, 0xff, 0xff, 0xff, 0xff,
    0x00, 0x00, 0xff, 0xff, 0xff, 0xff, 0xff, 0xff, 0xff, 0xff, 0xff, 0xff,
    0xff, 0xff, 0xff, 0xff, 0xff, 0xff, 0xff, 0xff, 0xff, 0xff, 0xff, 0xff,
    0xff, 0xff, 0xff, 0xff, 0xff, 0xff, 0xff, 0xff, 0xff, 0xff, 0xff, 0xff,
    0xff, 0xff, 0xf7, 0xf7, 0xf7, 0xec, 0xec, 0xec, 0xf5, 0xf5, 0xf5, 0xf3,
    0xf3, 0xf3, 0xb1, 0xb1, 0xb1, 0x41, 0x41, 0x41, 0x08, 0x08, 0x08, 0x01,
    0x01, 0x01, 0x00, 0x00, 0x00, 0x00, 0x00, 0x00, 0x00, 0x00, 0x00, 0x00,
    0x00, 0x00, 0x00, 0x00, 0x00, 0x00, 0x00, 0x00, 0x01, 0x01, 0x01, 0x08,
    0x08, 0x08, 0x42, 0x42, 0x42, 0xb2, 0xb2, 0xb2, 0xf3, 0xf3, 0xf3, 0xf5,
    0xf5, 0xf5, 0xed, 0xed, 0xed, 0xf7, 0xf7, 0xf7, 0xff, 0xff, 0xff, 0xff,
    0xff, 0xff, 0xff, 0xff, 0xff, 0xff, 0xff, 0xff, 0xff, 0xff, 0xff, 0xff,
    0xff, 0xff, 0xff, 0xff, 0xff, 0xff, 0xff, 0xff, 0xff, 0xff, 0xff, 0xff,
    0xff, 0xff, 0xff, 0xff, 0xff, 0xff, 0xff, 0xff, 0x00, 0x00, 0xff, 0xff,
    0xff, 0xff, 0xff, 0xff, 0xff, 0xff, 0xff, 0xff, 0xff, 0xff, 0xff, 0xff,
    0xff, 0xff, 0xff, 0xff, 0xff, 0xff, 0xff, 0xff, 0xff, 0xff, 0xff, 0xff,
    0xff, 0xff, 0xff, 0xff, 0xff, 0xff, 0xff, 0xff, 0xff, 0xff, 0xff, 0xff,
    0xff, 0xfa, 0xfa, 0xfa, 0xf1, 0xf1, 0xf1, 0xe7, 0xe7, 0xe7, 0xed, 0xed,
    0xed, 0xfe, 0xfe, 0xfe, 0x8c, 0x8c, 0x8c, 0x01, 0x01, 0x01, 0x02, 0x02,
    0x02, 0x00, 0x00, 0x00, 0x00, 0x00, 0x00, 0x00, 0x00, 0x00, 0x00, 0x00,
    0x00, 0x02, 0x02, 0x02, 0x01, 0x01, 0x01, 0x8d, 0x8d, 0x8d, 0xfe, 0xfe,
    0xfe, 0xed, 0xed, 0xed, 0xe7, 0xe7, 0xe7, 0xf1, 0xf1, 0xf1, 0xfa, 0xfa,
    0xfa, 0xff, 0xff, 0xff, 0xff, 0xff, 0xff, 0xff, 0xff, 0xff, 0xff, 0xff,
    0xff, 0xff, 0xff, 0xff, 0xff, 0xff, 0xff, 0xff, 0xff, 0xff, 0xff, 0xff,
    0xff, 0xff, 0xff, 0xff, 0xff, 0xff, 0xff, 0xff, 0xff, 0xff, 0xff, 0xff,
    0xff, 0xff, 0xff, 0xff, 0x00, 0x00, 0xff, 0xff, 0xff, 0xff, 0xff, 0xff,
    0xff, 0xff, 0xff, 0xff, 0xff, 0xff, 0xff, 0xff, 0xff, 0xff, 0xff, 0xff,
    0xff, 0xff, 0xff, 0xff, 0xff, 0xff, 0xff, 0xff, 0xff, 0xff, 0xff, 0xff,
    0xff, 0xff, 0xff, 0xff, 0xff, 0xff, 0xfe, 0xfe, 0xfe, 0xff, 0xff, 0xff,
    0xfa, 0xfa, 0xfa, 0xec, 0xec, 0xec, 0xeb, 0xeb, 0xeb, 0xc6, 0xc6, 0xc6,
    0x1d, 0x1d, 0x1d, 0x01, 0x01, 0x01, 0x01, 0x01, 0x01, 0x00, 0x00, 0x00,
    0x00, 0x00, 0x00, 0x00, 0x00, 0x00, 0x00, 0x00, 0x00, 0x01, 0x01, 0x01,
    0x01, 0x01, 0x01, 0x1d, 0x1d, 0x1d, 0xc6, 0xc6, 0xc6, 0xeb, 0xeb, 0xeb,
    0xeb, 0xeb, 0xeb, 0xfa, 0xfa, 0xfa, 0xff, 0xff, 0xff, 0xff, 0xff, 0xff,
    0xff, 0xff, 0xff, 0xff, 0xff, 0xff, 0xff, 0xff, 0xff, 0xff, 0xff, 0xff,
    0xff, 0xff, 0xff, 0xff, 0xff, 0xff, 0xff, 0xff, 0xff, 0xff, 0xff, 0xff,
    0xff, 0xff, 0xff, 0xff, 0xff, 0xff, 0xff, 0xff, 0xff, 0xff, 0xff, 0xff,
    0x00, 0x00, 0xff, 0xff, 0xff, 0xff, 0xff, 0xff, 0xff, 0xff, 0xff, 0xff,
    0xff, 0xff, 0xff, 0xff, 0xff, 0xff, 0xff, 0xff, 0xff, 0xff, 0xff, 0xff,
    0xff, 0xff, 0xff, 0xff, 0xff, 0xff, 0xff, 0xff, 0xff, 0xff, 0xff, 0xff,
    0xff, 0xff, 0xfe, 0xfe, 0xfe, 0xff, 0xff, 0xff, 0xef, 0xef, 0xef, 0xf5,
    0xf5, 0xf5, 0xed, 0xed, 0xed, 0x38, 0x38, 0x38, 0x00, 0x00, 0x00, 0x03,
    0x03, 0x03, 0x00, 0x00, 0x00, 0x00, 0x00, 0x00, 0x00, 0x00, 0x00, 0x00,
    0x00, 0x00, 0x00, 0x00, 0x00, 0x00, 0x00, 0x00, 0x03, 0x03, 0x03, 0x00,
    0x00, 0x00, 0x39, 0x39, 0x39, 0xee, 0xee, 0xee, 0xf5, 0xf5, 0xf5, 0xef,
    0xef, 0xef, 0xff, 0xff, 0xff, 0xfe, 0xfe, 0xfe, 0xff, 0xff, 0xff, 0xff,
    0xff, 0xff, 0xff, 0xff, 0xff, 0xff, 0xff, 0xff, 0xff, 0xff, 0xff, 0xff,
    0xff, 0xff, 0xff, 0xff, 0xff, 0xff, 0xff, 0xff, 0xff, 0xff, 0xff, 0xff,
    0xff, 0xff, 0xff, 0xff, 0xff, 0xff, 0xff, 0xff, 0x00, 0x00, 0xff, 0xff,
    0xff, 0xff, 0xff, 0xff, 0xff, 0xff, 0xff, 0xff, 0xff, 0xff, 0xff, 0xff,
    0xff, 0xff, 0xff, 0xff, 0xff, 0xff, 0xff, 0xff, 0xff, 0xff, 0xff, 0xff,
    0xff, 0xff, 0xff, 0xff, 0xff, 0xff, 0xff, 0xff, 0xff, 0xff, 0xff, 0xff,
    0xff, 0xff, 0xff, 0xff, 0xe9, 0xe9, 0xe9, 0xf7, 0xf7, 0xf7, 0xc3, 0xc3,
    0xc3, 0x02, 0x02, 0x02, 0x01, 0x01, 0x01, 0x00, 0x00, 0x00, 0x00, 0x00,
    0x00, 0x00, 0x00, 0x00, 0x00, 0x00, 0x00, 0x00, 0x00, 0x00, 0x00, 0x00,
    0x00, 0x00, 0x00, 0x00, 0x00, 0x00, 0x00, 0x01, 0x01, 0x01, 0x02, 0x02,
    0x02, 0xc4, 0xc4, 0xc4, 0xf7, 0xf7, 0xf7, 0xe9, 0xe9, 0xe9, 0xff, 0xff,
    0xff, 0xfe, 0xfe, 0xfe, 0xff, 0xff, 0xff, 0xff, 0xff, 0xff, 0xff, 0xff,
    0xff, 0xff, 0xff, 0xff, 0xff, 0xff, 0xff, 0xff, 0xff, 0xff, 0xff, 0xff,
    0xff, 0xff, 0xff, 0xff, 0xff, 0xff, 0xff, 0xff, 0xff, 0xff, 0xff, 0xff,
    0xff, 0xff, 0xff, 0xff, 0x00, 0x00, 0xff, 0xff, 0xff, 0xff, 0xff, 0xff,
    0xff, 0xff, 0xff, 0xff, 0xff, 0xff, 0xff, 0xff, 0xff, 0xff, 0xff, 0xff,
    0xff, 0xff, 0xff, 0xff, 0xff, 0xff, 0xff, 0xff, 0xff, 0xff, 0xff, 0xff,
    0xff, 0xff, 0xff, 0xfe, 0xfe, 0xfe, 0xff, 0xff, 0xff, 0xff, 0xff, 0xff,
    0xe7, 0xe7, 0xe7, 0xf7, 0xf7, 0xf7, 0xbc, 0xbc, 0xbc, 0x00, 0x00, 0x00,
    0x01, 0x01, 0x01, 0x00, 0x00, 0x00, 0x00, 0x00, 0x00, 0x00, 0x00, 0x00,
    0x00, 0x00, 0x00, 0x00, 0x00, 0x00, 0x00, 0x00, 0x00, 0x00, 0x00, 0x00,
    0x00, 0x00, 0x00, 0x01, 0x01, 0x01, 0x00, 0x00, 0x00, 0xbd, 0xbd, 0xbd,
    0xf7, 0xf7, 0xf7, 0xe8, 0xe8, 0xe8, 0xff, 0xff, 0xff, 0xff, 0xff, 0xff,
    0xff, 0xff, 0xff, 0xff, 0xff, 0xff, 0xff, 0xff, 0xff, 0xff, 0xff, 0xff,
    0xff, 0xff, 0xff, 0xff, 0xff, 0xff, 0xff, 0xff, 0xff, 0xff, 0xff, 0xff,
    0xff, 0xff, 0xff, 0xff, 0xff, 0xff, 0xff, 0xff, 0xff, 0xff, 0xff, 0xff,
    0x00, 0x00, 0xff, 0xff, 0xff, 0xff, 0xff, 0xff, 0xff, 0xff, 0xff, 0xff,
    0xff, 0xff, 0xff, 0xff, 0xff, 0xff, 0xff, 0xff, 0xff, 0xff, 0xff, 0xff,
    0xff, 0xff, 0xff, 0xff, 0xff, 0xff, 0xff, 0xff, 0xff, 0xff, 0xff, 0xff,
    0xff, 0xff, 0xff, 0xff, 0xff, 0xff, 0xff, 0xff, 0xec, 0xec, 0xec, 0xf5,
    0xf5, 0xf5, 0xe2, 0xe2, 0xe2, 0x1b, 0x1b, 0x1b, 0x01, 0x01, 0x01, 0x03,
    0x03, 0x03, 0x00, 0x00, 0x00, 0x00, 0x00, 0x00, 0x00, 0x00, 0x00, 0x00,
    0x00, 0x00, 0x00, 0x00, 0x00, 0x00, 0x00, 0x00, 0x04, 0x04, 0x04, 0x01,
    0x01, 0x01, 0x1c, 0x1c, 0x1c, 0xe3, 0xe3, 0xe3, 0xf5, 0xf5, 0xf5, 0xed,
    0xed, 0xed, 0xff, 0xff, 0xff, 0xff, 0xff, 0xff, 0xff, 0xff, 0xff, 0xff,
    0xff, 0xff, 0xff, 0xff, 0xff, 0xff, 0xff, 0xff, 0xff, 0xff, 0xff, 0xff,
    0xff, 0xff, 0xff, 0xff, 0xff, 0xff, 0xff, 0xff, 0xff, 0xff, 0xff, 0xff,
    0xff, 0xff, 0xff, 0xff, 0xff, 0xff, 0xff, 0xff, 0x00, 0x00, 0xff, 0xff,
    0xff, 0xff, 0xff, 0xff, 0xff, 0xff, 0xff, 0xff, 0xff, 0xff, 0xff, 0xff,
    0xff, 0xff, 0xff, 0xff, 0xff, 0xff, 0xff, 0xff, 0xff, 0xff, 0xff, 0xff,
    0xff, 0xff, 0xff, 0xff, 0xff, 0xff, 0xff, 0xff, 0xff, 0xff, 0xfe, 0xfe,
    0xfe, 0xff, 0xff, 0xff, 0xf6, 0xf6, 0xf6, 0xf4, 0xf4, 0xf4, 0xf2, 0xf2,
    0xf2, 0x9d, 0x9d, 0x9d, 0x00, 0x00, 0x00, 0x00, 0x00, 0x00, 0x04, 0x04,
    0x04, 0x03, 0x03, 0x03, 0x02, 0x02, 0x02, 0x02, 0x02, 0x02, 0x03, 0x03,
    0x03, 0x04, 0x04, 0x04, 0x00, 0x00, 0x00, 0x00, 0x00, 0x00, 0x9f, 0x9f,
    0x9f, 0xf2, 0xf2, 0xf2, 0xf4, 0xf4, 0xf4, 0xf7, 0xf7, 0xf7, 0xff, 0xff,
    0xff, 0xfe, 0xfe, 0xfe, 0xff, 0xff, 0xff, 0xff, 0xff, 0xff, 0xff, 0xff,
    0xff, 0xff, 0xff, 0xff, 0xff, 0xff, 0xff, 0xff, 0xff, 0xff, 0xff, 0xff,
    0xff, 0xff, 0xff, 0xff, 0xff, 0xff, 0xff, 0xff, 0xff, 0xff, 0xff, 0xff,
    0xff, 0xff, 0xff, 0xff, 0x00, 0x00, 0xff, 0xff, 0xff, 0xff, 0xff, 0xff,
    0xff, 0xff, 0xff, 0xff, 0xff, 0xff, 0xff, 0xff, 0xff, 0xff, 0xff, 0xff,
    0xff, 0xff, 0xff, 0xff, 0xff, 0xff, 0xff, 0xff, 0xff, 0xff, 0xff, 0xff,
    0xff, 0xff, 0xff, 0xff, 0xff, 0xff, 0xff, 0xff, 0xff, 0xff, 0xff, 0xff,
    0xff, 0xff, 0xff, 0xeb, 0xeb, 0xeb, 0xf7, 0xf7, 0xf7, 0xf2, 0xf2, 0xf2,
    0x9a, 0x9a, 0x9a, 0x19, 0x19, 0x19, 0x00, 0x00, 0x00, 0x00, 0x00, 0x00,
    0x00, 0x00, 0x00, 0x00, 0x00, 0x00, 0x00, 0x00, 0x00, 0x00, 0x00, 0x00,
    0x19, 0x19, 0x19, 0x9b, 0x9b, 0x9b, 0xf1, 0xf1, 0xf1, 0xf7, 0xf7, 0xf7,
    0xec, 0xec, 0xec, 0xff, 0xff, 0xff, 0xff, 0xff, 0xff, 0xff, 0xff, 0xff,
    0xff, 0xff, 0xff, 0xff, 0xff, 0xff, 0xff, 0xff, 0xff, 0xff, 0xff, 0xff,
    0xff, 0xff, 0xff, 0xff, 0xff, 0xff, 0xff, 0xff, 0xff, 0xff, 0xff, 0xff,
    0xff, 0xff, 0xff, 0xff, 0xff, 0xff, 0xff, 0xff, 0xff, 0xff, 0xff, 0xff,
    0x00, 0x00, 0xff, 0xff, 0xff, 0xff, 0xff, 0xff, 0xff, 0xff, 0xff, 0xff,
    0xff, 0xff, 0xff, 0xff, 0xff, 0xff, 0xff, 0xff, 0xff, 0xff, 0xff, 0xff,
    0xff, 0xff, 0xff, 0xff, 0xff, 0xff, 0xff, 0xff, 0xff, 0xff, 0xff, 0xff,
    0xff, 0xff, 0xff, 0xff, 0xff, 0xff, 0xff, 0xff, 0xff, 0xff, 0xff, 0xfd,
    0xfd, 0xfd, 0xf0, 0xf0, 0xf0, 0xf8, 0xf8, 0xf8, 0xf6, 0xf6, 0xf6, 0xd8,
    0xd8, 0xd8, 0x8c, 0x8c, 0x8c, 0x52, 0x52, 0x52, 0x35, 0x35, 0x35, 0x35,
    0x35, 0x35, 0x52, 0x52, 0x52, 0x8d, 0x8d, 0x8d, 0xd8, 0xd8, 0xd8, 0xf6,
    0xf6, 0xf6, 0xf8, 0xf8, 0xf8, 0xee, 0xee, 0xee, 0xfe, 0xfe, 0xfe, 0xff,
    0xff, 0xff, 0xff, 0xff, 0xff, 0xff, 0xff, 0xff, 0xff, 0xff, 0xff, 0xff,
    0xff, 0xff, 0xff, 0xff, 0xff, 0xff, 0xff, 0xff, 0xff, 0xff, 0xff, 0xff,
    0xff, 0xff, 0xff, 0xff, 0xff, 0xff, 0xff, 0xff, 0xff, 0xff, 0xff, 0xff,
    0xff, 0xff, 0xff, 0xff, 0xff, 0xff, 0xff, 0xff, 0x00, 0x00, 0xff, 0xff,
    0xff, 0xff, 0xff, 0xff, 0xff, 0xff, 0xff, 0xff, 0xff, 0xff, 0xff, 0xff,
    0xff, 0xff, 0xff, 0xff, 0xff, 0xff, 0xff, 0xff, 0xff, 0xff, 0xff, 0xff,
    0xff, 0xff, 0xff, 0xff, 0xff, 0xff, 0xff, 0xff, 0xff, 0xff, 0xff, 0xff,
    0xff, 0xff, 0xff, 0xff, 0xff, 0xff, 0xff, 0xff, 0xff, 0xff, 0xfe, 0xfe,
    0xfe, 0xf5, 0xf5, 0xf5, 0xeb, 0xeb, 0xeb, 0xf6, 0xf6, 0xf6, 0xfd, 0xfd,
    0xfd, 0xf7, 0xf7, 0xf7, 0xee, 0xee, 0xee, 0xee, 0xee, 0xee, 0xf7, 0xf7,
    0xf7, 0xfd, 0xfd, 0xfd, 0xf5, 0xf5, 0xf5, 0xea, 0xea, 0xea, 0xf4, 0xf4,
    0xf4, 0xfe, 0xfe, 0xfe, 0xff, 0xff, 0xff, 0xff, 0xff, 0xff, 0xff, 0xff,
    0xff, 0xff, 0xff, 0xff, 0xff, 0xff, 0xff, 0xff, 0xff, 0xff, 0xff, 0xff,
    0xff, 0xff, 0xff, 0xff, 0xff, 0xff, 0xff, 0xff, 0xff, 0xff, 0xff, 0xff,
    0xff, 0xff, 0xff, 0xff, 0xff, 0xff, 0xff, 0xff, 0xff, 0xff, 0xff, 0xff,
    0xff, 0xff, 0xff, 0xff, 0x00, 0x00, 0xff, 0xff, 0xff, 0xff, 0xff, 0xff,
    0xff, 0xff, 0xff, 0xff, 0xff, 0xff, 0xff, 0xff, 0xff, 0xff, 0xff, 0xff,
    0xff, 0xff, 0xff, 0xff, 0xff, 0xff, 0xff, 0xff, 0xff, 0xff, 0xff, 0xff,
    0xff, 0xff, 0xff, 0xff, 0xff, 0xff, 0xff, 0xff, 0xff, 0xff, 0xff, 0xff,
    0xff, 0xff, 0xff, 0xff, 0xff, 0xff, 0xff, 0xff, 0xff, 0xff, 0xff, 0xff,
    0xfc, 0xfc, 0xfc, 0xf5, 0xf5, 0xf5, 0xec, 0xec, 0xec, 0xe6, 0xe6, 0xe6,
    0xe5, 0xe5, 0xe5, 0xe5, 0xe5, 0xe5, 0xe6, 0xe6, 0xe6, 0xec, 0xec, 0xec,
    0xf5, 0xf5, 0xf5, 0xfc, 0xfc, 0xfc, 0xff, 0xff, 0xff, 0xff, 0xff, 0xff,
    0xff, 0xff, 0xff, 0xff, 0xff, 0xff, 0xff, 0xff, 0xff, 0xff, 0xff, 0xff,
    0xff, 0xff, 0xff, 0xff, 0xff, 0xff, 0xff, 0xff, 0xff, 0xff, 0xff, 0xff,
    0xff, 0xff, 0xff, 0xff, 0xff, 0xff, 0xff, 0xff, 0xff, 0xff, 0xff, 0xff,
    0xff, 0xff, 0xff, 0xff, 0xff, 0xff, 0xff, 0xff, 0xff, 0xff, 0xff, 0xff,
    0x00, 0x00
};
static const unsigned int black_pawn_bmp_len = 6494;

/* black_queen.bmp (6494 bytes, 46x46 px) */
static const unsigned char black_queen_bmp[] = {
    0x42, 0x4d, 0x5e, 0x19, 0x00, 0x00, 0x00, 0x00, 0x00, 0x00, 0x36, 0x00,
    0x00, 0x00, 0x28, 0x00, 0x00, 0x00, 0x2e, 0x00, 0x00, 0x00, 0x2e, 0x00,
    0x00, 0x00, 0x01, 0x00, 0x18, 0x00, 0x00, 0x00, 0x00, 0x00, 0x28, 0x19,
    0x00, 0x00, 0xc4, 0x0e, 0x00, 0x00, 0xc4, 0x0e, 0x00, 0x00, 0x00, 0x00,
    0x00, 0x00, 0x00, 0x00, 0x00, 0x00, 0xff, 0xff, 0xff, 0xff, 0xff, 0xff,
    0xff, 0xff, 0xff, 0xff, 0xff, 0xff, 0xff, 0xff, 0xff, 0xff, 0xff, 0xff,
    0xff, 0xff, 0xff, 0xff, 0xff, 0xff, 0xfd, 0xfd, 0xfd, 0xf9, 0xf9, 0xf9,
    0xf5, 0xf5, 0xf5, 0xf1, 0xf1, 0xf1, 0xef, 0xef, 0xef, 0xee, 0xee, 0xee,
    0xeb, 0xeb, 0xeb, 0xec, 0xec, 0xec, 0xed, 0xed, 0xed, 0xee, 0xee, 0xee,
    0xed, 0xed, 0xed, 0xee, 0xee, 0xee, 0xee, 0xee, 0xee, 0xef, 0xef, 0xef,
    0xf0, 0xf0, 0xf0, 0xf0, 0xf0, 0xf0, 0xef, 0xef, 0xef, 0xee, 0xee, 0xee,
    0xee, 0xee, 0xee, 0xed, 0xed, 0xed, 0xed, 0xed, 0xed, 0xec, 0xec, 0xec,
    0xed, 0xed, 0xed, 0xed, 0xed, 0xed, 0xec, 0xec, 0xec, 0xf0, 0xf0, 0xf0,
    0xf2, 0xf2, 0xf2, 0xf5, 0xf5, 0xf5, 0xfa, 0xfa, 0xfa, 0xfd, 0xfd, 0xfd,
    0xff, 0xff, 0xff, 0xff, 0xff, 0xff, 0xff, 0xff, 0xff, 0xff, 0xff, 0xff,
    0xff, 0xff, 0xff, 0xff, 0xff, 0xff, 0xff, 0xff, 0xff, 0xff, 0xff, 0xff,
    0x00, 0x00, 0xff, 0xff, 0xff, 0xff, 0xff, 0xff, 0xff, 0xff, 0xff, 0xff,
    0xff, 0xff, 0xff, 0xff, 0xff, 0xfe, 0xfe, 0xfe, 0xff, 0xff, 0xff, 0xfa,
    0xfa, 0xfa, 0xf0, 0xf0, 0xf0, 0xf1, 0xf1, 0xf1, 0xfc, 0xfc, 0xfc, 0xff,
    0xff, 0xff, 0xff, 0xff, 0xff, 0xfc, 0xfc, 0xfc, 0xf4, 0xf4, 0xf4, 0xeb,
    0xeb, 0xeb, 0xe2, 0xe2, 0xe2, 0xd9, 0xd9, 0xd9, 0xd1, 0xd1, 0xd1, 0xca,
    0xca, 0xca, 0xc5, 0xc5, 0xc5, 0xc1, 0xc1, 0xc1, 0xbf, 0xbf, 0xbf, 0xbf,
    0xbf, 0xbf, 0xc1, 0xc1, 0xc1, 0xc5, 0xc5, 0xc5, 0xca, 0xca, 0xca, 0xd1,
    0xd1, 0xd1, 0xd9, 0xd9, 0xd9, 0xe2, 0xe2, 0xe2, 0xeb, 0xeb, 0xeb, 0xf4,
    0xf4, 0xf4, 0xfc, 0xfc, 0xfc, 0xff, 0xff, 0xff, 0xff, 0xff, 0xff, 0xfc,
    0xfc, 0xfc, 0xf1, 0xf1, 0xf1, 0xee, 0xee, 0xee, 0xfa, 0xfa, 0xfa, 0xff,
    0xff, 0xff, 0xff, 0xff, 0xff, 0xff, 0xff, 0xff, 0xff, 0xff, 0xff, 0xff,
    0xff, 0xff, 0xff, 0xff, 0xff, 0xff, 0xff, 0xff, 0x00, 0x00, 0xff, 0xff,
    0xff, 0xff, 0xff, 0xff, 0xff, 0xff, 0xff, 0xff, 0xff, 0xff, 0xff, 0xff,
    0xff, 0xff, 0xff, 0xff, 0xff, 0xff, 0xff, 0xf3, 0xf3, 0xf3, 0xff, 0xff,
    0xff, 0xb6, 0xb6, 0xb6, 0x89, 0x89, 0x89, 0x6e, 0x6e, 0x6e, 0x53, 0x53,
    0x53, 0x3e, 0x3e, 0x3e, 0x2d, 0x2d, 0x2d, 0x20, 0x20, 0x20, 0x15, 0x15,
    0x15, 0x0d, 0x0d, 0x0d, 0x08, 0x08, 0x08, 0x03, 0x03, 0x03, 0x00, 0x00,
    0x00, 0x00, 0x00, 0x00, 0x00, 0x00, 0x00, 0x00, 0x00, 0x00, 0x00, 0x00,
    0x00, 0x00, 0x00, 0x00, 0x03, 0x03, 0x03, 0x08, 0x08, 0x08, 0x0d, 0x0d,
    0x0d, 0x15, 0x15, 0x15, 0x20, 0x20, 0x20, 0x2d, 0x2d, 0x2d, 0x3e, 0x3e,
    0x3e, 0x54, 0x54, 0x54, 0x6f, 0x6f, 0x6f, 0x8a, 0x8a, 0x8a, 0xb7, 0xb7,
    0xb7, 0xff, 0xff, 0xff, 0xf3, 0xf3, 0xf3, 0xff, 0xff, 0xff, 0xff, 0xff,
    0xff, 0xff, 0xff, 0xff, 0xff, 0xff, 0xff, 0xff, 0xff, 0xff, 0xff, 0xff,
    0xff, 0xff, 0xff, 0xff, 0x00, 0x00, 0xff, 0xff, 0xff, 0xff, 0xff, 0xff,
    0xff, 0xff, 0xff, 0xff, 0xff, 0xff, 0xff, 0xff, 0xff, 0xff, 0xff, 0xff,
    0xff, 0xff, 0xff, 0xf2, 0xf2, 0xf2, 0xfd, 0xfd, 0xfd, 0x2d, 0x2d, 0x2d,
    0x00, 0x00, 0x00, 0x00, 0x00, 0x00, 0x00, 0x00, 0x00, 0x00, 0x00, 0x00,
    0x00, 0x00, 0x00, 0x00, 0x00, 0x00, 0x00, 0x00, 0x00, 0x00, 0x00, 0x00,
    0x00, 0x00, 0x00, 0x00, 0x00, 0x00, 0x00, 0x00, 0x00, 0x00, 0x00, 0x00,
    0x00, 0x00, 0x00, 0x00, 0x00, 0x00, 0x00, 0x00, 0x00, 0x00, 0x00, 0x00,
    0x00, 0x00, 0x00, 0x00, 0x00, 0x00, 0x00, 0x00, 0x00, 0x00, 0x00, 0x00,
    0x00, 0x00, 0x00, 0x00, 0x00, 0x00, 0x00, 0x00, 0x00, 0x00, 0x00, 0x00,
    0x00, 0x00, 0x00, 0x00, 0x00, 0x00, 0x33, 0x33, 0x33, 0xff, 0xff, 0xff,
    0xf2, 0xf2, 0xf2, 0xff, 0xff, 0xff, 0xff, 0xff, 0xff, 0xff, 0xff, 0xff,
    0xff, 0xff, 0xff, 0xff, 0xff, 0xff, 0xff, 0xff, 0xff, 0xff, 0xff, 0xff,
    0x00, 0x00, 0xff, 0xff, 0xff, 0xff, 0xff, 0xff, 0xff, 0xff, 0xff, 0xff,
    0xff, 0xff, 0xff, 0xff, 0xff, 0xff, 0xff, 0xff, 0xff, 0xff, 0xff, 0xf2,
    0xf2, 0xf2, 0xfe, 0xfe, 0xfe, 0x37, 0x37, 0x37, 0x03, 0x03, 0x03, 0x07,
    0x07, 0x07, 0x03, 0x03, 0x03, 0x03, 0x03, 0x03, 0x02, 0x02, 0x02, 0x02,
    0x02, 0x02, 0x01, 0x01, 0x01, 0x01, 0x01, 0x01, 0x01, 0x01, 0x01, 0x01,
    0x01, 0x01, 0x00, 0x00, 0x00, 0x00, 0x00, 0x00, 0x00, 0x00, 0x00, 0x00,
    0x00, 0x00, 0x00, 0x00, 0x00, 0x00, 0x00, 0x00, 0x01, 0x01, 0x01, 0x01,
    0x01, 0x01, 0x01, 0x01, 0x01, 0x01, 0x01, 0x01, 0x02, 0x02, 0x02, 0x02,
    0x02, 0x02, 0x03, 0x03, 0x03, 0x03, 0x03, 0x03, 0x07, 0x07, 0x07, 0x03,
    0x03, 0x03, 0x3c, 0x3c, 0x3c, 0xff, 0xff, 0xff, 0xf2, 0xf2, 0xf2, 0xff,
    0xff, 0xff, 0xff, 0xff, 0xff, 0xff, 0xff, 0xff, 0xff, 0xff, 0xff, 0xff,
    0xff, 0xff, 0xff, 0xff, 0xff, 0xff, 0xff, 0xff, 0x00, 0x00, 0xff, 0xff,
    0xff, 0xff, 0xff, 0xff, 0xff, 0xff, 0xff, 0xff, 0xff, 0xff, 0xff, 0xff,
    0xff, 0xff, 0xff, 0xff, 0xff, 0xff, 0xff, 0xf2, 0xf2, 0xf2, 0xff, 0xff,
    0xff, 0x43, 0x43, 0x43, 0x01, 0x01, 0x01, 0x03, 0x03, 0x03, 0x00, 0x00,
    0x00, 0x00, 0x00, 0x00, 0x00, 0x00, 0x00, 0x00, 0x00, 0x00, 0x00, 0x00,
    0x00, 0x00, 0x00, 0x00, 0x00, 0x00, 0x00, 0x00, 0x00, 0x00, 0x00, 0x00,
    0x00, 0x00, 0x00, 0x00, 0x00, 0x00, 0x00, 0x00, 0x00, 0x00, 0x00, 0x00,
    0x00, 0x00, 0x00, 0x00, 0x00, 0x00, 0x00, 0x00, 0x00, 0x00, 0x00, 0x00,
    0x00, 0x00, 0x00, 0x00, 0x00, 0x00, 0x00, 0x00, 0x00, 0x00, 0x00, 0x00,
    0x00, 0x00, 0x00, 0x00, 0x03, 0x03, 0x03, 0x01, 0x01, 0x01, 0x49, 0x49,
    0x49, 0xff, 0xff, 0xff, 0xf3, 0xf3, 0xf3, 0xff, 0xff, 0xff, 0xff, 0xff,
    0xff, 0xff, 0xff, 0xff, 0xff, 0xff, 0xff, 0xff, 0xff, 0xff, 0xff, 0xff,
    0xff, 0xff, 0xff, 0xff, 0x00, 0x00, 0xff, 0xff, 0xff, 0xff, 0xff, 0xff,
    0xff, 0xff, 0xff, 0xff, 0xff, 0xff, 0xff, 0xff, 0xff, 0xff, 0xff, 0xff,
    0xff, 0xff, 0xff, 0xf4, 0xf4, 0xf4, 0xff, 0xff, 0xff, 0x62, 0x62, 0x62,
    0x00, 0x00, 0x00, 0x06, 0x06, 0x06, 0x03, 0x03, 0x03, 0x04, 0x04, 0x04,
    0x04, 0x04, 0x04, 0x03, 0x03, 0x03, 0x02, 0x02, 0x02, 0x02, 0x02, 0x02,
    0x02, 0x02, 0x02, 0x01, 0x01, 0x01, 0x01, 0x01, 0x01, 0x01, 0x01, 0x01,
    0x01, 0x01, 0x01, 0x01, 0x01, 0x01, 0x01, 0x01, 0x01, 0x01, 0x01, 0x01,
    0x01, 0x01, 0x01, 0x02, 0x02, 0x02, 0x02, 0x02, 0x02, 0x03, 0x03, 0x03,
    0x03, 0x03, 0x03, 0x04, 0x04, 0x04, 0x04, 0x04, 0x04, 0x03, 0x03, 0x03,
    0x06, 0x06, 0x06, 0x00, 0x00, 0x00, 0x67, 0x67, 0x67, 0xff, 0xff, 0xff,
    0xf5, 0xf5, 0xf5, 0xff, 0xff, 0xff, 0xff, 0xff, 0xff, 0xff, 0xff, 0xff,
    0xff, 0xff, 0xff, 0xff, 0xff, 0xff, 0xff, 0xff, 0xff, 0xff, 0xff, 0xff,
    0x00, 0x00, 0xff, 0xff, 0xff, 0xff, 0xff, 0xff, 0xff, 0xff, 0xff, 0xff,
    0xff, 0xff, 0xff, 0xff, 0xff, 0xfe, 0xfe, 0xfe, 0xff, 0xff, 0xff, 0xf9,
    0xf9, 0xf9, 0xf1, 0xf1, 0xf1, 0xb0, 0xb0, 0xb0, 0x08, 0x08, 0x08, 0x00,
    0x00, 0x00, 0x00, 0x00, 0x00, 0x00, 0x00, 0x00, 0x00, 0x00, 0x00, 0x00,
    0x00, 0x00, 0x00, 0x00, 0x00, 0x00, 0x00, 0x00, 0x00, 0x00, 0x00, 0x00,
    0x00, 0x00, 0x00, 0x00, 0x00, 0x00, 0x00, 0x00, 0x00, 0x00, 0x00, 0x00,
    0x00, 0x00, 0x00, 0x00, 0x00, 0x00, 0x00, 0x00, 0x00, 0x00, 0x00, 0x00,
    0x00, 0x00, 0x00, 0x00, 0x00, 0x00, 0x00, 0x00, 0x00, 0x00, 0x00, 0x00,
    0x00, 0x00, 0x00, 0x00, 0x00, 0x00, 0x00, 0x00, 0x00, 0x00, 0x00, 0x09,
    0x09, 0x09, 0xb6, 0xb6, 0xb6, 0xf1, 0xf1, 0xf1, 0xfa, 0xfa, 0xfa, 0xff,
    0xff, 0xff, 0xff, 0xff, 0xff, 0xff, 0xff, 0xff, 0xff, 0xff, 0xff, 0xff,
    0xff, 0xff, 0xff, 0xff, 0xff, 0xff, 0xff, 0xff, 0x00, 0x00, 0xff, 0xff,
    0xff, 0xff, 0xff, 0xff, 0xff, 0xff, 0xff, 0xff, 0xff, 0xff, 0xff, 0xff,
    0xff, 0xff, 0xff, 0xff, 0xfe, 0xfe, 0xfe, 0xff, 0xff, 0xff, 0xed, 0xed,
    0xed, 0xf8, 0xf8, 0xf8, 0xcb, 0xcb, 0xcb, 0xac, 0xac, 0xac, 0x8b, 0x8b,
    0x8b, 0x6e, 0x6e, 0x6e, 0x55, 0x55, 0x55, 0x41, 0x41, 0x41, 0x31, 0x31,
    0x31, 0x25, 0x25, 0x25, 0x1c, 0x1c, 0x1c, 0x15, 0x15, 0x15, 0x10, 0x10,
    0x10, 0x0e, 0x0e, 0x0e, 0x0d, 0x0d, 0x0d, 0x0d, 0x0d, 0x0d, 0x0e, 0x0e,
    0x0e, 0x11, 0x11, 0x11, 0x15, 0x15, 0x15, 0x1c, 0x1c, 0x1c, 0x26, 0x26,
    0x26, 0x32, 0x32, 0x32, 0x42, 0x42, 0x42, 0x56, 0x56, 0x56, 0x6f, 0x6f,
    0x6f, 0x8c, 0x8c, 0x8c, 0xad, 0xad, 0xad, 0xcc, 0xcc, 0xcc, 0xf9, 0xf9,
    0xf9, 0xee, 0xee, 0xee, 0xff, 0xff, 0xff, 0xff, 0xff, 0xff, 0xff, 0xff,
    0xff, 0xff, 0xff, 0xff, 0xff, 0xff, 0xff, 0xff, 0xff, 0xff, 0xff, 0xff,
    0xff, 0xff, 0xff, 0xff, 0x00, 0x00, 0xff, 0xff, 0xff, 0xff, 0xff, 0xff,
    0xff, 0xff, 0xff, 0xff, 0xff, 0xff, 0xff, 0xff, 0xff, 0xff, 0xff, 0xff,
    0xff, 0xff, 0xff, 0xff, 0xff, 0xff, 0xfc, 0xfc, 0xfc, 0xea, 0xea, 0xea,
    0xeb, 0xeb, 0xeb, 0xef, 0xef, 0xef, 0xff, 0xff, 0xff, 0xff, 0xff, 0xff,
    0xff, 0xff, 0xff, 0xff, 0xff, 0xff, 0xfc, 0xfc, 0xfc, 0xf5, 0xf5, 0xf5,
    0xee, 0xee, 0xee, 0xe8, 0xe8, 0xe8, 0xe3, 0xe3, 0xe3, 0xdf, 0xdf, 0xdf,
    0xde, 0xde, 0xde, 0xde, 0xde, 0xde, 0xdf, 0xdf, 0xdf, 0xe3, 0xe3, 0xe3,
    0xe8, 0xe8, 0xe8, 0xee, 0xee, 0xee, 0xf5, 0xf5, 0xf5, 0xfc, 0xfc, 0xfc,
    0xff, 0xff, 0xff, 0xff, 0xff, 0xff, 0xff, 0xff, 0xff, 0xff, 0xff, 0xff,
    0xef, 0xef, 0xef, 0xeb, 0xeb, 0xeb, 0xea, 0xea, 0xea, 0xfc, 0xfc, 0xfc,
    0xff, 0xff, 0xff, 0xff, 0xff, 0xff, 0xff, 0xff, 0xff, 0xff, 0xff, 0xff,
    0xff, 0xff, 0xff, 0xff, 0xff, 0xff, 0xff, 0xff, 0xff, 0xff, 0xff, 0xff,
    0x00, 0x00, 0xff, 0xff, 0xff, 0xff, 0xff, 0xff, 0xff, 0xff, 0xff, 0xff,
    0xff, 0xff, 0xff, 0xff, 0xff, 0xff, 0xff, 0xff, 0xff, 0xff, 0xff, 0xff,
    0xff, 0xff, 0xff, 0xff, 0xff, 0xf1, 0xf1, 0xf1, 0xcf, 0xcf, 0xcf, 0x24,
    0x24, 0x24, 0x3b, 0x3b, 0x3b, 0x54, 0x54, 0x54, 0x6b, 0x6b, 0x6b, 0x80,
    0x80, 0x80, 0x93, 0x93, 0x93, 0xa2, 0xa2, 0xa2, 0xae, 0xae, 0xae, 0xb8,
    0xb8, 0xb8, 0xbe, 0xbe, 0xbe, 0xc3, 0xc3, 0xc3, 0xc4, 0xc4, 0xc4, 0xc4,
    0xc4, 0xc4, 0xc3, 0xc3, 0xc3, 0xbe, 0xbe, 0xbe, 0xb7, 0xb7, 0xb7, 0xae,
    0xae, 0xae, 0xa2, 0xa2, 0xa2, 0x93, 0x93, 0x93, 0x80, 0x80, 0x80, 0x6b,
    0x6b, 0x6b, 0x53, 0x53, 0x53, 0x3a, 0x3a, 0x3a, 0x26, 0x26, 0x26, 0xd4,
    0xd4, 0xd4, 0xf1, 0xf1, 0xf1, 0xff, 0xff, 0xff, 0xff, 0xff, 0xff, 0xff,
    0xff, 0xff, 0xff, 0xff, 0xff, 0xff, 0xff, 0xff, 0xff, 0xff, 0xff, 0xff,
    0xff, 0xff, 0xff, 0xff, 0xff, 0xff, 0xff, 0xff, 0x00, 0x00, 0xff, 0xff,
    0xff, 0xff, 0xff, 0xff, 0xff, 0xff, 0xff, 0xff, 0xff, 0xff, 0xff, 0xff,
    0xff, 0xff, 0xff, 0xff, 0xff, 0xff, 0xff, 0xff, 0xff, 0xff, 0xff, 0xff,
    0xff, 0xf1, 0xf1, 0xf1, 0xe4, 0xe4, 0xe4, 0x08, 0x08, 0x08, 0x00, 0x00,
    0x00, 0x00, 0x00, 0x00, 0x00, 0x00, 0x00, 0x00, 0x00, 0x00, 0x00, 0x00,
    0x00, 0x00, 0x00, 0x00, 0x00, 0x00, 0x00, 0x00, 0x00, 0x00, 0x00, 0x00,
    0x00, 0x00, 0x00, 0x00, 0x00, 0x00, 0x00, 0x00, 0x00, 0x00, 0x00, 0x00,
    0x00, 0x00, 0x00, 0x00, 0x00, 0x00, 0x00, 0x00, 0x00, 0x00, 0x00, 0x00,
    0x00, 0x00, 0x00, 0x00, 0x00, 0x00, 0x00, 0x00, 0x00, 0x00, 0x00, 0x00,
    0x00, 0x00, 0x00, 0x00, 0x0d, 0x0d, 0x0d, 0xe9, 0xe9, 0xe9, 0xf1, 0xf1,
    0xf1, 0xff, 0xff, 0xff, 0xff, 0xff, 0xff, 0xff, 0xff, 0xff, 0xff, 0xff,
    0xff, 0xff, 0xff, 0xff, 0xff, 0xff, 0xff, 0xff, 0xff, 0xff, 0xff, 0xff,
    0xff, 0xff, 0xff, 0xff, 0x00, 0x00, 0xff, 0xff, 0xff, 0xff, 0xff, 0xff,
    0xff, 0xff, 0xff, 0xff, 0xff, 0xff, 0xff, 0xff, 0xff, 0xff, 0xff, 0xff,
    0xff, 0xff, 0xff, 0xff, 0xff, 0xff, 0xf8, 0xf8, 0xf8, 0xf5, 0xf5, 0xf5,
    0xb3, 0xb3, 0xb3, 0x01, 0x01, 0x01, 0x00, 0x00, 0x00, 0x00, 0x00, 0x00,
    0x00, 0x00, 0x00, 0x00, 0x00, 0x00, 0x00, 0x00, 0x00, 0x00, 0x00, 0x00,
    0x00, 0x00, 0x00, 0x00, 0x00, 0x00, 0x00, 0x00, 0x00, 0x00, 0x00, 0x00,
    0x00, 0x00, 0x00, 0x00, 0x00, 0x00, 0x00, 0x00, 0x00, 0x00, 0x00, 0x00,
    0x00, 0x00, 0x00, 0x00, 0x00, 0x00, 0x00, 0x00, 0x00, 0x00, 0x00, 0x00,
    0x00, 0x00, 0x00, 0x00, 0x00, 0x00, 0x00, 0x00, 0x00, 0x00, 0x00, 0x00,
    0x01, 0x01, 0x01, 0xb9, 0xb9, 0xb9, 0xf5, 0xf5, 0xf5, 0xf9, 0xf9, 0xf9,
    0xff, 0xff, 0xff, 0xff, 0xff, 0xff, 0xff, 0xff, 0xff, 0xff, 0xff, 0xff,
    0xff, 0xff, 0xff, 0xff, 0xff, 0xff, 0xff, 0xff, 0xff, 0xff, 0xff, 0xff,
    0x00, 0x00, 0xff, 0xff, 0xff, 0xff, 0xff, 0xff, 0xff, 0xff, 0xff, 0xff,
    0xff, 0xff, 0xff, 0xff, 0xff, 0xff, 0xff, 0xff, 0xff, 0xff, 0xff, 0xff,
    0xff, 0xff, 0xea, 0xea, 0xea, 0xfb, 0xfb, 0xfb, 0xd5, 0xd5, 0xd5, 0xa3,
    0xa3, 0xa3, 0x87, 0x87, 0x87, 0x6f, 0x6f, 0x6f, 0x5c, 0x5c, 0x5c, 0x4c,
    0x4c, 0x4c, 0x40, 0x40, 0x40, 0x37, 0x37, 0x37, 0x2f, 0x2f, 0x2f, 0x2a,
    0x2a, 0x2a, 0x27, 0x27, 0x27, 0x24, 0x24, 0x24, 0x23, 0x23, 0x23, 0x23,
    0x23, 0x23, 0x24, 0x24, 0x24, 0x27, 0x27, 0x27, 0x2a, 0x2a, 0x2a, 0x30,
    0x30, 0x30, 0x37, 0x37, 0x37, 0x40, 0x40, 0x40, 0x4d, 0x4d, 0x4d, 0x5c,
    0x5c, 0x5c, 0x6f, 0x6f, 0x6f, 0x88, 0x88, 0x88, 0xa3, 0xa3, 0xa3, 0xd5,
    0xd5, 0xd5, 0xfc, 0xfc, 0xfc, 0xea, 0xea, 0xea, 0xff, 0xff, 0xff, 0xfe,
    0xfe, 0xfe, 0xff, 0xff, 0xff, 0xff, 0xff, 0xff, 0xff, 0xff, 0xff, 0xff,
    0xff, 0xff, 0xff, 0xff, 0xff, 0xff, 0xff, 0xff, 0x00, 0x00, 0xff, 0xff,
    0xff, 0xff, 0xff, 0xff, 0xff, 0xff, 0xff, 0xff, 0xff, 0xff, 0xff, 0xff,
    0xff, 0xff, 0xff, 0xff, 0xff, 0xff, 0xff, 0xf3, 0xf3, 0xf3, 0xf6, 0xf6,
    0xf6, 0xd5, 0xd5, 0xd5, 0xd9, 0xd9, 0xd9, 0xf7, 0xf7, 0xf7, 0xff, 0xff,
    0xff, 0xff, 0xff, 0xff, 0xff, 0xff, 0xff, 0xff, 0xff, 0xff, 0xff, 0xff,
    0xff, 0xff, 0xff, 0xff, 0xfb, 0xfb, 0xfb, 0xf9, 0xf9, 0xf9, 0xf6, 0xf6,
    0xf6, 0xf5, 0xf5, 0xf5, 0xf3, 0xf3, 0xf3, 0xf4, 0xf4, 0xf4, 0xf5, 0xf5,
    0xf5, 0xf6, 0xf6, 0xf6, 0xf9, 0xf9, 0xf9, 0xfc, 0xfc, 0xfc, 0xff, 0xff,
    0xff, 0xff, 0xff, 0xff, 0xff, 0xff, 0xff, 0xff, 0xff, 0xff, 0xff, 0xff,
    0xff, 0xff, 0xff, 0xff, 0xf7, 0xf7, 0xf7, 0xd8, 0xd8, 0xd8, 0xd5, 0xd5,
    0xd5, 0xf5, 0xf5, 0xf5, 0xf3, 0xf3, 0xf3, 0xff, 0xff, 0xff, 0xff, 0xff,
    0xff, 0xff, 0xff, 0xff, 0xff, 0xff, 0xff, 0xff, 0xff, 0xff, 0xff, 0xff,
    0xff, 0xff, 0xff, 0xff, 0x00, 0x00, 0xff, 0xff, 0xff, 0xff, 0xff, 0xff,
    0xff, 0xff, 0xff, 0xff, 0xff, 0xff, 0xff, 0xff, 0xff, 0xff, 0xff, 0xff,
    0xf6, 0xf6, 0xf6, 0xf2, 0xf2, 0xf2, 0xe5, 0xe5, 0xe5, 0x26, 0x26, 0x26,
    0x0f, 0x0f, 0x0f, 0x29, 0x29, 0x29, 0x3d, 0x3d, 0x3d, 0x52, 0x52, 0x52,
    0x64, 0x64, 0x64, 0x73, 0x73, 0x73, 0x80, 0x80, 0x80, 0x8b, 0x8b, 0x8b,
    0x94, 0x94, 0x94, 0x9a, 0x9a, 0x9a, 0x9f, 0x9f, 0x9f, 0xa2, 0xa2, 0xa2,
    0xa4, 0xa4, 0xa4, 0xa4, 0xa4, 0xa4, 0xa2, 0xa2, 0xa2, 0x9f, 0x9f, 0x9f,
    0x9a, 0x9a, 0x9a, 0x93, 0x93, 0x93, 0x8b, 0x8b, 0x8b, 0x80, 0x80, 0x80,
    0x73, 0x73, 0x73, 0x63, 0x63, 0x63, 0x51, 0x51, 0x51, 0x3d, 0x3d, 0x3d,
    0x28, 0x28, 0x28, 0x0e, 0x0e, 0x0e, 0x29, 0x29, 0x29, 0xe7, 0xe7, 0xe7,
    0xf1, 0xf1, 0xf1, 0xf7, 0xf7, 0xf7, 0xff, 0xff, 0xff, 0xff, 0xff, 0xff,
    0xff, 0xff, 0xff, 0xff, 0xff, 0xff, 0xff, 0xff, 0xff, 0xff, 0xff, 0xff,
    0x00, 0x00, 0xff, 0xff, 0xff, 0xff, 0xff, 0xff, 0xff, 0xff, 0xff, 0xff,
    0xff, 0xff, 0xff, 0xff, 0xff, 0xfb, 0xfb, 0xfb, 0xeb, 0xeb, 0xeb, 0xf6,
    0xf6, 0xf6, 0x48, 0x48, 0x48, 0x00, 0x00, 0x00, 0x00, 0x00, 0x00, 0x00,
    0x00, 0x00, 0x00, 0x00, 0x00, 0x00, 0x00, 0x00, 0x00, 0x00, 0x00, 0x00,
    0x00, 0x00, 0x00, 0x00, 0x00, 0x00, 0x00, 0x00, 0x00, 0x00, 0x00, 0x00,
    0x00, 0x00, 0x00, 0x00, 0x00, 0x00, 0x00, 0x00, 0x00, 0x00, 0x00, 0x00,
    0x00, 0x00, 0x00, 0x00, 0x00, 0x00, 0x00, 0x00, 0x00, 0x00, 0x00, 0x00,
    0x00, 0x00, 0x00, 0x00, 0x00, 0x00, 0x00, 0x00, 0x00, 0x00, 0x00, 0x00,
    0x00, 0x00, 0x00, 0x00, 0x00, 0x00, 0x00, 0x00, 0x00, 0x00, 0x00, 0x00,
    0x00, 0x00, 0x00, 0x00, 0x00, 0x4d, 0x4d, 0x4d, 0xf9, 0xf9, 0xf9, 0xec,
    0xec, 0xec, 0xfc, 0xfc, 0xfc, 0xff, 0xff, 0xff, 0xfe, 0xfe, 0xfe, 0xff,
    0xff, 0xff, 0xff, 0xff, 0xff, 0xff, 0xff, 0xff, 0x00, 0x00, 0xff, 0xff,
    0xff, 0xff, 0xff, 0xff, 0xff, 0xff, 0xff, 0xfe, 0xfe, 0xfe, 0xff, 0xff,
    0xff, 0xef, 0xef, 0xef, 0xfc, 0xfc, 0xfc, 0x4e, 0x4e, 0x4e, 0x00, 0x00,
    0x00, 0x00, 0x00, 0x00, 0x00, 0x00, 0x00, 0x04, 0x04, 0x04, 0x06, 0x06,
    0x06, 0x07, 0x07, 0x07, 0x07, 0x07, 0x07, 0x07, 0x07, 0x07, 0x07, 0x07,
    0x07, 0x06, 0x06, 0x06, 0x05, 0x05, 0x05, 0x05, 0x05, 0x05, 0x04, 0x04,
    0x04, 0x04, 0x04, 0x04, 0x04, 0x04, 0x04, 0x04, 0x04, 0x04, 0x04, 0x04,
    0x04, 0x04, 0x04, 0x04, 0x05, 0x05, 0x05, 0x05, 0x05, 0x05, 0x06, 0x06,
    0x06, 0x07, 0x07, 0x07, 0x07, 0x07, 0x07, 0x07, 0x07, 0x07, 0x07, 0x07,
    0x07, 0x06, 0x06, 0x06, 0x04, 0x04, 0x04, 0x00, 0x00, 0x00, 0x00, 0x00,
    0x00, 0x00, 0x00, 0x00, 0x53, 0x53, 0x53, 0xfe, 0xfe, 0xfe, 0xef, 0xef,
    0xef, 0xff, 0xff, 0xff, 0xff, 0xff, 0xff, 0xff, 0xff, 0xff, 0xff, 0xff,
    0xff, 0xff, 0xff, 0xff, 0x00, 0x00, 0xff, 0xff, 0xff, 0xff, 0xff, 0xff,
    0xff, 0xff, 0xff, 0xfe, 0xfe, 0xfe, 0xff, 0xff, 0xff, 0xed, 0xed, 0xed,
    0xe1, 0xe1, 0xe1, 0x4d, 0x4d, 0x4d, 0x2f, 0x2f, 0x2f, 0x15, 0x15, 0x15,
    0x02, 0x02, 0x02, 0x00, 0x00, 0x00, 0x00, 0x00, 0x00, 0x00, 0x00, 0x00,
    0x00, 0x00, 0x00, 0x00, 0x00, 0x00, 0x00, 0x00, 0x00, 0x00, 0x00, 0x00,
    0x00, 0x00, 0x00, 0x00, 0x00, 0x00, 0x00, 0x00, 0x00, 0x00, 0x00, 0x00,
    0x00, 0x00, 0x00, 0x00, 0x00, 0x00, 0x00, 0x00, 0x00, 0x00, 0x00, 0x00,
    0x00, 0x00, 0x00, 0x00, 0x00, 0x00, 0x00, 0x00, 0x00, 0x00, 0x00, 0x00,
    0x00, 0x00, 0x00, 0x00, 0x00, 0x00, 0x00, 0x00, 0x00, 0x00, 0x00, 0x00,
    0x00, 0x00, 0x00, 0x03, 0x03, 0x03, 0x16, 0x16, 0x16, 0x31, 0x31, 0x31,
    0x51, 0x51, 0x51, 0xe5, 0xe5, 0xe5, 0xed, 0xed, 0xed, 0xff, 0xff, 0xff,
    0xff, 0xff, 0xff, 0xff, 0xff, 0xff, 0xff, 0xff, 0xff, 0xff, 0xff, 0xff,
    0x00, 0x00, 0xff, 0xff, 0xff, 0xff, 0xff, 0xff, 0xff, 0xff, 0xff, 0xff,
    0xff, 0xff, 0xfe, 0xfe, 0xfe, 0xe7, 0xe7, 0xe7, 0xf4, 0xf4, 0xf4, 0xff,
    0xff, 0xff, 0xf9, 0xf9, 0xf9, 0xe5, 0xe5, 0xe5, 0xcc, 0xcc, 0xcc, 0xaf,
    0xaf, 0xaf, 0x95, 0x95, 0x95, 0x7a, 0x7a, 0x7a, 0x63, 0x63, 0x63, 0x50,
    0x50, 0x50, 0x40, 0x40, 0x40, 0x33, 0x33, 0x33, 0x2c, 0x2c, 0x2c, 0x25,
    0x25, 0x25, 0x1d, 0x1d, 0x1d, 0x1a, 0x1a, 0x1a, 0x18, 0x18, 0x18, 0x18,
    0x18, 0x18, 0x1a, 0x1a, 0x1a, 0x1d, 0x1d, 0x1d, 0x25, 0x25, 0x25, 0x2c,
    0x2c, 0x2c, 0x34, 0x34, 0x34, 0x41, 0x41, 0x41, 0x51, 0x51, 0x51, 0x64,
    0x64, 0x64, 0x7a, 0x7a, 0x7a, 0x96, 0x96, 0x96, 0xaf, 0xaf, 0xaf, 0xc9,
    0xc9, 0xc9, 0xe1, 0xe1, 0xe1, 0xf6, 0xf6, 0xf6, 0xff, 0xff, 0xff, 0xf4,
    0xf4, 0xf4, 0xe7, 0xe7, 0xe7, 0xff, 0xff, 0xff, 0xff, 0xff, 0xff, 0xff,
    0xff, 0xff, 0xff, 0xff, 0xff, 0xff, 0xff, 0xff, 0x00, 0x00, 0xff, 0xff,
    0xff, 0xff, 0xff, 0xff, 0xff, 0xff, 0xff, 0xff, 0xff, 0xff, 0xf9, 0xf9,
    0xf9, 0xf0, 0xf0, 0xf0, 0xaf, 0xaf, 0xaf, 0x73, 0x73, 0x73, 0xa0, 0xa0,
    0xa0, 0xc0, 0xc0, 0xc0, 0xd7, 0xd7, 0xd7, 0xf0, 0xf0, 0xf0, 0xf5, 0xf5,
    0xf5, 0xff, 0xff, 0xff, 0xff, 0xff, 0xff, 0xff, 0xff, 0xff, 0xff, 0xff,
    0xff, 0xfe, 0xfe, 0xfe, 0xec, 0xec, 0xec, 0xe6, 0xe6, 0xe6, 0xed, 0xed,
    0xed, 0xec, 0xec, 0xec, 0xea, 0xea, 0xea, 0xea, 0xea, 0xea, 0xec, 0xec,
    0xec, 0xec, 0xec, 0xec, 0xe5, 0xe5, 0xe5, 0xec, 0xec, 0xec, 0xfc, 0xfc,
    0xfc, 0xff, 0xff, 0xff, 0xff, 0xff, 0xff, 0xff, 0xff, 0xff, 0xff, 0xff,
    0xff, 0xf5, 0xf5, 0xf5, 0xf0, 0xf0, 0xf0, 0xe8, 0xe8, 0xe8, 0xd5, 0xd5,
    0xd5, 0xb7, 0xb7, 0xb7, 0x84, 0x84, 0x84, 0xb8, 0xb8, 0xb8, 0xef, 0xef,
    0xef, 0xfa, 0xfa, 0xfa, 0xff, 0xff, 0xff, 0xfe, 0xfe, 0xfe, 0xff, 0xff,
    0xff, 0xff, 0xff, 0xff, 0x00, 0x00, 0xff, 0xff, 0xff, 0xff, 0xff, 0xff,
    0xff, 0xff, 0xff, 0xff, 0xff, 0xff, 0xf5, 0xf5, 0xf5, 0xff, 0xff, 0xff,
    0x66, 0x66, 0x66, 0x00, 0x00, 0x00, 0x00, 0x00, 0x00, 0x00, 0x00, 0x00,
    0x3e, 0x3e, 0x3e, 0xea, 0xea, 0xea, 0xdf, 0xdf, 0xdf, 0x5d, 0x5d, 0x5d,
    0x5c, 0x5c, 0x5c, 0x71, 0x71, 0x71, 0x81, 0x81, 0x81, 0x8f, 0x8f, 0x8f,
    0xd9, 0xd9, 0xd9, 0xe9, 0xe9, 0xe9, 0xb5, 0xb5, 0xb5, 0xb1, 0xb1, 0xb1,
    0xb4, 0xb4, 0xb4, 0xb5, 0xb5, 0xb5, 0xb3, 0xb3, 0xb3, 0xbb, 0xbb, 0xbb,
    0xea, 0xea, 0xea, 0xda, 0xda, 0xda, 0x9d, 0x9d, 0x9d, 0x93, 0x93, 0x93,
    0x87, 0x87, 0x87, 0x75, 0x75, 0x75, 0x77, 0x77, 0x77, 0xe0, 0xe0, 0xe0,
    0xeb, 0xeb, 0xeb, 0x4e, 0x4e, 0x4e, 0x0c, 0x0c, 0x0c, 0x01, 0x01, 0x01,
    0x00, 0x00, 0x00, 0x6d, 0x6d, 0x6d, 0xfe, 0xfe, 0xfe, 0xf5, 0xf5, 0xf5,
    0xff, 0xff, 0xff, 0xfe, 0xfe, 0xfe, 0xff, 0xff, 0xff, 0xff, 0xff, 0xff,
    0x00, 0x00, 0xff, 0xff, 0xff, 0xff, 0xff, 0xff, 0xff, 0xff, 0xff, 0xff,
    0xff, 0xff, 0xf2, 0xf2, 0xf2, 0xff, 0xff, 0xff, 0x4c, 0x4c, 0x4c, 0x04,
    0x04, 0x04, 0x07, 0x07, 0x07, 0x02, 0x02, 0x02, 0xaf, 0xaf, 0xaf, 0xf3,
    0xf3, 0xf3, 0xe1, 0xe1, 0xe1, 0x14, 0x14, 0x14, 0x00, 0x00, 0x00, 0x00,
    0x00, 0x00, 0x00, 0x00, 0x00, 0x11, 0x11, 0x11, 0xdc, 0xdc, 0xdc, 0xf1,
    0xf1, 0xf1, 0x34, 0x34, 0x34, 0x00, 0x00, 0x00, 0x00, 0x00, 0x00, 0x00,
    0x00, 0x00, 0x00, 0x00, 0x00, 0x3c, 0x3c, 0x3c, 0xf3, 0xf3, 0xf3, 0xdb,
    0xdb, 0xdb, 0x12, 0x12, 0x12, 0x00, 0x00, 0x00, 0x00, 0x00, 0x00, 0x00,
    0x00, 0x00, 0x16, 0x16, 0x16, 0xe3, 0xe3, 0xe3, 0xf2, 0xf2, 0xf2, 0xa5,
    0xa5, 0xa5, 0x00, 0x00, 0x00, 0x06, 0x06, 0x06, 0x03, 0x03, 0x03, 0x52,
    0x52, 0x52, 0xff, 0xff, 0xff, 0xf3, 0xf3, 0xf3, 0xff, 0xff, 0xff, 0xfe,
    0xfe, 0xfe, 0xff, 0xff, 0xff, 0xff, 0xff, 0xff, 0x00, 0x00, 0xff, 0xff,
    0xff, 0xff, 0xff, 0xff, 0xff, 0xff, 0xff, 0xff, 0xff, 0xff, 0xf1, 0xf1,
    0xf1, 0xfa, 0xfa, 0xfa, 0x2a, 0x2a, 0x2a, 0x00, 0x00, 0x00, 0x00, 0x00,
    0x00, 0x55, 0x55, 0x55, 0xf8, 0xf8, 0xf8, 0xe5, 0xe5, 0xe5, 0xe3, 0xe3,
    0xe3, 0x23, 0x23, 0x23, 0x04, 0x04, 0x04, 0x09, 0x09, 0x09, 0x04, 0x04,
    0x04, 0x6f, 0x6f, 0x6f, 0xf5, 0xf5, 0xf5, 0xf3, 0xf3, 0xf3, 0x69, 0x69,
    0x69, 0x02, 0x02, 0x02, 0x05, 0x05, 0x05, 0x05, 0x05, 0x05, 0x01, 0x01,
    0x01, 0x6f, 0x6f, 0x6f, 0xf4, 0xf4, 0xf4, 0xf5, 0xf5, 0xf5, 0x6f, 0x6f,
    0x6f, 0x03, 0x03, 0x03, 0x09, 0x09, 0x09, 0x04, 0x04, 0x04, 0x27, 0x27,
    0x27, 0xe5, 0xe5, 0xe5, 0xe5, 0xe5, 0xe5, 0xf8, 0xf8, 0xf8, 0x4f, 0x4f,
    0x4f, 0x00, 0x00, 0x00, 0x00, 0x00, 0x00, 0x2f, 0x2f, 0x2f, 0xfc, 0xfc,
    0xfc, 0xf1, 0xf1, 0xf1, 0xff, 0xff, 0xff, 0xff, 0xff, 0xff, 0xff, 0xff,
    0xff, 0xff, 0xff, 0xff, 0x00, 0x00, 0xff, 0xff, 0xff, 0xff, 0xff, 0xff,
    0xff, 0xff, 0xff, 0xff, 0xff, 0xff, 0xf0, 0xf0, 0xf0, 0xe6, 0xe6, 0xe6,
    0x13, 0x13, 0x13, 0x01, 0x01, 0x01, 0x0e, 0x0e, 0x0e, 0xd6, 0xd6, 0xd6,
    0xed, 0xed, 0xed, 0xed, 0xed, 0xed, 0xed, 0xed, 0xed, 0x20, 0x20, 0x20,
    0x00, 0x00, 0x00, 0x02, 0x02, 0x02, 0x01, 0x01, 0x01, 0xbb, 0xbb, 0xbb,
    0xeb, 0xeb, 0xeb, 0xf2, 0xf2, 0xf2, 0x91, 0x91, 0x91, 0x00, 0x00, 0x00,
    0x04, 0x04, 0x04, 0x03, 0x03, 0x03, 0x00, 0x00, 0x00, 0x98, 0x98, 0x98,
    0xf2, 0xf2, 0xf2, 0xec, 0xec, 0xec, 0xbf, 0xbf, 0xbf, 0x02, 0x02, 0x02,
    0x02, 0x02, 0x02, 0x00, 0x00, 0x00, 0x24, 0x24, 0x24, 0xef, 0xef, 0xef,
    0xeb, 0xeb, 0xeb, 0xee, 0xee, 0xee, 0xd1, 0xd1, 0xd1, 0x0b, 0x0b, 0x0b,
    0x01, 0x01, 0x01, 0x17, 0x17, 0x17, 0xea, 0xea, 0xea, 0xf1, 0xf1, 0xf1,
    0xff, 0xff, 0xff, 0xff, 0xff, 0xff, 0xff, 0xff, 0xff, 0xff, 0xff, 0xff,
    0x00, 0x00, 0xff, 0xff, 0xff, 0xff, 0xff, 0xff, 0xff, 0xff, 0xff, 0xfe,
    0xfe, 0xfe, 0xf3, 0xf3, 0xf3, 0xc9, 0xc9, 0xc9, 0x04, 0x04, 0x04, 0x00,
    0x00, 0x00, 0x7a, 0x7a, 0x7a, 0xff, 0xff, 0xff, 0xf0, 0xf0, 0xf0, 0xf4,
    0xf4, 0xf4, 0xf7, 0xf7, 0xf7, 0x20, 0x20, 0x20, 0x00, 0x00, 0x00, 0x00,
    0x00, 0x00, 0x2d, 0x2d, 0x2d, 0xf6, 0xf6, 0xf6, 0xec, 0xec, 0xec, 0xf4,
    0xf4, 0xf4, 0xc0, 0xc0, 0xc0, 0x02, 0x02, 0x02, 0x01, 0x01, 0x01, 0x01,
    0x01, 0x01, 0x02, 0x02, 0x02, 0xc7, 0xc7, 0xc7, 0xf5, 0xf5, 0xf5, 0xec,
    0xec, 0xec, 0xf9, 0xf9, 0xf9, 0x32, 0x32, 0x32, 0x00, 0x00, 0x00, 0x00,
    0x00, 0x00, 0x23, 0x23, 0x23, 0xfa, 0xfa, 0xfa, 0xf3, 0xf3, 0xf3, 0xf0,
    0xf0, 0xf0, 0xff, 0xff, 0xff, 0x73, 0x73, 0x73, 0x00, 0x00, 0x00, 0x06,
    0x06, 0x06, 0xcf, 0xcf, 0xcf, 0xf3, 0xf3, 0xf3, 0xff, 0xff, 0xff, 0xff,
    0xff, 0xff, 0xff, 0xff, 0xff, 0xff, 0xff, 0xff, 0x00, 0x00, 0xff, 0xff,
    0xff, 0xff, 0xff, 0xff, 0xff, 0xff, 0xff, 0xfa, 0xfa, 0xfa, 0xf5, 0xf5,
    0xf5, 0xa9, 0xa9, 0xa9, 0x02, 0x02, 0x02, 0x24, 0x24, 0x24, 0xeb, 0xeb,
    0xeb, 0xeb, 0xeb, 0xeb, 0xfe, 0xfe, 0xfe, 0xf2, 0xf2, 0xf2, 0xf4, 0xf4,
    0xf4, 0x20, 0x20, 0x20, 0x00, 0x00, 0x00, 0x00, 0x00, 0x00, 0x7b, 0x7b,
    0x7b, 0xff, 0xff, 0xff, 0xf5, 0xf5, 0xf5, 0xf2, 0xf2, 0xf2, 0xe5, 0xe5,
    0xe5, 0x0e, 0x0e, 0x0e, 0x00, 0x00, 0x00, 0x00, 0x00, 0x00, 0x12, 0x12,
    0x12, 0xea, 0xea, 0xea, 0xf1, 0xf1, 0xf1, 0xf5, 0xf5, 0xf5, 0xfe, 0xfe,
    0xfe, 0x87, 0x87, 0x87, 0x00, 0x00, 0x00, 0x00, 0x00, 0x00, 0x23, 0x23,
    0x23, 0xf7, 0xf7, 0xf7, 0xf2, 0xf2, 0xf2, 0xfe, 0xfe, 0xfe, 0xeb, 0xeb,
    0xeb, 0xe7, 0xe7, 0xe7, 0x1f, 0x1f, 0x1f, 0x02, 0x02, 0x02, 0xaf, 0xaf,
    0xaf, 0xf5, 0xf5, 0xf5, 0xfb, 0xfb, 0xfb, 0xff, 0xff, 0xff, 0xff, 0xff,
    0xff, 0xff, 0xff, 0xff, 0x00, 0x00, 0xff, 0xff, 0xff, 0xff, 0xff, 0xff,
    0xff, 0xff, 0xff, 0xf7, 0xf7, 0xf7, 0xf9, 0xf9, 0xf9, 0x84, 0x84, 0x84,
    0x01, 0x01, 0x01, 0xa2, 0xa2, 0xa2, 0xfe, 0xfe, 0xfe, 0xf3, 0xf3, 0xf3,
    0xff, 0xff, 0xff, 0xf1, 0xf1, 0xf1, 0xf3, 0xf3, 0xf3, 0x21, 0x21, 0x21,
    0x00, 0x00, 0x00, 0x07, 0x07, 0x07, 0xce, 0xce, 0xce, 0xf0, 0xf0, 0xf0,
    0xff, 0xff, 0xff, 0xf1, 0xf1, 0xf1, 0xfb, 0xfb, 0xfb, 0x2c, 0x2c, 0x2c,
    0x00, 0x00, 0x00, 0x00, 0x00, 0x00, 0x31, 0x31, 0x31, 0xfd, 0xfd, 0xfd,
    0xf1, 0xf1, 0xf1, 0xff, 0xff, 0xff, 0xee, 0xee, 0xee, 0xd8, 0xd8, 0xd8,
    0x0c, 0x0c, 0x0c, 0x00, 0x00, 0x00, 0x24, 0x24, 0x24, 0xf6, 0xf6, 0xf6,
    0xf1, 0xf1, 0xf1, 0xff, 0xff, 0xff, 0xf2, 0xf2, 0xf2, 0xff, 0xff, 0xff,
    0x9b, 0x9b, 0x9b, 0x01, 0x01, 0x01, 0x8b, 0x8b, 0x8b, 0xf7, 0xf7, 0xf7,
    0xf8, 0xf8, 0xf8, 0xff, 0xff, 0xff, 0xff, 0xff, 0xff, 0xff, 0xff, 0xff,
    0x00, 0x00, 0xff, 0xff, 0xff, 0xff, 0xff, 0xff, 0xff, 0xff, 0xff, 0xf3,
    0xf3, 0xf3, 0xff, 0xff, 0xff, 0x50, 0x50, 0x50, 0x2e, 0x2e, 0x2e, 0xfd,
    0xfd, 0xfd, 0xea, 0xea, 0xea, 0xff, 0xff, 0xff, 0xff, 0xff, 0xff, 0xf2,
    0xf2, 0xf2, 0xf3, 0xf3, 0xf3, 0x23, 0x23, 0x23, 0x00, 0x00, 0x00, 0x3d,
    0x3d, 0x3d, 0xfe, 0xfe, 0xfe, 0xee, 0xee, 0xee, 0xff, 0xff, 0xff, 0xf3,
    0xf3, 0xf3, 0xff, 0xff, 0xff, 0x53, 0x53, 0x53, 0x00, 0x00, 0x00, 0x00,
    0x00, 0x00, 0x59, 0x59, 0x59, 0xff, 0xff, 0xff, 0xf2, 0xf2, 0xf2, 0xff,
    0xff, 0xff, 0xef, 0xef, 0xef, 0xff, 0xff, 0xff, 0x4d, 0x4d, 0x4d, 0x01,
    0x01, 0x01, 0x26, 0x26, 0x26, 0xf6, 0xf6, 0xf6, 0xf2, 0xf2, 0xf2, 0xff,
    0xff, 0xff, 0xff, 0xff, 0xff, 0xe8, 0xe8, 0xe8, 0xfb, 0xfb, 0xfb, 0x2a,
    0x2a, 0x2a, 0x56, 0x56, 0x56, 0xff, 0xff, 0xff, 0xf4, 0xf4, 0xf4, 0xff,
    0xff, 0xff, 0xff, 0xff, 0xff, 0xff, 0xff, 0xff, 0x00, 0x00, 0xff, 0xff,
    0xff, 0xff, 0xff, 0xff, 0xff, 0xff, 0xff, 0xf2, 0xf2, 0xf2, 0xfd, 0xfd,
    0xfd, 0x3b, 0x3b, 0x3b, 0xb4, 0xb4, 0xb4, 0xf5, 0xf5, 0xf5, 0xf8, 0xf8,
    0xf8, 0xff, 0xff, 0xff, 0xff, 0xff, 0xff, 0xf2, 0xf2, 0xf2, 0xf3, 0xf3,
    0xf3, 0x23, 0x23, 0x23, 0x00, 0x00, 0x00, 0x8f, 0x8f, 0x8f, 0xfa, 0xfa,
    0xfa, 0xf6, 0xf6, 0xf6, 0xff, 0xff, 0xff, 0xf6, 0xf6, 0xf6, 0xfb, 0xfb,
    0xfb, 0x7c, 0x7c, 0x7c, 0x00, 0x00, 0x00, 0x00, 0x00, 0x00, 0x82, 0x82,
    0x82, 0xf9, 0xf9, 0xf9, 0xf7, 0xf7, 0xf7, 0xff, 0xff, 0xff, 0xf8, 0xf8,
    0xf8, 0xf6, 0xf6, 0xf6, 0xa2, 0xa2, 0xa2, 0x00, 0x00, 0x00, 0x26, 0x26,
    0x26, 0xf6, 0xf6, 0xf6, 0xf2, 0xf2, 0xf2, 0xff, 0xff, 0xff, 0xff, 0xff,
    0xff, 0xf8, 0xf8, 0xf8, 0xf6, 0xf6, 0xf6, 0xae, 0xae, 0xae, 0x3f, 0x3f,
    0x3f, 0xfe, 0xfe, 0xfe, 0xf2, 0xf2, 0xf2, 0xff, 0xff, 0xff, 0xff, 0xff,
    0xff, 0xff, 0xff, 0xff, 0x00, 0x00, 0xff, 0xff, 0xff, 0xff, 0xff, 0xff,
    0xff, 0xff, 0xff, 0xf5, 0xf5, 0xf5, 0xe4, 0xe4, 0xe4, 0x84, 0x84, 0x84,
    0xff, 0xff, 0xff, 0xee, 0xee, 0xee, 0xff, 0xff, 0xff, 0xff, 0xff, 0xff,
    0xff, 0xff, 0xff, 0xf2, 0xf2, 0xf2, 0xf4, 0xf4, 0xf4, 0x1d, 0x1d, 0x1d,
    0x07, 0x07, 0x07, 0xdd, 0xdd, 0xdd, 0xee, 0xee, 0xee, 0xfe, 0xfe, 0xfe,
    0xff, 0xff, 0xff, 0xfb, 0xfb, 0xfb, 0xf5, 0xf5, 0xf5, 0xa9, 0xa9, 0xa9,
    0x01, 0x01, 0x01, 0x01, 0x01, 0x01, 0xaf, 0xaf, 0xaf, 0xf4, 0xf4, 0xf4,
    0xfb, 0xfb, 0xfb, 0xff, 0xff, 0xff, 0xff, 0xff, 0xff, 0xed, 0xed, 0xed,
    0xec, 0xec, 0xec, 0x12, 0x12, 0x12, 0x1e, 0x1e, 0x1e, 0xf7, 0xf7, 0xf7,
    0xf2, 0xf2, 0xf2, 0xff, 0xff, 0xff, 0xff, 0xff, 0xff, 0xff, 0xff, 0xff,
    0xed, 0xed, 0xed, 0xfe, 0xfe, 0xfe, 0x81, 0x81, 0x81, 0xe7, 0xe7, 0xe7,
    0xf4, 0xf4, 0xf4, 0xff, 0xff, 0xff, 0xff, 0xff, 0xff, 0xff, 0xff, 0xff,
    0x00, 0x00, 0xfe, 0xfe, 0xfe, 0xff, 0xff, 0xff, 0xff, 0xff, 0xff, 0xee,
    0xee, 0xee, 0xe7, 0xe7, 0xe7, 0xe0, 0xe0, 0xe0, 0xed, 0xed, 0xed, 0xfd,
    0xfd, 0xfd, 0xff, 0xff, 0xff, 0xfe, 0xfe, 0xfe, 0xff, 0xff, 0xff, 0xf2,
    0xf2, 0xf2, 0xf7, 0xf7, 0xf7, 0x12, 0x12, 0x12, 0x44, 0x44, 0x44, 0xff,
    0xff, 0xff, 0xf0, 0xf0, 0xf0, 0xff, 0xff, 0xff, 0xfe, 0xfe, 0xfe, 0xff,
    0xff, 0xff, 0xf1, 0xf1, 0xf1, 0xd2, 0xd2, 0xd2, 0x03, 0x03, 0x03, 0x06,
    0x06, 0x06, 0xd8, 0xd8, 0xd8, 0xf2, 0xf2, 0xf2, 0xff, 0xff, 0xff, 0xff,
    0xff, 0xff, 0xff, 0xff, 0xff, 0xf2, 0xf2, 0xf2, 0xff, 0xff, 0xff, 0x5c,
    0x5c, 0x5c, 0x13, 0x13, 0x13, 0xfa, 0xfa, 0xfa, 0xf2, 0xf2, 0xf2, 0xff,
    0xff, 0xff, 0xfe, 0xfe, 0xfe, 0xfe, 0xfe, 0xfe, 0xfc, 0xfc, 0xfc, 0xec,
    0xec, 0xec, 0xdf, 0xdf, 0xdf, 0xe9, 0xe9, 0xe9, 0xee, 0xee, 0xee, 0xff,
    0xff, 0xff, 0xff, 0xff, 0xff, 0xff, 0xff, 0xff, 0x00, 0x00, 0xff, 0xff,
    0xff, 0xfb, 0xfb, 0xfb, 0xf4, 0xf4, 0xf4, 0xe8, 0xe8, 0xe8, 0xe6, 0xe6,
    0xe6, 0xf3, 0xf3, 0xf3, 0xf4, 0xf4, 0xf4, 0xff, 0xff, 0xff, 0xff, 0xff,
    0xff, 0xff, 0xff, 0xff, 0xff, 0xff, 0xff, 0xf2, 0xf2, 0xf2, 0xf6, 0xf6,
    0xf6, 0x13, 0x13, 0x13, 0x96, 0x96, 0x96, 0xf7, 0xf7, 0xf7, 0xf8, 0xf8,
    0xf8, 0xff, 0xff, 0xff, 0xfe, 0xfe, 0xfe, 0xff, 0xff, 0xff, 0xf0, 0xf0,
    0xf0, 0xf3, 0xf3, 0xf3, 0x15, 0x15, 0x15, 0x1b, 0x1b, 0x1b, 0xf6, 0xf6,
    0xf6, 0xf0, 0xf0, 0xf0, 0xff, 0xff, 0xff, 0xff, 0xff, 0xff, 0xff, 0xff,
    0xff, 0xfa, 0xfa, 0xfa, 0xf4, 0xf4, 0xf4, 0xb2, 0xb2, 0xb2, 0x1e, 0x1e,
    0x1e, 0xf7, 0xf7, 0xf7, 0xf2, 0xf2, 0xf2, 0xff, 0xff, 0xff, 0xff, 0xff,
    0xff, 0xff, 0xff, 0xff, 0xff, 0xff, 0xff, 0xf3, 0xf3, 0xf3, 0xf4, 0xf4,
    0xf4, 0xe7, 0xe7, 0xe7, 0xe8, 0xe8, 0xe8, 0xf4, 0xf4, 0xf4, 0xfc, 0xfc,
    0xfc, 0xff, 0xff, 0xff, 0x00, 0x00, 0xfb, 0xfb, 0xfb, 0xec, 0xec, 0xec,
    0xff, 0xff, 0xff, 0xf0, 0xf0, 0xf0, 0xf3, 0xf3, 0xf3, 0xe6, 0xe6, 0xe6,
    0xff, 0xff, 0xff, 0xff, 0xff, 0xff, 0xff, 0xff, 0xff, 0xff, 0xff, 0xff,
    0xff, 0xff, 0xff, 0xf3, 0xf3, 0xf3, 0xee, 0xee, 0xee, 0x37, 0x37, 0x37,
    0xe0, 0xe0, 0xe0, 0xf0, 0xf0, 0xf0, 0xff, 0xff, 0xff, 0xff, 0xff, 0xff,
    0xff, 0xff, 0xff, 0xff, 0xff, 0xff, 0xf1, 0xf1, 0xf1, 0xff, 0xff, 0xff,
    0x31, 0x31, 0x31, 0x38, 0x38, 0x38, 0xff, 0xff, 0xff, 0xf1, 0xf1, 0xf1,
    0xff, 0xff, 0xff, 0xff, 0xff, 0xff, 0xff, 0xff, 0xff, 0xff, 0xff, 0xff,
    0xef, 0xef, 0xef, 0xf2, 0xf2, 0xf2, 0x51, 0x51, 0x51, 0xec, 0xec, 0xec,
    0xf4, 0xf4, 0xf4, 0xff, 0xff, 0xff, 0xff, 0xff, 0xff, 0xfe, 0xfe, 0xfe,
    0xff, 0xff, 0xff, 0xfe, 0xfe, 0xfe, 0xe7, 0xe7, 0xe7, 0xf3, 0xf3, 0xf3,
    0xf0, 0xf0, 0xf0, 0xff, 0xff, 0xff, 0xec, 0xec, 0xec, 0xfb, 0xfb, 0xfb,
    0x00, 0x00, 0xeb, 0xeb, 0xeb, 0xfc, 0xfc, 0xfc, 0x79, 0x79, 0x79, 0x3d,
    0x3d, 0x3d, 0xa5, 0xa5, 0xa5, 0xfa, 0xfa, 0xfa, 0xf2, 0xf2, 0xf2, 0xff,
    0xff, 0xff, 0xfe, 0xfe, 0xfe, 0xff, 0xff, 0xff, 0xff, 0xff, 0xff, 0xf6,
    0xf6, 0xf6, 0xe3, 0xe3, 0xe3, 0x7c, 0x7c, 0x7c, 0xff, 0xff, 0xff, 0xf3,
    0xf3, 0xf3, 0xff, 0xff, 0xff, 0xff, 0xff, 0xff, 0xff, 0xff, 0xff, 0xff,
    0xff, 0xff, 0xf4, 0xf4, 0xf4, 0xff, 0xff, 0xff, 0x57, 0x57, 0x57, 0x5c,
    0x5c, 0x5c, 0xff, 0xff, 0xff, 0xf4, 0xf4, 0xf4, 0xff, 0xff, 0xff, 0xff,
    0xff, 0xff, 0xff, 0xff, 0xff, 0xfe, 0xfe, 0xfe, 0xf6, 0xf6, 0xf6, 0xf9,
    0xf9, 0xf9, 0xa3, 0xa3, 0xa3, 0xe6, 0xe6, 0xe6, 0xf5, 0xf5, 0xf5, 0xff,
    0xff, 0xff, 0xff, 0xff, 0xff, 0xff, 0xff, 0xff, 0xff, 0xff, 0xff, 0xf2,
    0xf2, 0xf2, 0xfb, 0xfb, 0xfb, 0xa0, 0xa0, 0xa0, 0x3d, 0x3d, 0x3d, 0x7d,
    0x7d, 0x7d, 0xfd, 0xfd, 0xfd, 0xeb, 0xeb, 0xeb, 0x00, 0x00, 0xf1, 0xf1,
    0xf1, 0xb3, 0xb3, 0xb3, 0x00, 0x00, 0x00, 0x00, 0x00, 0x00, 0x12, 0x12,
    0x12, 0xea, 0xea, 0xea, 0xf0, 0xf0, 0xf0, 0xff, 0xff, 0xff, 0xff, 0xff,
    0xff, 0xff, 0xff, 0xff, 0xfe, 0xfe, 0xfe, 0xf3, 0xf3, 0xf3, 0xea, 0xea,
    0xea, 0xcd, 0xcd, 0xcd, 0xed, 0xed, 0xed, 0xfb, 0xfb, 0xfb, 0xff, 0xff,
    0xff, 0xfe, 0xfe, 0xfe, 0xff, 0xff, 0xff, 0xff, 0xff, 0xff, 0xf8, 0xf8,
    0xf8, 0xf9, 0xf9, 0xf9, 0x83, 0x83, 0x83, 0x8a, 0x8a, 0x8a, 0xf8, 0xf8,
    0xf8, 0xf9, 0xf9, 0xf9, 0xff, 0xff, 0xff, 0xfe, 0xfe, 0xfe, 0xff, 0xff,
    0xff, 0xfe, 0xfe, 0xfe, 0xfe, 0xfe, 0xfe, 0xe9, 0xe9, 0xe9, 0xe7, 0xe7,
    0xe7, 0xf3, 0xf3, 0xf3, 0xf0, 0xf0, 0xf0, 0xff, 0xff, 0xff, 0xfe, 0xfe,
    0xfe, 0xff, 0xff, 0xff, 0xff, 0xff, 0xff, 0xf0, 0xf0, 0xf0, 0xe6, 0xe6,
    0xe6, 0x0e, 0x0e, 0x0e, 0x00, 0x00, 0x00, 0x00, 0x00, 0x00, 0xba, 0xba,
    0xba, 0xf2, 0xf2, 0xf2, 0x00, 0x00, 0xf2, 0xf2, 0xf2, 0xaa, 0xaa, 0xaa,
    0x00, 0x00, 0x00, 0x00, 0x00, 0x00, 0x0b, 0x0b, 0x0b, 0xe5, 0xe5, 0xe5,
    0xef, 0xef, 0xef, 0xff, 0xff, 0xff, 0xfe, 0xfe, 0xfe, 0xff, 0xff, 0xff,
    0xff, 0xff, 0xff, 0xf0, 0xf0, 0xf0, 0xf5, 0xf5, 0xf5, 0xf2, 0xf2, 0xf2,
    0xeb, 0xeb, 0xeb, 0xff, 0xff, 0xff, 0xff, 0xff, 0xff, 0xff, 0xff, 0xff,
    0xff, 0xff, 0xff, 0xff, 0xff, 0xff, 0xfd, 0xfd, 0xfd, 0xf4, 0xf4, 0xf4,
    0xbb, 0xbb, 0xbb, 0xbf, 0xbf, 0xbf, 0xf4, 0xf4, 0xf4, 0xfd, 0xfd, 0xfd,
    0xff, 0xff, 0xff, 0xfe, 0xfe, 0xfe, 0xff, 0xff, 0xff, 0xff, 0xff, 0xff,
    0xff, 0xff, 0xff, 0xf3, 0xf3, 0xf3, 0xf2, 0xf2, 0xf2, 0xeb, 0xeb, 0xeb,
    0xee, 0xee, 0xee, 0xfd, 0xfd, 0xfd, 0xff, 0xff, 0xff, 0xfe, 0xfe, 0xfe,
    0xff, 0xff, 0xff, 0xf1, 0xf1, 0xf1, 0xe0, 0xe0, 0xe0, 0x07, 0x07, 0x07,
    0x00, 0x00, 0x00, 0x00, 0x00, 0x00, 0xb0, 0xb0, 0xb0, 0xf2, 0xf2, 0xf2,
    0x00, 0x00, 0xea, 0xea, 0xea, 0xf5, 0xf5, 0xf5, 0x61, 0x61, 0x61, 0x26,
    0x26, 0x26, 0x8f, 0x8f, 0x8f, 0xff, 0xff, 0xff, 0xf1, 0xf1, 0xf1, 0xff,
    0xff, 0xff, 0xff, 0xff, 0xff, 0xff, 0xff, 0xff, 0xf7, 0xf7, 0xf7, 0xee,
    0xee, 0xee, 0xeb, 0xeb, 0xeb, 0xf0, 0xf0, 0xf0, 0xf7, 0xf7, 0xf7, 0xff,
    0xff, 0xff, 0xff, 0xff, 0xff, 0xff, 0xff, 0xff, 0xff, 0xff, 0xff, 0xff,
    0xff, 0xff, 0xff, 0xff, 0xff, 0xee, 0xee, 0xee, 0xec, 0xec, 0xec, 0xed,
    0xed, 0xed, 0xee, 0xee, 0xee, 0xff, 0xff, 0xff, 0xff, 0xff, 0xff, 0xff,
    0xff, 0xff, 0xff, 0xff, 0xff, 0xfe, 0xfe, 0xfe, 0xff, 0xff, 0xff, 0xee,
    0xee, 0xee, 0xf8, 0xf8, 0xf8, 0xf5, 0xf5, 0xf5, 0xfc, 0xfc, 0xfc, 0xee,
    0xee, 0xee, 0xfc, 0xfc, 0xfc, 0xff, 0xff, 0xff, 0xff, 0xff, 0xff, 0xf0,
    0xf0, 0xf0, 0xff, 0xff, 0xff, 0x8c, 0x8c, 0x8c, 0x25, 0x25, 0x25, 0x66,
    0x66, 0x66, 0xf7, 0xf7, 0xf7, 0xeb, 0xeb, 0xeb, 0x00, 0x00, 0xf9, 0xf9,
    0xf9, 0xee, 0xee, 0xee, 0xff, 0xff, 0xff, 0xef, 0xef, 0xef, 0xff, 0xff,
    0xff, 0xeb, 0xeb, 0xeb, 0xfe, 0xfe, 0xfe, 0xfe, 0xfe, 0xfe, 0xff, 0xff,
    0xff, 0xf7, 0xf7, 0xf7, 0xf3, 0xf3, 0xf3, 0xf5, 0xf5, 0xf5, 0xe2, 0xe2,
    0xe2, 0xf9, 0xf9, 0xf9, 0xeb, 0xeb, 0xeb, 0xff, 0xff, 0xff, 0xfe, 0xfe,
    0xfe, 0xff, 0xff, 0xff, 0xff, 0xff, 0xff, 0xfe, 0xfe, 0xfe, 0xff, 0xff,
    0xff, 0xef, 0xef, 0xef, 0xf0, 0xf0, 0xf0, 0xf1, 0xf1, 0xf1, 0xf0, 0xf0,
    0xf0, 0xff, 0xff, 0xff, 0xff, 0xff, 0xff, 0xff, 0xff, 0xff, 0xff, 0xff,
    0xff, 0xff, 0xff, 0xff, 0xf7, 0xf7, 0xf7, 0xf9, 0xf9, 0xf9, 0xc7, 0xc7,
    0xc7, 0x61, 0x61, 0x61, 0x8f, 0x8f, 0x8f, 0xff, 0xff, 0xff, 0xed, 0xed,
    0xed, 0xff, 0xff, 0xff, 0xff, 0xff, 0xff, 0xfd, 0xfd, 0xfd, 0xec, 0xec,
    0xec, 0xff, 0xff, 0xff, 0xef, 0xef, 0xef, 0xff, 0xff, 0xff, 0xec, 0xec,
    0xec, 0xfa, 0xfa, 0xfa, 0x00, 0x00, 0xff, 0xff, 0xff, 0xf9, 0xf9, 0xf9,
    0xf3, 0xf3, 0xf3, 0xf3, 0xf3, 0xf3, 0xf4, 0xf4, 0xf4, 0xfd, 0xfd, 0xfd,
    0xff, 0xff, 0xff, 0xfe, 0xfe, 0xfe, 0xfe, 0xfe, 0xfe, 0xec, 0xec, 0xec,
    0xeb, 0xeb, 0xeb, 0x4c, 0x4c, 0x4c, 0x23, 0x23, 0x23, 0x9d, 0x9d, 0x9d,
    0xff, 0xff, 0xff, 0xf3, 0xf3, 0xf3, 0xff, 0xff, 0xff, 0xfe, 0xfe, 0xfe,
    0xff, 0xff, 0xff, 0xff, 0xff, 0xff, 0xf8, 0xf8, 0xf8, 0xf1, 0xf1, 0xf1,
    0xf7, 0xf7, 0xf7, 0xf8, 0xf8, 0xf8, 0xf1, 0xf1, 0xf1, 0xf9, 0xf9, 0xf9,
    0xff, 0xff, 0xff, 0xff, 0xff, 0xff, 0xff, 0xff, 0xff, 0xff, 0xff, 0xff,
    0xef, 0xef, 0xef, 0xf7, 0xf7, 0xf7, 0x2f, 0x2f, 0x2f, 0x00, 0x00, 0x00,
    0x01, 0x01, 0x01, 0xb1, 0xb1, 0xb1, 0xf2, 0xf2, 0xf2, 0xfb, 0xfb, 0xfb,
    0xff, 0xff, 0xff, 0xff, 0xff, 0xff, 0xfd, 0xfd, 0xfd, 0xf3, 0xf3, 0xf3,
    0xf3, 0xf3, 0xf3, 0xf3, 0xf3, 0xf3, 0xfa, 0xfa, 0xfa, 0xff, 0xff, 0xff,
    0x00, 0x00, 0xff, 0xff, 0xff, 0xff, 0xff, 0xff, 0xff, 0xff, 0xff, 0xff,
    0xff, 0xff, 0xff, 0xff, 0xff, 0xff, 0xff, 0xff, 0xff, 0xff, 0xff, 0xff,
    0xff, 0xff, 0xf9, 0xf9, 0xf9, 0xf5, 0xf5, 0xf5, 0x90, 0x90, 0x90, 0x01,
    0x01, 0x01, 0x00, 0x00, 0x00, 0x1c, 0x1c, 0x1c, 0xf4, 0xf4, 0xf4, 0xf0,
    0xf0, 0xf0, 0xff, 0xff, 0xff, 0xfe, 0xfe, 0xfe, 0xff, 0xff, 0xff, 0xfd,
    0xfd, 0xfd, 0xe9, 0xe9, 0xe9, 0xf2, 0xf2, 0xf2, 0x7e, 0x7e, 0x7e, 0x81,
    0x81, 0x81, 0xf4, 0xf4, 0xf4, 0xea, 0xea, 0xea, 0xfd, 0xfd, 0xfd, 0xff,
    0xff, 0xff, 0xfe, 0xfe, 0xfe, 0xff, 0xff, 0xff, 0xf1, 0xf1, 0xf1, 0xee,
    0xee, 0xee, 0x11, 0x11, 0x11, 0x00, 0x00, 0x00, 0x01, 0x01, 0x01, 0x90,
    0x90, 0x90, 0xf6, 0xf6, 0xf6, 0xf9, 0xf9, 0xf9, 0xff, 0xff, 0xff, 0xfe,
    0xfe, 0xfe, 0xff, 0xff, 0xff, 0xff, 0xff, 0xff, 0xff, 0xff, 0xff, 0xff,
    0xff, 0xff, 0xff, 0xff, 0xff, 0xff, 0xff, 0xff, 0x00, 0x00, 0xff, 0xff,
    0xff, 0xff, 0xff, 0xff, 0xff, 0xff, 0xff, 0xff, 0xff, 0xff, 0xff, 0xff,
    0xff, 0xff, 0xff, 0xff, 0xff, 0xff, 0xff, 0xff, 0xff, 0xff, 0xf9, 0xf9,
    0xf9, 0xf4, 0xf4, 0xf4, 0x9d, 0x9d, 0x9d, 0x01, 0x01, 0x01, 0x00, 0x00,
    0x00, 0x27, 0x27, 0x27, 0xf7, 0xf7, 0xf7, 0xf0, 0xf0, 0xf0, 0xff, 0xff,
    0xff, 0xfe, 0xfe, 0xfe, 0xff, 0xff, 0xff, 0xf4, 0xf4, 0xf4, 0xff, 0xff,
    0xff, 0x74, 0x74, 0x74, 0x00, 0x00, 0x00, 0x00, 0x00, 0x00, 0x7a, 0x7a,
    0x7a, 0xff, 0xff, 0xff, 0xf5, 0xf5, 0xf5, 0xff, 0xff, 0xff, 0xff, 0xff,
    0xff, 0xff, 0xff, 0xff, 0xf2, 0xf2, 0xf2, 0xff, 0xff, 0xff, 0x83, 0x83,
    0x83, 0x0d, 0x0d, 0x0d, 0x37, 0x37, 0x37, 0xe3, 0xe3, 0xe3, 0xeb, 0xeb,
    0xeb, 0xfd, 0xfd, 0xfd, 0xff, 0xff, 0xff, 0xff, 0xff, 0xff, 0xff, 0xff,
    0xff, 0xff, 0xff, 0xff, 0xff, 0xff, 0xff, 0xff, 0xff, 0xff, 0xff, 0xff,
    0xff, 0xff, 0xff, 0xff, 0x00, 0x00, 0xff, 0xff, 0xff, 0xff, 0xff, 0xff,
    0xff, 0xff, 0xff, 0xff, 0xff, 0xff, 0xff, 0xff, 0xff, 0xff, 0xff, 0xff,
    0xff, 0xff, 0xff, 0xff, 0xff, 0xff, 0xfe, 0xfe, 0xfe, 0xec, 0xec, 0xec,
    0xf8, 0xf8, 0xf8, 0x6f, 0x6f, 0x6f, 0x43, 0x43, 0x43, 0xb9, 0xb9, 0xb9,
    0xfe, 0xfe, 0xfe, 0xf5, 0xf5, 0xf5, 0xff, 0xff, 0xff, 0xfe, 0xfe, 0xfe,
    0xff, 0xff, 0xff, 0xf2, 0xf2, 0xf2, 0xff, 0xff, 0xff, 0x44, 0x44, 0x44,
    0x00, 0x00, 0x00, 0x00, 0x00, 0x00, 0x4a, 0x4a, 0x4a, 0xff, 0xff, 0xff,
    0xf2, 0xf2, 0xf2, 0xff, 0xff, 0xff, 0xfe, 0xfe, 0xfe, 0xff, 0xff, 0xff,
    0xfe, 0xfe, 0xfe, 0xea, 0xea, 0xea, 0xff, 0xff, 0xff, 0xd7, 0xd7, 0xd7,
    0xef, 0xef, 0xef, 0xfc, 0xfc, 0xfc, 0xf5, 0xf5, 0xf5, 0xff, 0xff, 0xff,
    0xff, 0xff, 0xff, 0xff, 0xff, 0xff, 0xff, 0xff, 0xff, 0xff, 0xff, 0xff,
    0xff, 0xff, 0xff, 0xff, 0xff, 0xff, 0xff, 0xff, 0xff, 0xff, 0xff, 0xff,
    0x00, 0x00, 0xff, 0xff, 0xff, 0xff, 0xff, 0xff, 0xff, 0xff, 0xff, 0xff,
    0xff, 0xff, 0xff, 0xff, 0xff, 0xff, 0xff, 0xff, 0xff, 0xff, 0xff, 0xff,
    0xff, 0xff, 0xff, 0xff, 0xff, 0xf9, 0xf9, 0xf9, 0xef, 0xef, 0xef, 0xff,
    0xff, 0xff, 0xff, 0xff, 0xff, 0xff, 0xff, 0xff, 0xee, 0xee, 0xee, 0xff,
    0xff, 0xff, 0xff, 0xff, 0xff, 0xff, 0xff, 0xff, 0xff, 0xff, 0xff, 0xf7,
    0xf7, 0xf7, 0xfa, 0xfa, 0xfa, 0xa9, 0xa9, 0xa9, 0x0b, 0x0b, 0x0b, 0x0d,
    0x0d, 0x0d, 0xaf, 0xaf, 0xaf, 0xf8, 0xf8, 0xf8, 0xf8, 0xf8, 0xf8, 0xff,
    0xff, 0xff, 0xff, 0xff, 0xff, 0xfe, 0xfe, 0xfe, 0xff, 0xff, 0xff, 0xfb,
    0xfb, 0xfb, 0xf1, 0xf1, 0xf1, 0xf4, 0xf4, 0xf4, 0xf2, 0xf2, 0xf2, 0xf4,
    0xf4, 0xf4, 0xff, 0xff, 0xff, 0xff, 0xff, 0xff, 0xff, 0xff, 0xff, 0xff,
    0xff, 0xff, 0xff, 0xff, 0xff, 0xff, 0xff, 0xff, 0xff, 0xff, 0xff, 0xff,
    0xff, 0xff, 0xff, 0xff, 0xff, 0xff, 0xff, 0xff, 0x00, 0x00, 0xff, 0xff,
    0xff, 0xff, 0xff, 0xff, 0xff, 0xff, 0xff, 0xff, 0xff, 0xff, 0xff, 0xff,
    0xff, 0xff, 0xff, 0xff, 0xff, 0xff, 0xff, 0xff, 0xff, 0xff, 0xff, 0xff,
    0xff, 0xff, 0xff, 0xff, 0xfa, 0xfa, 0xfa, 0xf3, 0xf3, 0xf3, 0xf3, 0xf3,
    0xf3, 0xf6, 0xf6, 0xf6, 0xff, 0xff, 0xff, 0xff, 0xff, 0xff, 0xff, 0xff,
    0xff, 0xff, 0xff, 0xff, 0xff, 0xff, 0xff, 0xff, 0xff, 0xff, 0xed, 0xed,
    0xed, 0xff, 0xff, 0xff, 0xcd, 0xcd, 0xcd, 0xcf, 0xcf, 0xcf, 0xff, 0xff,
    0xff, 0xed, 0xed, 0xed, 0xff, 0xff, 0xff, 0xff, 0xff, 0xff, 0xff, 0xff,
    0xff, 0xff, 0xff, 0xff, 0xff, 0xff, 0xff, 0xff, 0xff, 0xff, 0xff, 0xff,
    0xff, 0xff, 0xff, 0xff, 0xff, 0xff, 0xff, 0xff, 0xff, 0xff, 0xff, 0xff,
    0xff, 0xff, 0xff, 0xff, 0xff, 0xff, 0xff, 0xff, 0xff, 0xff, 0xff, 0xff,
    0xff, 0xff, 0xff, 0xff, 0xff, 0xff, 0xff, 0xff, 0xff, 0xff, 0xff, 0xff,
    0xff, 0xff, 0xff, 0xff, 0x00, 0x00, 0xff, 0xff, 0xff, 0xff, 0xff, 0xff,
    0xff, 0xff, 0xff, 0xff, 0xff, 0xff, 0xff, 0xff, 0xff, 0xff, 0xff, 0xff,
    0xff, 0xff, 0xff, 0xff, 0xff, 0xff, 0xff, 0xff, 0xff, 0xff, 0xff, 0xff,
    0xff, 0xff, 0xff, 0xff, 0xff, 0xff, 0xff, 0xff, 0xff, 0xff, 0xff, 0xff,
    0xfe, 0xfe, 0xfe, 0xff, 0xff, 0xff, 0xff, 0xff, 0xff, 0xff, 0xff, 0xff,
    0xff, 0xff, 0xff, 0xff, 0xff, 0xff, 0xfe, 0xfe, 0xfe, 0xee, 0xee, 0xee,
    0xf1, 0xf1, 0xf1, 0xf1, 0xf1, 0xf1, 0xf0, 0xf0, 0xf0, 0xff, 0xff, 0xff,
    0xff, 0xff, 0xff, 0xff, 0xff, 0xff, 0xff, 0xff, 0xff, 0xff, 0xff, 0xff,
    0xff, 0xff, 0xff, 0xff, 0xff, 0xff, 0xff, 0xff, 0xff, 0xff, 0xff, 0xff,
    0xff, 0xff, 0xff, 0xff, 0xff, 0xff, 0xff, 0xff, 0xff, 0xff, 0xff, 0xff,
    0xff, 0xff, 0xff, 0xff, 0xff, 0xff, 0xff, 0xff, 0xff, 0xff, 0xff, 0xff,
    0xff, 0xff, 0xff, 0xff, 0xff, 0xff, 0xff, 0xff, 0xff, 0xff, 0xff, 0xff,
    0x00, 0x00
};
static const unsigned int black_queen_bmp_len = 6494;

/* black_rook.bmp (6494 bytes, 46x46 px) */
static const unsigned char black_rook_bmp[] = {
    0x42, 0x4d, 0x5e, 0x19, 0x00, 0x00, 0x00, 0x00, 0x00, 0x00, 0x36, 0x00,
    0x00, 0x00, 0x28, 0x00, 0x00, 0x00, 0x2e, 0x00, 0x00, 0x00, 0x2e, 0x00,
    0x00, 0x00, 0x01, 0x00, 0x18, 0x00, 0x00, 0x00, 0x00, 0x00, 0x28, 0x19,
    0x00, 0x00, 0xc4, 0x0e, 0x00, 0x00, 0xc4, 0x0e, 0x00, 0x00, 0x00, 0x00,
    0x00, 0x00, 0x00, 0x00, 0x00, 0x00, 0xe9, 0xe9, 0xe9, 0xea, 0xea, 0xea,
    0xea, 0xea, 0xea, 0xec, 0xec, 0xec, 0xeb, 0xeb, 0xeb, 0xec, 0xec, 0xec,
    0xec, 0xec, 0xec, 0xec, 0xec, 0xec, 0xec, 0xec, 0xec, 0xec, 0xec, 0xec,
    0xec, 0xec, 0xec, 0xec, 0xec, 0xec, 0xec, 0xec, 0xec, 0xec, 0xec, 0xec,
    0xec, 0xec, 0xec, 0xec, 0xec, 0xec, 0xec, 0xec, 0xec, 0xec, 0xec, 0xec,
    0xec, 0xec, 0xec, 0xec, 0xec, 0xec, 0xec, 0xec, 0xec, 0xec, 0xec, 0xec,
    0xec, 0xec, 0xec, 0xec, 0xec, 0xec, 0xec, 0xec, 0xec, 0xec, 0xec, 0xec,
    0xec, 0xec, 0xec, 0xec, 0xec, 0xec, 0xec, 0xec, 0xec, 0xec, 0xec, 0xec,
    0xec, 0xec, 0xec, 0xec, 0xec, 0xec, 0xec, 0xec, 0xec, 0xec, 0xec, 0xec,
    0xec, 0xec, 0xec, 0xec, 0xec, 0xec, 0xec, 0xec, 0xec, 0xec, 0xec, 0xec,
    0xec, 0xec, 0xec, 0xec, 0xec, 0xec, 0xec, 0xec, 0xec, 0xeb, 0xeb, 0xeb,
    0xec, 0xec, 0xec, 0xea, 0xea, 0xea, 0xea, 0xea, 0xea, 0xea, 0xea, 0xea,
    0x00, 0x00, 0xeb, 0xeb, 0xeb, 0xe6, 0xe6, 0xe6, 0xd6, 0xd6, 0xd6, 0xd2,
    0xd2, 0xd2, 0xd2, 0xd2, 0xd2, 0xd2, 0xd2, 0xd2, 0xd2, 0xd2, 0xd2, 0xd2,
    0xd2, 0xd2, 0xd2, 0xd2, 0xd2, 0xd2, 0xd2, 0xd2, 0xd2, 0xd2, 0xd2, 0xd2,
    0xd2, 0xd2, 0xd2, 0xd2, 0xd2, 0xd2, 0xd2, 0xd2, 0xd2, 0xd2, 0xd2, 0xd2,
    0xd2, 0xd2, 0xd2, 0xd2, 0xd2, 0xd2, 0xd2, 0xd2, 0xd2, 0xd2, 0xd2, 0xd2,
    0xd2, 0xd2, 0xd2, 0xd2, 0xd2, 0xd2, 0xd2, 0xd2, 0xd2, 0xd2, 0xd2, 0xd2,
    0xd2, 0xd2, 0xd2, 0xd2, 0xd2, 0xd2, 0xd2, 0xd2, 0xd2, 0xd2, 0xd2, 0xd2,
    0xd2, 0xd2, 0xd2, 0xd2, 0xd2, 0xd2, 0xd2, 0xd2, 0xd2, 0xd2, 0xd2, 0xd2,
    0xd2, 0xd2, 0xd2, 0xd2, 0xd2, 0xd2, 0xd2, 0xd2, 0xd2, 0xd2, 0xd2, 0xd2,
    0xd2, 0xd2, 0xd2, 0xd2, 0xd2, 0xd2, 0xd2, 0xd2, 0xd2, 0xd2, 0xd2, 0xd2,
    0xd2, 0xd2, 0xd2, 0xd2, 0xd2, 0xd2, 0xd2, 0xd2, 0xd2, 0xd2, 0xd2, 0xd6,
    0xd6, 0xd6, 0xe6, 0xe6, 0xe6, 0xeb, 0xeb, 0xeb, 0x00, 0x00, 0xe4, 0xe4,
    0xe4, 0xea, 0xea, 0xea, 0x37, 0x37, 0x37, 0x0e, 0x0e, 0x0e, 0x10, 0x10,
    0x10, 0x0e, 0x0e, 0x0e, 0x0e, 0x0e, 0x0e, 0x0e, 0x0e, 0x0e, 0x0e, 0x0e,
    0x0e, 0x0e, 0x0e, 0x0e, 0x0e, 0x0e, 0x0e, 0x0e, 0x0e, 0x0e, 0x0e, 0x0e,
    0x0e, 0x0e, 0x0e, 0x0e, 0x0e, 0x0e, 0x0e, 0x0e, 0x0e, 0x0e, 0x0e, 0x0e,
    0x0e, 0x0e, 0x0e, 0x0e, 0x0e, 0x0e, 0x0e, 0x0e, 0x0e, 0x0e, 0x0e, 0x0e,
    0x0e, 0x0e, 0x0e, 0x0e, 0x0e, 0x0e, 0x0e, 0x0e, 0x0e, 0x0e, 0x0e, 0x0e,
    0x0e, 0x0e, 0x0e, 0x0e, 0x0e, 0x0e, 0x0e, 0x0e, 0x0e, 0x0e, 0x0e, 0x0e,
    0x0e, 0x0e, 0x0e, 0x0e, 0x0e, 0x0e, 0x0e, 0x0e, 0x0e, 0x0e, 0x0e, 0x0e,
    0x0e, 0x0e, 0x0e, 0x0e, 0x0e, 0x0e, 0x0e, 0x0e, 0x0e, 0x0e, 0x0e, 0x0e,
    0x0e, 0x0e, 0x0e, 0x0e, 0x0e, 0x0e, 0x0e, 0x0e, 0x0e, 0x0e, 0x0e, 0x0e,
    0x0e, 0x10, 0x10, 0x10, 0x0e, 0x0e, 0x0e, 0x37, 0x37, 0x37, 0xea, 0xea,
    0xea, 0xe4, 0xe4, 0xe4, 0x00, 0x00, 0xe4, 0xe4, 0xe4, 0xea, 0xea, 0xea,
    0x1d, 0x1d, 0x1d, 0x00, 0x00, 0x00, 0x00, 0x00, 0x00, 0x00, 0x00, 0x00,
    0x00, 0x00, 0x00, 0x00, 0x00, 0x00, 0x00, 0x00, 0x00, 0x00, 0x00, 0x00,
    0x00, 0x00, 0x00, 0x00, 0x00, 0x00, 0x00, 0x00, 0x00, 0x00, 0x00, 0x00,
    0x00, 0x00, 0x00, 0x00, 0x00, 0x00, 0x00, 0x00, 0x00, 0x00, 0x00, 0x00,
    0x00, 0x00, 0x00, 0x00, 0x00, 0x00, 0x00, 0x00, 0x00, 0x00, 0x00, 0x00,
    0x00, 0x00, 0x00, 0x00, 0x00, 0x00, 0x00, 0x00, 0x00, 0x00, 0x00, 0x00,
    0x00, 0x00, 0x00, 0x00, 0x00, 0x00, 0x00, 0x00, 0x00, 0x00, 0x00, 0x00,
    0x00, 0x00, 0x00, 0x00, 0x00, 0x00, 0x00, 0x00, 0x00, 0x00, 0x00, 0x00,
    0x00, 0x00, 0x00, 0x00, 0x00, 0x00, 0x00, 0x00, 0x00, 0x00, 0x00, 0x00,
    0x00, 0x00, 0x00, 0x00, 0x00, 0x00, 0x00, 0x00, 0x00, 0x00, 0x00, 0x00,
    0x00, 0x00, 0x00, 0x1d, 0x1d, 0x1d, 0xea, 0xea, 0xea, 0xe4, 0xe4, 0xe4,
    0x00, 0x00, 0xe6, 0xe6, 0xe6, 0xe7, 0xe7, 0xe7, 0x9d, 0x9d, 0x9d, 0x8b,
    0x8b, 0x8b, 0x8a, 0x8a, 0x8a, 0x8a, 0x8a, 0x8a, 0x8a, 0x8a, 0x8a, 0x87,
    0x87, 0x87, 0x87, 0x87, 0x87, 0x87, 0x87, 0x87, 0x87, 0x87, 0x87, 0x87,
    0x87, 0x87, 0x87, 0x87, 0x87, 0x87, 0x87, 0x87, 0x87, 0x87, 0x87, 0x87,
    0x87, 0x87, 0x87, 0x87, 0x87, 0x87, 0x87, 0x87, 0x87, 0x87, 0x87, 0x87,
    0x87, 0x87, 0x87, 0x87, 0x87, 0x87, 0x87, 0x87, 0x87, 0x87, 0x87, 0x87,
    0x87, 0x87, 0x87, 0x87, 0x87, 0x87, 0x87, 0x87, 0x87, 0x87, 0x87, 0x87,
    0x87, 0x87, 0x87, 0x87, 0x87, 0x87, 0x87, 0x87, 0x87, 0x87, 0x87, 0x87,
    0x87, 0x87, 0x87, 0x87, 0x87, 0x87, 0x87, 0x87, 0x87, 0x87, 0x87, 0x87,
    0x87, 0x87, 0x87, 0x87, 0x87, 0x87, 0x87, 0x87, 0x87, 0x87, 0x87, 0x8a,
    0x8a, 0x8a, 0x8a, 0x8a, 0x8a, 0x8a, 0x8a, 0x8a, 0x8b, 0x8b, 0x8b, 0x9d,
    0x9d, 0x9d, 0xe7, 0xe7, 0xe7, 0xe6, 0xe6, 0xe6, 0x00, 0x00, 0xe6, 0xe6,
    0xe6, 0xf7, 0xf7, 0xf7, 0xff, 0xff, 0xff, 0xff, 0xff, 0xff, 0xff, 0xff,
    0xff, 0xf6, 0xf6, 0xf6, 0xf7, 0xf7, 0xf7, 0xff, 0xff, 0xff, 0xff, 0xff,
    0xff, 0xff, 0xff, 0xff, 0xff, 0xff, 0xff, 0xff, 0xff, 0xff, 0xff, 0xff,
    0xff, 0xff, 0xff, 0xff, 0xff, 0xff, 0xff, 0xff, 0xff, 0xff, 0xff, 0xff,
    0xff, 0xff, 0xff, 0xff, 0xff, 0xff, 0xff, 0xff, 0xff, 0xff, 0xff, 0xff,
    0xff, 0xff, 0xff, 0xff, 0xff, 0xff, 0xff, 0xff, 0xff, 0xff, 0xff, 0xff,
    0xff, 0xff, 0xff, 0xff, 0xff, 0xff, 0xff, 0xff, 0xff, 0xff, 0xff, 0xff,
    0xff, 0xff, 0xff, 0xff, 0xff, 0xff, 0xff, 0xff, 0xff, 0xff, 0xff, 0xff,
    0xff, 0xff, 0xff, 0xff, 0xff, 0xff, 0xff, 0xff, 0xff, 0xff, 0xff, 0xff,
    0xff, 0xff, 0xff, 0xff, 0xff, 0xff, 0xff, 0xf7, 0xf7, 0xf7, 0xf6, 0xf6,
    0xf6, 0xff, 0xff, 0xff, 0xff, 0xff, 0xff, 0xff, 0xff, 0xff, 0xf7, 0xf7,
    0xf7, 0xe5, 0xe5, 0xe5, 0x00, 0x00, 0xfa, 0xfa, 0xfa, 0xf9, 0xf9, 0xf9,
    0xf3, 0xf3, 0xf3, 0xf2, 0xf2, 0xf2, 0xef, 0xef, 0xef, 0xe4, 0xe4, 0xe4,
    0xdc, 0xdc, 0xdc, 0x5e, 0x5e, 0x5e, 0x51, 0x51, 0x51, 0x52, 0x52, 0x52,
    0x51, 0x51, 0x51, 0x51, 0x51, 0x51, 0x51, 0x51, 0x51, 0x51, 0x51, 0x51,
    0x51, 0x51, 0x51, 0x51, 0x51, 0x51, 0x51, 0x51, 0x51, 0x51, 0x51, 0x51,
    0x51, 0x51, 0x51, 0x51, 0x51, 0x51, 0x51, 0x51, 0x51, 0x51, 0x51, 0x51,
    0x51, 0x51, 0x51, 0x51, 0x51, 0x51, 0x51, 0x51, 0x51, 0x51, 0x51, 0x51,
    0x51, 0x51, 0x51, 0x51, 0x51, 0x51, 0x51, 0x51, 0x51, 0x51, 0x51, 0x51,
    0x51, 0x51, 0x51, 0x51, 0x51, 0x51, 0x51, 0x51, 0x51, 0x51, 0x51, 0x51,
    0x51, 0x51, 0x51, 0x51, 0x51, 0x51, 0x52, 0x52, 0x52, 0x51, 0x51, 0x51,
    0x5e, 0x5e, 0x5e, 0xdc, 0xdc, 0xdc, 0xe4, 0xe4, 0xe4, 0xef, 0xef, 0xef,
    0xf2, 0xf2, 0xf2, 0xf3, 0xf3, 0xf3, 0xf9, 0xf9, 0xf9, 0xf9, 0xf9, 0xf9,
    0x00, 0x00, 0xff, 0xff, 0xff, 0xff, 0xff, 0xff, 0xff, 0xff, 0xff, 0xff,
    0xff, 0xff, 0xfb, 0xfb, 0xfb, 0xe9, 0xe9, 0xe9, 0xdb, 0xdb, 0xdb, 0x07,
    0x07, 0x07, 0x00, 0x00, 0x00, 0x00, 0x00, 0x00, 0x00, 0x00, 0x00, 0x00,
    0x00, 0x00, 0x00, 0x00, 0x00, 0x00, 0x00, 0x00, 0x00, 0x00, 0x00, 0x00,
    0x00, 0x00, 0x00, 0x00, 0x00, 0x00, 0x00, 0x00, 0x00, 0x00, 0x00, 0x00,
    0x00, 0x00, 0x00, 0x00, 0x00, 0x00, 0x00, 0x00, 0x00, 0x00, 0x00, 0x00,
    0x00, 0x00, 0x00, 0x00, 0x00, 0x00, 0x00, 0x00, 0x00, 0x00, 0x00, 0x00,
    0x00, 0x00, 0x00, 0x00, 0x00, 0x00, 0x00, 0x00, 0x00, 0x00, 0x00, 0x00,
    0x00, 0x00, 0x00, 0x00, 0x00, 0x00, 0x00, 0x00, 0x00, 0x00, 0x00, 0x00,
    0x00, 0x00, 0x00, 0x00, 0x00, 0x00, 0x00, 0x00, 0x07, 0x07, 0x07, 0xdb,
    0xdb, 0xdb, 0xe9, 0xe9, 0xe9, 0xfb, 0xfb, 0xfb, 0xff, 0xff, 0xff, 0xff,
    0xff, 0xff, 0xff, 0xff, 0xff, 0xff, 0xff, 0xff, 0x00, 0x00, 0xfe, 0xfe,
    0xfe, 0xff, 0xff, 0xff, 0xfe, 0xfe, 0xfe, 0xfe, 0xfe, 0xfe, 0xfa, 0xfa,
    0xfa, 0xe9, 0xe9, 0xe9, 0xdc, 0xdc, 0xdc, 0x1a, 0x1a, 0x1a, 0x06, 0x06,
    0x06, 0x07, 0x07, 0x07, 0x06, 0x06, 0x06, 0x06, 0x06, 0x06, 0x06, 0x06,
    0x06, 0x06, 0x06, 0x06, 0x06, 0x06, 0x06, 0x06, 0x06, 0x06, 0x06, 0x06,
    0x06, 0x06, 0x06, 0x06, 0x06, 0x06, 0x06, 0x06, 0x06, 0x06, 0x06, 0x06,
    0x06, 0x06, 0x06, 0x06, 0x06, 0x06, 0x06, 0x06, 0x06, 0x06, 0x06, 0x06,
    0x06, 0x06, 0x06, 0x06, 0x06, 0x06, 0x06, 0x06, 0x06, 0x06, 0x06, 0x06,
    0x06, 0x06, 0x06, 0x06, 0x06, 0x06, 0x06, 0x06, 0x06, 0x06, 0x06, 0x06,
    0x06, 0x06, 0x06, 0x06, 0x06, 0x06, 0x06, 0x06, 0x06, 0x06, 0x07, 0x07,
    0x07, 0x06, 0x06, 0x06, 0x1a, 0x1a, 0x1a, 0xdc, 0xdc, 0xdc, 0xe9, 0xe9,
    0xe9, 0xfa, 0xfa, 0xfa, 0xfe, 0xfe, 0xfe, 0xfe, 0xfe, 0xfe, 0xff, 0xff,
    0xff, 0xfe, 0xfe, 0xfe, 0x00, 0x00, 0xff, 0xff, 0xff, 0xff, 0xff, 0xff,
    0xff, 0xff, 0xff, 0xff, 0xff, 0xff, 0xfa, 0xfa, 0xfa, 0xe8, 0xe8, 0xe8,
    0xdc, 0xdc, 0xdc, 0x0b, 0x0b, 0x0b, 0x00, 0x00, 0x00, 0x00, 0x00, 0x00,
    0x00, 0x00, 0x00, 0x00, 0x00, 0x00, 0x00, 0x00, 0x00, 0x00, 0x00, 0x00,
    0x00, 0x00, 0x00, 0x00, 0x00, 0x00, 0x00, 0x00, 0x00, 0x00, 0x00, 0x00,
    0x00, 0x00, 0x00, 0x00, 0x00, 0x00, 0x00, 0x00, 0x00, 0x00, 0x00, 0x00,
    0x00, 0x00, 0x00, 0x00, 0x00, 0x00, 0x00, 0x00, 0x00, 0x00, 0x00, 0x00,
    0x00, 0x00, 0x00, 0x00, 0x00, 0x00, 0x00, 0x00, 0x00, 0x00, 0x00, 0x00,
    0x00, 0x00, 0x00, 0x00, 0x00, 0x00, 0x00, 0x00, 0x00, 0x00, 0x00, 0x00,
    0x00, 0x00, 0x00, 0x00, 0x00, 0x00, 0x00, 0x00, 0x00, 0x00, 0x00, 0x00,
    0x0b, 0x0b, 0x0b, 0xdc, 0xdc, 0xdc, 0xe8, 0xe8, 0xe8, 0xfa, 0xfa, 0xfa,
    0xff, 0xff, 0xff, 0xff, 0xff, 0xff, 0xff, 0xff, 0xff, 0xff, 0xff, 0xff,
    0x00, 0x00, 0xff, 0xff, 0xff, 0xff, 0xff, 0xff, 0xff, 0xff, 0xff, 0xff,
    0xff, 0xff, 0xfb, 0xfb, 0xfb, 0xe9, 0xe9, 0xe9, 0xe2, 0xe2, 0xe2, 0xad,
    0xad, 0xad, 0xa7, 0xa7, 0xa7, 0xa6, 0xa6, 0xa6, 0xa5, 0xa5, 0xa5, 0xa5,
    0xa5, 0xa5, 0xa5, 0xa5, 0xa5, 0xa5, 0xa5, 0xa5, 0xa5, 0xa5, 0xa5, 0xa5,
    0xa5, 0xa5, 0xa5, 0xa5, 0xa5, 0xa5, 0xa5, 0xa5, 0xa5, 0xa5, 0xa5, 0xa5,
    0xa5, 0xa5, 0xa5, 0xa5, 0xa5, 0xa5, 0xa5, 0xa5, 0xa5, 0xa5, 0xa5, 0xa5,
    0xa5, 0xa5, 0xa5, 0xa5, 0xa5, 0xa5, 0xa5, 0xa5, 0xa5, 0xa5, 0xa5, 0xa5,
    0xa5, 0xa5, 0xa5, 0xa5, 0xa5, 0xa5, 0xa5, 0xa5, 0xa5, 0xa5, 0xa5, 0xa5,
    0xa5, 0xa5, 0xa5, 0xa5, 0xa5, 0xa5, 0xa5, 0xa5, 0xa5, 0xa5, 0xa5, 0xa5,
    0xa5, 0xa5, 0xa6, 0xa6, 0xa6, 0xa7, 0xa7, 0xa7, 0xad, 0xad, 0xad, 0xe2,
    0xe2, 0xe2, 0xe9, 0xe9, 0xe9, 0xfb, 0xfb, 0xfb, 0xff, 0xff, 0xff, 0xff,
    0xff, 0xff, 0xff, 0xff, 0xff, 0xff, 0xff, 0xff, 0x00, 0x00, 0xff, 0xff,
    0xff, 0xff, 0xff, 0xff, 0xfe, 0xfe, 0xfe, 0xff, 0xff, 0xff, 0xfc, 0xfc,
    0xfc, 0xe6, 0xe6, 0xe6, 0xf1, 0xf1, 0xf1, 0xf0, 0xf0, 0xf0, 0xf1, 0xf1,
    0xf1, 0xfb, 0xfb, 0xfb, 0xfc, 0xfc, 0xfc, 0xfc, 0xfc, 0xfc, 0xfc, 0xfc,
    0xfc, 0xfc, 0xfc, 0xfc, 0xfc, 0xfc, 0xfc, 0xfc, 0xfc, 0xfc, 0xfc, 0xfc,
    0xfc, 0xfc, 0xfc, 0xfc, 0xfc, 0xfc, 0xfc, 0xfc, 0xfc, 0xfc, 0xfc, 0xfc,
    0xfc, 0xfc, 0xfc, 0xfc, 0xfc, 0xfc, 0xfc, 0xfc, 0xfc, 0xfc, 0xfc, 0xfc,
    0xfc, 0xfc, 0xfc, 0xfc, 0xfc, 0xfc, 0xfc, 0xfc, 0xfc, 0xfc, 0xfc, 0xfc,
    0xfc, 0xfc, 0xfc, 0xfc, 0xfc, 0xfc, 0xfc, 0xfc, 0xfc, 0xfc, 0xfc, 0xfc,
    0xfc, 0xfc, 0xfc, 0xfc, 0xfc, 0xfc, 0xfc, 0xfc, 0xfc, 0xfc, 0xfb, 0xfb,
    0xfb, 0xf1, 0xf1, 0xf1, 0xf0, 0xf0, 0xf0, 0xf1, 0xf1, 0xf1, 0xe6, 0xe6,
    0xe6, 0xfc, 0xfc, 0xfc, 0xff, 0xff, 0xff, 0xfe, 0xfe, 0xfe, 0xff, 0xff,
    0xff, 0xff, 0xff, 0xff, 0x00, 0x00, 0xff, 0xff, 0xff, 0xff, 0xff, 0xff,
    0xff, 0xff, 0xff, 0xff, 0xff, 0xff, 0xff, 0xff, 0xff, 0xfc, 0xfc, 0xfc,
    0xf0, 0xf0, 0xf0, 0xf4, 0xf4, 0xf4, 0xcf, 0xcf, 0xcf, 0x3d, 0x3d, 0x3d,
    0x3b, 0x3b, 0x3b, 0x3b, 0x3b, 0x3b, 0x3b, 0x3b, 0x3b, 0x3b, 0x3b, 0x3b,
    0x3b, 0x3b, 0x3b, 0x3b, 0x3b, 0x3b, 0x3b, 0x3b, 0x3b, 0x3b, 0x3b, 0x3b,
    0x3b, 0x3b, 0x3b, 0x3b, 0x3b, 0x3b, 0x3b, 0x3b, 0x3b, 0x3b, 0x3b, 0x3b,
    0x3b, 0x3b, 0x3b, 0x3b, 0x3b, 0x3b, 0x3b, 0x3b, 0x3b, 0x3b, 0x3b, 0x3b,
    0x3b, 0x3b, 0x3b, 0x3b, 0x3b, 0x3b, 0x3b, 0x3b, 0x3b, 0x3b, 0x3b, 0x3b,
    0x3b, 0x3b, 0x3b, 0x3b, 0x3b, 0x3b, 0x3b, 0x3b, 0x3b, 0x3b, 0x3b, 0x3b,
    0x3b, 0x3b, 0x3b, 0x3b, 0x3b, 0x3b, 0x3d, 0x3d, 0x3d, 0xcf, 0xcf, 0xcf,
    0xf4, 0xf4, 0xf4, 0xef, 0xef, 0xef, 0xfc, 0xfc, 0xfc, 0xff, 0xff, 0xff,
    0xff, 0xff, 0xff, 0xff, 0xff, 0xff, 0xff, 0xff, 0xff, 0xff, 0xff, 0xff,
    0x00, 0x00, 0xff, 0xff, 0xff, 0xff, 0xff, 0xff, 0xff, 0xff, 0xff, 0xff,
    0xff, 0xff, 0xff, 0xff, 0xff, 0xff, 0xff, 0xff, 0xfc, 0xfc, 0xfc, 0xe9,
    0xe9, 0xe9, 0xf9, 0xf9, 0xf9, 0x6c, 0x6c, 0x6c, 0x00, 0x00, 0x00, 0x00,
    0x00, 0x00, 0x00, 0x00, 0x00, 0x00, 0x00, 0x00, 0x00, 0x00, 0x00, 0x00,
    0x00, 0x00, 0x00, 0x00, 0x00, 0x00, 0x00, 0x00, 0x00, 0x00, 0x00, 0x00,
    0x00, 0x00, 0x00, 0x00, 0x00, 0x00, 0x00, 0x00, 0x00, 0x00, 0x00, 0x00,
    0x00, 0x00, 0x00, 0x00, 0x00, 0x00, 0x00, 0x00, 0x00, 0x00, 0x00, 0x00,
    0x00, 0x00, 0x00, 0x00, 0x00, 0x00, 0x00, 0x00, 0x00, 0x00, 0x00, 0x00,
    0x00, 0x00, 0x00, 0x00, 0x00, 0x00, 0x00, 0x00, 0x00, 0x00, 0x00, 0x00,
    0x00, 0x00, 0x6d, 0x6d, 0x6d, 0xf9, 0xf9, 0xf9, 0xe9, 0xe9, 0xe9, 0xfc,
    0xfc, 0xfc, 0xff, 0xff, 0xff, 0xff, 0xff, 0xff, 0xff, 0xff, 0xff, 0xff,
    0xff, 0xff, 0xff, 0xff, 0xff, 0xff, 0xff, 0xff, 0x00, 0x00, 0xff, 0xff,
    0xff, 0xff, 0xff, 0xff, 0xff, 0xff, 0xff, 0xff, 0xff, 0xff, 0xff, 0xff,
    0xff, 0xff, 0xff, 0xff, 0xff, 0xff, 0xff, 0xf5, 0xf5, 0xf5, 0xf3, 0xf3,
    0xf3, 0xe7, 0xe7, 0xe7, 0x75, 0x75, 0x75, 0x68, 0x68, 0x68, 0x69, 0x69,
    0x69, 0x68, 0x68, 0x68, 0x68, 0x68, 0x68, 0x68, 0x68, 0x68, 0x68, 0x68,
    0x68, 0x68, 0x68, 0x68, 0x68, 0x68, 0x68, 0x68, 0x68, 0x68, 0x68, 0x68,
    0x68, 0x68, 0x68, 0x68, 0x68, 0x68, 0x68, 0x68, 0x68, 0x68, 0x68, 0x68,
    0x68, 0x68, 0x68, 0x68, 0x68, 0x68, 0x68, 0x68, 0x68, 0x68, 0x68, 0x68,
    0x68, 0x68, 0x68, 0x68, 0x68, 0x68, 0x68, 0x68, 0x68, 0x68, 0x68, 0x68,
    0x68, 0x69, 0x69, 0x69, 0x68, 0x68, 0x68, 0x75, 0x75, 0x75, 0xe7, 0xe7,
    0xe7, 0xf3, 0xf3, 0xf3, 0xf4, 0xf4, 0xf4, 0xff, 0xff, 0xff, 0xff, 0xff,
    0xff, 0xff, 0xff, 0xff, 0xff, 0xff, 0xff, 0xff, 0xff, 0xff, 0xff, 0xff,
    0xff, 0xff, 0xff, 0xff, 0x00, 0x00, 0xff, 0xff, 0xff, 0xff, 0xff, 0xff,
    0xff, 0xff, 0xff, 0xff, 0xff, 0xff, 0xff, 0xff, 0xff, 0xff, 0xff, 0xff,
    0xff, 0xff, 0xff, 0xff, 0xff, 0xff, 0xe7, 0xe7, 0xe7, 0xed, 0xed, 0xed,
    0xff, 0xff, 0xff, 0xff, 0xff, 0xff, 0xff, 0xff, 0xff, 0xff, 0xff, 0xff,
    0xff, 0xff, 0xff, 0xff, 0xff, 0xff, 0xff, 0xff, 0xff, 0xff, 0xff, 0xff,
    0xff, 0xff, 0xff, 0xff, 0xff, 0xff, 0xff, 0xff, 0xff, 0xff, 0xff, 0xff,
    0xff, 0xff, 0xff, 0xff, 0xff, 0xff, 0xff, 0xff, 0xff, 0xff, 0xff, 0xff,
    0xff, 0xff, 0xff, 0xff, 0xff, 0xff, 0xff, 0xff, 0xff, 0xff, 0xff, 0xff,
    0xff, 0xff, 0xff, 0xff, 0xff, 0xff, 0xff, 0xff, 0xff, 0xff, 0xff, 0xff,
    0xff, 0xff, 0xff, 0xff, 0xff, 0xff, 0xed, 0xed, 0xed, 0xe8, 0xe8, 0xe8,
    0xff, 0xff, 0xff, 0xff, 0xff, 0xff, 0xfe, 0xfe, 0xfe, 0xff, 0xff, 0xff,
    0xff, 0xff, 0xff, 0xff, 0xff, 0xff, 0xff, 0xff, 0xff, 0xff, 0xff, 0xff,
    0x00, 0x00, 0xff, 0xff, 0xff, 0xff, 0xff, 0xff, 0xff, 0xff, 0xff, 0xff,
    0xff, 0xff, 0xff, 0xff, 0xff, 0xff, 0xff, 0xff, 0xff, 0xff, 0xff, 0xfe,
    0xfe, 0xfe, 0xe9, 0xe9, 0xe9, 0xf3, 0xf3, 0xf3, 0x92, 0x92, 0x92, 0x71,
    0x71, 0x71, 0x73, 0x73, 0x73, 0x71, 0x71, 0x71, 0x71, 0x71, 0x71, 0x71,
    0x71, 0x71, 0x71, 0x71, 0x71, 0x71, 0x71, 0x71, 0x71, 0x71, 0x71, 0x71,
    0x71, 0x71, 0x71, 0x71, 0x71, 0x71, 0x71, 0x71, 0x71, 0x71, 0x71, 0x71,
    0x71, 0x71, 0x71, 0x71, 0x71, 0x71, 0x71, 0x71, 0x71, 0x71, 0x71, 0x71,
    0x71, 0x71, 0x71, 0x71, 0x71, 0x71, 0x71, 0x71, 0x71, 0x71, 0x71, 0x71,
    0x71, 0x71, 0x71, 0x71, 0x71, 0x73, 0x73, 0x73, 0x71, 0x71, 0x71, 0x93,
    0x93, 0x93, 0xf4, 0xf4, 0xf4, 0xe8, 0xe8, 0xe8, 0xff, 0xff, 0xff, 0xff,
    0xff, 0xff, 0xfe, 0xfe, 0xfe, 0xff, 0xff, 0xff, 0xff, 0xff, 0xff, 0xff,
    0xff, 0xff, 0xff, 0xff, 0xff, 0xff, 0xff, 0xff, 0x00, 0x00, 0xff, 0xff,
    0xff, 0xff, 0xff, 0xff, 0xff, 0xff, 0xff, 0xff, 0xff, 0xff, 0xff, 0xff,
    0xff, 0xff, 0xff, 0xff, 0xff, 0xff, 0xff, 0xfe, 0xfe, 0xfe, 0xe7, 0xe7,
    0xe7, 0xfa, 0xfa, 0xfa, 0x37, 0x37, 0x37, 0x00, 0x00, 0x00, 0x00, 0x00,
    0x00, 0x00, 0x00, 0x00, 0x00, 0x00, 0x00, 0x00, 0x00, 0x00, 0x00, 0x00,
    0x00, 0x00, 0x00, 0x00, 0x00, 0x00, 0x00, 0x00, 0x00, 0x00, 0x00, 0x00,
    0x00, 0x00, 0x00, 0x00, 0x00, 0x00, 0x00, 0x00, 0x00, 0x00, 0x00, 0x00,
    0x00, 0x00, 0x00, 0x00, 0x00, 0x00, 0x00, 0x00, 0x00, 0x00, 0x00, 0x00,
    0x00, 0x00, 0x00, 0x00, 0x00, 0x00, 0x00, 0x00, 0x00, 0x00, 0x00, 0x00,
    0x00, 0x00, 0x00, 0x00, 0x00, 0x00, 0x00, 0x39, 0x39, 0x39, 0xfb, 0xfb,
    0xfb, 0xe6, 0xe6, 0xe6, 0xff, 0xff, 0xff, 0xff, 0xff, 0xff, 0xfe, 0xfe,
    0xfe, 0xff, 0xff, 0xff, 0xff, 0xff, 0xff, 0xff, 0xff, 0xff, 0xff, 0xff,
    0xff, 0xff, 0xff, 0xff, 0x00, 0x00, 0xff, 0xff, 0xff, 0xff, 0xff, 0xff,
    0xff, 0xff, 0xff, 0xff, 0xff, 0xff, 0xff, 0xff, 0xff, 0xff, 0xff, 0xff,
    0xff, 0xff, 0xff, 0xfe, 0xfe, 0xfe, 0xe7, 0xe7, 0xe7, 0xf9, 0xf9, 0xf9,
    0x45, 0x45, 0x45, 0x04, 0x04, 0x04, 0x07, 0x07, 0x07, 0x04, 0x04, 0x04,
    0x04, 0x04, 0x04, 0x04, 0x04, 0x04, 0x04, 0x04, 0x04, 0x04, 0x04, 0x04,
    0x04, 0x04, 0x04, 0x04, 0x04, 0x04, 0x04, 0x04, 0x04, 0x04, 0x04, 0x04,
    0x04, 0x04, 0x04, 0x04, 0x04, 0x04, 0x04, 0x04, 0x04, 0x04, 0x04, 0x04,
    0x04, 0x04, 0x04, 0x04, 0x04, 0x04, 0x04, 0x04, 0x04, 0x04, 0x04, 0x04,
    0x04, 0x04, 0x04, 0x04, 0x04, 0x04, 0x04, 0x04, 0x04, 0x07, 0x07, 0x07,
    0x04, 0x04, 0x04, 0x47, 0x47, 0x47, 0xfa, 0xfa, 0xfa, 0xe6, 0xe6, 0xe6,
    0xff, 0xff, 0xff, 0xff, 0xff, 0xff, 0xfe, 0xfe, 0xfe, 0xff, 0xff, 0xff,
    0xff, 0xff, 0xff, 0xff, 0xff, 0xff, 0xff, 0xff, 0xff, 0xff, 0xff, 0xff,
    0x00, 0x00, 0xff, 0xff, 0xff, 0xff, 0xff, 0xff, 0xff, 0xff, 0xff, 0xff,
    0xff, 0xff, 0xff, 0xff, 0xff, 0xff, 0xff, 0xff, 0xff, 0xff, 0xff, 0xfe,
    0xfe, 0xfe, 0xe7, 0xe7, 0xe7, 0xf9, 0xf9, 0xf9, 0x42, 0x42, 0x42, 0x00,
    0x00, 0x00, 0x03, 0x03, 0x03, 0x00, 0x00, 0x00, 0x00, 0x00, 0x00, 0x00,
    0x00, 0x00, 0x00, 0x00, 0x00, 0x00, 0x00, 0x00, 0x00, 0x00, 0x00, 0x00,
    0x00, 0x00, 0x00, 0x00, 0x00, 0x00, 0x00, 0x00, 0x00, 0x00, 0x00, 0x00,
    0x00, 0x00, 0x00, 0x00, 0x00, 0x00, 0x00, 0x00, 0x00, 0x00, 0x00, 0x00,
    0x00, 0x00, 0x00, 0x00, 0x00, 0x00, 0x00, 0x00, 0x00, 0x00, 0x00, 0x00,
    0x00, 0x00, 0x00, 0x00, 0x00, 0x03, 0x03, 0x03, 0x00, 0x00, 0x00, 0x44,
    0x44, 0x44, 0xfa, 0xfa, 0xfa, 0xe6, 0xe6, 0xe6, 0xff, 0xff, 0xff, 0xff,
    0xff, 0xff, 0xfe, 0xfe, 0xfe, 0xff, 0xff, 0xff, 0xff, 0xff, 0xff, 0xff,
    0xff, 0xff, 0xff, 0xff, 0xff, 0xff, 0xff, 0xff, 0x00, 0x00, 0xff, 0xff,
    0xff, 0xff, 0xff, 0xff, 0xff, 0xff, 0xff, 0xff, 0xff, 0xff, 0xff, 0xff,
    0xff, 0xff, 0xff, 0xff, 0xff, 0xff, 0xff, 0xfe, 0xfe, 0xfe, 0xe7, 0xe7,
    0xe7, 0xf9, 0xf9, 0xf9, 0x42, 0x42, 0x42, 0x00, 0x00, 0x00, 0x03, 0x03,
    0x03, 0x00, 0x00, 0x00, 0x00, 0x00, 0x00, 0x00, 0x00, 0x00, 0x00, 0x00,
    0x00, 0x00, 0x00, 0x00, 0x00, 0x00, 0x00, 0x00, 0x00, 0x00, 0x00, 0x00,
    0x00, 0x00, 0x00, 0x00, 0x00, 0x00, 0x00, 0x00, 0x00, 0x00, 0x00, 0x00,
    0x00, 0x00, 0x00, 0x00, 0x00, 0x00, 0x00, 0x00, 0x00, 0x00, 0x00, 0x00,
    0x00, 0x00, 0x00, 0x00, 0x00, 0x00, 0x00, 0x00, 0x00, 0x00, 0x00, 0x00,
    0x00, 0x03, 0x03, 0x03, 0x00, 0x00, 0x00, 0x44, 0x44, 0x44, 0xfa, 0xfa,
    0xfa, 0xe6, 0xe6, 0xe6, 0xff, 0xff, 0xff, 0xff, 0xff, 0xff, 0xfe, 0xfe,
    0xfe, 0xff, 0xff, 0xff, 0xff, 0xff, 0xff, 0xff, 0xff, 0xff, 0xff, 0xff,
    0xff, 0xff, 0xff, 0xff, 0x00, 0x00, 0xff, 0xff, 0xff, 0xff, 0xff, 0xff,
    0xff, 0xff, 0xff, 0xff, 0xff, 0xff, 0xff, 0xff, 0xff, 0xff, 0xff, 0xff,
    0xff, 0xff, 0xff, 0xfe, 0xfe, 0xfe, 0xe7, 0xe7, 0xe7, 0xf9, 0xf9, 0xf9,
    0x42, 0x42, 0x42, 0x00, 0x00, 0x00, 0x03, 0x03, 0x03, 0x00, 0x00, 0x00,
    0x00, 0x00, 0x00, 0x00, 0x00, 0x00, 0x00, 0x00, 0x00, 0x00, 0x00, 0x00,
    0x00, 0x00, 0x00, 0x00, 0x00, 0x00, 0x00, 0x00, 0x00, 0x00, 0x00, 0x00,
    0x00, 0x00, 0x00, 0x00, 0x00, 0x00, 0x00, 0x00, 0x00, 0x00, 0x00, 0x00,
    0x00, 0x00, 0x00, 0x00, 0x00, 0x00, 0x00, 0x00, 0x00, 0x00, 0x00, 0x00,
    0x00, 0x00, 0x00, 0x00, 0x00, 0x00, 0x00, 0x00, 0x00, 0x03, 0x03, 0x03,
    0x00, 0x00, 0x00, 0x44, 0x44, 0x44, 0xfa, 0xfa, 0xfa, 0xe6, 0xe6, 0xe6,
    0xff, 0xff, 0xff, 0xff, 0xff, 0xff, 0xfe, 0xfe, 0xfe, 0xff, 0xff, 0xff,
    0xff, 0xff, 0xff, 0xff, 0xff, 0xff, 0xff, 0xff, 0xff, 0xff, 0xff, 0xff,
    0x00, 0x00, 0xff, 0xff, 0xff, 0xff, 0xff, 0xff, 0xff, 0xff, 0xff, 0xff,
    0xff, 0xff, 0xff, 0xff, 0xff, 0xff, 0xff, 0xff, 0xff, 0xff, 0xff, 0xfe,
    0xfe, 0xfe, 0xe7, 0xe7, 0xe7, 0xf9, 0xf9, 0xf9, 0x42, 0x42, 0x42, 0x00,
    0x00, 0x00, 0x03, 0x03, 0x03, 0x00, 0x00, 0x00, 0x00, 0x00, 0x00, 0x00,
    0x00, 0x00, 0x00, 0x00, 0x00, 0x00, 0x00, 0x00, 0x00, 0x00, 0x00, 0x00,
    0x00, 0x00, 0x00, 0x00, 0x00, 0x00, 0x00, 0x00, 0x00, 0x00, 0x00, 0x00,
    0x00, 0x00, 0x00, 0x00, 0x00, 0x00, 0x00, 0x00, 0x00, 0x00, 0x00, 0x00,
    0x00, 0x00, 0x00, 0x00, 0x00, 0x00, 0x00, 0x00, 0x00, 0x00, 0x00, 0x00,
    0x00, 0x00, 0x00, 0x00, 0x00, 0x03, 0x03, 0x03, 0x00, 0x00, 0x00, 0x44,
    0x44, 0x44, 0xfa, 0xfa, 0xfa, 0xe6, 0xe6, 0xe6, 0xff, 0xff, 0xff, 0xff,
    0xff, 0xff, 0xfe, 0xfe, 0xfe, 0xff, 0xff, 0xff, 0xff, 0xff, 0xff, 0xff,
    0xff, 0xff, 0xff, 0xff, 0xff, 0xff, 0xff, 0xff, 0x00, 0x00, 0xff, 0xff,
    0xff, 0xff, 0xff, 0xff, 0xff, 0xff, 0xff, 0xff, 0xff, 0xff, 0xff, 0xff,
    0xff, 0xff, 0xff, 0xff, 0xff, 0xff, 0xff, 0xfe, 0xfe, 0xfe, 0xe7, 0xe7,
    0xe7, 0xf9, 0xf9, 0xf9, 0x42, 0x42, 0x42, 0x00, 0x00, 0x00, 0x03, 0x03,
    0x03, 0x00, 0x00, 0x00, 0x00, 0x00, 0x00, 0x00, 0x00, 0x00, 0x00, 0x00,
    0x00, 0x00, 0x00, 0x00, 0x00, 0x00, 0x00, 0x00, 0x00, 0x00, 0x00, 0x00,
    0x00, 0x00, 0x00, 0x00, 0x00, 0x00, 0x00, 0x00, 0x00, 0x00, 0x00, 0x00,
    0x00, 0x00, 0x00, 0x00, 0x00, 0x00, 0x00, 0x00, 0x00, 0x00, 0x00, 0x00,
    0x00, 0x00, 0x00, 0x00, 0x00, 0x00, 0x00, 0x00, 0x00, 0x00, 0x00, 0x00,
    0x00, 0x03, 0x03, 0x03, 0x00, 0x00, 0x00, 0x44, 0x44, 0x44, 0xfa, 0xfa,
    0xfa, 0xe6, 0xe6, 0xe6, 0xff, 0xff, 0xff, 0xff, 0xff, 0xff, 0xfe, 0xfe,
    0xfe, 0xff, 0xff, 0xff, 0xff, 0xff, 0xff, 0xff, 0xff, 0xff, 0xff, 0xff,
    0xff, 0xff, 0xff, 0xff, 0x00, 0x00, 0xff, 0xff, 0xff, 0xff, 0xff, 0xff,
    0xff, 0xff, 0xff, 0xff, 0xff, 0xff, 0xff, 0xff, 0xff, 0xff, 0xff, 0xff,
    0xff, 0xff, 0xff, 0xfe, 0xfe, 0xfe, 0xe7, 0xe7, 0xe7, 0xf9, 0xf9, 0xf9,
    0x42, 0x42, 0x42, 0x00, 0x00, 0x00, 0x03, 0x03, 0x03, 0x00, 0x00, 0x00,
    0x00, 0x00, 0x00, 0x00, 0x00, 0x00, 0x00, 0x00, 0x00, 0x00, 0x00, 0x00,
    0x00, 0x00, 0x00, 0x00, 0x00, 0x00, 0x00, 0x00, 0x00, 0x00, 0x00, 0x00,
    0x00, 0x00, 0x00, 0x00, 0x00, 0x00, 0x00, 0x00, 0x00, 0x00, 0x00, 0x00,
    0x00, 0x00, 0x00, 0x00, 0x00, 0x00, 0x00, 0x00, 0x00, 0x00, 0x00, 0x00,
    0x00, 0x00, 0x00, 0x00, 0x00, 0x00, 0x00, 0x00, 0x00, 0x03, 0x03, 0x03,
    0x00, 0x00, 0x00, 0x44, 0x44, 0x44, 0xfa, 0xfa, 0xfa, 0xe6, 0xe6, 0xe6,
    0xff, 0xff, 0xff, 0xff, 0xff, 0xff, 0xfe, 0xfe, 0xfe, 0xff, 0xff, 0xff,
    0xff, 0xff, 0xff, 0xff, 0xff, 0xff, 0xff, 0xff, 0xff, 0xff, 0xff, 0xff,
    0x00, 0x00, 0xff, 0xff, 0xff, 0xff, 0xff, 0xff, 0xff, 0xff, 0xff, 0xff,
    0xff, 0xff, 0xff, 0xff, 0xff, 0xff, 0xff, 0xff, 0xff, 0xff, 0xff, 0xfe,
    0xfe, 0xfe, 0xe7, 0xe7, 0xe7, 0xf9, 0xf9, 0xf9, 0x42, 0x42, 0x42, 0x00,
    0x00, 0x00, 0x03, 0x03, 0x03, 0x00, 0x00, 0x00, 0x00, 0x00, 0x00, 0x00,
    0x00, 0x00, 0x00, 0x00, 0x00, 0x00, 0x00, 0x00, 0x00, 0x00, 0x00, 0x00,
    0x00, 0x00, 0x00, 0x00, 0x00, 0x00, 0x00, 0x00, 0x00, 0x00, 0x00, 0x00,
    0x00, 0x00, 0x00, 0x00, 0x00, 0x00, 0x00, 0x00, 0x00, 0x00, 0x00, 0x00,
    0x00, 0x00, 0x00, 0x00, 0x00, 0x00, 0x00, 0x00, 0x00, 0x00, 0x00, 0x00,
    0x00, 0x00, 0x00, 0x00, 0x00, 0x03, 0x03, 0x03, 0x00, 0x00, 0x00, 0x44,
    0x44, 0x44, 0xfa, 0xfa, 0xfa, 0xe6, 0xe6, 0xe6, 0xff, 0xff, 0xff, 0xff,
    0xff, 0xff, 0xfe, 0xfe, 0xfe, 0xff, 0xff, 0xff, 0xff, 0xff, 0xff, 0xff,
    0xff, 0xff, 0xff, 0xff, 0xff, 0xff, 0xff, 0xff, 0x00, 0x00, 0xff, 0xff,
    0xff, 0xff, 0xff, 0xff, 0xff, 0xff, 0xff, 0xff, 0xff, 0xff, 0xff, 0xff,
    0xff, 0xff, 0xff, 0xff, 0xff, 0xff, 0xff, 0xfe, 0xfe, 0xfe, 0xe7, 0xe7,
    0xe7, 0xf9, 0xf9, 0xf9, 0x42, 0x42, 0x42, 0x00, 0x00, 0x00, 0x03, 0x03,
    0x03, 0x00, 0x00, 0x00, 0x00, 0x00, 0x00, 0x00, 0x00, 0x00, 0x00, 0x00,
    0x00, 0x00, 0x00, 0x00, 0x00, 0x00, 0x00, 0x00, 0x00, 0x00, 0x00, 0x00,
    0x00, 0x00, 0x00, 0x00, 0x00, 0x00, 0x00, 0x00, 0x00, 0x00, 0x00, 0x00,
    0x00, 0x00, 0x00, 0x00, 0x00, 0x00, 0x00, 0x00, 0x00, 0x00, 0x00, 0x00,
    0x00, 0x00, 0x00, 0x00, 0x00, 0x00, 0x00, 0x00, 0x00, 0x00, 0x00, 0x00,
    0x00, 0x03, 0x03, 0x03, 0x00, 0x00, 0x00, 0x44, 0x44, 0x44, 0xfa, 0xfa,
    0xfa, 0xe6, 0xe6, 0xe6, 0xff, 0xff, 0xff, 0xff, 0xff, 0xff, 0xfe, 0xfe,
    0xfe, 0xff, 0xff, 0xff, 0xff, 0xff, 0xff, 0xff, 0xff, 0xff, 0xff, 0xff,
    0xff, 0xff, 0xff, 0xff, 0x00, 0x00, 0xff, 0xff, 0xff, 0xff, 0xff, 0xff,
    0xff, 0xff, 0xff, 0xff, 0xff, 0xff, 0xff, 0xff, 0xff, 0xff, 0xff, 0xff,
    0xff, 0xff, 0xff, 0xfe, 0xfe, 0xfe, 0xe7, 0xe7, 0xe7, 0xf9, 0xf9, 0xf9,
    0x42, 0x42, 0x42, 0x00, 0x00, 0x00, 0x03, 0x03, 0x03, 0x00, 0x00, 0x00,
    0x00, 0x00, 0x00, 0x00, 0x00, 0x00, 0x00, 0x00, 0x00, 0x00, 0x00, 0x00,
    0x00, 0x00, 0x00, 0x00, 0x00, 0x00, 0x00, 0x00, 0x00, 0x00, 0x00, 0x00,
    0x00, 0x00, 0x00, 0x00, 0x00, 0x00, 0x00, 0x00, 0x00, 0x00, 0x00, 0x00,
    0x00, 0x00, 0x00, 0x00, 0x00, 0x00, 0x00, 0x00, 0x00, 0x00, 0x00, 0x00,
    0x00, 0x00, 0x00, 0x00, 0x00, 0x00, 0x00, 0x00, 0x00, 0x03, 0x03, 0x03,
    0x00, 0x00, 0x00, 0x44, 0x44, 0x44, 0xfa, 0xfa, 0xfa, 0xe6, 0xe6, 0xe6,
    0xff, 0xff, 0xff, 0xff, 0xff, 0xff, 0xfe, 0xfe, 0xfe, 0xff, 0xff, 0xff,
    0xff, 0xff, 0xff, 0xff, 0xff, 0xff, 0xff, 0xff, 0xff, 0xff, 0xff, 0xff,
    0x00, 0x00, 0xff, 0xff, 0xff, 0xff, 0xff, 0xff, 0xff, 0xff, 0xff, 0xff,
    0xff, 0xff, 0xff, 0xff, 0xff, 0xff, 0xff, 0xff, 0xff, 0xff, 0xff, 0xfe,
    0xfe, 0xfe, 0xe7, 0xe7, 0xe7, 0xf9, 0xf9, 0xf9, 0x42, 0x42, 0x42, 0x00,
    0x00, 0x00, 0x03, 0x03, 0x03, 0x00, 0x00, 0x00, 0x00, 0x00, 0x00, 0x00,
    0x00, 0x00, 0x00, 0x00, 0x00, 0x00, 0x00, 0x00, 0x00, 0x00, 0x00, 0x00,
    0x00, 0x00, 0x00, 0x00, 0x00, 0x00, 0x00, 0x00, 0x00, 0x00, 0x00, 0x00,
    0x00, 0x00, 0x00, 0x00, 0x00, 0x00, 0x00, 0x00, 0x00, 0x00, 0x00, 0x00,
    0x00, 0x00, 0x00, 0x00, 0x00, 0x00, 0x00, 0x00, 0x00, 0x00, 0x00, 0x00,
    0x00, 0x00, 0x00, 0x00, 0x00, 0x03, 0x03, 0x03, 0x00, 0x00, 0x00, 0x44,
    0x44, 0x44, 0xfa, 0xfa, 0xfa, 0xe6, 0xe6, 0xe6, 0xff, 0xff, 0xff, 0xff,
    0xff, 0xff, 0xfe, 0xfe, 0xfe, 0xff, 0xff, 0xff, 0xff, 0xff, 0xff, 0xff,
    0xff, 0xff, 0xff, 0xff, 0xff, 0xff, 0xff, 0xff, 0x00, 0x00, 0xff, 0xff,
    0xff, 0xff, 0xff, 0xff, 0xff, 0xff, 0xff, 0xff, 0xff, 0xff, 0xff, 0xff,
    0xff, 0xff, 0xff, 0xff, 0xff, 0xff, 0xff, 0xfe, 0xfe, 0xfe, 0xe7, 0xe7,
    0xe7, 0xf9, 0xf9, 0xf9, 0x42, 0x42, 0x42, 0x00, 0x00, 0x00, 0x03, 0x03,
    0x03, 0x00, 0x00, 0x00, 0x00, 0x00, 0x00, 0x00, 0x00, 0x00, 0x00, 0x00,
    0x00, 0x00, 0x00, 0x00, 0x00, 0x00, 0x00, 0x00, 0x00, 0x00, 0x00, 0x00,
    0x00, 0x00, 0x00, 0x00, 0x00, 0x00, 0x00, 0x00, 0x00, 0x00, 0x00, 0x00,
    0x00, 0x00, 0x00, 0x00, 0x00, 0x00, 0x00, 0x00, 0x00, 0x00, 0x00, 0x00,
    0x00, 0x00, 0x00, 0x00, 0x00, 0x00, 0x00, 0x00, 0x00, 0x00, 0x00, 0x00,
    0x00, 0x03, 0x03, 0x03, 0x00, 0x00, 0x00, 0x44, 0x44, 0x44, 0xfa, 0xfa,
    0xfa, 0xe6, 0xe6, 0xe6, 0xff, 0xff, 0xff, 0xff, 0xff, 0xff, 0xfe, 0xfe,
    0xfe, 0xff, 0xff, 0xff, 0xff, 0xff, 0xff, 0xff, 0xff, 0xff, 0xff, 0xff,
    0xff, 0xff, 0xff, 0xff, 0x00, 0x00, 0xff, 0xff, 0xff, 0xff, 0xff, 0xff,
    0xff, 0xff, 0xff, 0xff, 0xff, 0xff, 0xff, 0xff, 0xff, 0xff, 0xff, 0xff,
    0xff, 0xff, 0xff, 0xfe, 0xfe, 0xfe, 0xe7, 0xe7, 0xe7, 0xf9, 0xf9, 0xf9,
    0x44, 0x44, 0x44, 0x03, 0x03, 0x03, 0x05, 0x05, 0x05, 0x03, 0x03, 0x03,
    0x03, 0x03, 0x03, 0x03, 0x03, 0x03, 0x03, 0x03, 0x03, 0x03, 0x03, 0x03,
    0x03, 0x03, 0x03, 0x03, 0x03, 0x03, 0x03, 0x03, 0x03, 0x03, 0x03, 0x03,
    0x03, 0x03, 0x03, 0x03, 0x03, 0x03, 0x03, 0x03, 0x03, 0x03, 0x03, 0x03,
    0x03, 0x03, 0x03, 0x03, 0x03, 0x03, 0x03, 0x03, 0x03, 0x03, 0x03, 0x03,
    0x03, 0x03, 0x03, 0x03, 0x03, 0x03, 0x03, 0x03, 0x03, 0x05, 0x05, 0x05,
    0x03, 0x03, 0x03, 0x46, 0x46, 0x46, 0xfa, 0xfa, 0xfa, 0xe6, 0xe6, 0xe6,
    0xff, 0xff, 0xff, 0xff, 0xff, 0xff, 0xfe, 0xfe, 0xfe, 0xff, 0xff, 0xff,
    0xff, 0xff, 0xff, 0xff, 0xff, 0xff, 0xff, 0xff, 0xff, 0xff, 0xff, 0xff,
    0x00, 0x00, 0xff, 0xff, 0xff, 0xff, 0xff, 0xff, 0xff, 0xff, 0xff, 0xff,
    0xff, 0xff, 0xff, 0xff, 0xff, 0xff, 0xff, 0xff, 0xff, 0xff, 0xff, 0xfd,
    0xfd, 0xfd, 0xe6, 0xe6, 0xe6, 0xfa, 0xfa, 0xfa, 0x3b, 0x3b, 0x3b, 0x00,
    0x00, 0x00, 0x00, 0x00, 0x00, 0x00, 0x00, 0x00, 0x00, 0x00, 0x00, 0x00,
    0x00, 0x00, 0x00, 0x00, 0x00, 0x00, 0x00, 0x00, 0x00, 0x00, 0x00, 0x00,
    0x00, 0x00, 0x00, 0x00, 0x00, 0x00, 0x00, 0x00, 0x00, 0x00, 0x00, 0x00,
    0x00, 0x00, 0x00, 0x00, 0x00, 0x00, 0x00, 0x00, 0x00, 0x00, 0x00, 0x00,
    0x00, 0x00, 0x00, 0x00, 0x00, 0x00, 0x00, 0x00, 0x00, 0x00, 0x00, 0x00,
    0x00, 0x00, 0x00, 0x00, 0x00, 0x00, 0x00, 0x00, 0x00, 0x00, 0x00, 0x3d,
    0x3d, 0x3d, 0xfb, 0xfb, 0xfb, 0xe7, 0xe7, 0xe7, 0xfe, 0xfe, 0xfe, 0xff,
    0xff, 0xff, 0xfe, 0xfe, 0xfe, 0xff, 0xff, 0xff, 0xff, 0xff, 0xff, 0xff,
    0xff, 0xff, 0xff, 0xff, 0xff, 0xff, 0xff, 0xff, 0x00, 0x00, 0xff, 0xff,
    0xff, 0xff, 0xff, 0xff, 0xff, 0xff, 0xff, 0xff, 0xff, 0xff, 0xff, 0xff,
    0xff, 0xff, 0xff, 0xff, 0xff, 0xff, 0xff, 0xff, 0xff, 0xff, 0xe8, 0xe8,
    0xe8, 0xee, 0xee, 0xee, 0xb4, 0xb4, 0xb4, 0xa0, 0xa0, 0xa0, 0xa2, 0xa2,
    0xa2, 0xa1, 0xa1, 0xa1, 0xa1, 0xa1, 0xa1, 0xa1, 0xa1, 0xa1, 0xa1, 0xa1,
    0xa1, 0xa1, 0xa1, 0xa1, 0xa1, 0xa1, 0xa1, 0xa1, 0xa1, 0xa1, 0xa1, 0xa1,
    0xa1, 0xa1, 0xa1, 0xa1, 0xa1, 0xa1, 0xa1, 0xa1, 0xa1, 0xa1, 0xa1, 0xa1,
    0xa1, 0xa1, 0xa1, 0xa1, 0xa1, 0xa1, 0xa1, 0xa1, 0xa1, 0xa1, 0xa1, 0xa1,
    0xa1, 0xa1, 0xa1, 0xa1, 0xa1, 0xa1, 0xa1, 0xa1, 0xa1, 0xa1, 0xa1, 0xa1,
    0xa1, 0xa2, 0xa2, 0xa2, 0xa0, 0xa0, 0xa0, 0xb5, 0xb5, 0xb5, 0xee, 0xee,
    0xee, 0xe9, 0xe9, 0xe9, 0xff, 0xff, 0xff, 0xff, 0xff, 0xff, 0xfe, 0xfe,
    0xfe, 0xff, 0xff, 0xff, 0xff, 0xff, 0xff, 0xff, 0xff, 0xff, 0xff, 0xff,
    0xff, 0xff, 0xff, 0xff, 0x00, 0x00, 0xff, 0xff, 0xff, 0xff, 0xff, 0xff,
    0xff, 0xff, 0xff, 0xff, 0xff, 0xff, 0xff, 0xff, 0xff, 0xff, 0xff, 0xff,
    0xff, 0xff, 0xff, 0xf0, 0xf0, 0xf0, 0xee, 0xee, 0xee, 0xf1, 0xf1, 0xf1,
    0xf9, 0xf9, 0xf9, 0xfd, 0xfd, 0xfd, 0xfd, 0xfd, 0xfd, 0xfd, 0xfd, 0xfd,
    0xfd, 0xfd, 0xfd, 0xfd, 0xfd, 0xfd, 0xfd, 0xfd, 0xfd, 0xfd, 0xfd, 0xfd,
    0xfd, 0xfd, 0xfd, 0xfd, 0xfd, 0xfd, 0xfd, 0xfd, 0xfd, 0xfd, 0xfd, 0xfd,
    0xfd, 0xfd, 0xfd, 0xfd, 0xfd, 0xfd, 0xfd, 0xfd, 0xfd, 0xfd, 0xfd, 0xfd,
    0xfd, 0xfd, 0xfd, 0xfd, 0xfd, 0xfd, 0xfd, 0xfd, 0xfd, 0xfd, 0xfd, 0xfd,
    0xfd, 0xfd, 0xfd, 0xfd, 0xfd, 0xfd, 0xfd, 0xfd, 0xfd, 0xfd, 0xfd, 0xfd,
    0xfd, 0xfd, 0xfd, 0xf9, 0xf9, 0xf9, 0xf1, 0xf1, 0xf1, 0xee, 0xee, 0xee,
    0xf0, 0xf0, 0xf0, 0xff, 0xff, 0xff, 0xff, 0xff, 0xff, 0xff, 0xff, 0xff,
    0xff, 0xff, 0xff, 0xff, 0xff, 0xff, 0xff, 0xff, 0xff, 0xff, 0xff, 0xff,
    0x00, 0x00, 0xff, 0xff, 0xff, 0xff, 0xff, 0xff, 0xff, 0xff, 0xff, 0xff,
    0xff, 0xff, 0xff, 0xff, 0xff, 0xfe, 0xfe, 0xfe, 0xef, 0xef, 0xef, 0xfe,
    0xfe, 0xfe, 0xf0, 0xf0, 0xf0, 0x6c, 0x6c, 0x6c, 0x3d, 0x3d, 0x3d, 0x3e,
    0x3e, 0x3e, 0x3c, 0x3c, 0x3c, 0x3c, 0x3c, 0x3c, 0x3c, 0x3c, 0x3c, 0x3c,
    0x3c, 0x3c, 0x3c, 0x3c, 0x3c, 0x3c, 0x3c, 0x3c, 0x3c, 0x3c, 0x3c, 0x3c,
    0x3c, 0x3c, 0x3c, 0x3c, 0x3c, 0x3c, 0x3c, 0x3c, 0x3c, 0x3c, 0x3c, 0x3c,
    0x3c, 0x3c, 0x3c, 0x3c, 0x3c, 0x3c, 0x3c, 0x3c, 0x3c, 0x3c, 0x3c, 0x3c,
    0x3c, 0x3c, 0x3c, 0x3c, 0x3c, 0x3c, 0x3c, 0x3c, 0x3c, 0x3c, 0x3c, 0x3c,
    0x3c, 0x3c, 0x3c, 0x3c, 0x3c, 0x3c, 0x3c, 0x3c, 0x3e, 0x3e, 0x3e, 0x3d,
    0x3d, 0x3d, 0x6e, 0x6e, 0x6e, 0xf0, 0xf0, 0xf0, 0xfe, 0xfe, 0xfe, 0xef,
    0xef, 0xef, 0xfe, 0xfe, 0xfe, 0xff, 0xff, 0xff, 0xff, 0xff, 0xff, 0xff,
    0xff, 0xff, 0xff, 0xff, 0xff, 0xff, 0xff, 0xff, 0x00, 0x00, 0xff, 0xff,
    0xff, 0xff, 0xff, 0xff, 0xff, 0xff, 0xff, 0xff, 0xff, 0xff, 0xfd, 0xfd,
    0xfd, 0xef, 0xef, 0xef, 0xfa, 0xfa, 0xfa, 0xda, 0xda, 0xda, 0x3e, 0x3e,
    0x3e, 0x00, 0x00, 0x00, 0x00, 0x00, 0x00, 0x00, 0x00, 0x00, 0x00, 0x00,
    0x00, 0x00, 0x00, 0x00, 0x00, 0x00, 0x00, 0x00, 0x00, 0x00, 0x00, 0x00,
    0x00, 0x00, 0x00, 0x00, 0x00, 0x00, 0x00, 0x00, 0x00, 0x00, 0x00, 0x00,
    0x00, 0x00, 0x00, 0x00, 0x00, 0x00, 0x00, 0x00, 0x00, 0x00, 0x00, 0x00,
    0x00, 0x00, 0x00, 0x00, 0x00, 0x00, 0x00, 0x00, 0x00, 0x00, 0x00, 0x00,
    0x00, 0x00, 0x00, 0x00, 0x00, 0x00, 0x00, 0x00, 0x00, 0x00, 0x00, 0x00,
    0x00, 0x00, 0x00, 0x00, 0x00, 0x00, 0x00, 0x00, 0x00, 0x00, 0x00, 0x00,
    0x00, 0x40, 0x40, 0x40, 0xdb, 0xdb, 0xdb, 0xfa, 0xfa, 0xfa, 0xef, 0xef,
    0xef, 0xfd, 0xfd, 0xfd, 0xff, 0xff, 0xff, 0xff, 0xff, 0xff, 0xff, 0xff,
    0xff, 0xff, 0xff, 0xff, 0x00, 0x00, 0xff, 0xff, 0xff, 0xff, 0xff, 0xff,
    0xff, 0xff, 0xff, 0xfc, 0xfc, 0xfc, 0xee, 0xee, 0xee, 0xf3, 0xf3, 0xf3,
    0xe7, 0xe7, 0xe7, 0x7c, 0x7c, 0x7c, 0x39, 0x39, 0x39, 0x47, 0x47, 0x47,
    0x45, 0x45, 0x45, 0x45, 0x45, 0x45, 0x45, 0x45, 0x45, 0x45, 0x45, 0x45,
    0x45, 0x45, 0x45, 0x45, 0x45, 0x45, 0x45, 0x45, 0x45, 0x45, 0x45, 0x45,
    0x45, 0x45, 0x45, 0x45, 0x45, 0x45, 0x45, 0x45, 0x45, 0x45, 0x45, 0x45,
    0x45, 0x45, 0x45, 0x45, 0x45, 0x45, 0x45, 0x45, 0x45, 0x45, 0x45, 0x45,
    0x45, 0x45, 0x45, 0x45, 0x45, 0x45, 0x45, 0x45, 0x45, 0x45, 0x45, 0x45,
    0x45, 0x45, 0x45, 0x45, 0x45, 0x45, 0x45, 0x45, 0x45, 0x45, 0x45, 0x45,
    0x45, 0x45, 0x45, 0x45, 0x45, 0x45, 0x47, 0x47, 0x47, 0x39, 0x39, 0x39,
    0x7e, 0x7e, 0x7e, 0xe7, 0xe7, 0xe7, 0xf3, 0xf3, 0xf3, 0xee, 0xee, 0xee,
    0xfc, 0xfc, 0xfc, 0xff, 0xff, 0xff, 0xff, 0xff, 0xff, 0xff, 0xff, 0xff,
    0x00, 0x00, 0xff, 0xff, 0xff, 0xff, 0xff, 0xff, 0xff, 0xff, 0xff, 0xed,
    0xed, 0xed, 0xfb, 0xfb, 0xfb, 0xed, 0xed, 0xed, 0xf4, 0xf4, 0xf4, 0xf8,
    0xf8, 0xf8, 0xff, 0xff, 0xff, 0xff, 0xff, 0xff, 0xff, 0xff, 0xff, 0xff,
    0xff, 0xff, 0xff, 0xff, 0xff, 0xff, 0xff, 0xff, 0xff, 0xff, 0xff, 0xff,
    0xff, 0xff, 0xff, 0xff, 0xff, 0xff, 0xff, 0xff, 0xff, 0xff, 0xff, 0xff,
    0xff, 0xff, 0xff, 0xff, 0xff, 0xff, 0xff, 0xff, 0xff, 0xff, 0xff, 0xff,
    0xff, 0xff, 0xff, 0xff, 0xff, 0xff, 0xff, 0xff, 0xff, 0xff, 0xff, 0xff,
    0xff, 0xff, 0xff, 0xff, 0xff, 0xff, 0xff, 0xff, 0xff, 0xff, 0xff, 0xff,
    0xff, 0xff, 0xff, 0xff, 0xff, 0xff, 0xff, 0xff, 0xff, 0xff, 0xff, 0xff,
    0xff, 0xff, 0xff, 0xff, 0xff, 0xff, 0xff, 0xff, 0xf8, 0xf8, 0xf8, 0xf4,
    0xf4, 0xf4, 0xed, 0xed, 0xed, 0xfb, 0xfb, 0xfb, 0xed, 0xed, 0xed, 0xff,
    0xff, 0xff, 0xff, 0xff, 0xff, 0xff, 0xff, 0xff, 0x00, 0x00, 0xff, 0xff,
    0xff, 0xff, 0xff, 0xff, 0xff, 0xff, 0xff, 0xea, 0xea, 0xea, 0xf5, 0xf5,
    0xf5, 0xb9, 0xb9, 0xb9, 0x99, 0x99, 0x99, 0x9a, 0x9a, 0x9a, 0x96, 0x96,
    0x96, 0x96, 0x96, 0x96, 0x96, 0x96, 0x96, 0x97, 0x97, 0x97, 0x97, 0x97,
    0x97, 0x97, 0x97, 0x97, 0x97, 0x97, 0x97, 0x97, 0x97, 0x97, 0x97, 0x97,
    0x97, 0x97, 0x97, 0x97, 0x97, 0x97, 0x97, 0x96, 0x96, 0x96, 0x96, 0x96,
    0x96, 0x96, 0x96, 0x96, 0x96, 0x96, 0x96, 0x96, 0x96, 0x96, 0x96, 0x96,
    0x96, 0x96, 0x96, 0x96, 0x96, 0x96, 0x96, 0x97, 0x97, 0x97, 0x97, 0x97,
    0x97, 0x97, 0x97, 0x97, 0x97, 0x97, 0x97, 0x97, 0x97, 0x97, 0x97, 0x97,
    0x97, 0x97, 0x97, 0x97, 0x97, 0x97, 0x97, 0x96, 0x96, 0x96, 0x96, 0x96,
    0x96, 0x96, 0x96, 0x96, 0x9a, 0x9a, 0x9a, 0x99, 0x99, 0x99, 0xb9, 0xb9,
    0xb9, 0xf5, 0xf5, 0xf5, 0xea, 0xea, 0xea, 0xff, 0xff, 0xff, 0xff, 0xff,
    0xff, 0xff, 0xff, 0xff, 0x00, 0x00, 0xff, 0xff, 0xff, 0xff, 0xff, 0xff,
    0xff, 0xff, 0xff, 0xe9, 0xe9, 0xe9, 0xff, 0xff, 0xff, 0x58, 0x58, 0x58,
    0x00, 0x00, 0x00, 0x00, 0x00, 0x00, 0x00, 0x00, 0x00, 0x00, 0x00, 0x00,
    0x00, 0x00, 0x00, 0x00, 0x00, 0x00, 0x00, 0x00, 0x00, 0x00, 0x00, 0x00,
    0x00, 0x00, 0x00, 0x00, 0x00, 0x00, 0x00, 0x00, 0x00, 0x00, 0x00, 0x00,
    0x00, 0x00, 0x00, 0x00, 0x00, 0x00, 0x00, 0x00, 0x00, 0x00, 0x00, 0x00,
    0x00, 0x00, 0x00, 0x00, 0x00, 0x00, 0x00, 0x00, 0x00, 0x00, 0x00, 0x00,
    0x00, 0x00, 0x00, 0x00, 0x00, 0x00, 0x00, 0x00, 0x00, 0x00, 0x00, 0x00,
    0x00, 0x00, 0x00, 0x00, 0x00, 0x00, 0x00, 0x00, 0x00, 0x00, 0x00, 0x00,
    0x00, 0x00, 0x00, 0x00, 0x00, 0x00, 0x00, 0x00, 0x00, 0x00, 0x00, 0x00,
    0x00, 0x00, 0x00, 0x00, 0x00, 0x00, 0x58, 0x58, 0x58, 0xff, 0xff, 0xff,
    0xe9, 0xe9, 0xe9, 0xff, 0xff, 0xff, 0xff, 0xff, 0xff, 0xff, 0xff, 0xff,
    0x00, 0x00, 0xff, 0xff, 0xff, 0xff, 0xff, 0xff, 0xff, 0xff, 0xff, 0xe9,
    0xe9, 0xe9, 0xff, 0xff, 0xff, 0x62, 0x62, 0x62, 0x03, 0x03, 0x03, 0x07,
    0x07, 0x07, 0x03, 0x03, 0x03, 0x00, 0x00, 0x00, 0x00, 0x00, 0x00, 0x07,
    0x07, 0x07, 0x06, 0x06, 0x06, 0x06, 0x06, 0x06, 0x06, 0x06, 0x06, 0x06,
    0x06, 0x06, 0x06, 0x06, 0x06, 0x06, 0x06, 0x06, 0x07, 0x07, 0x07, 0x00,
    0x00, 0x00, 0x02, 0x02, 0x02, 0x03, 0x03, 0x03, 0x03, 0x03, 0x03, 0x03,
    0x03, 0x03, 0x03, 0x03, 0x03, 0x02, 0x02, 0x02, 0x00, 0x00, 0x00, 0x07,
    0x07, 0x07, 0x06, 0x06, 0x06, 0x06, 0x06, 0x06, 0x06, 0x06, 0x06, 0x06,
    0x06, 0x06, 0x06, 0x06, 0x06, 0x06, 0x06, 0x06, 0x07, 0x07, 0x07, 0x00,
    0x00, 0x00, 0x00, 0x00, 0x00, 0x03, 0x03, 0x03, 0x07, 0x07, 0x07, 0x03,
    0x03, 0x03, 0x62, 0x62, 0x62, 0xff, 0xff, 0xff, 0xe9, 0xe9, 0xe9, 0xff,
    0xff, 0xff, 0xff, 0xff, 0xff, 0xff, 0xff, 0xff, 0x00, 0x00, 0xff, 0xff,
    0xff, 0xff, 0xff, 0xff, 0xff, 0xff, 0xff, 0xe9, 0xe9, 0xe9, 0xff, 0xff,
    0xff, 0x61, 0x61, 0x61, 0x01, 0x01, 0x01, 0x06, 0x06, 0x06, 0x01, 0x01,
    0x01, 0x1b, 0x1b, 0x1b, 0xb6, 0xb6, 0xb6, 0xca, 0xca, 0xca, 0xc7, 0xc7,
    0xc7, 0xc8, 0xc8, 0xc8, 0xc8, 0xc8, 0xc8, 0xc8, 0xc8, 0xc8, 0xc8, 0xc8,
    0xc8, 0xc6, 0xc6, 0xc6, 0xce, 0xce, 0xce, 0x98, 0x98, 0x98, 0x06, 0x06,
    0x06, 0x02, 0x02, 0x02, 0x01, 0x01, 0x01, 0x01, 0x01, 0x01, 0x02, 0x02,
    0x02, 0x06, 0x06, 0x06, 0x98, 0x98, 0x98, 0xce, 0xce, 0xce, 0xc6, 0xc6,
    0xc6, 0xc8, 0xc8, 0xc8, 0xc8, 0xc8, 0xc8, 0xc8, 0xc8, 0xc8, 0xc8, 0xc8,
    0xc8, 0xc7, 0xc7, 0xc7, 0xca, 0xca, 0xca, 0xb6, 0xb6, 0xb6, 0x1a, 0x1a,
    0x1a, 0x01, 0x01, 0x01, 0x06, 0x06, 0x06, 0x01, 0x01, 0x01, 0x61, 0x61,
    0x61, 0xff, 0xff, 0xff, 0xe9, 0xe9, 0xe9, 0xff, 0xff, 0xff, 0xff, 0xff,
    0xff, 0xff, 0xff, 0xff, 0x00, 0x00, 0xff, 0xff, 0xff, 0xff, 0xff, 0xff,
    0xff, 0xff, 0xff, 0xe9, 0xe9, 0xe9, 0xff, 0xff, 0xff, 0x5e, 0x5e, 0x5e,
    0x00, 0x00, 0x00, 0x03, 0x03, 0x03, 0x00, 0x00, 0x00, 0x3f, 0x3f, 0x3f,
    0xfb, 0xfb, 0xfb, 0xea, 0xea, 0xea, 0xed, 0xed, 0xed, 0xef, 0xef, 0xef,
    0xef, 0xef, 0xef, 0xed, 0xed, 0xed, 0xef, 0xef, 0xef, 0xec, 0xec, 0xec,
    0xf0, 0xf0, 0xf0, 0xe5, 0xe5, 0xe5, 0x12, 0x12, 0x12, 0x00, 0x00, 0x00,
    0x00, 0x00, 0x00, 0x00, 0x00, 0x00, 0x00, 0x00, 0x00, 0x12, 0x12, 0x12,
    0xe5, 0xe5, 0xe5, 0xf0, 0xf0, 0xf0, 0xec, 0xec, 0xec, 0xef, 0xef, 0xef,
    0xed, 0xed, 0xed, 0xef, 0xef, 0xef, 0xef, 0xef, 0xef, 0xed, 0xed, 0xed,
    0xea, 0xea, 0xea, 0xfb, 0xfb, 0xfb, 0x3f, 0x3f, 0x3f, 0x00, 0x00, 0x00,
    0x03, 0x03, 0x03, 0x00, 0x00, 0x00, 0x5e, 0x5e, 0x5e, 0xff, 0xff, 0xff,
    0xe9, 0xe9, 0xe9, 0xff, 0xff, 0xff, 0xff, 0xff, 0xff, 0xff, 0xff, 0xff,
    0x00, 0x00, 0xff, 0xff, 0xff, 0xff, 0xff, 0xff, 0xff, 0xff, 0xff, 0xe9,
    0xe9, 0xe9, 0xfe, 0xfe, 0xfe, 0x66, 0x66, 0x66, 0x0a, 0x0a, 0x0a, 0x10,
    0x10, 0x10, 0x0a, 0x0a, 0x0a, 0x45, 0x45, 0x45, 0xf3, 0xf3, 0xf3, 0xe5,
    0xe5, 0xe5, 0xf9, 0xf9, 0xf9, 0xfb, 0xfb, 0xfb, 0xfa, 0xfa, 0xfa, 0xfa,
    0xfa, 0xfa, 0xfa, 0xfa, 0xfa, 0xf6, 0xf6, 0xf6, 0xe7, 0xe7, 0xe7, 0xd9,
    0xd9, 0xd9, 0x1d, 0x1d, 0x1d, 0x0a, 0x0a, 0x0a, 0x0b, 0x0b, 0x0b, 0x0b,
    0x0b, 0x0b, 0x0a, 0x0a, 0x0a, 0x1d, 0x1d, 0x1d, 0xd9, 0xd9, 0xd9, 0xe7,
    0xe7, 0xe7, 0xf6, 0xf6, 0xf6, 0xfa, 0xfa, 0xfa, 0xfa, 0xfa, 0xfa, 0xfa,
    0xfa, 0xfa, 0xfb, 0xfb, 0xfb, 0xf9, 0xf9, 0xf9, 0xe5, 0xe5, 0xe5, 0xf3,
    0xf3, 0xf3, 0x45, 0x45, 0x45, 0x0a, 0x0a, 0x0a, 0x10, 0x10, 0x10, 0x0a,
    0x0a, 0x0a, 0x66, 0x66, 0x66, 0xfe, 0xfe, 0xfe, 0xe9, 0xe9, 0xe9, 0xff,
    0xff, 0xff, 0xff, 0xff, 0xff, 0xff, 0xff, 0xff, 0x00, 0x00, 0xff, 0xff,
    0xff, 0xff, 0xff, 0xff, 0xff, 0xff, 0xff, 0xec, 0xec, 0xec, 0xf4, 0xf4,
    0xf4, 0xd9, 0xd9, 0xd9, 0xd1, 0xd1, 0xd1, 0xd2, 0xd2, 0xd2, 0xd2, 0xd2,
    0xd2, 0xd6, 0xd6, 0xd6, 0xee, 0xee, 0xee, 0xe8, 0xe8, 0xe8, 0xff, 0xff,
    0xff, 0xff, 0xff, 0xff, 0xff, 0xff, 0xff, 0xff, 0xff, 0xff, 0xff, 0xff,
    0xff, 0xfb, 0xfb, 0xfb, 0xeb, 0xeb, 0xeb, 0xe4, 0xe4, 0xe4, 0xd3, 0xd3,
    0xd3, 0xd2, 0xd2, 0xd2, 0xd2, 0xd2, 0xd2, 0xd2, 0xd2, 0xd2, 0xd2, 0xd2,
    0xd2, 0xd3, 0xd3, 0xd3, 0xe4, 0xe4, 0xe4, 0xeb, 0xeb, 0xeb, 0xfb, 0xfb,
    0xfb, 0xff, 0xff, 0xff, 0xff, 0xff, 0xff, 0xff, 0xff, 0xff, 0xff, 0xff,
    0xff, 0xff, 0xff, 0xff, 0xe8, 0xe8, 0xe8, 0xee, 0xee, 0xee, 0xd6, 0xd6,
    0xd6, 0xd2, 0xd2, 0xd2, 0xd2, 0xd2, 0xd2, 0xd1, 0xd1, 0xd1, 0xd9, 0xd9,
    0xd9, 0xf4, 0xf4, 0xf4, 0xec, 0xec, 0xec, 0xff, 0xff, 0xff, 0xff, 0xff,
    0xff, 0xff, 0xff, 0xff, 0x00, 0x00, 0xff, 0xff, 0xff, 0xff, 0xff, 0xff,
    0xff, 0xff, 0xff, 0xf1, 0xf1, 0xf1, 0xf1, 0xf1, 0xf1, 0xe9, 0xe9, 0xe9,
    0xeb, 0xeb, 0xeb, 0xeb, 0xeb, 0xeb, 0xeb, 0xeb, 0xeb, 0xea, 0xea, 0xea,
    0xf0, 0xf0, 0xf0, 0xed, 0xed, 0xed, 0xff, 0xff, 0xff, 0xff, 0xff, 0xff,
    0xff, 0xff, 0xff, 0xff, 0xff, 0xff, 0xff, 0xff, 0xff, 0xfd, 0xfd, 0xfd,
    0xe8, 0xe8, 0xe8, 0xeb, 0xeb, 0xeb, 0xea, 0xea, 0xea, 0xec, 0xec, 0xec,
    0xeb, 0xeb, 0xeb, 0xeb, 0xeb, 0xeb, 0xec, 0xec, 0xec, 0xeb, 0xeb, 0xeb,
    0xeb, 0xeb, 0xeb, 0xe9, 0xe9, 0xe9, 0xfd, 0xfd, 0xfd, 0xff, 0xff, 0xff,
    0xff, 0xff, 0xff, 0xff, 0xff, 0xff, 0xff, 0xff, 0xff, 0xff, 0xff, 0xff,
    0xed, 0xed, 0xed, 0xf0, 0xf0, 0xf0, 0xea, 0xea, 0xea, 0xeb, 0xeb, 0xeb,
    0xeb, 0xeb, 0xeb, 0xeb, 0xeb, 0xeb, 0xe9, 0xe9, 0xe9, 0xf1, 0xf1, 0xf1,
    0xf1, 0xf1, 0xf1, 0xff, 0xff, 0xff, 0xff, 0xff, 0xff, 0xff, 0xff, 0xff,
    0x00, 0x00
};
static const unsigned int black_rook_bmp_len = 6494;

/* white_bishop.bmp (6494 bytes, 46x46 px) */
static const unsigned char white_bishop_bmp[] = {
    0x42, 0x4d, 0x5e, 0x19, 0x00, 0x00, 0x00, 0x00, 0x00, 0x00, 0x36, 0x00,
    0x00, 0x00, 0x28, 0x00, 0x00, 0x00, 0x2e, 0x00, 0x00, 0x00, 0x2e, 0x00,
    0x00, 0x00, 0x01, 0x00, 0x18, 0x00, 0x00, 0x00, 0x00, 0x00, 0x28, 0x19,
    0x00, 0x00, 0xc4, 0x0e, 0x00, 0x00, 0xc4, 0x0e, 0x00, 0x00, 0x00, 0x00,
    0x00, 0x00, 0x00, 0x00, 0x00, 0x00, 0xe2, 0xe2, 0xe2, 0x4a, 0x4a, 0x4a,
    0x07, 0x07, 0x07, 0x08, 0x08, 0x08, 0x35, 0x35, 0x35, 0x82, 0x82, 0x82,
    0xb3, 0xb3, 0xb3, 0xcc, 0xcc, 0xcc, 0xd9, 0xd9, 0xd9, 0xde, 0xde, 0xde,
    0xde, 0xde, 0xde, 0xdc, 0xdc, 0xdc, 0xd8, 0xd8, 0xd8, 0xd3, 0xd3, 0xd3,
    0xce, 0xce, 0xce, 0xcb, 0xcb, 0xcb, 0xcb, 0xcb, 0xcb, 0xd0, 0xd0, 0xd0,
    0xd9, 0xd9, 0xd9, 0xe7, 0xe7, 0xe7, 0xf9, 0xf9, 0xf9, 0xff, 0xff, 0xff,
    0xff, 0xff, 0xff, 0xff, 0xff, 0xff, 0xff, 0xff, 0xff, 0xf8, 0xf8, 0xf8,
    0xe6, 0xe6, 0xe6, 0xd9, 0xd9, 0xd9, 0xd0, 0xd0, 0xd0, 0xcb, 0xcb, 0xcb,
    0xcb, 0xcb, 0xcb, 0xce, 0xce, 0xce, 0xd3, 0xd3, 0xd3, 0xd8, 0xd8, 0xd8,
    0xdc, 0xdc, 0xdc, 0xde, 0xde, 0xde, 0xde, 0xde, 0xde, 0xd9, 0xd9, 0xd9,
    0xcc, 0xcc, 0xcc, 0xb3, 0xb3, 0xb3, 0x81, 0x81, 0x81, 0x33, 0x33, 0x33,
    0x08, 0x08, 0x08, 0x07, 0x07, 0x07, 0x4c, 0x4c, 0x4c, 0xe4, 0xe4, 0xe4,
    0x00, 0x00, 0x24, 0x24, 0x24, 0x00, 0x00, 0x00, 0x30, 0x30, 0x30, 0x2e,
    0x2e, 0x2e, 0x01, 0x01, 0x01, 0x00, 0x00, 0x00, 0x00, 0x00, 0x00, 0x00,
    0x00, 0x00, 0x05, 0x05, 0x05, 0x08, 0x08, 0x08, 0x09, 0x09, 0x09, 0x07,
    0x07, 0x07, 0x05, 0x05, 0x05, 0x02, 0x02, 0x02, 0x00, 0x00, 0x00, 0x00,
    0x00, 0x00, 0x00, 0x00, 0x00, 0x01, 0x01, 0x01, 0x05, 0x05, 0x05, 0x0f,
    0x0f, 0x0f, 0x22, 0x22, 0x22, 0x46, 0x46, 0x46, 0x8a, 0x8a, 0x8a, 0x8a,
    0x8a, 0x8a, 0x45, 0x45, 0x45, 0x22, 0x22, 0x22, 0x0f, 0x0f, 0x0f, 0x05,
    0x05, 0x05, 0x01, 0x01, 0x01, 0x00, 0x00, 0x00, 0x00, 0x00, 0x00, 0x00,
    0x00, 0x00, 0x02, 0x02, 0x02, 0x05, 0x05, 0x05, 0x07, 0x07, 0x07, 0x09,
    0x09, 0x09, 0x08, 0x08, 0x08, 0x05, 0x05, 0x05, 0x00, 0x00, 0x00, 0x00,
    0x00, 0x00, 0x00, 0x00, 0x00, 0x01, 0x01, 0x01, 0x35, 0x35, 0x35, 0x2b,
    0x2b, 0x2b, 0x00, 0x00, 0x00, 0x26, 0x26, 0x26, 0x00, 0x00, 0x27, 0x27,
    0x27, 0x01, 0x01, 0x01, 0x71, 0x71, 0x71, 0xf6, 0xf6, 0xf6, 0xd8, 0xd8,
    0xd8, 0xa0, 0xa0, 0xa0, 0x76, 0x76, 0x76, 0x5c, 0x5c, 0x5c, 0x4f, 0x4f,
    0x4f, 0x49, 0x49, 0x49, 0x48, 0x48, 0x48, 0x4b, 0x4b, 0x4b, 0x4f, 0x4f,
    0x4f, 0x55, 0x55, 0x55, 0x59, 0x59, 0x59, 0x5c, 0x5c, 0x5c, 0x5c, 0x5c,
    0x5c, 0x57, 0x57, 0x57, 0x4e, 0x4e, 0x4e, 0x3e, 0x3e, 0x3e, 0x26, 0x26,
    0x26, 0x08, 0x08, 0x08, 0x00, 0x00, 0x00, 0x00, 0x00, 0x00, 0x08, 0x08,
    0x08, 0x26, 0x26, 0x26, 0x3e, 0x3e, 0x3e, 0x4e, 0x4e, 0x4e, 0x58, 0x58,
    0x58, 0x5c, 0x5c, 0x5c, 0x5c, 0x5c, 0x5c, 0x59, 0x59, 0x59, 0x54, 0x54,
    0x54, 0x4f, 0x4f, 0x4f, 0x4b, 0x4b, 0x4b, 0x48, 0x48, 0x48, 0x49, 0x49,
    0x49, 0x4f, 0x4f, 0x4f, 0x5d, 0x5d, 0x5d, 0x77, 0x77, 0x77, 0xa1, 0xa1,
    0xa1, 0xdb, 0xdb, 0xdb, 0xd3, 0xd3, 0xd3, 0x44, 0x44, 0x44, 0x01, 0x01,
    0x01, 0x34, 0x34, 0x34, 0x00, 0x00, 0xe0, 0xe0, 0xe0, 0x27, 0x27, 0x27,
    0x00, 0x00, 0x00, 0x38, 0x38, 0x38, 0xa1, 0xa1, 0xa1, 0xd2, 0xd2, 0xd2,
    0xef, 0xef, 0xef, 0xf9, 0xf9, 0xf9, 0xfd, 0xfd, 0xfd, 0xff, 0xff, 0xff,
    0xff, 0xff, 0xff, 0xff, 0xff, 0xff, 0xff, 0xff, 0xff, 0xff, 0xff, 0xff,
    0xff, 0xff, 0xff, 0xff, 0xff, 0xff, 0xff, 0xff, 0xff, 0xff, 0xff, 0xff,
    0xff, 0xff, 0xff, 0xf7, 0xf7, 0xf7, 0xe7, 0xe7, 0xe7, 0xcd, 0xcd, 0xcd,
    0x8c, 0x8c, 0x8c, 0x8d, 0x8d, 0x8d, 0xce, 0xce, 0xce, 0xe8, 0xe8, 0xe8,
    0xf8, 0xf8, 0xf8, 0xff, 0xff, 0xff, 0xff, 0xff, 0xff, 0xff, 0xff, 0xff,
    0xff, 0xff, 0xff, 0xff, 0xff, 0xff, 0xff, 0xff, 0xff, 0xff, 0xff, 0xff,
    0xff, 0xff, 0xff, 0xff, 0xff, 0xff, 0xff, 0xff, 0xff, 0xfc, 0xfc, 0xfc,
    0xf8, 0xf8, 0xf8, 0xed, 0xed, 0xed, 0xd2, 0xd2, 0xd2, 0x7b, 0x7b, 0x7b,
    0x0c, 0x0c, 0x0c, 0x00, 0x00, 0x00, 0x55, 0x55, 0x55, 0xf3, 0xf3, 0xf3,
    0x00, 0x00, 0xff, 0xff, 0xff, 0xe7, 0xe7, 0xe7, 0x53, 0x53, 0x53, 0x00,
    0x00, 0x00, 0x00, 0x00, 0x00, 0x00, 0x00, 0x00, 0x13, 0x13, 0x13, 0x25,
    0x25, 0x25, 0x32, 0x32, 0x32, 0x3a, 0x3a, 0x3a, 0x3f, 0x3f, 0x3f, 0x41,
    0x41, 0x41, 0x44, 0x44, 0x44, 0x48, 0x48, 0x48, 0x4f, 0x4f, 0x4f, 0x5b,
    0x5b, 0x5b, 0x6b, 0x6b, 0x6b, 0x84, 0x84, 0x84, 0xa3, 0xa3, 0xa3, 0xc6,
    0xc6, 0xc6, 0xe9, 0xe9, 0xe9, 0xfc, 0xfc, 0xfc, 0xfa, 0xfa, 0xfa, 0xfb,
    0xfb, 0xfb, 0xfc, 0xfc, 0xfc, 0xe8, 0xe8, 0xe8, 0xc6, 0xc6, 0xc6, 0xa3,
    0xa3, 0xa3, 0x83, 0x83, 0x83, 0x6b, 0x6b, 0x6b, 0x5b, 0x5b, 0x5b, 0x4f,
    0x4f, 0x4f, 0x48, 0x48, 0x48, 0x44, 0x44, 0x44, 0x41, 0x41, 0x41, 0x3f,
    0x3f, 0x3f, 0x3a, 0x3a, 0x3a, 0x32, 0x32, 0x32, 0x25, 0x25, 0x25, 0x13,
    0x13, 0x13, 0x00, 0x00, 0x00, 0x00, 0x00, 0x00, 0x1a, 0x1a, 0x1a, 0x96,
    0x96, 0x96, 0xff, 0xff, 0xff, 0xff, 0xff, 0xff, 0x00, 0x00, 0xfd, 0xfd,
    0xfd, 0xff, 0xff, 0xff, 0xff, 0xff, 0xff, 0xcc, 0xcc, 0xcc, 0x8c, 0x8c,
    0x8c, 0x56, 0x56, 0x56, 0x31, 0x31, 0x31, 0x1d, 0x1d, 0x1d, 0x13, 0x13,
    0x13, 0x0d, 0x0d, 0x0d, 0x0a, 0x0a, 0x0a, 0x08, 0x08, 0x08, 0x06, 0x06,
    0x06, 0x03, 0x03, 0x03, 0x00, 0x00, 0x00, 0x00, 0x00, 0x00, 0x00, 0x00,
    0x00, 0x00, 0x00, 0x00, 0x00, 0x00, 0x00, 0x06, 0x06, 0x06, 0x2c, 0x2c,
    0x2c, 0x73, 0x73, 0x73, 0xcd, 0xcd, 0xcd, 0xcc, 0xcc, 0xcc, 0x72, 0x72,
    0x72, 0x2c, 0x2c, 0x2c, 0x06, 0x06, 0x06, 0x00, 0x00, 0x00, 0x00, 0x00,
    0x00, 0x00, 0x00, 0x00, 0x00, 0x00, 0x00, 0x00, 0x00, 0x00, 0x03, 0x03,
    0x03, 0x06, 0x06, 0x06, 0x08, 0x08, 0x08, 0x0a, 0x0a, 0x0a, 0x0d, 0x0d,
    0x0d, 0x13, 0x13, 0x13, 0x1e, 0x1e, 0x1e, 0x32, 0x32, 0x32, 0x56, 0x56,
    0x56, 0x9a, 0x9a, 0x9a, 0xee, 0xee, 0xee, 0xff, 0xff, 0xff, 0xfe, 0xfe,
    0xfe, 0xfe, 0xfe, 0xfe, 0x00, 0x00, 0xff, 0xff, 0xff, 0xfe, 0xfe, 0xfe,
    0xfd, 0xfd, 0xfd, 0xff, 0xff, 0xff, 0xff, 0xff, 0xff, 0xff, 0xff, 0xff,
    0xff, 0xff, 0xff, 0xf9, 0xf9, 0xf9, 0xf1, 0xf1, 0xf1, 0xec, 0xec, 0xec,
    0xe8, 0xe8, 0xe8, 0xe5, 0xe5, 0xe5, 0xe2, 0xe2, 0xe2, 0xdc, 0xdc, 0xdc,
    0xe0, 0xe0, 0xe0, 0xe1, 0xe1, 0xe1, 0xca, 0xca, 0xca, 0x9c, 0x9c, 0x9c,
    0x59, 0x59, 0x59, 0x10, 0x10, 0x10, 0x01, 0x01, 0x01, 0x01, 0x01, 0x01,
    0x12, 0x12, 0x12, 0x11, 0x11, 0x11, 0x01, 0x01, 0x01, 0x01, 0x01, 0x01,
    0x12, 0x12, 0x12, 0x5c, 0x5c, 0x5c, 0x9f, 0x9f, 0x9f, 0xcb, 0xcb, 0xcb,
    0xe1, 0xe1, 0xe1, 0xe0, 0xe0, 0xe0, 0xdc, 0xdc, 0xdc, 0xe2, 0xe2, 0xe2,
    0xe5, 0xe5, 0xe5, 0xe8, 0xe8, 0xe8, 0xec, 0xec, 0xec, 0xf2, 0xf2, 0xf2,
    0xf9, 0xf9, 0xf9, 0xff, 0xff, 0xff, 0xff, 0xff, 0xff, 0xff, 0xff, 0xff,
    0xff, 0xff, 0xff, 0xfc, 0xfc, 0xfc, 0xff, 0xff, 0xff, 0xff, 0xff, 0xff,
    0x00, 0x00, 0xff, 0xff, 0xff, 0xff, 0xff, 0xff, 0xff, 0xff, 0xff, 0xfd,
    0xfd, 0xfd, 0xfb, 0xfb, 0xfb, 0xfc, 0xfc, 0xfc, 0xff, 0xff, 0xff, 0xff,
    0xff, 0xff, 0xff, 0xff, 0xff, 0xff, 0xff, 0xff, 0xff, 0xff, 0xff, 0xff,
    0xff, 0xff, 0xff, 0xff, 0xff, 0xff, 0xff, 0xff, 0xeb, 0xeb, 0xeb, 0x9e,
    0x9e, 0x9e, 0x58, 0x58, 0x58, 0x2d, 0x2d, 0x2d, 0x14, 0x14, 0x14, 0x04,
    0x04, 0x04, 0x00, 0x00, 0x00, 0x00, 0x00, 0x00, 0x00, 0x00, 0x00, 0x00,
    0x00, 0x00, 0x00, 0x00, 0x00, 0x00, 0x00, 0x00, 0x04, 0x04, 0x04, 0x16,
    0x16, 0x16, 0x2f, 0x2f, 0x2f, 0x5b, 0x5b, 0x5b, 0xa1, 0xa1, 0xa1, 0xec,
    0xec, 0xec, 0xff, 0xff, 0xff, 0xff, 0xff, 0xff, 0xff, 0xff, 0xff, 0xff,
    0xff, 0xff, 0xff, 0xff, 0xff, 0xff, 0xff, 0xff, 0xff, 0xff, 0xff, 0xff,
    0xff, 0xff, 0xfc, 0xfc, 0xfc, 0xfb, 0xfb, 0xfb, 0xfe, 0xfe, 0xfe, 0xff,
    0xff, 0xff, 0xff, 0xff, 0xff, 0xff, 0xff, 0xff, 0x00, 0x00, 0xff, 0xff,
    0xff, 0xff, 0xff, 0xff, 0xff, 0xff, 0xff, 0xff, 0xff, 0xff, 0xff, 0xff,
    0xff, 0xff, 0xff, 0xff, 0xff, 0xff, 0xff, 0xfe, 0xfe, 0xfe, 0xfe, 0xfe,
    0xfe, 0xfe, 0xfe, 0xfe, 0xfc, 0xfc, 0xfc, 0xfd, 0xfd, 0xfd, 0xf0, 0xf0,
    0xf0, 0x6e, 0x6e, 0x6e, 0x0a, 0x0a, 0x0a, 0x00, 0x00, 0x00, 0x03, 0x03,
    0x03, 0x27, 0x27, 0x27, 0x4c, 0x4c, 0x4c, 0x6c, 0x6c, 0x6c, 0x83, 0x83,
    0x83, 0x92, 0x92, 0x92, 0x9a, 0x9a, 0x9a, 0x99, 0x99, 0x99, 0x90, 0x90,
    0x90, 0x81, 0x81, 0x81, 0x69, 0x69, 0x69, 0x4a, 0x4a, 0x4a, 0x24, 0x24,
    0x24, 0x02, 0x02, 0x02, 0x00, 0x00, 0x00, 0x0b, 0x0b, 0x0b, 0x71, 0x71,
    0x71, 0xf1, 0xf1, 0xf1, 0xfc, 0xfc, 0xfc, 0xfc, 0xfc, 0xfc, 0xfe, 0xfe,
    0xfe, 0xfe, 0xfe, 0xfe, 0xfe, 0xfe, 0xfe, 0xff, 0xff, 0xff, 0xff, 0xff,
    0xff, 0xff, 0xff, 0xff, 0xff, 0xff, 0xff, 0xff, 0xff, 0xff, 0xff, 0xff,
    0xff, 0xff, 0xff, 0xff, 0x00, 0x00, 0xff, 0xff, 0xff, 0xff, 0xff, 0xff,
    0xff, 0xff, 0xff, 0xff, 0xff, 0xff, 0xff, 0xff, 0xff, 0xff, 0xff, 0xff,
    0xff, 0xff, 0xff, 0xff, 0xff, 0xff, 0xff, 0xff, 0xff, 0xff, 0xff, 0xff,
    0xfd, 0xfd, 0xfd, 0xfc, 0xfc, 0xfc, 0x43, 0x43, 0x43, 0x00, 0x00, 0x00,
    0x1d, 0x1d, 0x1d, 0x82, 0x82, 0x82, 0xc5, 0xc5, 0xc5, 0xe4, 0xe4, 0xe4,
    0xf0, 0xf0, 0xf0, 0xf4, 0xf4, 0xf4, 0xf3, 0xf3, 0xf3, 0xf2, 0xf2, 0xf2,
    0xf2, 0xf2, 0xf2, 0xf2, 0xf2, 0xf2, 0xf2, 0xf2, 0xf2, 0xf3, 0xf3, 0xf3,
    0xf3, 0xf3, 0xf3, 0xf0, 0xf0, 0xf0, 0xe3, 0xe3, 0xe3, 0xc3, 0xc3, 0xc3,
    0x7f, 0x7f, 0x7f, 0x1c, 0x1c, 0x1c, 0x00, 0x00, 0x00, 0x47, 0x47, 0x47,
    0xfd, 0xfd, 0xfd, 0xfd, 0xfd, 0xfd, 0xff, 0xff, 0xff, 0xff, 0xff, 0xff,
    0xff, 0xff, 0xff, 0xff, 0xff, 0xff, 0xff, 0xff, 0xff, 0xff, 0xff, 0xff,
    0xff, 0xff, 0xff, 0xff, 0xff, 0xff, 0xff, 0xff, 0xff, 0xff, 0xff, 0xff,
    0x00, 0x00, 0xff, 0xff, 0xff, 0xff, 0xff, 0xff, 0xff, 0xff, 0xff, 0xff,
    0xff, 0xff, 0xff, 0xff, 0xff, 0xff, 0xff, 0xff, 0xff, 0xff, 0xff, 0xff,
    0xff, 0xff, 0xff, 0xff, 0xff, 0xfd, 0xfd, 0xfd, 0xff, 0xff, 0xff, 0xdd,
    0xdd, 0xdd, 0x01, 0x01, 0x01, 0x3c, 0x3c, 0x3c, 0xf3, 0xf3, 0xf3, 0xff,
    0xff, 0xff, 0xfb, 0xfb, 0xfb, 0xf4, 0xf4, 0xf4, 0xf1, 0xf1, 0xf1, 0xf0,
    0xf0, 0xf0, 0xf0, 0xf0, 0xf0, 0xf0, 0xf0, 0xf0, 0xf0, 0xf0, 0xf0, 0xf0,
    0xf0, 0xf0, 0xf0, 0xf0, 0xf0, 0xf0, 0xf0, 0xf0, 0xf0, 0xf0, 0xf0, 0xf1,
    0xf1, 0xf1, 0xf4, 0xf4, 0xf4, 0xfb, 0xfb, 0xfb, 0xff, 0xff, 0xff, 0xf2,
    0xf2, 0xf2, 0x39, 0x39, 0x39, 0x01, 0x01, 0x01, 0xe0, 0xe0, 0xe0, 0xff,
    0xff, 0xff, 0xfd, 0xfd, 0xfd, 0xff, 0xff, 0xff, 0xff, 0xff, 0xff, 0xff,
    0xff, 0xff, 0xff, 0xff, 0xff, 0xff, 0xff, 0xff, 0xff, 0xff, 0xff, 0xff,
    0xff, 0xff, 0xff, 0xff, 0xff, 0xff, 0xff, 0xff, 0x00, 0x00, 0xff, 0xff,
    0xff, 0xff, 0xff, 0xff, 0xff, 0xff, 0xff, 0xff, 0xff, 0xff, 0xff, 0xff,
    0xff, 0xff, 0xff, 0xff, 0xff, 0xff, 0xff, 0xff, 0xff, 0xff, 0xff, 0xff,
    0xff, 0xfc, 0xfc, 0xfc, 0xff, 0xff, 0xff, 0xcb, 0xcb, 0xcb, 0x01, 0x01,
    0x01, 0x45, 0x45, 0x45, 0xb2, 0xb2, 0xb2, 0x9d, 0x9d, 0x9d, 0xa3, 0xa3,
    0xa3, 0xa4, 0xa4, 0xa4, 0xa4, 0xa4, 0xa4, 0xa4, 0xa4, 0xa4, 0xa4, 0xa4,
    0xa4, 0xa4, 0xa4, 0xa4, 0xa4, 0xa4, 0xa4, 0xa4, 0xa4, 0xa4, 0xa4, 0xa4,
    0xa4, 0xa4, 0xa4, 0xa4, 0xa4, 0xa4, 0xa4, 0xa4, 0xa4, 0xa4, 0xa4, 0xa4,
    0xa4, 0xa2, 0xa2, 0xa2, 0x9e, 0x9e, 0x9e, 0xb2, 0xb2, 0xb2, 0x43, 0x43,
    0x43, 0x01, 0x01, 0x01, 0xcf, 0xcf, 0xcf, 0xff, 0xff, 0xff, 0xfd, 0xfd,
    0xfd, 0xff, 0xff, 0xff, 0xff, 0xff, 0xff, 0xff, 0xff, 0xff, 0xff, 0xff,
    0xff, 0xff, 0xff, 0xff, 0xff, 0xff, 0xff, 0xff, 0xff, 0xff, 0xff, 0xff,
    0xff, 0xff, 0xff, 0xff, 0x00, 0x00, 0xff, 0xff, 0xff, 0xff, 0xff, 0xff,
    0xff, 0xff, 0xff, 0xff, 0xff, 0xff, 0xff, 0xff, 0xff, 0xff, 0xff, 0xff,
    0xff, 0xff, 0xff, 0xff, 0xff, 0xff, 0xff, 0xff, 0xff, 0xfd, 0xfd, 0xfd,
    0xff, 0xff, 0xff, 0xd5, 0xd5, 0xd5, 0x01, 0x01, 0x01, 0x00, 0x00, 0x00,
    0x00, 0x00, 0x00, 0x00, 0x00, 0x00, 0x00, 0x00, 0x00, 0x00, 0x00, 0x00,
    0x00, 0x00, 0x00, 0x00, 0x00, 0x00, 0x00, 0x00, 0x00, 0x00, 0x00, 0x00,
    0x00, 0x00, 0x00, 0x00, 0x00, 0x00, 0x00, 0x00, 0x00, 0x00, 0x00, 0x00,
    0x00, 0x00, 0x00, 0x00, 0x00, 0x00, 0x00, 0x00, 0x00, 0x00, 0x00, 0x00,
    0x00, 0x00, 0x00, 0x01, 0x01, 0x01, 0x00, 0x00, 0x00, 0x02, 0x02, 0x02,
    0xd9, 0xd9, 0xd9, 0xff, 0xff, 0xff, 0xfd, 0xfd, 0xfd, 0xff, 0xff, 0xff,
    0xff, 0xff, 0xff, 0xff, 0xff, 0xff, 0xff, 0xff, 0xff, 0xff, 0xff, 0xff,
    0xff, 0xff, 0xff, 0xff, 0xff, 0xff, 0xff, 0xff, 0xff, 0xff, 0xff, 0xff,
    0x00, 0x00, 0xff, 0xff, 0xff, 0xff, 0xff, 0xff, 0xff, 0xff, 0xff, 0xff,
    0xff, 0xff, 0xff, 0xff, 0xff, 0xff, 0xff, 0xff, 0xff, 0xff, 0xff, 0xff,
    0xff, 0xff, 0xff, 0xff, 0xff, 0xfe, 0xfe, 0xfe, 0xff, 0xff, 0xff, 0xf6,
    0xf6, 0xf6, 0x19, 0x19, 0x19, 0x09, 0x09, 0x09, 0x77, 0x77, 0x77, 0x7c,
    0x7c, 0x7c, 0x7b, 0x7b, 0x7b, 0x7b, 0x7b, 0x7b, 0x7b, 0x7b, 0x7b, 0x7b,
    0x7b, 0x7b, 0x7b, 0x7b, 0x7b, 0x7b, 0x7b, 0x7b, 0x7b, 0x7b, 0x7b, 0x7b,
    0x7b, 0x7b, 0x7b, 0x7b, 0x7b, 0x7b, 0x7b, 0x7b, 0x7b, 0x7b, 0x7b, 0x7b,
    0x7b, 0x7b, 0x7b, 0x7b, 0x7b, 0x7b, 0x7b, 0x7b, 0x7c, 0x7c, 0x7c, 0x77,
    0x77, 0x77, 0x08, 0x08, 0x08, 0x1c, 0x1c, 0x1c, 0xf8, 0xf8, 0xf8, 0xff,
    0xff, 0xff, 0xfe, 0xfe, 0xfe, 0xff, 0xff, 0xff, 0xff, 0xff, 0xff, 0xff,
    0xff, 0xff, 0xff, 0xff, 0xff, 0xff, 0xff, 0xff, 0xff, 0xff, 0xff, 0xff,
    0xff, 0xff, 0xff, 0xff, 0xff, 0xff, 0xff, 0xff, 0x00, 0x00, 0xff, 0xff,
    0xff, 0xff, 0xff, 0xff, 0xff, 0xff, 0xff, 0xff, 0xff, 0xff, 0xff, 0xff,
    0xff, 0xff, 0xff, 0xff, 0xff, 0xff, 0xff, 0xff, 0xff, 0xff, 0xff, 0xff,
    0xff, 0xff, 0xff, 0xff, 0xfc, 0xfc, 0xfc, 0xff, 0xff, 0xff, 0x62, 0x62,
    0x62, 0x01, 0x01, 0x01, 0xac, 0xac, 0xac, 0xff, 0xff, 0xff, 0xf1, 0xf1,
    0xf1, 0xf6, 0xf6, 0xf6, 0xf6, 0xf6, 0xf6, 0xf6, 0xf6, 0xf6, 0xf6, 0xf6,
    0xf6, 0xf6, 0xf6, 0xf6, 0xf6, 0xf6, 0xf6, 0xf6, 0xf6, 0xf6, 0xf6, 0xf6,
    0xf6, 0xf6, 0xf6, 0xf6, 0xf6, 0xf6, 0xf6, 0xf6, 0xf6, 0xf6, 0xf6, 0xf6,
    0xf6, 0xf1, 0xf1, 0xf1, 0xff, 0xff, 0xff, 0xac, 0xac, 0xac, 0x01, 0x01,
    0x01, 0x62, 0x62, 0x62, 0xff, 0xff, 0xff, 0xfc, 0xfc, 0xfc, 0xff, 0xff,
    0xff, 0xff, 0xff, 0xff, 0xff, 0xff, 0xff, 0xff, 0xff, 0xff, 0xff, 0xff,
    0xff, 0xff, 0xff, 0xff, 0xff, 0xff, 0xff, 0xff, 0xff, 0xff, 0xff, 0xff,
    0xff, 0xff, 0xff, 0xff, 0x00, 0x00, 0xff, 0xff, 0xff, 0xff, 0xff, 0xff,
    0xff, 0xff, 0xff, 0xff, 0xff, 0xff, 0xff, 0xff, 0xff, 0xff, 0xff, 0xff,
    0xff, 0xff, 0xff, 0xff, 0xff, 0xff, 0xff, 0xff, 0xff, 0xff, 0xff, 0xff,
    0xfd, 0xfd, 0xfd, 0xff, 0xff, 0xff, 0xd2, 0xd2, 0xd2, 0x01, 0x01, 0x01,
    0x18, 0x18, 0x18, 0xd3, 0xd3, 0xd3, 0xef, 0xef, 0xef, 0xe4, 0xe4, 0xe4,
    0xe6, 0xe6, 0xe6, 0xe6, 0xe6, 0xe6, 0xe6, 0xe6, 0xe6, 0xe6, 0xe6, 0xe6,
    0xe6, 0xe6, 0xe6, 0xe6, 0xe6, 0xe6, 0xe6, 0xe6, 0xe6, 0xe6, 0xe6, 0xe6,
    0xe6, 0xe6, 0xe6, 0xe6, 0xe6, 0xe6, 0xe4, 0xe4, 0xe4, 0xef, 0xef, 0xef,
    0xd2, 0xd2, 0xd2, 0x18, 0x18, 0x18, 0x01, 0x01, 0x01, 0xd3, 0xd3, 0xd3,
    0xff, 0xff, 0xff, 0xfd, 0xfd, 0xfd, 0xff, 0xff, 0xff, 0xff, 0xff, 0xff,
    0xff, 0xff, 0xff, 0xff, 0xff, 0xff, 0xff, 0xff, 0xff, 0xff, 0xff, 0xff,
    0xff, 0xff, 0xff, 0xff, 0xff, 0xff, 0xff, 0xff, 0xff, 0xff, 0xff, 0xff,
    0x00, 0x00, 0xff, 0xff, 0xff, 0xff, 0xff, 0xff, 0xff, 0xff, 0xff, 0xff,
    0xff, 0xff, 0xff, 0xff, 0xff, 0xff, 0xff, 0xff, 0xff, 0xff, 0xff, 0xff,
    0xff, 0xff, 0xff, 0xff, 0xff, 0xff, 0xff, 0xff, 0xff, 0xff, 0xff, 0xfc,
    0xfc, 0xfc, 0xff, 0xff, 0xff, 0x7d, 0x7d, 0x7d, 0x00, 0x00, 0x00, 0x2d,
    0x2d, 0x2d, 0xca, 0xca, 0xca, 0xde, 0xde, 0xde, 0xda, 0xda, 0xda, 0xdb,
    0xdb, 0xdb, 0xdb, 0xdb, 0xdb, 0xdb, 0xdb, 0xdb, 0xdb, 0xdb, 0xdb, 0xdb,
    0xdb, 0xdb, 0xdb, 0xdb, 0xdb, 0xdb, 0xdb, 0xdb, 0xdb, 0xdb, 0xdb, 0xda,
    0xda, 0xda, 0xde, 0xde, 0xde, 0xca, 0xca, 0xca, 0x2e, 0x2e, 0x2e, 0x00,
    0x00, 0x00, 0x7f, 0x7f, 0x7f, 0xff, 0xff, 0xff, 0xfc, 0xfc, 0xfc, 0xff,
    0xff, 0xff, 0xff, 0xff, 0xff, 0xff, 0xff, 0xff, 0xff, 0xff, 0xff, 0xff,
    0xff, 0xff, 0xff, 0xff, 0xff, 0xff, 0xff, 0xff, 0xff, 0xff, 0xff, 0xff,
    0xff, 0xff, 0xff, 0xff, 0xff, 0xff, 0xff, 0xff, 0x00, 0x00, 0xff, 0xff,
    0xff, 0xff, 0xff, 0xff, 0xff, 0xff, 0xff, 0xff, 0xff, 0xff, 0xff, 0xff,
    0xff, 0xff, 0xff, 0xff, 0xff, 0xff, 0xff, 0xff, 0xff, 0xff, 0xff, 0xff,
    0xff, 0xff, 0xff, 0xff, 0xff, 0xff, 0xff, 0xfd, 0xfd, 0xfd, 0xff, 0xff,
    0xff, 0xff, 0xff, 0xff, 0x39, 0x39, 0x39, 0x00, 0x00, 0x00, 0x02, 0x02,
    0x02, 0x09, 0x09, 0x09, 0x06, 0x06, 0x06, 0x07, 0x07, 0x07, 0x07, 0x07,
    0x07, 0x07, 0x07, 0x07, 0x07, 0x07, 0x07, 0x07, 0x07, 0x07, 0x07, 0x07,
    0x07, 0x07, 0x07, 0x07, 0x07, 0x07, 0x07, 0x06, 0x06, 0x06, 0x09, 0x09,
    0x09, 0x02, 0x02, 0x02, 0x00, 0x00, 0x00, 0x3a, 0x3a, 0x3a, 0xff, 0xff,
    0xff, 0xfe, 0xfe, 0xfe, 0xfd, 0xfd, 0xfd, 0xff, 0xff, 0xff, 0xff, 0xff,
    0xff, 0xff, 0xff, 0xff, 0xff, 0xff, 0xff, 0xff, 0xff, 0xff, 0xff, 0xff,
    0xff, 0xff, 0xff, 0xff, 0xff, 0xff, 0xff, 0xff, 0xff, 0xff, 0xff, 0xff,
    0xff, 0xff, 0xff, 0xff, 0x00, 0x00, 0xff, 0xff, 0xff, 0xff, 0xff, 0xff,
    0xff, 0xff, 0xff, 0xff, 0xff, 0xff, 0xff, 0xff, 0xff, 0xff, 0xff, 0xff,
    0xff, 0xff, 0xff, 0xff, 0xff, 0xff, 0xff, 0xff, 0xff, 0xff, 0xff, 0xff,
    0xfe, 0xfe, 0xfe, 0xfe, 0xfe, 0xfe, 0xf4, 0xf4, 0xf4, 0x54, 0x54, 0x54,
    0x06, 0x06, 0x06, 0x04, 0x04, 0x04, 0x2e, 0x2e, 0x2e, 0x30, 0x30, 0x30,
    0x2f, 0x2f, 0x2f, 0x2f, 0x2f, 0x2f, 0x2f, 0x2f, 0x2f, 0x2f, 0x2f, 0x2f,
    0x2f, 0x2f, 0x2f, 0x2f, 0x2f, 0x2f, 0x2f, 0x2f, 0x2f, 0x2f, 0x2f, 0x2f,
    0x2f, 0x2f, 0x2f, 0x2f, 0x2f, 0x2f, 0x30, 0x30, 0x30, 0x2e, 0x2e, 0x2e,
    0x04, 0x04, 0x04, 0x07, 0x07, 0x07, 0x57, 0x57, 0x57, 0xf6, 0xf6, 0xf6,
    0xfe, 0xfe, 0xfe, 0xfe, 0xfe, 0xfe, 0xff, 0xff, 0xff, 0xff, 0xff, 0xff,
    0xff, 0xff, 0xff, 0xff, 0xff, 0xff, 0xff, 0xff, 0xff, 0xff, 0xff, 0xff,
    0xff, 0xff, 0xff, 0xff, 0xff, 0xff, 0xff, 0xff, 0xff, 0xff, 0xff, 0xff,
    0x00, 0x00, 0xff, 0xff, 0xff, 0xff, 0xff, 0xff, 0xff, 0xff, 0xff, 0xff,
    0xff, 0xff, 0xff, 0xff, 0xff, 0xff, 0xff, 0xff, 0xff, 0xff, 0xff, 0xff,
    0xff, 0xff, 0xff, 0xff, 0xff, 0xfe, 0xfe, 0xfe, 0xfc, 0xfc, 0xfc, 0xfc,
    0xfc, 0xfc, 0x49, 0x49, 0x49, 0x00, 0x00, 0x00, 0x3a, 0x3a, 0x3a, 0xc0,
    0xc0, 0xc0, 0xee, 0xee, 0xee, 0xee, 0xee, 0xee, 0xee, 0xee, 0xee, 0xee,
    0xee, 0xee, 0xee, 0xee, 0xee, 0xee, 0xee, 0xee, 0xee, 0xee, 0xee, 0xee,
    0xee, 0xee, 0xee, 0xee, 0xee, 0xee, 0xee, 0xee, 0xee, 0xee, 0xee, 0xee,
    0xee, 0xee, 0xee, 0xee, 0xee, 0xed, 0xed, 0xed, 0xbf, 0xbf, 0xbf, 0x38,
    0x38, 0x38, 0x00, 0x00, 0x00, 0x4c, 0x4c, 0x4c, 0xfd, 0xfd, 0xfd, 0xfc,
    0xfc, 0xfc, 0xfe, 0xfe, 0xfe, 0xff, 0xff, 0xff, 0xff, 0xff, 0xff, 0xff,
    0xff, 0xff, 0xff, 0xff, 0xff, 0xff, 0xff, 0xff, 0xff, 0xff, 0xff, 0xff,
    0xff, 0xff, 0xff, 0xff, 0xff, 0xff, 0xff, 0xff, 0x00, 0x00, 0xff, 0xff,
    0xff, 0xff, 0xff, 0xff, 0xff, 0xff, 0xff, 0xff, 0xff, 0xff, 0xff, 0xff,
    0xff, 0xff, 0xff, 0xff, 0xff, 0xff, 0xff, 0xff, 0xff, 0xff, 0xff, 0xff,
    0xff, 0xfc, 0xfc, 0xfc, 0xff, 0xff, 0xff, 0x8e, 0x8e, 0x8e, 0x00, 0x00,
    0x00, 0x45, 0x45, 0x45, 0xec, 0xec, 0xec, 0xf0, 0xf0, 0xf0, 0xe4, 0xe4,
    0xe4, 0xe5, 0xe5, 0xe5, 0xe5, 0xe5, 0xe5, 0xe5, 0xe5, 0xe5, 0xe5, 0xe5,
    0xe5, 0xe5, 0xe5, 0xe5, 0xe5, 0xe5, 0xe5, 0xe5, 0xe5, 0xe5, 0xe5, 0xe5,
    0xe5, 0xe5, 0xe5, 0xe5, 0xe5, 0xe5, 0xe5, 0xe5, 0xe5, 0xe5, 0xe5, 0xe5,
    0xe5, 0xe4, 0xe4, 0xe4, 0xf1, 0xf1, 0xf1, 0xeb, 0xeb, 0xeb, 0x43, 0x43,
    0x43, 0x00, 0x00, 0x00, 0x92, 0x92, 0x92, 0xff, 0xff, 0xff, 0xfc, 0xfc,
    0xfc, 0xff, 0xff, 0xff, 0xff, 0xff, 0xff, 0xff, 0xff, 0xff, 0xff, 0xff,
    0xff, 0xff, 0xff, 0xff, 0xff, 0xff, 0xff, 0xff, 0xff, 0xff, 0xff, 0xff,
    0xff, 0xff, 0xff, 0xff, 0x00, 0x00, 0xff, 0xff, 0xff, 0xff, 0xff, 0xff,
    0xff, 0xff, 0xff, 0xff, 0xff, 0xff, 0xff, 0xff, 0xff, 0xff, 0xff, 0xff,
    0xff, 0xff, 0xff, 0xff, 0xff, 0xff, 0xfe, 0xfe, 0xfe, 0xff, 0xff, 0xff,
    0xf2, 0xf2, 0xf2, 0x16, 0x16, 0x16, 0x12, 0x12, 0x12, 0xd4, 0xd4, 0xd4,
    0xed, 0xed, 0xed, 0xe1, 0xe1, 0xe1, 0xe6, 0xe6, 0xe6, 0xe6, 0xe6, 0xe6,
    0xe6, 0xe6, 0xe6, 0xe6, 0xe6, 0xe6, 0xe6, 0xe6, 0xe6, 0xe6, 0xe6, 0xe6,
    0xe6, 0xe6, 0xe6, 0xe6, 0xe6, 0xe6, 0xe6, 0xe6, 0xe6, 0xe6, 0xe6, 0xe6,
    0xe6, 0xe6, 0xe6, 0xe6, 0xe6, 0xe6, 0xe6, 0xe6, 0xe6, 0xe6, 0xe6, 0xe6,
    0xe1, 0xe1, 0xe1, 0xee, 0xee, 0xee, 0xd1, 0xd1, 0xd1, 0x10, 0x10, 0x10,
    0x18, 0x18, 0x18, 0xf3, 0xf3, 0xf3, 0xfe, 0xfe, 0xfe, 0xfe, 0xfe, 0xfe,
    0xff, 0xff, 0xff, 0xff, 0xff, 0xff, 0xff, 0xff, 0xff, 0xff, 0xff, 0xff,
    0xff, 0xff, 0xff, 0xff, 0xff, 0xff, 0xff, 0xff, 0xff, 0xff, 0xff, 0xff,
    0x00, 0x00, 0xff, 0xff, 0xff, 0xff, 0xff, 0xff, 0xff, 0xff, 0xff, 0xff,
    0xff, 0xff, 0xff, 0xff, 0xff, 0xff, 0xff, 0xff, 0xff, 0xff, 0xff, 0xff,
    0xff, 0xff, 0xfb, 0xfb, 0xfb, 0xff, 0xff, 0xff, 0xb0, 0xb0, 0xb0, 0x00,
    0x00, 0x00, 0x67, 0x67, 0x67, 0xf8, 0xf8, 0xf8, 0xe1, 0xe1, 0xe1, 0xe6,
    0xe6, 0xe6, 0xe6, 0xe6, 0xe6, 0xe6, 0xe6, 0xe6, 0xe6, 0xe6, 0xe6, 0xe6,
    0xe6, 0xe6, 0xe6, 0xe6, 0xe6, 0xe6, 0xe6, 0xe6, 0xe3, 0xe3, 0xe3, 0xe3,
    0xe3, 0xe3, 0xe6, 0xe6, 0xe6, 0xe6, 0xe6, 0xe6, 0xe6, 0xe6, 0xe6, 0xe6,
    0xe6, 0xe6, 0xe6, 0xe6, 0xe6, 0xe6, 0xe6, 0xe6, 0xe6, 0xe6, 0xe6, 0xe1,
    0xe1, 0xe1, 0xf7, 0xf7, 0xf7, 0x64, 0x64, 0x64, 0x00, 0x00, 0x00, 0xb4,
    0xb4, 0xb4, 0xff, 0xff, 0xff, 0xfc, 0xfc, 0xfc, 0xff, 0xff, 0xff, 0xff,
    0xff, 0xff, 0xff, 0xff, 0xff, 0xff, 0xff, 0xff, 0xff, 0xff, 0xff, 0xff,
    0xff, 0xff, 0xff, 0xff, 0xff, 0xff, 0xff, 0xff, 0x00, 0x00, 0xff, 0xff,
    0xff, 0xff, 0xff, 0xff, 0xff, 0xff, 0xff, 0xff, 0xff, 0xff, 0xff, 0xff,
    0xff, 0xff, 0xff, 0xff, 0xff, 0xff, 0xff, 0xff, 0xff, 0xff, 0xfb, 0xfb,
    0xfb, 0xff, 0xff, 0xff, 0x74, 0x74, 0x74, 0x01, 0x01, 0x01, 0xaa, 0xaa,
    0xaa, 0xf2, 0xf2, 0xf2, 0xe3, 0xe3, 0xe3, 0xe6, 0xe6, 0xe6, 0xe6, 0xe6,
    0xe6, 0xe6, 0xe6, 0xe6, 0xe6, 0xe6, 0xe6, 0xe6, 0xe6, 0xe6, 0xe6, 0xe6,
    0xe6, 0xe6, 0xe6, 0xe6, 0xf3, 0xf3, 0xf3, 0xf3, 0xf3, 0xf3, 0xe6, 0xe6,
    0xe6, 0xe6, 0xe6, 0xe6, 0xe6, 0xe6, 0xe6, 0xe6, 0xe6, 0xe6, 0xe6, 0xe6,
    0xe6, 0xe6, 0xe6, 0xe6, 0xe6, 0xe6, 0xe6, 0xe3, 0xe3, 0xe3, 0xf3, 0xf3,
    0xf3, 0xa7, 0xa7, 0xa7, 0x01, 0x01, 0x01, 0x77, 0x77, 0x77, 0xff, 0xff,
    0xff, 0xfb, 0xfb, 0xfb, 0xff, 0xff, 0xff, 0xff, 0xff, 0xff, 0xff, 0xff,
    0xff, 0xff, 0xff, 0xff, 0xff, 0xff, 0xff, 0xff, 0xff, 0xff, 0xff, 0xff,
    0xff, 0xff, 0xff, 0xff, 0x00, 0x00, 0xff, 0xff, 0xff, 0xff, 0xff, 0xff,
    0xff, 0xff, 0xff, 0xff, 0xff, 0xff, 0xff, 0xff, 0xff, 0xff, 0xff, 0xff,
    0xff, 0xff, 0xff, 0xff, 0xff, 0xff, 0xfc, 0xfc, 0xfc, 0xff, 0xff, 0xff,
    0x55, 0x55, 0x55, 0x01, 0x01, 0x01, 0xc7, 0xc7, 0xc7, 0xee, 0xee, 0xee,
    0xe4, 0xe4, 0xe4, 0xe6, 0xe6, 0xe6, 0xe6, 0xe6, 0xe6, 0xe6, 0xe6, 0xe6,
    0xe6, 0xe6, 0xe6, 0xe6, 0xe6, 0xe6, 0xe5, 0xe5, 0xe5, 0xee, 0xee, 0xee,
    0x76, 0x76, 0x76, 0x78, 0x78, 0x78, 0xee, 0xee, 0xee, 0xe5, 0xe5, 0xe5,
    0xe6, 0xe6, 0xe6, 0xe6, 0xe6, 0xe6, 0xe6, 0xe6, 0xe6, 0xe6, 0xe6, 0xe6,
    0xe6, 0xe6, 0xe6, 0xe4, 0xe4, 0xe4, 0xee, 0xee, 0xee, 0xc4, 0xc4, 0xc4,
    0x01, 0x01, 0x01, 0x58, 0x58, 0x58, 0xff, 0xff, 0xff, 0xfc, 0xfc, 0xfc,
    0xff, 0xff, 0xff, 0xff, 0xff, 0xff, 0xff, 0xff, 0xff, 0xff, 0xff, 0xff,
    0xff, 0xff, 0xff, 0xff, 0xff, 0xff, 0xff, 0xff, 0xff, 0xff, 0xff, 0xff,
    0x00, 0x00, 0xff, 0xff, 0xff, 0xff, 0xff, 0xff, 0xff, 0xff, 0xff, 0xff,
    0xff, 0xff, 0xff, 0xff, 0xff, 0xff, 0xff, 0xff, 0xff, 0xff, 0xff, 0xff,
    0xff, 0xff, 0xfc, 0xfc, 0xfc, 0xff, 0xff, 0xff, 0x50, 0x50, 0x50, 0x02,
    0x02, 0x02, 0xc9, 0xc9, 0xc9, 0xed, 0xed, 0xed, 0xe4, 0xe4, 0xe4, 0xe6,
    0xe6, 0xe6, 0xe6, 0xe6, 0xe6, 0xe6, 0xe6, 0xe6, 0xe6, 0xe6, 0xe6, 0xe2,
    0xe2, 0xe2, 0xe3, 0xe3, 0xe3, 0xe2, 0xe2, 0xe2, 0x0a, 0x0a, 0x0a, 0x0f,
    0x0f, 0x0f, 0xe3, 0xe3, 0xe3, 0xe3, 0xe3, 0xe3, 0xe3, 0xe3, 0xe3, 0xe6,
    0xe6, 0xe6, 0xe6, 0xe6, 0xe6, 0xe6, 0xe6, 0xe6, 0xe6, 0xe6, 0xe6, 0xe4,
    0xe4, 0xe4, 0xee, 0xee, 0xee, 0xc8, 0xc8, 0xc8, 0x01, 0x01, 0x01, 0x53,
    0x53, 0x53, 0xff, 0xff, 0xff, 0xfc, 0xfc, 0xfc, 0xff, 0xff, 0xff, 0xff,
    0xff, 0xff, 0xff, 0xff, 0xff, 0xff, 0xff, 0xff, 0xff, 0xff, 0xff, 0xff,
    0xff, 0xff, 0xff, 0xff, 0xff, 0xff, 0xff, 0xff, 0x00, 0x00, 0xff, 0xff,
    0xff, 0xff, 0xff, 0xff, 0xff, 0xff, 0xff, 0xff, 0xff, 0xff, 0xff, 0xff,
    0xff, 0xff, 0xff, 0xff, 0xff, 0xff, 0xff, 0xff, 0xff, 0xff, 0xfb, 0xfb,
    0xfb, 0xff, 0xff, 0xff, 0x63, 0x63, 0x63, 0x00, 0x00, 0x00, 0xb9, 0xb9,
    0xb9, 0xf0, 0xf0, 0xf0, 0xe4, 0xe4, 0xe4, 0xe6, 0xe6, 0xe6, 0xe6, 0xe6,
    0xe6, 0xe6, 0xe6, 0xe6, 0xe7, 0xe7, 0xe7, 0xf3, 0xf3, 0xf3, 0xf7, 0xf7,
    0xf7, 0xf3, 0xf3, 0xf3, 0x1a, 0x1a, 0x1a, 0x1f, 0x1f, 0x1f, 0xf5, 0xf5,
    0xf5, 0xf7, 0xf7, 0xf7, 0xf4, 0xf4, 0xf4, 0xe7, 0xe7, 0xe7, 0xe6, 0xe6,
    0xe6, 0xe6, 0xe6, 0xe6, 0xe6, 0xe6, 0xe6, 0xe4, 0xe4, 0xe4, 0xf1, 0xf1,
    0xf1, 0xb6, 0xb6, 0xb6, 0x00, 0x00, 0x00, 0x67, 0x67, 0x67, 0xff, 0xff,
    0xff, 0xfb, 0xfb, 0xfb, 0xff, 0xff, 0xff, 0xff, 0xff, 0xff, 0xff, 0xff,
    0xff, 0xff, 0xff, 0xff, 0xff, 0xff, 0xff, 0xff, 0xff, 0xff, 0xff, 0xff,
    0xff, 0xff, 0xff, 0xff, 0x00, 0x00, 0xff, 0xff, 0xff, 0xff, 0xff, 0xff,
    0xff, 0xff, 0xff, 0xff, 0xff, 0xff, 0xff, 0xff, 0xff, 0xff, 0xff, 0xff,
    0xff, 0xff, 0xff, 0xff, 0xff, 0xff, 0xfb, 0xfb, 0xfb, 0xff, 0xff, 0xff,
    0x91, 0x91, 0x91, 0x00, 0x00, 0x00, 0x8f, 0x8f, 0x8f, 0xf6, 0xf6, 0xf6,
    0xe2, 0xe2, 0xe2, 0xe6, 0xe6, 0xe6, 0xe6, 0xe6, 0xe6, 0xe7, 0xe7, 0xe7,
    0xe2, 0xe2, 0xe2, 0xa0, 0xa0, 0xa0, 0x94, 0x94, 0x94, 0x93, 0x93, 0x93,
    0x0e, 0x0e, 0x0e, 0x11, 0x11, 0x11, 0x94, 0x94, 0x94, 0x94, 0x94, 0x94,
    0xa2, 0xa2, 0xa2, 0xe3, 0xe3, 0xe3, 0xe7, 0xe7, 0xe7, 0xe6, 0xe6, 0xe6,
    0xe6, 0xe6, 0xe6, 0xe2, 0xe2, 0xe2, 0xf6, 0xf6, 0xf6, 0x8c, 0x8c, 0x8c,
    0x00, 0x00, 0x00, 0x94, 0x94, 0x94, 0xff, 0xff, 0xff, 0xfb, 0xfb, 0xfb,
    0xff, 0xff, 0xff, 0xff, 0xff, 0xff, 0xff, 0xff, 0xff, 0xff, 0xff, 0xff,
    0xff, 0xff, 0xff, 0xff, 0xff, 0xff, 0xff, 0xff, 0xff, 0xff, 0xff, 0xff,
    0x00, 0x00, 0xff, 0xff, 0xff, 0xff, 0xff, 0xff, 0xff, 0xff, 0xff, 0xff,
    0xff, 0xff, 0xff, 0xff, 0xff, 0xff, 0xff, 0xff, 0xff, 0xff, 0xff, 0xff,
    0xff, 0xff, 0xfc, 0xfc, 0xfc, 0xff, 0xff, 0xff, 0xd0, 0xd0, 0xd0, 0x00,
    0x00, 0x00, 0x44, 0x44, 0x44, 0xf3, 0xf3, 0xf3, 0xe3, 0xe3, 0xe3, 0xe6,
    0xe6, 0xe6, 0xe4, 0xe4, 0xe4, 0xf0, 0xf0, 0xf0, 0xb7, 0xb7, 0xb7, 0x00,
    0x00, 0x00, 0x00, 0x00, 0x00, 0x00, 0x00, 0x00, 0x00, 0x00, 0x00, 0x00,
    0x00, 0x00, 0x00, 0x00, 0x00, 0x00, 0x00, 0x00, 0x00, 0x00, 0x00, 0xb9,
    0xb9, 0xb9, 0xf0, 0xf0, 0xf0, 0xe4, 0xe4, 0xe4, 0xe6, 0xe6, 0xe6, 0xe3,
    0xe3, 0xe3, 0xf2, 0xf2, 0xf2, 0x41, 0x41, 0x41, 0x01, 0x01, 0x01, 0xd3,
    0xd3, 0xd3, 0xff, 0xff, 0xff, 0xfd, 0xfd, 0xfd, 0xff, 0xff, 0xff, 0xff,
    0xff, 0xff, 0xff, 0xff, 0xff, 0xff, 0xff, 0xff, 0xff, 0xff, 0xff, 0xff,
    0xff, 0xff, 0xff, 0xff, 0xff, 0xff, 0xff, 0xff, 0x00, 0x00, 0xff, 0xff,
    0xff, 0xff, 0xff, 0xff, 0xff, 0xff, 0xff, 0xff, 0xff, 0xff, 0xff, 0xff,
    0xff, 0xff, 0xff, 0xff, 0xff, 0xff, 0xff, 0xff, 0xff, 0xff, 0xff, 0xff,
    0xff, 0xfe, 0xfe, 0xfe, 0xfd, 0xfd, 0xfd, 0x30, 0x30, 0x30, 0x06, 0x06,
    0x06, 0xc5, 0xc5, 0xc5, 0xef, 0xef, 0xef, 0xe4, 0xe4, 0xe4, 0xe6, 0xe6,
    0xe6, 0xe7, 0xe7, 0xe7, 0xe1, 0xe1, 0xe1, 0x98, 0x98, 0x98, 0x8d, 0x8d,
    0x8d, 0x8c, 0x8c, 0x8c, 0x0e, 0x0e, 0x0e, 0x11, 0x11, 0x11, 0x8e, 0x8e,
    0x8e, 0x8d, 0x8d, 0x8d, 0x9a, 0x9a, 0x9a, 0xe1, 0xe1, 0xe1, 0xe7, 0xe7,
    0xe7, 0xe6, 0xe6, 0xe6, 0xe3, 0xe3, 0xe3, 0xef, 0xef, 0xef, 0xc3, 0xc3,
    0xc3, 0x05, 0x05, 0x05, 0x33, 0x33, 0x33, 0xfd, 0xfd, 0xfd, 0xfd, 0xfd,
    0xfd, 0xff, 0xff, 0xff, 0xff, 0xff, 0xff, 0xff, 0xff, 0xff, 0xff, 0xff,
    0xff, 0xff, 0xff, 0xff, 0xff, 0xff, 0xff, 0xff, 0xff, 0xff, 0xff, 0xff,
    0xff, 0xff, 0xff, 0xff, 0x00, 0x00, 0xff, 0xff, 0xff, 0xff, 0xff, 0xff,
    0xff, 0xff, 0xff, 0xff, 0xff, 0xff, 0xff, 0xff, 0xff, 0xff, 0xff, 0xff,
    0xff, 0xff, 0xff, 0xff, 0xff, 0xff, 0xff, 0xff, 0xff, 0xfb, 0xfb, 0xfb,
    0xff, 0xff, 0xff, 0xa5, 0xa5, 0xa5, 0x00, 0x00, 0x00, 0x4e, 0x4e, 0x4e,
    0xf6, 0xf6, 0xf6, 0xe2, 0xe2, 0xe2, 0xe6, 0xe6, 0xe6, 0xe6, 0xe6, 0xe6,
    0xe7, 0xe7, 0xe7, 0xf3, 0xf3, 0xf3, 0xf7, 0xf7, 0xf7, 0xf4, 0xf4, 0xf4,
    0x1a, 0x1a, 0x1a, 0x20, 0x20, 0x20, 0xf6, 0xf6, 0xf6, 0xf7, 0xf7, 0xf7,
    0xf4, 0xf4, 0xf4, 0xe7, 0xe7, 0xe7, 0xe6, 0xe6, 0xe6, 0xe6, 0xe6, 0xe6,
    0xe2, 0xe2, 0xe2, 0xf5, 0xf5, 0xf5, 0x4b, 0x4b, 0x4b, 0x00, 0x00, 0x00,
    0xa9, 0xa9, 0xa9, 0xff, 0xff, 0xff, 0xfb, 0xfb, 0xfb, 0xff, 0xff, 0xff,
    0xff, 0xff, 0xff, 0xff, 0xff, 0xff, 0xff, 0xff, 0xff, 0xff, 0xff, 0xff,
    0xff, 0xff, 0xff, 0xff, 0xff, 0xff, 0xff, 0xff, 0xff, 0xff, 0xff, 0xff,
    0x00, 0x00, 0xff, 0xff, 0xff, 0xff, 0xff, 0xff, 0xff, 0xff, 0xff, 0xff,
    0xff, 0xff, 0xff, 0xff, 0xff, 0xff, 0xff, 0xff, 0xff, 0xff, 0xff, 0xff,
    0xff, 0xff, 0xff, 0xff, 0xff, 0xff, 0xff, 0xff, 0xfd, 0xfd, 0xfd, 0xfc,
    0xfc, 0xfc, 0x37, 0x37, 0x37, 0x00, 0x00, 0x00, 0x93, 0x93, 0x93, 0xf9,
    0xf9, 0xf9, 0xe0, 0xe0, 0xe0, 0xe6, 0xe6, 0xe6, 0xe6, 0xe6, 0xe6, 0xe2,
    0xe2, 0xe2, 0xe3, 0xe3, 0xe3, 0xe1, 0xe1, 0xe1, 0x0a, 0x0a, 0x0a, 0x0f,
    0x0f, 0x0f, 0xe3, 0xe3, 0xe3, 0xe3, 0xe3, 0xe3, 0xe3, 0xe3, 0xe3, 0xe6,
    0xe6, 0xe6, 0xe6, 0xe6, 0xe6, 0xe0, 0xe0, 0xe0, 0xfa, 0xfa, 0xfa, 0x90,
    0x90, 0x90, 0x00, 0x00, 0x00, 0x3a, 0x3a, 0x3a, 0xfd, 0xfd, 0xfd, 0xfd,
    0xfd, 0xfd, 0xff, 0xff, 0xff, 0xff, 0xff, 0xff, 0xff, 0xff, 0xff, 0xff,
    0xff, 0xff, 0xff, 0xff, 0xff, 0xff, 0xff, 0xff, 0xff, 0xff, 0xff, 0xff,
    0xff, 0xff, 0xff, 0xff, 0xff, 0xff, 0xff, 0xff, 0x00, 0x00, 0xff, 0xff,
    0xff, 0xff, 0xff, 0xff, 0xff, 0xff, 0xff, 0xff, 0xff, 0xff, 0xff, 0xff,
    0xff, 0xff, 0xff, 0xff, 0xff, 0xff, 0xff, 0xff, 0xff, 0xff, 0xff, 0xff,
    0xff, 0xff, 0xff, 0xff, 0xfd, 0xfd, 0xfd, 0xff, 0xff, 0xff, 0xd4, 0xd4,
    0xd4, 0x0a, 0x0a, 0x0a, 0x0a, 0x0a, 0x0a, 0xb4, 0xb4, 0xb4, 0xf7, 0xf7,
    0xf7, 0xe1, 0xe1, 0xe1, 0xe6, 0xe6, 0xe6, 0xe6, 0xe6, 0xe6, 0xe5, 0xe5,
    0xe5, 0xee, 0xee, 0xee, 0x6f, 0x6f, 0x6f, 0x71, 0x71, 0x71, 0xee, 0xee,
    0xee, 0xe5, 0xe5, 0xe5, 0xe6, 0xe6, 0xe6, 0xe6, 0xe6, 0xe6, 0xe1, 0xe1,
    0xe1, 0xf8, 0xf8, 0xf8, 0xb1, 0xb1, 0xb1, 0x09, 0x09, 0x09, 0x0c, 0x0c,
    0x0c, 0xd7, 0xd7, 0xd7, 0xff, 0xff, 0xff, 0xfd, 0xfd, 0xfd, 0xff, 0xff,
    0xff, 0xff, 0xff, 0xff, 0xff, 0xff, 0xff, 0xff, 0xff, 0xff, 0xff, 0xff,
    0xff, 0xff, 0xff, 0xff, 0xff, 0xff, 0xff, 0xff, 0xff, 0xff, 0xff, 0xff,
    0xff, 0xff, 0xff, 0xff, 0x00, 0x00, 0xff, 0xff, 0xff, 0xff, 0xff, 0xff,
    0xff, 0xff, 0xff, 0xff, 0xff, 0xff, 0xff, 0xff, 0xff, 0xff, 0xff, 0xff,
    0xff, 0xff, 0xff, 0xff, 0xff, 0xff, 0xff, 0xff, 0xff, 0xff, 0xff, 0xff,
    0xff, 0xff, 0xff, 0xfc, 0xfc, 0xfc, 0xff, 0xff, 0xff, 0xa9, 0xa9, 0xa9,
    0x00, 0x00, 0x00, 0x10, 0x10, 0x10, 0xb0, 0xb0, 0xb0, 0xf9, 0xf9, 0xf9,
    0xe3, 0xe3, 0xe3, 0xe4, 0xe4, 0xe4, 0xe6, 0xe6, 0xe6, 0xe6, 0xe6, 0xe6,
    0xf2, 0xf2, 0xf2, 0xf2, 0xf2, 0xf2, 0xe6, 0xe6, 0xe6, 0xe6, 0xe6, 0xe6,
    0xe4, 0xe4, 0xe4, 0xe3, 0xe3, 0xe3, 0xf9, 0xf9, 0xf9, 0xae, 0xae, 0xae,
    0x0e, 0x0e, 0x0e, 0x00, 0x00, 0x00, 0xac, 0xac, 0xac, 0xff, 0xff, 0xff,
    0xfc, 0xfc, 0xfc, 0xff, 0xff, 0xff, 0xff, 0xff, 0xff, 0xff, 0xff, 0xff,
    0xff, 0xff, 0xff, 0xff, 0xff, 0xff, 0xff, 0xff, 0xff, 0xff, 0xff, 0xff,
    0xff, 0xff, 0xff, 0xff, 0xff, 0xff, 0xff, 0xff, 0xff, 0xff, 0xff, 0xff,
    0x00, 0x00, 0xff, 0xff, 0xff, 0xff, 0xff, 0xff, 0xff, 0xff, 0xff, 0xff,
    0xff, 0xff, 0xff, 0xff, 0xff, 0xff, 0xff, 0xff, 0xff, 0xff, 0xff, 0xff,
    0xff, 0xff, 0xff, 0xff, 0xff, 0xff, 0xff, 0xff, 0xff, 0xff, 0xff, 0xff,
    0xff, 0xff, 0xfb, 0xfb, 0xfb, 0xff, 0xff, 0xff, 0x9d, 0x9d, 0x9d, 0x00,
    0x00, 0x00, 0x04, 0x04, 0x04, 0x8b, 0x8b, 0x8b, 0xf3, 0xf3, 0xf3, 0xee,
    0xee, 0xee, 0xe2, 0xe2, 0xe2, 0xe4, 0xe4, 0xe4, 0xe3, 0xe3, 0xe3, 0xe3,
    0xe3, 0xe3, 0xe4, 0xe4, 0xe4, 0xe2, 0xe2, 0xe2, 0xee, 0xee, 0xee, 0xf2,
    0xf2, 0xf2, 0x89, 0x89, 0x89, 0x03, 0x03, 0x03, 0x00, 0x00, 0x00, 0xa0,
    0xa0, 0xa0, 0xff, 0xff, 0xff, 0xfb, 0xfb, 0xfb, 0xff, 0xff, 0xff, 0xff,
    0xff, 0xff, 0xff, 0xff, 0xff, 0xff, 0xff, 0xff, 0xff, 0xff, 0xff, 0xff,
    0xff, 0xff, 0xff, 0xff, 0xff, 0xff, 0xff, 0xff, 0xff, 0xff, 0xff, 0xff,
    0xff, 0xff, 0xff, 0xff, 0xff, 0xff, 0xff, 0xff, 0x00, 0x00, 0xff, 0xff,
    0xff, 0xff, 0xff, 0xff, 0xff, 0xff, 0xff, 0xff, 0xff, 0xff, 0xff, 0xff,
    0xff, 0xff, 0xff, 0xff, 0xff, 0xff, 0xff, 0xff, 0xff, 0xff, 0xff, 0xff,
    0xff, 0xff, 0xff, 0xff, 0xff, 0xff, 0xff, 0xff, 0xff, 0xff, 0xff, 0xff,
    0xff, 0xfb, 0xfb, 0xfb, 0xff, 0xff, 0xff, 0xaf, 0xaf, 0xaf, 0x10, 0x10,
    0x10, 0x00, 0x00, 0x00, 0x4d, 0x4d, 0x4d, 0xc9, 0xc9, 0xc9, 0xf7, 0xf7,
    0xf7, 0xed, 0xed, 0xed, 0xe3, 0xe3, 0xe3, 0xe3, 0xe3, 0xe3, 0xed, 0xed,
    0xed, 0xf7, 0xf7, 0xf7, 0xc8, 0xc8, 0xc8, 0x4b, 0x4b, 0x4b, 0x00, 0x00,
    0x00, 0x12, 0x12, 0x12, 0xb2, 0xb2, 0xb2, 0xff, 0xff, 0xff, 0xfb, 0xfb,
    0xfb, 0xff, 0xff, 0xff, 0xff, 0xff, 0xff, 0xff, 0xff, 0xff, 0xff, 0xff,
    0xff, 0xff, 0xff, 0xff, 0xff, 0xff, 0xff, 0xff, 0xff, 0xff, 0xff, 0xff,
    0xff, 0xff, 0xff, 0xff, 0xff, 0xff, 0xff, 0xff, 0xff, 0xff, 0xff, 0xff,
    0xff, 0xff, 0xff, 0xff, 0x00, 0x00, 0xff, 0xff, 0xff, 0xff, 0xff, 0xff,
    0xff, 0xff, 0xff, 0xff, 0xff, 0xff, 0xff, 0xff, 0xff, 0xff, 0xff, 0xff,
    0xff, 0xff, 0xff, 0xff, 0xff, 0xff, 0xff, 0xff, 0xff, 0xff, 0xff, 0xff,
    0xff, 0xff, 0xff, 0xff, 0xff, 0xff, 0xff, 0xff, 0xff, 0xff, 0xff, 0xff,
    0xfb, 0xfb, 0xfb, 0xff, 0xff, 0xff, 0xd9, 0xd9, 0xd9, 0x45, 0x45, 0x45,
    0x00, 0x00, 0x00, 0x09, 0x09, 0x09, 0x68, 0x68, 0x68, 0xca, 0xca, 0xca,
    0xf4, 0xf4, 0xf4, 0xf4, 0xf4, 0xf4, 0xc9, 0xc9, 0xc9, 0x66, 0x66, 0x66,
    0x08, 0x08, 0x08, 0x00, 0x00, 0x00, 0x46, 0x46, 0x46, 0xda, 0xda, 0xda,
    0xff, 0xff, 0xff, 0xfb, 0xfb, 0xfb, 0xff, 0xff, 0xff, 0xff, 0xff, 0xff,
    0xff, 0xff, 0xff, 0xff, 0xff, 0xff, 0xff, 0xff, 0xff, 0xff, 0xff, 0xff,
    0xff, 0xff, 0xff, 0xff, 0xff, 0xff, 0xff, 0xff, 0xff, 0xff, 0xff, 0xff,
    0xff, 0xff, 0xff, 0xff, 0xff, 0xff, 0xff, 0xff, 0xff, 0xff, 0xff, 0xff,
    0x00, 0x00, 0xff, 0xff, 0xff, 0xff, 0xff, 0xff, 0xff, 0xff, 0xff, 0xff,
    0xff, 0xff, 0xff, 0xff, 0xff, 0xff, 0xff, 0xff, 0xff, 0xff, 0xff, 0xff,
    0xff, 0xff, 0xff, 0xff, 0xff, 0xff, 0xff, 0xff, 0xff, 0xff, 0xff, 0xff,
    0xff, 0xff, 0xff, 0xff, 0xff, 0xff, 0xff, 0xff, 0xff, 0xff, 0xff, 0xfc,
    0xfc, 0xfc, 0xff, 0xff, 0xff, 0xff, 0xff, 0xff, 0x9d, 0x9d, 0x9d, 0x22,
    0x22, 0x22, 0x03, 0x03, 0x03, 0x0a, 0x0a, 0x0a, 0x57, 0x57, 0x57, 0x56,
    0x56, 0x56, 0x0a, 0x0a, 0x0a, 0x03, 0x03, 0x03, 0x23, 0x23, 0x23, 0x9f,
    0x9f, 0x9f, 0xff, 0xff, 0xff, 0xff, 0xff, 0xff, 0xfc, 0xfc, 0xfc, 0xff,
    0xff, 0xff, 0xff, 0xff, 0xff, 0xff, 0xff, 0xff, 0xff, 0xff, 0xff, 0xff,
    0xff, 0xff, 0xff, 0xff, 0xff, 0xff, 0xff, 0xff, 0xff, 0xff, 0xff, 0xff,
    0xff, 0xff, 0xff, 0xff, 0xff, 0xff, 0xff, 0xff, 0xff, 0xff, 0xff, 0xff,
    0xff, 0xff, 0xff, 0xff, 0xff, 0xff, 0xff, 0xff, 0x00, 0x00, 0xff, 0xff,
    0xff, 0xff, 0xff, 0xff, 0xff, 0xff, 0xff, 0xff, 0xff, 0xff, 0xff, 0xff,
    0xff, 0xff, 0xff, 0xff, 0xff, 0xff, 0xff, 0xff, 0xff, 0xff, 0xff, 0xff,
    0xff, 0xff, 0xff, 0xff, 0xff, 0xff, 0xff, 0xff, 0xff, 0xff, 0xff, 0xff,
    0xff, 0xff, 0xff, 0xff, 0xff, 0xff, 0xff, 0xff, 0xff, 0xff, 0xfd, 0xfd,
    0xfd, 0xfd, 0xfd, 0xfd, 0xff, 0xff, 0xff, 0xef, 0xef, 0xef, 0x2a, 0x2a,
    0x2a, 0x01, 0x01, 0x01, 0x02, 0x02, 0x02, 0x02, 0x02, 0x02, 0x01, 0x01,
    0x01, 0x2c, 0x2c, 0x2c, 0xf1, 0xf1, 0xf1, 0xff, 0xff, 0xff, 0xfd, 0xfd,
    0xfd, 0xfd, 0xfd, 0xfd, 0xff, 0xff, 0xff, 0xff, 0xff, 0xff, 0xff, 0xff,
    0xff, 0xff, 0xff, 0xff, 0xff, 0xff, 0xff, 0xff, 0xff, 0xff, 0xff, 0xff,
    0xff, 0xff, 0xff, 0xff, 0xff, 0xff, 0xff, 0xff, 0xff, 0xff, 0xff, 0xff,
    0xff, 0xff, 0xff, 0xff, 0xff, 0xff, 0xff, 0xff, 0xff, 0xff, 0xff, 0xff,
    0xff, 0xff, 0xff, 0xff, 0x00, 0x00, 0xff, 0xff, 0xff, 0xff, 0xff, 0xff,
    0xff, 0xff, 0xff, 0xff, 0xff, 0xff, 0xff, 0xff, 0xff, 0xff, 0xff, 0xff,
    0xff, 0xff, 0xff, 0xff, 0xff, 0xff, 0xff, 0xff, 0xff, 0xff, 0xff, 0xff,
    0xff, 0xff, 0xff, 0xff, 0xff, 0xff, 0xff, 0xff, 0xff, 0xff, 0xff, 0xff,
    0xff, 0xff, 0xff, 0xff, 0xff, 0xff, 0xff, 0xff, 0xff, 0xfc, 0xfc, 0xfc,
    0xfe, 0xfe, 0xfe, 0x79, 0x79, 0x79, 0x00, 0x00, 0x00, 0x29, 0x29, 0x29,
    0x8c, 0x8c, 0x8c, 0x8b, 0x8b, 0x8b, 0x28, 0x28, 0x28, 0x01, 0x01, 0x01,
    0x7d, 0x7d, 0x7d, 0xfe, 0xfe, 0xfe, 0xfc, 0xfc, 0xfc, 0xff, 0xff, 0xff,
    0xff, 0xff, 0xff, 0xff, 0xff, 0xff, 0xff, 0xff, 0xff, 0xff, 0xff, 0xff,
    0xff, 0xff, 0xff, 0xff, 0xff, 0xff, 0xff, 0xff, 0xff, 0xff, 0xff, 0xff,
    0xff, 0xff, 0xff, 0xff, 0xff, 0xff, 0xff, 0xff, 0xff, 0xff, 0xff, 0xff,
    0xff, 0xff, 0xff, 0xff, 0xff, 0xff, 0xff, 0xff, 0xff, 0xff, 0xff, 0xff,
    0x00, 0x00, 0xff, 0xff, 0xff, 0xff, 0xff, 0xff, 0xff, 0xff, 0xff, 0xff,
    0xff, 0xff, 0xff, 0xff, 0xff, 0xff, 0xff, 0xff, 0xff, 0xff, 0xff, 0xff,
    0xff, 0xff, 0xff, 0xff, 0xff, 0xff, 0xff, 0xff, 0xff, 0xff, 0xff, 0xff,
    0xff, 0xff, 0xff, 0xff, 0xff, 0xff, 0xff, 0xff, 0xff, 0xff, 0xff, 0xff,
    0xff, 0xff, 0xfe, 0xfe, 0xfe, 0xff, 0xff, 0xff, 0xe8, 0xe8, 0xe8, 0x08,
    0x08, 0x08, 0x1d, 0x1d, 0x1d, 0xda, 0xda, 0xda, 0xf9, 0xf9, 0xf9, 0xfa,
    0xfa, 0xfa, 0xd8, 0xd8, 0xd8, 0x1b, 0x1b, 0x1b, 0x0a, 0x0a, 0x0a, 0xea,
    0xea, 0xea, 0xff, 0xff, 0xff, 0xfe, 0xfe, 0xfe, 0xff, 0xff, 0xff, 0xff,
    0xff, 0xff, 0xff, 0xff, 0xff, 0xff, 0xff, 0xff, 0xff, 0xff, 0xff, 0xff,
    0xff, 0xff, 0xff, 0xff, 0xff, 0xff, 0xff, 0xff, 0xff, 0xff, 0xff, 0xff,
    0xff, 0xff, 0xff, 0xff, 0xff, 0xff, 0xff, 0xff, 0xff, 0xff, 0xff, 0xff,
    0xff, 0xff, 0xff, 0xff, 0xff, 0xff, 0xff, 0xff, 0x00, 0x00, 0xff, 0xff,
    0xff, 0xff, 0xff, 0xff, 0xff, 0xff, 0xff, 0xff, 0xff, 0xff, 0xff, 0xff,
    0xff, 0xff, 0xff, 0xff, 0xff, 0xff, 0xff, 0xff, 0xff, 0xff, 0xff, 0xff,
    0xff, 0xff, 0xff, 0xff, 0xff, 0xff, 0xff, 0xff, 0xff, 0xff, 0xff, 0xff,
    0xff, 0xff, 0xff, 0xff, 0xff, 0xff, 0xff, 0xff, 0xff, 0xff, 0xfc, 0xfc,
    0xfc, 0xff, 0xff, 0xff, 0xc2, 0xc2, 0xc2, 0x00, 0x00, 0x00, 0x68, 0x68,
    0x68, 0xf8, 0xf8, 0xf8, 0xdd, 0xdd, 0xdd, 0xdd, 0xdd, 0xdd, 0xf7, 0xf7,
    0xf7, 0x65, 0x65, 0x65, 0x00, 0x00, 0x00, 0xc5, 0xc5, 0xc5, 0xff, 0xff,
    0xff, 0xfc, 0xfc, 0xfc, 0xff, 0xff, 0xff, 0xff, 0xff, 0xff, 0xff, 0xff,
    0xff, 0xff, 0xff, 0xff, 0xff, 0xff, 0xff, 0xff, 0xff, 0xff, 0xff, 0xff,
    0xff, 0xff, 0xff, 0xff, 0xff, 0xff, 0xff, 0xff, 0xff, 0xff, 0xff, 0xff,
    0xff, 0xff, 0xff, 0xff, 0xff, 0xff, 0xff, 0xff, 0xff, 0xff, 0xff, 0xff,
    0xff, 0xff, 0xff, 0xff, 0x00, 0x00, 0xff, 0xff, 0xff, 0xff, 0xff, 0xff,
    0xff, 0xff, 0xff, 0xff, 0xff, 0xff, 0xff, 0xff, 0xff, 0xff, 0xff, 0xff,
    0xff, 0xff, 0xff, 0xff, 0xff, 0xff, 0xff, 0xff, 0xff, 0xff, 0xff, 0xff,
    0xff, 0xff, 0xff, 0xff, 0xff, 0xff, 0xff, 0xff, 0xff, 0xff, 0xff, 0xff,
    0xff, 0xff, 0xff, 0xff, 0xff, 0xff, 0xfc, 0xfc, 0xfc, 0xff, 0xff, 0xff,
    0xce, 0xce, 0xce, 0x00, 0x00, 0x00, 0x4f, 0x4f, 0x4f, 0xfb, 0xfb, 0xfb,
    0xe3, 0xe3, 0xe3, 0xe3, 0xe3, 0xe3, 0xfb, 0xfb, 0xfb, 0x4c, 0x4c, 0x4c,
    0x00, 0x00, 0x00, 0xd1, 0xd1, 0xd1, 0xff, 0xff, 0xff, 0xfd, 0xfd, 0xfd,
    0xff, 0xff, 0xff, 0xff, 0xff, 0xff, 0xff, 0xff, 0xff, 0xff, 0xff, 0xff,
    0xff, 0xff, 0xff, 0xff, 0xff, 0xff, 0xff, 0xff, 0xff, 0xff, 0xff, 0xff,
    0xff, 0xff, 0xff, 0xff, 0xff, 0xff, 0xff, 0xff, 0xff, 0xff, 0xff, 0xff,
    0xff, 0xff, 0xff, 0xff, 0xff, 0xff, 0xff, 0xff, 0xff, 0xff, 0xff, 0xff,
    0x00, 0x00, 0xff, 0xff, 0xff, 0xff, 0xff, 0xff, 0xff, 0xff, 0xff, 0xff,
    0xff, 0xff, 0xff, 0xff, 0xff, 0xff, 0xff, 0xff, 0xff, 0xff, 0xff, 0xff,
    0xff, 0xff, 0xff, 0xff, 0xff, 0xff, 0xff, 0xff, 0xff, 0xff, 0xff, 0xff,
    0xff, 0xff, 0xff, 0xff, 0xff, 0xff, 0xff, 0xff, 0xff, 0xff, 0xff, 0xff,
    0xff, 0xff, 0xfe, 0xfe, 0xfe, 0xfe, 0xfe, 0xfe, 0xf8, 0xf8, 0xf8, 0x23,
    0x23, 0x23, 0x05, 0x05, 0x05, 0x9b, 0x9b, 0x9b, 0xf0, 0xf0, 0xf0, 0xef,
    0xef, 0xef, 0x99, 0x99, 0x99, 0x04, 0x04, 0x04, 0x27, 0x27, 0x27, 0xf9,
    0xf9, 0xf9, 0xfe, 0xfe, 0xfe, 0xff, 0xff, 0xff, 0xff, 0xff, 0xff, 0xff,
    0xff, 0xff, 0xff, 0xff, 0xff, 0xff, 0xff, 0xff, 0xff, 0xff, 0xff, 0xff,
    0xff, 0xff, 0xff, 0xff, 0xff, 0xff, 0xff, 0xff, 0xff, 0xff, 0xff, 0xff,
    0xff, 0xff, 0xff, 0xff, 0xff, 0xff, 0xff, 0xff, 0xff, 0xff, 0xff, 0xff,
    0xff, 0xff, 0xff, 0xff, 0xff, 0xff, 0xff, 0xff, 0x00, 0x00, 0xff, 0xff,
    0xff, 0xff, 0xff, 0xff, 0xff, 0xff, 0xff, 0xff, 0xff, 0xff, 0xff, 0xff,
    0xff, 0xff, 0xff, 0xff, 0xff, 0xff, 0xff, 0xff, 0xff, 0xff, 0xff, 0xff,
    0xff, 0xff, 0xff, 0xff, 0xff, 0xff, 0xff, 0xff, 0xff, 0xff, 0xff, 0xff,
    0xff, 0xff, 0xff, 0xff, 0xff, 0xff, 0xff, 0xff, 0xff, 0xff, 0xff, 0xff,
    0xff, 0xfc, 0xfc, 0xfc, 0xff, 0xff, 0xff, 0xbc, 0xbc, 0xbc, 0x09, 0x09,
    0x09, 0x00, 0x00, 0x00, 0x2b, 0x2b, 0x2b, 0x2a, 0x2a, 0x2a, 0x00, 0x00,
    0x00, 0x0a, 0x0a, 0x0a, 0xbf, 0xbf, 0xbf, 0xff, 0xff, 0xff, 0xfc, 0xfc,
    0xfc, 0xff, 0xff, 0xff, 0xff, 0xff, 0xff, 0xff, 0xff, 0xff, 0xff, 0xff,
    0xff, 0xff, 0xff, 0xff, 0xff, 0xff, 0xff, 0xff, 0xff, 0xff, 0xff, 0xff,
    0xff, 0xff, 0xff, 0xff, 0xff, 0xff, 0xff, 0xff, 0xff, 0xff, 0xff, 0xff,
    0xff, 0xff, 0xff, 0xff, 0xff, 0xff, 0xff, 0xff, 0xff, 0xff, 0xff, 0xff,
    0xff, 0xff, 0xff, 0xff, 0x00, 0x00, 0xff, 0xff, 0xff, 0xff, 0xff, 0xff,
    0xff, 0xff, 0xff, 0xff, 0xff, 0xff, 0xff, 0xff, 0xff, 0xff, 0xff, 0xff,
    0xff, 0xff, 0xff, 0xff, 0xff, 0xff, 0xff, 0xff, 0xff, 0xff, 0xff, 0xff,
    0xff, 0xff, 0xff, 0xff, 0xff, 0xff, 0xff, 0xff, 0xff, 0xff, 0xff, 0xff,
    0xff, 0xff, 0xff, 0xff, 0xff, 0xff, 0xff, 0xff, 0xff, 0xff, 0xff, 0xff,
    0xfd, 0xfd, 0xfd, 0xff, 0xff, 0xff, 0xc1, 0xc1, 0xc1, 0x3e, 0x3e, 0x3e,
    0x08, 0x08, 0x08, 0x08, 0x08, 0x08, 0x3f, 0x3f, 0x3f, 0xc3, 0xc3, 0xc3,
    0xff, 0xff, 0xff, 0xfd, 0xfd, 0xfd, 0xff, 0xff, 0xff, 0xff, 0xff, 0xff,
    0xff, 0xff, 0xff, 0xff, 0xff, 0xff, 0xff, 0xff, 0xff, 0xff, 0xff, 0xff,
    0xff, 0xff, 0xff, 0xff, 0xff, 0xff, 0xff, 0xff, 0xff, 0xff, 0xff, 0xff,
    0xff, 0xff, 0xff, 0xff, 0xff, 0xff, 0xff, 0xff, 0xff, 0xff, 0xff, 0xff,
    0xff, 0xff, 0xff, 0xff, 0xff, 0xff, 0xff, 0xff, 0xff, 0xff, 0xff, 0xff,
    0x00, 0x00
};
static const unsigned int white_bishop_bmp_len = 6494;

/* white_king.bmp (6494 bytes, 46x46 px) */
static const unsigned char white_king_bmp[] = {
    0x42, 0x4d, 0x5e, 0x19, 0x00, 0x00, 0x00, 0x00, 0x00, 0x00, 0x36, 0x00,
    0x00, 0x00, 0x28, 0x00, 0x00, 0x00, 0x2e, 0x00, 0x00, 0x00, 0x2e, 0x00,
    0x00, 0x00, 0x01, 0x00, 0x18, 0x00, 0x00, 0x00, 0x00, 0x00, 0x28, 0x19,
    0x00, 0x00, 0xc4, 0x0e, 0x00, 0x00, 0xc4, 0x0e, 0x00, 0x00, 0x00, 0x00,
    0x00, 0x00, 0x00, 0x00, 0x00, 0x00, 0xff, 0xff, 0xff, 0xff, 0xff, 0xff,
    0xff, 0xff, 0xff, 0xff, 0xff, 0xff, 0xff, 0xff, 0xff, 0xff, 0xff, 0xff,
    0xff, 0xff, 0xff, 0xff, 0xff, 0xff, 0xff, 0xff, 0xff, 0xfc, 0xfc, 0xfc,
    0xfd, 0xfd, 0xfd, 0xff, 0xff, 0xff, 0xff, 0xff, 0xff, 0xff, 0xff, 0xff,
    0xdf, 0xdf, 0xdf, 0xad, 0xad, 0xad, 0x77, 0x77, 0x77, 0x4b, 0x4b, 0x4b,
    0x2c, 0x2c, 0x2c, 0x17, 0x17, 0x17, 0x09, 0x09, 0x09, 0x02, 0x02, 0x02,
    0x00, 0x00, 0x00, 0x03, 0x03, 0x03, 0x0c, 0x0c, 0x0c, 0x1b, 0x1b, 0x1b,
    0x33, 0x33, 0x33, 0x56, 0x56, 0x56, 0x85, 0x85, 0x85, 0xbb, 0xbb, 0xbb,
    0xeb, 0xeb, 0xeb, 0xff, 0xff, 0xff, 0xff, 0xff, 0xff, 0xff, 0xff, 0xff,
    0xfc, 0xfc, 0xfc, 0xfd, 0xfd, 0xfd, 0xff, 0xff, 0xff, 0xff, 0xff, 0xff,
    0xff, 0xff, 0xff, 0xff, 0xff, 0xff, 0xff, 0xff, 0xff, 0xff, 0xff, 0xff,
    0xff, 0xff, 0xff, 0xff, 0xff, 0xff, 0xff, 0xff, 0xff, 0xff, 0xff, 0xff,
    0x00, 0x00, 0xff, 0xff, 0xff, 0xff, 0xff, 0xff, 0xff, 0xff, 0xff, 0xff,
    0xff, 0xff, 0xff, 0xff, 0xff, 0xff, 0xff, 0xff, 0xff, 0xff, 0xff, 0xfe,
    0xfe, 0xfe, 0xfe, 0xfe, 0xfe, 0xff, 0xff, 0xff, 0xff, 0xff, 0xff, 0xd2,
    0xd2, 0xd2, 0x81, 0x81, 0x81, 0x38, 0x38, 0x38, 0x0c, 0x0c, 0x0c, 0x00,
    0x00, 0x00, 0x00, 0x00, 0x00, 0x0e, 0x0e, 0x0e, 0x22, 0x22, 0x22, 0x34,
    0x34, 0x34, 0x42, 0x42, 0x42, 0x4b, 0x4b, 0x4b, 0x4d, 0x4d, 0x4d, 0x49,
    0x49, 0x49, 0x3f, 0x3f, 0x3f, 0x30, 0x30, 0x30, 0x1c, 0x1c, 0x1c, 0x08,
    0x08, 0x08, 0x00, 0x00, 0x00, 0x00, 0x00, 0x00, 0x15, 0x15, 0x15, 0x49,
    0x49, 0x49, 0x98, 0x98, 0x98, 0xe5, 0xe5, 0xe5, 0xff, 0xff, 0xff, 0xff,
    0xff, 0xff, 0xfc, 0xfc, 0xfc, 0xff, 0xff, 0xff, 0xff, 0xff, 0xff, 0xff,
    0xff, 0xff, 0xff, 0xff, 0xff, 0xff, 0xff, 0xff, 0xff, 0xff, 0xff, 0xff,
    0xff, 0xff, 0xff, 0xff, 0xff, 0xff, 0xff, 0xff, 0x00, 0x00, 0xff, 0xff,
    0xff, 0xff, 0xff, 0xff, 0xff, 0xff, 0xff, 0xff, 0xff, 0xff, 0xff, 0xff,
    0xff, 0xff, 0xff, 0xff, 0xff, 0xff, 0xff, 0xff, 0xff, 0xff, 0xff, 0xff,
    0xff, 0xb2, 0xb2, 0xb2, 0x43, 0x43, 0x43, 0x00, 0x00, 0x00, 0x00, 0x00,
    0x00, 0x1f, 0x1f, 0x1f, 0x57, 0x57, 0x57, 0x90, 0x90, 0x90, 0xbc, 0xbc,
    0xbc, 0xd6, 0xd6, 0xd6, 0xe7, 0xe7, 0xe7, 0xee, 0xee, 0xee, 0xf3, 0xf3,
    0xf3, 0xf5, 0xf5, 0xf5, 0xf5, 0xf5, 0xf5, 0xf4, 0xf4, 0xf4, 0xf2, 0xf2,
    0xf2, 0xed, 0xed, 0xed, 0xe3, 0xe3, 0xe3, 0xd2, 0xd2, 0xd2, 0xb1, 0xb1,
    0xb1, 0x80, 0x80, 0x80, 0x47, 0x47, 0x47, 0x12, 0x12, 0x12, 0x00, 0x00,
    0x00, 0x0d, 0x0d, 0x0d, 0x5f, 0x5f, 0x5f, 0xcf, 0xcf, 0xcf, 0xff, 0xff,
    0xff, 0xff, 0xff, 0xff, 0xff, 0xff, 0xff, 0xff, 0xff, 0xff, 0xff, 0xff,
    0xff, 0xff, 0xff, 0xff, 0xff, 0xff, 0xff, 0xff, 0xff, 0xff, 0xff, 0xff,
    0xff, 0xff, 0xff, 0xff, 0x00, 0x00, 0xff, 0xff, 0xff, 0xff, 0xff, 0xff,
    0xff, 0xff, 0xff, 0xff, 0xff, 0xff, 0xff, 0xff, 0xff, 0xfe, 0xfe, 0xfe,
    0xfe, 0xfe, 0xfe, 0xdd, 0xdd, 0xdd, 0x48, 0x48, 0x48, 0x03, 0x03, 0x03,
    0x18, 0x18, 0x18, 0x64, 0x64, 0x64, 0xb1, 0xb1, 0xb1, 0xdf, 0xdf, 0xdf,
    0xf1, 0xf1, 0xf1, 0xf3, 0xf3, 0xf3, 0xef, 0xef, 0xef, 0xea, 0xea, 0xea,
    0xe7, 0xe7, 0xe7, 0xe5, 0xe5, 0xe5, 0xe3, 0xe3, 0xe3, 0xe3, 0xe3, 0xe3,
    0xe3, 0xe3, 0xe3, 0xe3, 0xe3, 0xe3, 0xe4, 0xe4, 0xe4, 0xe5, 0xe5, 0xe5,
    0xe7, 0xe7, 0xe7, 0xeb, 0xeb, 0xeb, 0xf0, 0xf0, 0xf0, 0xf4, 0xf4, 0xf4,
    0xee, 0xee, 0xee, 0xd6, 0xd6, 0xd6, 0xa0, 0xa0, 0xa0, 0x4d, 0x4d, 0x4d,
    0x0c, 0x0c, 0x0c, 0x06, 0x06, 0x06, 0x6d, 0x6d, 0x6d, 0xf5, 0xf5, 0xf5,
    0xfe, 0xfe, 0xfe, 0xfe, 0xfe, 0xfe, 0xff, 0xff, 0xff, 0xff, 0xff, 0xff,
    0xff, 0xff, 0xff, 0xff, 0xff, 0xff, 0xff, 0xff, 0xff, 0xff, 0xff, 0xff,
    0x00, 0x00, 0xff, 0xff, 0xff, 0xff, 0xff, 0xff, 0xff, 0xff, 0xff, 0xff,
    0xff, 0xff, 0xff, 0xff, 0xff, 0xfb, 0xfb, 0xfb, 0xff, 0xff, 0xff, 0x88,
    0x88, 0x88, 0x01, 0x01, 0x01, 0x06, 0x06, 0x06, 0x3c, 0x3c, 0x3c, 0xbf,
    0xbf, 0xbf, 0xef, 0xef, 0xef, 0xf7, 0xf7, 0xf7, 0xf2, 0xf2, 0xf2, 0xed,
    0xed, 0xed, 0xe8, 0xe8, 0xe8, 0xe5, 0xe5, 0xe5, 0xe4, 0xe4, 0xe4, 0xe3,
    0xe3, 0xe3, 0xe2, 0xe2, 0xe2, 0xe2, 0xe2, 0xe2, 0xe2, 0xe2, 0xe2, 0xe2,
    0xe2, 0xe2, 0xe3, 0xe3, 0xe3, 0xe3, 0xe3, 0xe3, 0xe4, 0xe4, 0xe4, 0xe6,
    0xe6, 0xe6, 0xe9, 0xe9, 0xe9, 0xee, 0xee, 0xee, 0xf4, 0xf4, 0xf4, 0xf6,
    0xf6, 0xf6, 0xe8, 0xe8, 0xe8, 0xa1, 0xa1, 0xa1, 0x1d, 0x1d, 0x1d, 0x00,
    0x00, 0x00, 0x01, 0x01, 0x01, 0xce, 0xce, 0xce, 0xff, 0xff, 0xff, 0xfd,
    0xfd, 0xfd, 0xff, 0xff, 0xff, 0xff, 0xff, 0xff, 0xff, 0xff, 0xff, 0xff,
    0xff, 0xff, 0xff, 0xff, 0xff, 0xff, 0xff, 0xff, 0x00, 0x00, 0xff, 0xff,
    0xff, 0xff, 0xff, 0xff, 0xff, 0xff, 0xff, 0xff, 0xff, 0xff, 0xff, 0xff,
    0xff, 0xfb, 0xfb, 0xfb, 0xff, 0xff, 0xff, 0x8c, 0x8c, 0x8c, 0x04, 0x04,
    0x04, 0x2a, 0x2a, 0x2a, 0x00, 0x00, 0x00, 0x00, 0x00, 0x00, 0x11, 0x11,
    0x11, 0x52, 0x52, 0x52, 0x8e, 0x8e, 0x8e, 0xba, 0xba, 0xba, 0xd7, 0xd7,
    0xd7, 0xe8, 0xe8, 0xe8, 0xf1, 0xf1, 0xf1, 0xf5, 0xf5, 0xf5, 0xf6, 0xf6,
    0xf6, 0xf7, 0xf7, 0xf7, 0xf7, 0xf7, 0xf7, 0xf7, 0xf7, 0xf7, 0xf6, 0xf6,
    0xf6, 0xf4, 0xf4, 0xf4, 0xef, 0xef, 0xef, 0xe4, 0xe4, 0xe4, 0xd1, 0xd1,
    0xd1, 0xb0, 0xb0, 0xb0, 0x7f, 0x7f, 0x7f, 0x40, 0x40, 0x40, 0x01, 0x01,
    0x01, 0x00, 0x00, 0x00, 0x0c, 0x0c, 0x0c, 0x21, 0x21, 0x21, 0x03, 0x03,
    0x03, 0xcf, 0xcf, 0xcf, 0xff, 0xff, 0xff, 0xfd, 0xfd, 0xfd, 0xff, 0xff,
    0xff, 0xff, 0xff, 0xff, 0xff, 0xff, 0xff, 0xff, 0xff, 0xff, 0xff, 0xff,
    0xff, 0xff, 0xff, 0xff, 0x00, 0x00, 0xff, 0xff, 0xff, 0xff, 0xff, 0xff,
    0xff, 0xff, 0xff, 0xff, 0xff, 0xff, 0xff, 0xff, 0xff, 0xfb, 0xfb, 0xfb,
    0xff, 0xff, 0xff, 0x8d, 0x8d, 0x8d, 0x01, 0x01, 0x01, 0xb5, 0xb5, 0xb5,
    0xc9, 0xc9, 0xc9, 0x74, 0x74, 0x74, 0x2c, 0x2c, 0x2c, 0x00, 0x00, 0x00,
    0x00, 0x00, 0x00, 0x00, 0x00, 0x00, 0x00, 0x00, 0x00, 0x19, 0x19, 0x19,
    0x33, 0x33, 0x33, 0x48, 0x48, 0x48, 0x57, 0x57, 0x57, 0x5f, 0x5f, 0x5f,
    0x62, 0x62, 0x62, 0x5d, 0x5d, 0x5d, 0x53, 0x53, 0x53, 0x42, 0x42, 0x42,
    0x2c, 0x2c, 0x2c, 0x12, 0x12, 0x12, 0x00, 0x00, 0x00, 0x00, 0x00, 0x00,
    0x00, 0x00, 0x00, 0x04, 0x04, 0x04, 0x3e, 0x3e, 0x3e, 0x88, 0x88, 0x88,
    0xde, 0xde, 0xde, 0x77, 0x77, 0x77, 0x00, 0x00, 0x00, 0xd2, 0xd2, 0xd2,
    0xff, 0xff, 0xff, 0xfd, 0xfd, 0xfd, 0xff, 0xff, 0xff, 0xff, 0xff, 0xff,
    0xff, 0xff, 0xff, 0xff, 0xff, 0xff, 0xff, 0xff, 0xff, 0xff, 0xff, 0xff,
    0x00, 0x00, 0xff, 0xff, 0xff, 0xff, 0xff, 0xff, 0xff, 0xff, 0xff, 0xff,
    0xff, 0xff, 0xff, 0xff, 0xff, 0xfb, 0xfb, 0xfb, 0xff, 0xff, 0xff, 0x8d,
    0x8d, 0x8d, 0x00, 0x00, 0x00, 0xbe, 0xbe, 0xbe, 0xff, 0xff, 0xff, 0xf0,
    0xf0, 0xf0, 0xea, 0xea, 0xea, 0xce, 0xce, 0xce, 0xa4, 0xa4, 0xa4, 0x76,
    0x76, 0x76, 0x4c, 0x4c, 0x4c, 0x2b, 0x2b, 0x2b, 0x13, 0x13, 0x13, 0x03,
    0x03, 0x03, 0x00, 0x00, 0x00, 0x00, 0x00, 0x00, 0x00, 0x00, 0x00, 0x00,
    0x00, 0x00, 0x00, 0x00, 0x00, 0x07, 0x07, 0x07, 0x18, 0x18, 0x18, 0x33,
    0x33, 0x33, 0x57, 0x57, 0x57, 0x82, 0x82, 0x82, 0xb0, 0xb0, 0xb0, 0xd7,
    0xd7, 0xd7, 0xee, 0xee, 0xee, 0xef, 0xef, 0xef, 0xff, 0xff, 0xff, 0x7a,
    0x7a, 0x7a, 0x00, 0x00, 0x00, 0xd2, 0xd2, 0xd2, 0xff, 0xff, 0xff, 0xfd,
    0xfd, 0xfd, 0xff, 0xff, 0xff, 0xff, 0xff, 0xff, 0xff, 0xff, 0xff, 0xff,
    0xff, 0xff, 0xff, 0xff, 0xff, 0xff, 0xff, 0xff, 0x00, 0x00, 0xff, 0xff,
    0xff, 0xff, 0xff, 0xff, 0xff, 0xff, 0xff, 0xff, 0xff, 0xff, 0xff, 0xff,
    0xff, 0xfb, 0xfb, 0xfb, 0xff, 0xff, 0xff, 0x8d, 0x8d, 0x8d, 0x01, 0x01,
    0x01, 0x6f, 0x6f, 0x6f, 0xda, 0xda, 0xda, 0xf1, 0xf1, 0xf1, 0xf3, 0xf3,
    0xf3, 0xf1, 0xf1, 0xf1, 0xf2, 0xf2, 0xf2, 0xf3, 0xf3, 0xf3, 0xf1, 0xf1,
    0xf1, 0xeb, 0xeb, 0xeb, 0xe3, 0xe3, 0xe3, 0xda, 0xda, 0xda, 0xd2, 0xd2,
    0xd2, 0xcd, 0xcd, 0xcd, 0xcb, 0xcb, 0xcb, 0xce, 0xce, 0xce, 0xd4, 0xd4,
    0xd4, 0xdc, 0xdc, 0xdc, 0xe5, 0xe5, 0xe5, 0xed, 0xed, 0xed, 0xf2, 0xf2,
    0xf2, 0xf3, 0xf3, 0xf3, 0xf2, 0xf2, 0xf2, 0xf1, 0xf1, 0xf1, 0xf3, 0xf3,
    0xf3, 0xed, 0xed, 0xed, 0xca, 0xca, 0xca, 0x41, 0x41, 0x41, 0x01, 0x01,
    0x01, 0xd0, 0xd0, 0xd0, 0xff, 0xff, 0xff, 0xfd, 0xfd, 0xfd, 0xff, 0xff,
    0xff, 0xff, 0xff, 0xff, 0xff, 0xff, 0xff, 0xff, 0xff, 0xff, 0xff, 0xff,
    0xff, 0xff, 0xff, 0xff, 0x00, 0x00, 0xff, 0xff, 0xff, 0xff, 0xff, 0xff,
    0xff, 0xff, 0xff, 0xff, 0xff, 0xff, 0xff, 0xff, 0xff, 0xfb, 0xfb, 0xfb,
    0xff, 0xff, 0xff, 0x8b, 0x8b, 0x8b, 0x01, 0x01, 0x01, 0x04, 0x04, 0x04,
    0x04, 0x04, 0x04, 0x56, 0x56, 0x56, 0xa3, 0xa3, 0xa3, 0xd5, 0xd5, 0xd5,
    0xec, 0xec, 0xec, 0xf3, 0xf3, 0xf3, 0xf3, 0xf3, 0xf3, 0xf1, 0xf1, 0xf1,
    0xf0, 0xf0, 0xf0, 0xef, 0xef, 0xef, 0xef, 0xef, 0xef, 0xf0, 0xf0, 0xf0,
    0xef, 0xef, 0xef, 0xef, 0xef, 0xef, 0xef, 0xef, 0xef, 0xf0, 0xf0, 0xf0,
    0xf0, 0xf0, 0xf0, 0xf2, 0xf2, 0xf2, 0xf3, 0xf3, 0xf3, 0xf2, 0xf2, 0xf2,
    0xe8, 0xe8, 0xe8, 0xca, 0xca, 0xca, 0x91, 0x91, 0x91, 0x3f, 0x3f, 0x3f,
    0x00, 0x00, 0x00, 0x01, 0x01, 0x01, 0x00, 0x00, 0x00, 0xce, 0xce, 0xce,
    0xff, 0xff, 0xff, 0xfd, 0xfd, 0xfd, 0xff, 0xff, 0xff, 0xff, 0xff, 0xff,
    0xff, 0xff, 0xff, 0xff, 0xff, 0xff, 0xff, 0xff, 0xff, 0xff, 0xff, 0xff,
    0x00, 0x00, 0xff, 0xff, 0xff, 0xff, 0xff, 0xff, 0xff, 0xff, 0xff, 0xff,
    0xff, 0xff, 0xff, 0xff, 0xff, 0xfb, 0xfb, 0xfb, 0xff, 0xff, 0xff, 0x8c,
    0x8c, 0x8c, 0x02, 0x02, 0x02, 0x6d, 0x6d, 0x6d, 0x3c, 0x3c, 0x3c, 0x00,
    0x00, 0x00, 0x00, 0x00, 0x00, 0x01, 0x01, 0x01, 0x30, 0x30, 0x30, 0x62,
    0x62, 0x62, 0x8d, 0x8d, 0x8d, 0xad, 0xad, 0xad, 0xc3, 0xc3, 0xc3, 0xd1,
    0xd1, 0xd1, 0xd9, 0xd9, 0xd9, 0xdd, 0xdd, 0xdd, 0xde, 0xde, 0xde, 0xdc,
    0xdc, 0xdc, 0xd7, 0xd7, 0xd7, 0xce, 0xce, 0xce, 0xbd, 0xbd, 0xbd, 0xa5,
    0xa5, 0xa5, 0x82, 0x82, 0x82, 0x55, 0x55, 0x55, 0x22, 0x22, 0x22, 0x00,
    0x00, 0x00, 0x00, 0x00, 0x00, 0x01, 0x01, 0x01, 0x59, 0x59, 0x59, 0x4d,
    0x4d, 0x4d, 0x00, 0x00, 0x00, 0xd0, 0xd0, 0xd0, 0xff, 0xff, 0xff, 0xfd,
    0xfd, 0xfd, 0xff, 0xff, 0xff, 0xff, 0xff, 0xff, 0xff, 0xff, 0xff, 0xff,
    0xff, 0xff, 0xff, 0xff, 0xff, 0xff, 0xff, 0xff, 0x00, 0x00, 0xff, 0xff,
    0xff, 0xff, 0xff, 0xff, 0xff, 0xff, 0xff, 0xff, 0xff, 0xff, 0xff, 0xff,
    0xff, 0xfb, 0xfb, 0xfb, 0xff, 0xff, 0xff, 0x8c, 0x8c, 0x8c, 0x00, 0x00,
    0x00, 0xbf, 0xbf, 0xbf, 0xf7, 0xf7, 0xf7, 0xc3, 0xc3, 0xc3, 0x88, 0x88,
    0x88, 0x47, 0x47, 0x47, 0x12, 0x12, 0x12, 0x00, 0x00, 0x00, 0x00, 0x00,
    0x00, 0x00, 0x00, 0x00, 0x00, 0x00, 0x00, 0x00, 0x00, 0x00, 0x02, 0x02,
    0x02, 0x08, 0x08, 0x08, 0x0a, 0x0a, 0x0a, 0x06, 0x06, 0x06, 0x00, 0x00,
    0x00, 0x00, 0x00, 0x00, 0x00, 0x00, 0x00, 0x00, 0x00, 0x00, 0x00, 0x00,
    0x00, 0x00, 0x00, 0x00, 0x1f, 0x1f, 0x1f, 0x58, 0x58, 0x58, 0x9a, 0x9a,
    0x9a, 0xcf, 0xcf, 0xcf, 0xff, 0xff, 0xff, 0x7b, 0x7b, 0x7b, 0x00, 0x00,
    0x00, 0xd1, 0xd1, 0xd1, 0xfd, 0xfd, 0xfd, 0xfd, 0xfd, 0xfd, 0xff, 0xff,
    0xff, 0xff, 0xff, 0xff, 0xff, 0xff, 0xff, 0xff, 0xff, 0xff, 0xff, 0xff,
    0xff, 0xff, 0xff, 0xff, 0x00, 0x00, 0xff, 0xff, 0xff, 0xff, 0xff, 0xff,
    0xff, 0xff, 0xff, 0xff, 0xff, 0xff, 0xff, 0xff, 0xff, 0xf9, 0xf9, 0xf9,
    0xfd, 0xfd, 0xfd, 0x92, 0x92, 0x92, 0x01, 0x01, 0x01, 0xb6, 0xb6, 0xb6,
    0xff, 0xff, 0xff, 0xef, 0xef, 0xef, 0xf3, 0xf3, 0xf3, 0xf0, 0xf0, 0xf0,
    0xe1, 0xe1, 0xe1, 0xc8, 0xc8, 0xc8, 0xa8, 0xa8, 0xa8, 0x89, 0x89, 0x89,
    0x6e, 0x6e, 0x6e, 0x58, 0x58, 0x58, 0x4a, 0x4a, 0x4a, 0x41, 0x41, 0x41,
    0x3e, 0x3e, 0x3e, 0x43, 0x43, 0x43, 0x4d, 0x4d, 0x4d, 0x5e, 0x5e, 0x5e,
    0x75, 0x75, 0x75, 0x91, 0x91, 0x91, 0xb1, 0xb1, 0xb1, 0xcf, 0xcf, 0xcf,
    0xe6, 0xe6, 0xe6, 0xf2, 0xf2, 0xf2, 0xf3, 0xf3, 0xf3, 0xef, 0xef, 0xef,
    0xff, 0xff, 0xff, 0x74, 0x74, 0x74, 0x03, 0x03, 0x03, 0xda, 0xda, 0xda,
    0xff, 0xff, 0xff, 0xfa, 0xfa, 0xfa, 0xff, 0xff, 0xff, 0xff, 0xff, 0xff,
    0xff, 0xff, 0xff, 0xff, 0xff, 0xff, 0xff, 0xff, 0xff, 0xff, 0xff, 0xff,
    0x00, 0x00, 0xff, 0xff, 0xff, 0xff, 0xff, 0xff, 0xff, 0xff, 0xff, 0xff,
    0xff, 0xff, 0xfc, 0xfc, 0xfc, 0xff, 0xff, 0xff, 0xff, 0xff, 0xff, 0x77,
    0x77, 0x77, 0x00, 0x00, 0x00, 0x28, 0x28, 0x28, 0x90, 0x90, 0x90, 0xd6,
    0xd6, 0xd6, 0xf0, 0xf0, 0xf0, 0xf3, 0xf3, 0xf3, 0xf1, 0xf1, 0xf1, 0xf0,
    0xf0, 0xf0, 0xf2, 0xf2, 0xf2, 0xf3, 0xf3, 0xf3, 0xf3, 0xf3, 0xf3, 0xf3,
    0xf3, 0xf3, 0xf1, 0xf1, 0xf1, 0xf0, 0xf0, 0xf0, 0xf0, 0xf0, 0xf0, 0xf1,
    0xf1, 0xf1, 0xf2, 0xf2, 0xf2, 0xf3, 0xf3, 0xf3, 0xf3, 0xf3, 0xf3, 0xf3,
    0xf3, 0xf3, 0xf1, 0xf1, 0xf1, 0xf0, 0xf0, 0xf0, 0xf1, 0xf1, 0xf1, 0xf3,
    0xf3, 0xf3, 0xec, 0xec, 0xec, 0xc7, 0xc7, 0xc7, 0x75, 0x75, 0x75, 0x0e,
    0x0e, 0x0e, 0x01, 0x01, 0x01, 0x3b, 0x3b, 0x3b, 0xc8, 0xc8, 0xc8, 0xff,
    0xff, 0xff, 0xfe, 0xfe, 0xfe, 0xfd, 0xfd, 0xfd, 0xff, 0xff, 0xff, 0xff,
    0xff, 0xff, 0xff, 0xff, 0xff, 0xff, 0xff, 0xff, 0x00, 0x00, 0xff, 0xff,
    0xff, 0xff, 0xff, 0xff, 0xff, 0xff, 0xff, 0xfb, 0xfb, 0xfb, 0xff, 0xff,
    0xff, 0xe8, 0xe8, 0xe8, 0x5a, 0x5a, 0x5a, 0x02, 0x02, 0x02, 0x0f, 0x0f,
    0x0f, 0x0f, 0x0f, 0x0f, 0x00, 0x00, 0x00, 0x04, 0x04, 0x04, 0x48, 0x48,
    0x48, 0x8d, 0x8d, 0x8d, 0xbf, 0xbf, 0xbf, 0xdd, 0xdd, 0xdd, 0xec, 0xec,
    0xec, 0xf2, 0xf2, 0xf2, 0xf3, 0xf3, 0xf3, 0xf3, 0xf3, 0xf3, 0xf3, 0xf3,
    0xf3, 0xf2, 0xf2, 0xf2, 0xf2, 0xf2, 0xf2, 0xf2, 0xf2, 0xf2, 0xf3, 0xf3,
    0xf3, 0xf3, 0xf3, 0xf3, 0xf3, 0xf3, 0xf3, 0xf1, 0xf1, 0xf1, 0xe9, 0xe9,
    0xe9, 0xd7, 0xd7, 0xd7, 0xb4, 0xb4, 0xb4, 0x7b, 0x7b, 0x7b, 0x34, 0x34,
    0x34, 0x00, 0x00, 0x00, 0x00, 0x00, 0x00, 0x28, 0x28, 0x28, 0x5b, 0x5b,
    0x5b, 0x02, 0x02, 0x02, 0x02, 0x02, 0x02, 0x7e, 0x7e, 0x7e, 0xfd, 0xfd,
    0xfd, 0xff, 0xff, 0xff, 0xfc, 0xfc, 0xfc, 0xff, 0xff, 0xff, 0xff, 0xff,
    0xff, 0xff, 0xff, 0xff, 0x00, 0x00, 0xff, 0xff, 0xff, 0xff, 0xff, 0xff,
    0xfb, 0xfb, 0xfb, 0xff, 0xff, 0xff, 0xc1, 0xc1, 0xc1, 0x1d, 0x1d, 0x1d,
    0x00, 0x00, 0x00, 0x51, 0x51, 0x51, 0xce, 0xce, 0xce, 0xdd, 0xdd, 0xdd,
    0x91, 0x91, 0x91, 0x3d, 0x3d, 0x3d, 0x00, 0x00, 0x00, 0x00, 0x00, 0x00,
    0x00, 0x00, 0x00, 0x0a, 0x0a, 0x0a, 0x2e, 0x2e, 0x2e, 0x51, 0x51, 0x51,
    0x6d, 0x6d, 0x6d, 0x83, 0x83, 0x83, 0x91, 0x91, 0x91, 0x99, 0x99, 0x99,
    0x99, 0x99, 0x99, 0x95, 0x95, 0x95, 0x8e, 0x8e, 0x8e, 0x7e, 0x7e, 0x7e,
    0x66, 0x66, 0x66, 0x48, 0x48, 0x48, 0x24, 0x24, 0x24, 0x01, 0x01, 0x01,
    0x00, 0x00, 0x00, 0x00, 0x00, 0x00, 0x0c, 0x0c, 0x0c, 0x53, 0x53, 0x53,
    0xa8, 0xa8, 0xa8, 0xe6, 0xe6, 0xe6, 0xf8, 0xf8, 0xf8, 0xbf, 0xbf, 0xbf,
    0x34, 0x34, 0x34, 0x00, 0x00, 0x00, 0x45, 0x45, 0x45, 0xe8, 0xe8, 0xe8,
    0xff, 0xff, 0xff, 0xfc, 0xfc, 0xfc, 0xff, 0xff, 0xff, 0xff, 0xff, 0xff,
    0x00, 0x00, 0xff, 0xff, 0xff, 0xfb, 0xfb, 0xfb, 0xff, 0xff, 0xff, 0xaa,
    0xaa, 0xaa, 0x05, 0x05, 0x05, 0x09, 0x09, 0x09, 0x97, 0x97, 0x97, 0xf4,
    0xf4, 0xf4, 0xec, 0xec, 0xec, 0xe9, 0xe9, 0xe9, 0xf5, 0xf5, 0xf5, 0xf1,
    0xf1, 0xf1, 0xd3, 0xd3, 0xd3, 0xa3, 0xa3, 0xa3, 0x6c, 0x6c, 0x6c, 0x3b,
    0x3b, 0x3b, 0x16, 0x16, 0x16, 0x00, 0x00, 0x00, 0x00, 0x00, 0x00, 0x00,
    0x00, 0x00, 0x00, 0x00, 0x00, 0x00, 0x00, 0x00, 0x00, 0x00, 0x00, 0x00,
    0x00, 0x00, 0x00, 0x00, 0x00, 0x00, 0x00, 0x00, 0x00, 0x00, 0x00, 0x02,
    0x02, 0x02, 0x1f, 0x1f, 0x1f, 0x47, 0x47, 0x47, 0x7b, 0x7b, 0x7b, 0xb1,
    0xb1, 0xb1, 0xde, 0xde, 0xde, 0xf5, 0xf5, 0xf5, 0xf3, 0xf3, 0xf3, 0xe6,
    0xe6, 0xe6, 0xe1, 0xe1, 0xe1, 0xf0, 0xf0, 0xf0, 0xea, 0xea, 0xea, 0x6c,
    0x6c, 0x6c, 0x00, 0x00, 0x00, 0x26, 0x26, 0x26, 0xdc, 0xdc, 0xdc, 0xff,
    0xff, 0xff, 0xfd, 0xfd, 0xfd, 0xff, 0xff, 0xff, 0x00, 0x00, 0xfc, 0xfc,
    0xfc, 0xff, 0xff, 0xff, 0xb3, 0xb3, 0xb3, 0x00, 0x00, 0x00, 0x17, 0x17,
    0x17, 0xbd, 0xbd, 0xbd, 0xf8, 0xf8, 0xf8, 0xe2, 0xe2, 0xe2, 0xe4, 0xe4,
    0xe4, 0xe5, 0xe5, 0xe5, 0xe3, 0xe3, 0xe3, 0xe4, 0xe4, 0xe4, 0xeb, 0xeb,
    0xeb, 0xf4, 0xf4, 0xf4, 0xf7, 0xf7, 0xf7, 0xf2, 0xf2, 0xf2, 0xe6, 0xe6,
    0xe6, 0xd5, 0xd5, 0xd5, 0xc4, 0xc4, 0xc4, 0xb3, 0xb3, 0xb3, 0xa7, 0xa7,
    0xa7, 0xa5, 0xa5, 0xa5, 0x1e, 0x1e, 0x1e, 0x16, 0x16, 0x16, 0xab, 0xab,
    0xab, 0xb8, 0xb8, 0xb8, 0xc8, 0xc8, 0xc8, 0xda, 0xda, 0xda, 0xea, 0xea,
    0xea, 0xf4, 0xf4, 0xf4, 0xf7, 0xf7, 0xf7, 0xf2, 0xf2, 0xf2, 0xe9, 0xe9,
    0xe9, 0xe3, 0xe3, 0xe3, 0xe3, 0xe3, 0xe3, 0xe6, 0xe6, 0xe6, 0xe6, 0xe6,
    0xe6, 0xe3, 0xe3, 0xe3, 0xe6, 0xe6, 0xe6, 0xf8, 0xf8, 0xf8, 0x8d, 0x8d,
    0x8d, 0x00, 0x00, 0x00, 0x21, 0x21, 0x21, 0xe3, 0xe3, 0xe3, 0xff, 0xff,
    0xff, 0xfd, 0xfd, 0xfd, 0x00, 0x00, 0xfe, 0xfe, 0xfe, 0xdb, 0xdb, 0xdb,
    0x0c, 0x0c, 0x0c, 0x12, 0x12, 0x12, 0xc4, 0xc4, 0xc4, 0xf5, 0xf5, 0xf5,
    0xe1, 0xe1, 0xe1, 0xe6, 0xe6, 0xe6, 0xe6, 0xe6, 0xe6, 0xe6, 0xe6, 0xe6,
    0xe6, 0xe6, 0xe6, 0xe6, 0xe6, 0xe6, 0xe5, 0xe5, 0xe5, 0xe3, 0xe3, 0xe3,
    0xe2, 0xe2, 0xe2, 0xe4, 0xe4, 0xe4, 0xe7, 0xe7, 0xe7, 0xeb, 0xeb, 0xeb,
    0xef, 0xef, 0xef, 0xf1, 0xf1, 0xf1, 0xf2, 0xf2, 0xf2, 0xfd, 0xfd, 0xfd,
    0x2b, 0x2b, 0x2b, 0x1a, 0x1a, 0x1a, 0xf5, 0xf5, 0xf5, 0xf1, 0xf1, 0xf1,
    0xee, 0xee, 0xee, 0xea, 0xea, 0xea, 0xe6, 0xe6, 0xe6, 0xe3, 0xe3, 0xe3,
    0xe2, 0xe2, 0xe2, 0xe3, 0xe3, 0xe3, 0xe5, 0xe5, 0xe5, 0xe6, 0xe6, 0xe6,
    0xe6, 0xe6, 0xe6, 0xe6, 0xe6, 0xe6, 0xe6, 0xe6, 0xe6, 0xe6, 0xe6, 0xe6,
    0xe5, 0xe5, 0xe5, 0xe2, 0xe2, 0xe2, 0xfa, 0xfa, 0xfa, 0x93, 0x93, 0x93,
    0x00, 0x00, 0x00, 0x34, 0x34, 0x34, 0xf7, 0xf7, 0xf7, 0xfc, 0xfc, 0xfc,
    0x00, 0x00, 0xff, 0xff, 0xff, 0x45, 0x45, 0x45, 0x01, 0x01, 0x01, 0xaa,
    0xaa, 0xaa, 0xf7, 0xf7, 0xf7, 0xe1, 0xe1, 0xe1, 0xe6, 0xe6, 0xe6, 0xe6,
    0xe6, 0xe6, 0xe6, 0xe6, 0xe6, 0xe6, 0xe6, 0xe6, 0xe6, 0xe6, 0xe6, 0xe6,
    0xe6, 0xe6, 0xe6, 0xe6, 0xe6, 0xe6, 0xe6, 0xe6, 0xe6, 0xe6, 0xe6, 0xe6,
    0xe6, 0xe6, 0xe5, 0xe5, 0xe5, 0xe5, 0xe5, 0xe5, 0xe4, 0xe4, 0xe4, 0xe3,
    0xe3, 0xe3, 0xe2, 0xe2, 0xe2, 0xeb, 0xeb, 0xeb, 0x27, 0x27, 0x27, 0x19,
    0x19, 0x19, 0xe5, 0xe5, 0xe5, 0xe4, 0xe4, 0xe4, 0xe4, 0xe4, 0xe4, 0xe5,
    0xe5, 0xe5, 0xe6, 0xe6, 0xe6, 0xe6, 0xe6, 0xe6, 0xe6, 0xe6, 0xe6, 0xe6,
    0xe6, 0xe6, 0xe6, 0xe6, 0xe6, 0xe6, 0xe6, 0xe6, 0xe6, 0xe6, 0xe6, 0xe6,
    0xe6, 0xe6, 0xe6, 0xe6, 0xe6, 0xe6, 0xe6, 0xe6, 0xe6, 0xe6, 0xe6, 0xe6,
    0xe6, 0xe6, 0xe1, 0xe1, 0xe1, 0xfa, 0xfa, 0xfa, 0x75, 0x75, 0x75, 0x00,
    0x00, 0x00, 0x7c, 0x7c, 0x7c, 0xff, 0xff, 0xff, 0x00, 0x00, 0xb8, 0xb8,
    0xb8, 0x00, 0x00, 0x00, 0x5a, 0x5a, 0x5a, 0xf8, 0xf8, 0xf8, 0xe1, 0xe1,
    0xe1, 0xe6, 0xe6, 0xe6, 0xe6, 0xe6, 0xe6, 0xe6, 0xe6, 0xe6, 0xe6, 0xe6,
    0xe6, 0xe6, 0xe6, 0xe6, 0xe6, 0xe6, 0xe6, 0xe6, 0xe6, 0xe6, 0xe6, 0xe6,
    0xe6, 0xe6, 0xe6, 0xe6, 0xe6, 0xe6, 0xe6, 0xe6, 0xe6, 0xe6, 0xe6, 0xe6,
    0xe6, 0xe6, 0xe6, 0xe6, 0xe6, 0xe6, 0xe6, 0xe6, 0xe6, 0xe6, 0xe5, 0xe5,
    0xe5, 0xed, 0xed, 0xed, 0x28, 0x28, 0x28, 0x19, 0x19, 0x19, 0xe7, 0xe7,
    0xe7, 0xe6, 0xe6, 0xe6, 0xe6, 0xe6, 0xe6, 0xe6, 0xe6, 0xe6, 0xe6, 0xe6,
    0xe6, 0xe6, 0xe6, 0xe6, 0xe6, 0xe6, 0xe6, 0xe6, 0xe6, 0xe6, 0xe6, 0xe6,
    0xe6, 0xe6, 0xe6, 0xe6, 0xe6, 0xe6, 0xe6, 0xe6, 0xe6, 0xe6, 0xe6, 0xe6,
    0xe6, 0xe6, 0xe6, 0xe6, 0xe6, 0xe6, 0xe6, 0xe6, 0xe6, 0xe6, 0xe5, 0xe5,
    0xe5, 0xe5, 0xe5, 0xe5, 0xed, 0xed, 0xed, 0x31, 0x31, 0x31, 0x09, 0x09,
    0x09, 0xdd, 0xdd, 0xdd, 0x00, 0x00, 0x4f, 0x4f, 0x4f, 0x05, 0x05, 0x05,
    0xc7, 0xc7, 0xc7, 0xee, 0xee, 0xee, 0xe4, 0xe4, 0xe4, 0xe6, 0xe6, 0xe6,
    0xe6, 0xe6, 0xe6, 0xe6, 0xe6, 0xe6, 0xe6, 0xe6, 0xe6, 0xe6, 0xe6, 0xe6,
    0xe6, 0xe6, 0xe6, 0xe6, 0xe6, 0xe6, 0xe6, 0xe6, 0xe6, 0xe6, 0xe6, 0xe6,
    0xe6, 0xe6, 0xe6, 0xe6, 0xe6, 0xe6, 0xe6, 0xe6, 0xe6, 0xe6, 0xe6, 0xe6,
    0xe6, 0xe6, 0xe6, 0xe6, 0xe6, 0xe6, 0xe4, 0xe4, 0xe4, 0xf0, 0xf0, 0xf0,
    0x28, 0x28, 0x28, 0x1a, 0x1a, 0x1a, 0xea, 0xea, 0xea, 0xe5, 0xe5, 0xe5,
    0xe6, 0xe6, 0xe6, 0xe6, 0xe6, 0xe6, 0xe6, 0xe6, 0xe6, 0xe6, 0xe6, 0xe6,
    0xe6, 0xe6, 0xe6, 0xe6, 0xe6, 0xe6, 0xe6, 0xe6, 0xe6, 0xe6, 0xe6, 0xe6,
    0xe6, 0xe6, 0xe6, 0xe6, 0xe6, 0xe6, 0xe6, 0xe6, 0xe6, 0xe6, 0xe6, 0xe6,
    0xe6, 0xe6, 0xe6, 0xe6, 0xe6, 0xe6, 0xe6, 0xe6, 0xe6, 0xe2, 0xe2, 0xe2,
    0xf4, 0xf4, 0xf4, 0xa6, 0xa6, 0xa6, 0x00, 0x00, 0x00, 0x73, 0x73, 0x73,
    0x00, 0x00, 0x15, 0x15, 0x15, 0x2b, 0x2b, 0x2b, 0xec, 0xec, 0xec, 0xe5,
    0xe5, 0xe5, 0xe6, 0xe6, 0xe6, 0xe6, 0xe6, 0xe6, 0xe6, 0xe6, 0xe6, 0xe6,
    0xe6, 0xe6, 0xe6, 0xe6, 0xe6, 0xe6, 0xe6, 0xe6, 0xe6, 0xe6, 0xe6, 0xe6,
    0xe6, 0xe6, 0xe6, 0xe6, 0xe6, 0xe6, 0xe6, 0xe6, 0xe6, 0xe6, 0xe6, 0xe6,
    0xe6, 0xe6, 0xe6, 0xe6, 0xe6, 0xe6, 0xe6, 0xe6, 0xe6, 0xe6, 0xe6, 0xe4,
    0xe4, 0xe4, 0xee, 0xee, 0xee, 0xc8, 0xc8, 0xc8, 0x0a, 0x0a, 0x0a, 0x0a,
    0x0a, 0x0a, 0xce, 0xce, 0xce, 0xec, 0xec, 0xec, 0xe5, 0xe5, 0xe5, 0xe6,
    0xe6, 0xe6, 0xe6, 0xe6, 0xe6, 0xe6, 0xe6, 0xe6, 0xe6, 0xe6, 0xe6, 0xe6,
    0xe6, 0xe6, 0xe6, 0xe6, 0xe6, 0xe6, 0xe6, 0xe6, 0xe6, 0xe6, 0xe6, 0xe6,
    0xe6, 0xe6, 0xe6, 0xe6, 0xe6, 0xe6, 0xe6, 0xe6, 0xe6, 0xe6, 0xe6, 0xe6,
    0xe6, 0xe6, 0xe6, 0xe6, 0xe6, 0xe6, 0xe6, 0xe6, 0xe7, 0xe7, 0xe7, 0xe3,
    0xe3, 0xe3, 0x1b, 0x1b, 0x1b, 0x27, 0x27, 0x27, 0x00, 0x00, 0x01, 0x01,
    0x01, 0x49, 0x49, 0x49, 0xf4, 0xf4, 0xf4, 0xe3, 0xe3, 0xe3, 0xe6, 0xe6,
    0xe6, 0xe6, 0xe6, 0xe6, 0xe6, 0xe6, 0xe6, 0xe6, 0xe6, 0xe6, 0xe6, 0xe6,
    0xe6, 0xe6, 0xe6, 0xe6, 0xe6, 0xe6, 0xe6, 0xe6, 0xe6, 0xe6, 0xe6, 0xe6,
    0xe6, 0xe6, 0xe6, 0xe6, 0xe6, 0xe6, 0xe6, 0xe6, 0xe6, 0xe6, 0xe6, 0xe6,
    0xe6, 0xe6, 0xe6, 0xe6, 0xe6, 0xe6, 0xe6, 0xe2, 0xe2, 0xe2, 0xf5, 0xf5,
    0xf5, 0x4a, 0x4a, 0x4a, 0x00, 0x00, 0x00, 0x00, 0x00, 0x00, 0x71, 0x71,
    0x71, 0xf8, 0xf8, 0xf8, 0xe1, 0xe1, 0xe1, 0xe6, 0xe6, 0xe6, 0xe6, 0xe6,
    0xe6, 0xe6, 0xe6, 0xe6, 0xe6, 0xe6, 0xe6, 0xe6, 0xe6, 0xe6, 0xe6, 0xe6,
    0xe6, 0xe6, 0xe6, 0xe6, 0xe6, 0xe6, 0xe6, 0xe6, 0xe6, 0xe6, 0xe6, 0xe6,
    0xe6, 0xe6, 0xe6, 0xe6, 0xe6, 0xe6, 0xe6, 0xe6, 0xe6, 0xe6, 0xe6, 0xe6,
    0xe6, 0xe6, 0xe6, 0xe6, 0xe4, 0xe4, 0xe4, 0xf2, 0xf2, 0xf2, 0x3f, 0x3f,
    0x3f, 0x08, 0x08, 0x08, 0x00, 0x00, 0x04, 0x04, 0x04, 0x43, 0x43, 0x43,
    0xf3, 0xf3, 0xf3, 0xe3, 0xe3, 0xe3, 0xe6, 0xe6, 0xe6, 0xe6, 0xe6, 0xe6,
    0xe6, 0xe6, 0xe6, 0xe6, 0xe6, 0xe6, 0xe6, 0xe6, 0xe6, 0xe6, 0xe6, 0xe6,
    0xe6, 0xe6, 0xe6, 0xe6, 0xe6, 0xe6, 0xe6, 0xe6, 0xe6, 0xe6, 0xe6, 0xe6,
    0xe6, 0xe6, 0xe6, 0xe6, 0xe6, 0xe6, 0xe6, 0xe6, 0xe6, 0xe6, 0xe6, 0xe6,
    0xe1, 0xe1, 0xe1, 0xf8, 0xf8, 0xf8, 0x96, 0x96, 0x96, 0x00, 0x00, 0x00,
    0x4d, 0x4d, 0x4d, 0x2c, 0x2c, 0x2c, 0x0d, 0x0d, 0x0d, 0xd4, 0xd4, 0xd4,
    0xec, 0xec, 0xec, 0xe4, 0xe4, 0xe4, 0xe6, 0xe6, 0xe6, 0xe6, 0xe6, 0xe6,
    0xe6, 0xe6, 0xe6, 0xe6, 0xe6, 0xe6, 0xe6, 0xe6, 0xe6, 0xe6, 0xe6, 0xe6,
    0xe6, 0xe6, 0xe6, 0xe6, 0xe6, 0xe6, 0xe6, 0xe6, 0xe6, 0xe6, 0xe6, 0xe6,
    0xe6, 0xe6, 0xe6, 0xe6, 0xe6, 0xe6, 0xe6, 0xe6, 0xe6, 0xe6, 0xe6, 0xe6,
    0xe3, 0xe3, 0xe3, 0xf2, 0xf2, 0xf2, 0x43, 0x43, 0x43, 0x05, 0x05, 0x05,
    0x00, 0x00, 0x22, 0x22, 0x22, 0x1d, 0x1d, 0x1d, 0xe4, 0xe4, 0xe4, 0xe7,
    0xe7, 0xe7, 0xe6, 0xe6, 0xe6, 0xe6, 0xe6, 0xe6, 0xe6, 0xe6, 0xe6, 0xe6,
    0xe6, 0xe6, 0xe6, 0xe6, 0xe6, 0xe6, 0xe6, 0xe6, 0xe6, 0xe6, 0xe6, 0xe6,
    0xe6, 0xe6, 0xe6, 0xe6, 0xe6, 0xe6, 0xe6, 0xe6, 0xe6, 0xe6, 0xe6, 0xe6,
    0xe6, 0xe6, 0xe6, 0xe6, 0xe6, 0xe1, 0xe1, 0xe1, 0xf3, 0xf3, 0xf3, 0xc1,
    0xc1, 0xc1, 0x0b, 0x0b, 0x0b, 0x14, 0x14, 0x14, 0xe5, 0xe5, 0xe5, 0xa5,
    0xa5, 0xa5, 0x00, 0x00, 0x00, 0x4d, 0x4d, 0x4d, 0xf5, 0xf5, 0xf5, 0xe3,
    0xe3, 0xe3, 0xe5, 0xe5, 0xe5, 0xe6, 0xe6, 0xe6, 0xe6, 0xe6, 0xe6, 0xe6,
    0xe6, 0xe6, 0xe6, 0xe6, 0xe6, 0xe6, 0xe6, 0xe6, 0xe6, 0xe6, 0xe6, 0xe6,
    0xe6, 0xe6, 0xe6, 0xe6, 0xe6, 0xe6, 0xe6, 0xe6, 0xe6, 0xe6, 0xe6, 0xe6,
    0xe6, 0xe6, 0xe6, 0xe6, 0xe6, 0xe6, 0xe6, 0xe6, 0xe5, 0xe5, 0xe5, 0xe8,
    0xe8, 0xe8, 0x24, 0x24, 0x24, 0x1c, 0x1c, 0x1c, 0x00, 0x00, 0x6a, 0x6a,
    0x6a, 0x00, 0x00, 0x00, 0xaf, 0xaf, 0xaf, 0xf2, 0xf2, 0xf2, 0xe3, 0xe3,
    0xe3, 0xe6, 0xe6, 0xe6, 0xe6, 0xe6, 0xe6, 0xe6, 0xe6, 0xe6, 0xe6, 0xe6,
    0xe6, 0xe6, 0xe6, 0xe6, 0xe6, 0xe6, 0xe6, 0xe6, 0xe6, 0xe6, 0xe6, 0xe6,
    0xe6, 0xe6, 0xe6, 0xe6, 0xe6, 0xe6, 0xe6, 0xe6, 0xe6, 0xe6, 0xe1, 0xe1,
    0xe1, 0xf3, 0xf3, 0xf3, 0xcd, 0xcd, 0xcd, 0x1b, 0x1b, 0x1b, 0x00, 0x00,
    0x00, 0xad, 0xad, 0xad, 0xf1, 0xf1, 0xf1, 0xef, 0xef, 0xef, 0x50, 0x50,
    0x50, 0x00, 0x00, 0x00, 0x7f, 0x7f, 0x7f, 0xfa, 0xfa, 0xfa, 0xe2, 0xe2,
    0xe2, 0xe5, 0xe5, 0xe5, 0xe6, 0xe6, 0xe6, 0xe6, 0xe6, 0xe6, 0xe6, 0xe6,
    0xe6, 0xe6, 0xe6, 0xe6, 0xe6, 0xe6, 0xe6, 0xe6, 0xe6, 0xe6, 0xe6, 0xe6,
    0xe6, 0xe6, 0xe6, 0xe6, 0xe6, 0xe6, 0xe6, 0xe6, 0xe6, 0xe6, 0xe6, 0xe6,
    0xe6, 0xe2, 0xe2, 0xe2, 0xf1, 0xf1, 0xf1, 0xbb, 0xbb, 0xbb, 0x01, 0x01,
    0x01, 0x5d, 0x5d, 0x5d, 0x00, 0x00, 0xd5, 0xd5, 0xd5, 0x05, 0x05, 0x05,
    0x3f, 0x3f, 0x3f, 0xf3, 0xf3, 0xf3, 0xe2, 0xe2, 0xe2, 0xe6, 0xe6, 0xe6,
    0xe6, 0xe6, 0xe6, 0xe6, 0xe6, 0xe6, 0xe6, 0xe6, 0xe6, 0xe6, 0xe6, 0xe6,
    0xe6, 0xe6, 0xe6, 0xe6, 0xe6, 0xe6, 0xe6, 0xe6, 0xe6, 0xe6, 0xe6, 0xe6,
    0xe4, 0xe4, 0xe4, 0xe3, 0xe3, 0xe3, 0xf8, 0xf8, 0xf8, 0xc0, 0xc0, 0xc0,
    0x1c, 0x1c, 0x1c, 0x00, 0x00, 0x00, 0x93, 0x93, 0x93, 0xf6, 0xf6, 0xf6,
    0xe1, 0xe1, 0xe1, 0xe9, 0xe9, 0xe9, 0xe1, 0xe1, 0xe1, 0x2a, 0x2a, 0x2a,
    0x00, 0x00, 0x00, 0x8b, 0x8b, 0x8b, 0xf9, 0xf9, 0xf9, 0xe5, 0xe5, 0xe5,
    0xe3, 0xe3, 0xe3, 0xe6, 0xe6, 0xe6, 0xe6, 0xe6, 0xe6, 0xe6, 0xe6, 0xe6,
    0xe6, 0xe6, 0xe6, 0xe6, 0xe6, 0xe6, 0xe6, 0xe6, 0xe6, 0xe6, 0xe6, 0xe6,
    0xe6, 0xe6, 0xe6, 0xe6, 0xe6, 0xe6, 0xe4, 0xe4, 0xe4, 0xe6, 0xe6, 0xe6,
    0xf0, 0xf0, 0xf0, 0x3c, 0x3c, 0x3c, 0x00, 0x00, 0x00, 0xc9, 0xc9, 0xc9,
    0x00, 0x00, 0xff, 0xff, 0xff, 0x64, 0x64, 0x64, 0x00, 0x00, 0x00, 0x90,
    0x90, 0x90, 0xfc, 0xfc, 0xfc, 0xe1, 0xe1, 0xe1, 0xe4, 0xe4, 0xe4, 0xe6,
    0xe6, 0xe6, 0xe6, 0xe6, 0xe6, 0xe6, 0xe6, 0xe6, 0xe6, 0xe6, 0xe6, 0xe5,
    0xe5, 0xe5, 0xe3, 0xe3, 0xe3, 0xe3, 0xe3, 0xe3, 0xef, 0xef, 0xef, 0xf3,
    0xf3, 0xf3, 0x97, 0x97, 0x97, 0x0c, 0x0c, 0x0c, 0x00, 0x00, 0x00, 0x65,
    0x65, 0x65, 0xfc, 0xfc, 0xfc, 0xe1, 0xe1, 0xe1, 0xe6, 0xe6, 0xe6, 0xe3,
    0xe3, 0xe3, 0xee, 0xee, 0xee, 0xd0, 0xd0, 0xd0, 0x26, 0x26, 0x26, 0x00,
    0x00, 0x00, 0x74, 0x74, 0x74, 0xed, 0xed, 0xed, 0xf1, 0xf1, 0xf1, 0xe3,
    0xe3, 0xe3, 0xe3, 0xe3, 0xe3, 0xe5, 0xe5, 0xe5, 0xe6, 0xe6, 0xe6, 0xe6,
    0xe6, 0xe6, 0xe6, 0xe6, 0xe6, 0xe6, 0xe6, 0xe6, 0xe5, 0xe5, 0xe5, 0xe1,
    0xe1, 0xe1, 0xe9, 0xe9, 0xe9, 0xf6, 0xf6, 0xf6, 0x66, 0x66, 0x66, 0x00,
    0x00, 0x00, 0x71, 0x71, 0x71, 0xff, 0xff, 0xff, 0x00, 0x00, 0xfd, 0xfd,
    0xfd, 0xec, 0xec, 0xec, 0x1e, 0x1e, 0x1e, 0x05, 0x05, 0x05, 0x9e, 0x9e,
    0x9e, 0xf8, 0xf8, 0xf8, 0xef, 0xef, 0xef, 0xe7, 0xe7, 0xe7, 0xe4, 0xe4,
    0xe4, 0xe4, 0xe4, 0xe4, 0xe6, 0xe6, 0xe6, 0xeb, 0xeb, 0xeb, 0xf4, 0xf4,
    0xf4, 0xf3, 0xf3, 0xf3, 0xc3, 0xc3, 0xc3, 0x4b, 0x4b, 0x4b, 0x00, 0x00,
    0x00, 0x0a, 0x0a, 0x0a, 0x05, 0x05, 0x05, 0x7e, 0x7e, 0x7e, 0xf5, 0xf5,
    0xf5, 0xe2, 0xe2, 0xe2, 0xe6, 0xe6, 0xe6, 0xe6, 0xe6, 0xe6, 0xe0, 0xe0,
    0xe0, 0xfb, 0xfb, 0xfb, 0x8b, 0x8b, 0x8b, 0x01, 0x01, 0x01, 0x00, 0x00,
    0x00, 0x37, 0x37, 0x37, 0xb9, 0xb9, 0xb9, 0xf2, 0xf2, 0xf2, 0xf4, 0xf4,
    0xf4, 0xeb, 0xeb, 0xeb, 0xe6, 0xe6, 0xe6, 0xe4, 0xe4, 0xe4, 0xe4, 0xe4,
    0xe4, 0xe6, 0xe6, 0xe6, 0xec, 0xec, 0xec, 0xf7, 0xf7, 0xf7, 0xe0, 0xe0,
    0xe0, 0x59, 0x59, 0x59, 0x00, 0x00, 0x00, 0x47, 0x47, 0x47, 0xfa, 0xfa,
    0xfa, 0xfc, 0xfc, 0xfc, 0x00, 0x00, 0xfd, 0xfd, 0xfd, 0xff, 0xff, 0xff,
    0xd0, 0xd0, 0xd0, 0x18, 0x18, 0x18, 0x00, 0x00, 0x00, 0x59, 0x59, 0x59,
    0xbf, 0xbf, 0xbf, 0xe6, 0xe6, 0xe6, 0xef, 0xef, 0xef, 0xf0, 0xf0, 0xf0,
    0xea, 0xea, 0xea, 0xd5, 0xd5, 0xd5, 0xa3, 0xa3, 0xa3, 0x4d, 0x4d, 0x4d,
    0x03, 0x03, 0x03, 0x00, 0x00, 0x00, 0x65, 0x65, 0x65, 0xcc, 0xcc, 0xcc,
    0x06, 0x06, 0x06, 0x54, 0x54, 0x54, 0xf6, 0xf6, 0xf6, 0xe1, 0xe1, 0xe1,
    0xe6, 0xe6, 0xe6, 0xe6, 0xe6, 0xe6, 0xe1, 0xe1, 0xe1, 0xf6, 0xf6, 0xf6,
    0x62, 0x62, 0x62, 0x05, 0x05, 0x05, 0x5f, 0x5f, 0x5f, 0x06, 0x06, 0x06,
    0x00, 0x00, 0x00, 0x46, 0x46, 0x46, 0x9f, 0x9f, 0x9f, 0xd5, 0xd5, 0xd5,
    0xe9, 0xe9, 0xe9, 0xf0, 0xf0, 0xf0, 0xf0, 0xf0, 0xf0, 0xe8, 0xe8, 0xe8,
    0xcf, 0xcf, 0xcf, 0x87, 0x87, 0x87, 0x1d, 0x1d, 0x1d, 0x00, 0x00, 0x00,
    0x56, 0x56, 0x56, 0xf5, 0xf5, 0xf5, 0xfe, 0xfe, 0xfe, 0xfe, 0xfe, 0xfe,
    0x00, 0x00, 0xff, 0xff, 0xff, 0xfd, 0xfd, 0xfd, 0xff, 0xff, 0xff, 0xdf,
    0xdf, 0xdf, 0x4c, 0x4c, 0x4c, 0x00, 0x00, 0x00, 0x00, 0x00, 0x00, 0x20,
    0x20, 0x20, 0x39, 0x39, 0x39, 0x3c, 0x3c, 0x3c, 0x2a, 0x2a, 0x2a, 0x0d,
    0x0d, 0x0d, 0x00, 0x00, 0x00, 0x07, 0x07, 0x07, 0x4f, 0x4f, 0x4f, 0xc3,
    0xc3, 0xc3, 0xff, 0xff, 0xff, 0xff, 0xff, 0xff, 0x38, 0x38, 0x38, 0x0c,
    0x0c, 0x0c, 0xce, 0xce, 0xce, 0xef, 0xef, 0xef, 0xe0, 0xe0, 0xe0, 0xe1,
    0xe1, 0xe1, 0xed, 0xed, 0xed, 0xd7, 0xd7, 0xd7, 0x13, 0x13, 0x13, 0x2b,
    0x2b, 0x2b, 0xff, 0xff, 0xff, 0xd1, 0xd1, 0xd1, 0x59, 0x59, 0x59, 0x0a,
    0x0a, 0x0a, 0x00, 0x00, 0x00, 0x0b, 0x0b, 0x0b, 0x28, 0x28, 0x28, 0x3b,
    0x3b, 0x3b, 0x3a, 0x3a, 0x3a, 0x26, 0x26, 0x26, 0x06, 0x06, 0x06, 0x00,
    0x00, 0x00, 0x20, 0x20, 0x20, 0x9a, 0x9a, 0x9a, 0xff, 0xff, 0xff, 0xff,
    0xff, 0xff, 0xfe, 0xfe, 0xfe, 0xff, 0xff, 0xff, 0x00, 0x00, 0xff, 0xff,
    0xff, 0xff, 0xff, 0xff, 0xfd, 0xfd, 0xfd, 0xff, 0xff, 0xff, 0xff, 0xff,
    0xff, 0xc4, 0xc4, 0xc4, 0x6f, 0x6f, 0x6f, 0x3b, 0x3b, 0x3b, 0x24, 0x24,
    0x24, 0x21, 0x21, 0x21, 0x31, 0x31, 0x31, 0x56, 0x56, 0x56, 0x95, 0x95,
    0x95, 0xdc, 0xdc, 0xdc, 0xff, 0xff, 0xff, 0xff, 0xff, 0xff, 0xf9, 0xf9,
    0xf9, 0xfe, 0xfe, 0xfe, 0xb9, 0xb9, 0xb9, 0x00, 0x00, 0x00, 0x3d, 0x3d,
    0x3d, 0xeb, 0xeb, 0xeb, 0xf5, 0xf5, 0xf5, 0xf4, 0xf4, 0xf4, 0xf0, 0xf0,
    0xf0, 0x48, 0x48, 0x48, 0x00, 0x00, 0x00, 0xab, 0xab, 0xab, 0xfd, 0xfd,
    0xfd, 0xff, 0xff, 0xff, 0xff, 0xff, 0xff, 0xe0, 0xe0, 0xe0, 0x99, 0x99,
    0x99, 0x59, 0x59, 0x59, 0x33, 0x33, 0x33, 0x22, 0x22, 0x22, 0x22, 0x22,
    0x22, 0x34, 0x34, 0x34, 0x5f, 0x5f, 0x5f, 0xa8, 0xa8, 0xa8, 0xf3, 0xf3,
    0xf3, 0xff, 0xff, 0xff, 0xfe, 0xfe, 0xfe, 0xfe, 0xfe, 0xfe, 0xff, 0xff,
    0xff, 0xff, 0xff, 0xff, 0x00, 0x00, 0xff, 0xff, 0xff, 0xff, 0xff, 0xff,
    0xff, 0xff, 0xff, 0xfd, 0xfd, 0xfd, 0xfe, 0xfe, 0xfe, 0xff, 0xff, 0xff,
    0xff, 0xff, 0xff, 0xff, 0xff, 0xff, 0xfe, 0xfe, 0xfe, 0xfd, 0xfd, 0xfd,
    0xff, 0xff, 0xff, 0xff, 0xff, 0xff, 0xff, 0xff, 0xff, 0xff, 0xff, 0xff,
    0xfd, 0xfd, 0xfd, 0xfc, 0xfc, 0xfc, 0xff, 0xff, 0xff, 0xfc, 0xfc, 0xfc,
    0xff, 0xff, 0xff, 0x70, 0x70, 0x70, 0x00, 0x00, 0x00, 0x36, 0x36, 0x36,
    0xa4, 0xa4, 0xa4, 0xa8, 0xa8, 0xa8, 0x3e, 0x3e, 0x3e, 0x00, 0x00, 0x00,
    0x62, 0x62, 0x62, 0xff, 0xff, 0xff, 0xfc, 0xfc, 0xfc, 0xfd, 0xfd, 0xfd,
    0xfc, 0xfc, 0xfc, 0xff, 0xff, 0xff, 0xff, 0xff, 0xff, 0xff, 0xff, 0xff,
    0xff, 0xff, 0xff, 0xfd, 0xfd, 0xfd, 0xfd, 0xfd, 0xfd, 0xff, 0xff, 0xff,
    0xff, 0xff, 0xff, 0xff, 0xff, 0xff, 0xff, 0xff, 0xff, 0xfc, 0xfc, 0xfc,
    0xff, 0xff, 0xff, 0xff, 0xff, 0xff, 0xff, 0xff, 0xff, 0xff, 0xff, 0xff,
    0x00, 0x00, 0xff, 0xff, 0xff, 0xff, 0xff, 0xff, 0xff, 0xff, 0xff, 0xff,
    0xff, 0xff, 0xff, 0xff, 0xff, 0xfc, 0xfc, 0xfc, 0xfb, 0xfb, 0xfb, 0xfe,
    0xfe, 0xfe, 0xff, 0xff, 0xff, 0xff, 0xff, 0xff, 0xff, 0xff, 0xff, 0xfc,
    0xfc, 0xfc, 0xfb, 0xfb, 0xfb, 0xfd, 0xfd, 0xfd, 0xff, 0xff, 0xff, 0xff,
    0xff, 0xff, 0xff, 0xff, 0xff, 0xfe, 0xfe, 0xfe, 0xf9, 0xf9, 0xf9, 0xfd,
    0xfd, 0xfd, 0x41, 0x41, 0x41, 0x00, 0x00, 0x00, 0x03, 0x03, 0x03, 0x02,
    0x02, 0x02, 0x00, 0x00, 0x00, 0x2f, 0x2f, 0x2f, 0xfa, 0xfa, 0xfa, 0xfb,
    0xfb, 0xfb, 0xfe, 0xfe, 0xfe, 0xff, 0xff, 0xff, 0xff, 0xff, 0xff, 0xfd,
    0xfd, 0xfd, 0xfb, 0xfb, 0xfb, 0xfc, 0xfc, 0xfc, 0xfe, 0xfe, 0xfe, 0xff,
    0xff, 0xff, 0xff, 0xff, 0xff, 0xfe, 0xfe, 0xfe, 0xfc, 0xfc, 0xfc, 0xfb,
    0xfb, 0xfb, 0xfe, 0xfe, 0xfe, 0xff, 0xff, 0xff, 0xff, 0xff, 0xff, 0xff,
    0xff, 0xff, 0xff, 0xff, 0xff, 0xff, 0xff, 0xff, 0x00, 0x00, 0xff, 0xff,
    0xff, 0xff, 0xff, 0xff, 0xff, 0xff, 0xff, 0xff, 0xff, 0xff, 0xff, 0xff,
    0xff, 0xff, 0xff, 0xff, 0xff, 0xff, 0xff, 0xff, 0xff, 0xff, 0xfe, 0xfe,
    0xfe, 0xfe, 0xfe, 0xfe, 0xff, 0xff, 0xff, 0xff, 0xff, 0xff, 0xff, 0xff,
    0xff, 0xff, 0xff, 0xff, 0xff, 0xff, 0xff, 0xff, 0xff, 0xff, 0xff, 0xff,
    0xff, 0xfe, 0xfe, 0xfe, 0xff, 0xff, 0xff, 0xff, 0xff, 0xff, 0x60, 0x60,
    0x60, 0x0d, 0x0d, 0x0d, 0x8a, 0x8a, 0x8a, 0x91, 0x91, 0x91, 0x17, 0x17,
    0x17, 0x46, 0x46, 0x46, 0xff, 0xff, 0xff, 0xff, 0xff, 0xff, 0xfd, 0xfd,
    0xfd, 0xfe, 0xfe, 0xfe, 0xff, 0xff, 0xff, 0xff, 0xff, 0xff, 0xff, 0xff,
    0xff, 0xff, 0xff, 0xff, 0xff, 0xff, 0xff, 0xfe, 0xfe, 0xfe, 0xfe, 0xfe,
    0xfe, 0xff, 0xff, 0xff, 0xff, 0xff, 0xff, 0xff, 0xff, 0xff, 0xff, 0xff,
    0xff, 0xff, 0xff, 0xff, 0xff, 0xff, 0xff, 0xff, 0xff, 0xff, 0xff, 0xff,
    0xff, 0xff, 0xff, 0xff, 0x00, 0x00, 0xff, 0xff, 0xff, 0xff, 0xff, 0xff,
    0xff, 0xff, 0xff, 0xff, 0xff, 0xff, 0xff, 0xff, 0xff, 0xff, 0xff, 0xff,
    0xff, 0xff, 0xff, 0xff, 0xff, 0xff, 0xff, 0xff, 0xff, 0xff, 0xff, 0xff,
    0xff, 0xff, 0xff, 0xff, 0xff, 0xff, 0xff, 0xff, 0xff, 0xff, 0xff, 0xff,
    0xff, 0xff, 0xff, 0xfe, 0xfe, 0xfe, 0xff, 0xff, 0xff, 0xff, 0xff, 0xff,
    0xc9, 0xc9, 0xc9, 0xc9, 0xc9, 0xc9, 0x46, 0x46, 0x46, 0x11, 0x11, 0x11,
    0xe7, 0xe7, 0xe7, 0xf7, 0xf7, 0xf7, 0x20, 0x20, 0x20, 0x2f, 0x2f, 0x2f,
    0xc1, 0xc1, 0xc1, 0xd2, 0xd2, 0xd2, 0xff, 0xff, 0xff, 0xff, 0xff, 0xff,
    0xff, 0xff, 0xff, 0xff, 0xff, 0xff, 0xff, 0xff, 0xff, 0xff, 0xff, 0xff,
    0xff, 0xff, 0xff, 0xff, 0xff, 0xff, 0xff, 0xff, 0xff, 0xff, 0xff, 0xff,
    0xff, 0xff, 0xff, 0xff, 0xff, 0xff, 0xff, 0xff, 0xff, 0xff, 0xff, 0xff,
    0xff, 0xff, 0xff, 0xff, 0xff, 0xff, 0xff, 0xff, 0xff, 0xff, 0xff, 0xff,
    0x00, 0x00, 0xff, 0xff, 0xff, 0xff, 0xff, 0xff, 0xff, 0xff, 0xff, 0xff,
    0xff, 0xff, 0xff, 0xff, 0xff, 0xff, 0xff, 0xff, 0xff, 0xff, 0xff, 0xff,
    0xff, 0xff, 0xff, 0xff, 0xff, 0xff, 0xff, 0xff, 0xff, 0xff, 0xff, 0xff,
    0xff, 0xff, 0xff, 0xff, 0xff, 0xff, 0xff, 0xff, 0xff, 0xff, 0xff, 0xfd,
    0xfd, 0xfd, 0xfa, 0xfa, 0xfa, 0x6d, 0x6d, 0x6d, 0x00, 0x00, 0x00, 0x00,
    0x00, 0x00, 0x00, 0x00, 0x00, 0x00, 0x00, 0x00, 0xd2, 0xd2, 0xd2, 0xe3,
    0xe3, 0xe3, 0x0f, 0x0f, 0x0f, 0x00, 0x00, 0x00, 0x00, 0x00, 0x00, 0x02,
    0x02, 0x02, 0x68, 0x68, 0x68, 0xec, 0xec, 0xec, 0xfd, 0xfd, 0xfd, 0xfe,
    0xfe, 0xfe, 0xff, 0xff, 0xff, 0xff, 0xff, 0xff, 0xff, 0xff, 0xff, 0xff,
    0xff, 0xff, 0xff, 0xff, 0xff, 0xff, 0xff, 0xff, 0xff, 0xff, 0xff, 0xff,
    0xff, 0xff, 0xff, 0xff, 0xff, 0xff, 0xff, 0xff, 0xff, 0xff, 0xff, 0xff,
    0xff, 0xff, 0xff, 0xff, 0xff, 0xff, 0xff, 0xff, 0x00, 0x00, 0xff, 0xff,
    0xff, 0xff, 0xff, 0xff, 0xff, 0xff, 0xff, 0xff, 0xff, 0xff, 0xff, 0xff,
    0xff, 0xff, 0xff, 0xff, 0xff, 0xff, 0xff, 0xff, 0xff, 0xff, 0xff, 0xff,
    0xff, 0xff, 0xff, 0xff, 0xff, 0xff, 0xff, 0xff, 0xff, 0xff, 0xff, 0xff,
    0xff, 0xff, 0xff, 0xff, 0xfc, 0xfc, 0xfc, 0xff, 0xff, 0xff, 0xc6, 0xc6,
    0xc6, 0x00, 0x00, 0x00, 0x38, 0x38, 0x38, 0x86, 0x86, 0x86, 0x7d, 0x7d,
    0x7d, 0x85, 0x85, 0x85, 0xdf, 0xdf, 0xdf, 0xe7, 0xe7, 0xe7, 0x9d, 0x9d,
    0x9d, 0x8b, 0x8b, 0x8b, 0x8c, 0x8c, 0x8c, 0x3b, 0x3b, 0x3b, 0x00, 0x00,
    0x00, 0xa5, 0xa5, 0xa5, 0xff, 0xff, 0xff, 0xfb, 0xfb, 0xfb, 0xff, 0xff,
    0xff, 0xff, 0xff, 0xff, 0xff, 0xff, 0xff, 0xff, 0xff, 0xff, 0xff, 0xff,
    0xff, 0xff, 0xff, 0xff, 0xff, 0xff, 0xff, 0xff, 0xff, 0xff, 0xff, 0xff,
    0xff, 0xff, 0xff, 0xff, 0xff, 0xff, 0xff, 0xff, 0xff, 0xff, 0xff, 0xff,
    0xff, 0xff, 0xff, 0xff, 0x00, 0x00, 0xff, 0xff, 0xff, 0xff, 0xff, 0xff,
    0xff, 0xff, 0xff, 0xff, 0xff, 0xff, 0xff, 0xff, 0xff, 0xff, 0xff, 0xff,
    0xff, 0xff, 0xff, 0xff, 0xff, 0xff, 0xff, 0xff, 0xff, 0xff, 0xff, 0xff,
    0xff, 0xff, 0xff, 0xff, 0xff, 0xff, 0xff, 0xff, 0xff, 0xff, 0xff, 0xff,
    0xfc, 0xfc, 0xfc, 0xff, 0xff, 0xff, 0xbf, 0xbf, 0xbf, 0x03, 0x03, 0x03,
    0x8f, 0x8f, 0x8f, 0xff, 0xff, 0xff, 0xff, 0xff, 0xff, 0xff, 0xff, 0xff,
    0xe8, 0xe8, 0xe8, 0xe6, 0xe6, 0xe6, 0xff, 0xff, 0xff, 0xff, 0xff, 0xff,
    0xff, 0xff, 0xff, 0xae, 0xae, 0xae, 0x05, 0x05, 0x05, 0xa5, 0xa5, 0xa5,
    0xff, 0xff, 0xff, 0xfb, 0xfb, 0xfb, 0xff, 0xff, 0xff, 0xff, 0xff, 0xff,
    0xff, 0xff, 0xff, 0xff, 0xff, 0xff, 0xff, 0xff, 0xff, 0xff, 0xff, 0xff,
    0xff, 0xff, 0xff, 0xff, 0xff, 0xff, 0xff, 0xff, 0xff, 0xff, 0xff, 0xff,
    0xff, 0xff, 0xff, 0xff, 0xff, 0xff, 0xff, 0xff, 0xff, 0xff, 0xff, 0xff,
    0x00, 0x00, 0xff, 0xff, 0xff, 0xff, 0xff, 0xff, 0xff, 0xff, 0xff, 0xff,
    0xff, 0xff, 0xff, 0xff, 0xff, 0xff, 0xff, 0xff, 0xff, 0xff, 0xff, 0xff,
    0xff, 0xff, 0xff, 0xff, 0xff, 0xff, 0xff, 0xff, 0xff, 0xff, 0xff, 0xff,
    0xff, 0xff, 0xff, 0xff, 0xff, 0xff, 0xff, 0xff, 0xfd, 0xfd, 0xfd, 0xff,
    0xff, 0xff, 0xce, 0xce, 0xce, 0x00, 0x00, 0x00, 0x21, 0x21, 0x21, 0x71,
    0x71, 0x71, 0x6b, 0x6b, 0x6b, 0x75, 0x75, 0x75, 0xde, 0xde, 0xde, 0xe6,
    0xe6, 0xe6, 0x79, 0x79, 0x79, 0x64, 0x64, 0x64, 0x66, 0x66, 0x66, 0x27,
    0x27, 0x27, 0x00, 0x00, 0x00, 0xb3, 0xb3, 0xb3, 0xff, 0xff, 0xff, 0xfc,
    0xfc, 0xfc, 0xff, 0xff, 0xff, 0xff, 0xff, 0xff, 0xff, 0xff, 0xff, 0xff,
    0xff, 0xff, 0xff, 0xff, 0xff, 0xff, 0xff, 0xff, 0xff, 0xff, 0xff, 0xff,
    0xff, 0xff, 0xff, 0xff, 0xff, 0xff, 0xff, 0xff, 0xff, 0xff, 0xff, 0xff,
    0xff, 0xff, 0xff, 0xff, 0xff, 0xff, 0xff, 0xff, 0x00, 0x00, 0xff, 0xff,
    0xff, 0xff, 0xff, 0xff, 0xff, 0xff, 0xff, 0xff, 0xff, 0xff, 0xff, 0xff,
    0xff, 0xff, 0xff, 0xff, 0xff, 0xff, 0xff, 0xff, 0xff, 0xff, 0xff, 0xff,
    0xff, 0xff, 0xff, 0xff, 0xff, 0xff, 0xff, 0xff, 0xff, 0xff, 0xff, 0xff,
    0xff, 0xff, 0xff, 0xff, 0xff, 0xff, 0xff, 0xfd, 0xfd, 0xfd, 0xff, 0xff,
    0xff, 0x98, 0x98, 0x98, 0x06, 0x06, 0x06, 0x01, 0x01, 0x01, 0x00, 0x00,
    0x00, 0x00, 0x00, 0x00, 0xd4, 0xd4, 0xd4, 0xe5, 0xe5, 0xe5, 0x0d, 0x0d,
    0x0d, 0x01, 0x01, 0x01, 0x06, 0x06, 0x06, 0x0a, 0x0a, 0x0a, 0x88, 0x88,
    0x88, 0xfd, 0xfd, 0xfd, 0xfd, 0xfd, 0xfd, 0xff, 0xff, 0xff, 0xff, 0xff,
    0xff, 0xff, 0xff, 0xff, 0xff, 0xff, 0xff, 0xff, 0xff, 0xff, 0xff, 0xff,
    0xff, 0xff, 0xff, 0xff, 0xff, 0xff, 0xff, 0xff, 0xff, 0xff, 0xff, 0xff,
    0xff, 0xff, 0xff, 0xff, 0xff, 0xff, 0xff, 0xff, 0xff, 0xff, 0xff, 0xff,
    0xff, 0xff, 0xff, 0xff, 0x00, 0x00, 0xff, 0xff, 0xff, 0xff, 0xff, 0xff,
    0xff, 0xff, 0xff, 0xff, 0xff, 0xff, 0xff, 0xff, 0xff, 0xff, 0xff, 0xff,
    0xff, 0xff, 0xff, 0xff, 0xff, 0xff, 0xff, 0xff, 0xff, 0xff, 0xff, 0xff,
    0xff, 0xff, 0xff, 0xff, 0xff, 0xff, 0xff, 0xff, 0xff, 0xff, 0xff, 0xff,
    0xff, 0xff, 0xff, 0xff, 0xff, 0xff, 0xff, 0xff, 0xff, 0xff, 0xff, 0xff,
    0xdb, 0xdb, 0xdb, 0xd9, 0xd9, 0xd9, 0x4b, 0x4b, 0x4b, 0x12, 0x12, 0x12,
    0xdd, 0xdd, 0xdd, 0xec, 0xec, 0xec, 0x22, 0x22, 0x22, 0x38, 0x38, 0x38,
    0xe3, 0xe3, 0xe3, 0xe5, 0xe5, 0xe5, 0xff, 0xff, 0xff, 0xff, 0xff, 0xff,
    0xff, 0xff, 0xff, 0xff, 0xff, 0xff, 0xff, 0xff, 0xff, 0xff, 0xff, 0xff,
    0xff, 0xff, 0xff, 0xff, 0xff, 0xff, 0xff, 0xff, 0xff, 0xff, 0xff, 0xff,
    0xff, 0xff, 0xff, 0xff, 0xff, 0xff, 0xff, 0xff, 0xff, 0xff, 0xff, 0xff,
    0xff, 0xff, 0xff, 0xff, 0xff, 0xff, 0xff, 0xff, 0xff, 0xff, 0xff, 0xff,
    0x00, 0x00, 0xff, 0xff, 0xff, 0xff, 0xff, 0xff, 0xff, 0xff, 0xff, 0xff,
    0xff, 0xff, 0xff, 0xff, 0xff, 0xff, 0xff, 0xff, 0xff, 0xff, 0xff, 0xff,
    0xff, 0xff, 0xff, 0xff, 0xff, 0xff, 0xff, 0xff, 0xff, 0xff, 0xff, 0xff,
    0xff, 0xff, 0xff, 0xff, 0xff, 0xff, 0xff, 0xff, 0xff, 0xff, 0xff, 0xff,
    0xff, 0xff, 0xff, 0xff, 0xff, 0xfd, 0xfd, 0xfd, 0xff, 0xff, 0xff, 0xff,
    0xff, 0xff, 0x5e, 0x5e, 0x5e, 0x04, 0x04, 0x04, 0xb9, 0xb9, 0xb9, 0xc8,
    0xc8, 0xc8, 0x09, 0x09, 0x09, 0x41, 0x41, 0x41, 0xff, 0xff, 0xff, 0xff,
    0xff, 0xff, 0xfd, 0xfd, 0xfd, 0xff, 0xff, 0xff, 0xff, 0xff, 0xff, 0xff,
    0xff, 0xff, 0xff, 0xff, 0xff, 0xff, 0xff, 0xff, 0xff, 0xff, 0xff, 0xff,
    0xff, 0xff, 0xff, 0xff, 0xff, 0xff, 0xff, 0xff, 0xff, 0xff, 0xff, 0xff,
    0xff, 0xff, 0xff, 0xff, 0xff, 0xff, 0xff, 0xff, 0xff, 0xff, 0xff, 0xff,
    0xff, 0xff, 0xff, 0xff, 0xff, 0xff, 0xff, 0xff, 0x00, 0x00, 0xff, 0xff,
    0xff, 0xff, 0xff, 0xff, 0xff, 0xff, 0xff, 0xff, 0xff, 0xff, 0xff, 0xff,
    0xff, 0xff, 0xff, 0xff, 0xff, 0xff, 0xff, 0xff, 0xff, 0xff, 0xff, 0xff,
    0xff, 0xff, 0xff, 0xff, 0xff, 0xff, 0xff, 0xff, 0xff, 0xff, 0xff, 0xff,
    0xff, 0xff, 0xff, 0xff, 0xff, 0xff, 0xff, 0xff, 0xff, 0xff, 0xff, 0xff,
    0xff, 0xff, 0xff, 0xff, 0xfb, 0xfb, 0xfb, 0xfc, 0xfc, 0xfc, 0xd0, 0xd0,
    0xd0, 0x0d, 0x0d, 0x0d, 0x1a, 0x1a, 0x1a, 0x1d, 0x1d, 0x1d, 0x08, 0x08,
    0x08, 0xc2, 0xc2, 0xc2, 0xfd, 0xfd, 0xfd, 0xfb, 0xfb, 0xfb, 0xff, 0xff,
    0xff, 0xff, 0xff, 0xff, 0xff, 0xff, 0xff, 0xff, 0xff, 0xff, 0xff, 0xff,
    0xff, 0xff, 0xff, 0xff, 0xff, 0xff, 0xff, 0xff, 0xff, 0xff, 0xff, 0xff,
    0xff, 0xff, 0xff, 0xff, 0xff, 0xff, 0xff, 0xff, 0xff, 0xff, 0xff, 0xff,
    0xff, 0xff, 0xff, 0xff, 0xff, 0xff, 0xff, 0xff, 0xff, 0xff, 0xff, 0xff,
    0xff, 0xff, 0xff, 0xff, 0x00, 0x00, 0xff, 0xff, 0xff, 0xff, 0xff, 0xff,
    0xff, 0xff, 0xff, 0xff, 0xff, 0xff, 0xff, 0xff, 0xff, 0xff, 0xff, 0xff,
    0xff, 0xff, 0xff, 0xff, 0xff, 0xff, 0xff, 0xff, 0xff, 0xff, 0xff, 0xff,
    0xff, 0xff, 0xff, 0xff, 0xff, 0xff, 0xff, 0xff, 0xff, 0xff, 0xff, 0xff,
    0xff, 0xff, 0xff, 0xff, 0xff, 0xff, 0xff, 0xff, 0xff, 0xff, 0xff, 0xff,
    0xff, 0xff, 0xff, 0xfc, 0xfc, 0xfc, 0xff, 0xff, 0xff, 0x92, 0x92, 0x92,
    0x00, 0x00, 0x00, 0x01, 0x01, 0x01, 0x91, 0x91, 0x91, 0xff, 0xff, 0xff,
    0xfc, 0xfc, 0xfc, 0xff, 0xff, 0xff, 0xff, 0xff, 0xff, 0xff, 0xff, 0xff,
    0xff, 0xff, 0xff, 0xff, 0xff, 0xff, 0xff, 0xff, 0xff, 0xff, 0xff, 0xff,
    0xff, 0xff, 0xff, 0xff, 0xff, 0xff, 0xff, 0xff, 0xff, 0xff, 0xff, 0xff,
    0xff, 0xff, 0xff, 0xff, 0xff, 0xff, 0xff, 0xff, 0xff, 0xff, 0xff, 0xff,
    0xff, 0xff, 0xff, 0xff, 0xff, 0xff, 0xff, 0xff, 0xff, 0xff, 0xff, 0xff,
    0x00, 0x00
};
static const unsigned int white_king_bmp_len = 6494;

/* white_knight.bmp (6494 bytes, 46x46 px) */
static const unsigned char white_knight_bmp[] = {
    0x42, 0x4d, 0x5e, 0x19, 0x00, 0x00, 0x00, 0x00, 0x00, 0x00, 0x36, 0x00,
    0x00, 0x00, 0x28, 0x00, 0x00, 0x00, 0x2e, 0x00, 0x00, 0x00, 0x2e, 0x00,
    0x00, 0x00, 0x01, 0x00, 0x18, 0x00, 0x00, 0x00, 0x00, 0x00, 0x28, 0x19,
    0x00, 0x00, 0xc4, 0x0e, 0x00, 0x00, 0xc4, 0x0e, 0x00, 0x00, 0x00, 0x00,
    0x00, 0x00, 0x00, 0x00, 0x00, 0x00, 0xff, 0xff, 0xff, 0xff, 0xff, 0xff,
    0xff, 0xff, 0xff, 0xff, 0xff, 0xff, 0xff, 0xff, 0xff, 0xff, 0xff, 0xff,
    0xfd, 0xfd, 0xfd, 0xfd, 0xfd, 0xfd, 0x48, 0x48, 0x48, 0x00, 0x00, 0x00,
    0x03, 0x03, 0x03, 0x00, 0x00, 0x00, 0x00, 0x00, 0x00, 0x00, 0x00, 0x00,
    0x00, 0x00, 0x00, 0x00, 0x00, 0x00, 0x00, 0x00, 0x00, 0x00, 0x00, 0x00,
    0x00, 0x00, 0x00, 0x00, 0x00, 0x00, 0x00, 0x00, 0x00, 0x00, 0x00, 0x00,
    0x00, 0x00, 0x00, 0x00, 0x00, 0x00, 0x00, 0x00, 0x00, 0x00, 0x00, 0x00,
    0x00, 0x00, 0x00, 0x00, 0x00, 0x00, 0x00, 0x00, 0x00, 0x00, 0x00, 0x00,
    0x00, 0x00, 0x00, 0x00, 0x00, 0x00, 0x00, 0x00, 0x00, 0x00, 0x00, 0x00,
    0x00, 0x00, 0x00, 0x00, 0x00, 0x00, 0x00, 0x00, 0x00, 0x00, 0x00, 0x00,
    0x00, 0x00, 0x00, 0x00, 0x00, 0x00, 0x00, 0x00, 0x00, 0x00, 0x00, 0x00,
    0x00, 0x00, 0x00, 0x02, 0x02, 0x02, 0x00, 0x00, 0x00, 0x39, 0x39, 0x39,
    0x00, 0x00, 0xff, 0xff, 0xff, 0xff, 0xff, 0xff, 0xff, 0xff, 0xff, 0xff,
    0xff, 0xff, 0xff, 0xff, 0xff, 0xfe, 0xfe, 0xfe, 0xff, 0xff, 0xff, 0xfc,
    0xfc, 0xfc, 0x1d, 0x1d, 0x1d, 0x00, 0x00, 0x00, 0x21, 0x21, 0x21, 0x28,
    0x28, 0x28, 0x26, 0x26, 0x26, 0x27, 0x27, 0x27, 0x27, 0x27, 0x27, 0x27,
    0x27, 0x27, 0x27, 0x27, 0x27, 0x27, 0x27, 0x27, 0x27, 0x27, 0x27, 0x27,
    0x27, 0x27, 0x27, 0x27, 0x27, 0x27, 0x27, 0x27, 0x27, 0x27, 0x27, 0x27,
    0x27, 0x27, 0x27, 0x27, 0x27, 0x27, 0x27, 0x27, 0x27, 0x27, 0x27, 0x27,
    0x27, 0x27, 0x27, 0x27, 0x27, 0x27, 0x27, 0x27, 0x27, 0x27, 0x27, 0x27,
    0x27, 0x27, 0x27, 0x27, 0x27, 0x27, 0x27, 0x27, 0x27, 0x27, 0x27, 0x27,
    0x27, 0x27, 0x27, 0x27, 0x27, 0x27, 0x27, 0x27, 0x25, 0x25, 0x25, 0x25,
    0x25, 0x25, 0x25, 0x25, 0x25, 0x27, 0x27, 0x27, 0x28, 0x28, 0x28, 0x21,
    0x21, 0x21, 0x00, 0x00, 0x00, 0x06, 0x06, 0x06, 0x00, 0x00, 0xff, 0xff,
    0xff, 0xff, 0xff, 0xff, 0xff, 0xff, 0xff, 0xff, 0xff, 0xff, 0xff, 0xff,
    0xff, 0xff, 0xff, 0xff, 0xfe, 0xfe, 0xfe, 0xff, 0xff, 0xff, 0x36, 0x36,
    0x36, 0x00, 0x00, 0x00, 0xa9, 0xa9, 0xa9, 0xf5, 0xf5, 0xf5, 0xe6, 0xe6,
    0xe6, 0xe9, 0xe9, 0xe9, 0xe9, 0xe9, 0xe9, 0xe9, 0xe9, 0xe9, 0xe9, 0xe9,
    0xe9, 0xe9, 0xe9, 0xe9, 0xe9, 0xe9, 0xe9, 0xe9, 0xe9, 0xe9, 0xe9, 0xe9,
    0xe9, 0xe9, 0xe9, 0xe9, 0xe9, 0xe9, 0xe9, 0xe9, 0xe9, 0xe9, 0xe9, 0xe9,
    0xe9, 0xe9, 0xe9, 0xe9, 0xe9, 0xe9, 0xe9, 0xe9, 0xe9, 0xe9, 0xe9, 0xe9,
    0xe9, 0xe9, 0xe9, 0xe9, 0xe9, 0xe9, 0xe9, 0xe9, 0xe9, 0xe9, 0xe9, 0xe9,
    0xe9, 0xe9, 0xe9, 0xe9, 0xe9, 0xe9, 0xe9, 0xe9, 0xe9, 0xe9, 0xe9, 0xe9,
    0xe9, 0xe7, 0xe7, 0xe7, 0xef, 0xef, 0xef, 0xf2, 0xf2, 0xf2, 0xf0, 0xf0,
    0xf0, 0xe6, 0xe6, 0xe6, 0xf1, 0xf1, 0xf1, 0xc6, 0xc6, 0xc6, 0x01, 0x01,
    0x01, 0x09, 0x09, 0x09, 0x00, 0x00, 0xff, 0xff, 0xff, 0xff, 0xff, 0xff,
    0xff, 0xff, 0xff, 0xff, 0xff, 0xff, 0xff, 0xff, 0xff, 0xff, 0xff, 0xff,
    0xfb, 0xfb, 0xfb, 0xff, 0xff, 0xff, 0x60, 0x60, 0x60, 0x01, 0x01, 0x01,
    0x79, 0x79, 0x79, 0xf7, 0xf7, 0xf7, 0xe2, 0xe2, 0xe2, 0xe6, 0xe6, 0xe6,
    0xe6, 0xe6, 0xe6, 0xe6, 0xe6, 0xe6, 0xe6, 0xe6, 0xe6, 0xe6, 0xe6, 0xe6,
    0xe6, 0xe6, 0xe6, 0xe6, 0xe6, 0xe6, 0xe6, 0xe6, 0xe6, 0xe6, 0xe6, 0xe6,
    0xe6, 0xe6, 0xe6, 0xe6, 0xe6, 0xe6, 0xe6, 0xe6, 0xe6, 0xe6, 0xe6, 0xe6,
    0xe6, 0xe6, 0xe6, 0xe6, 0xe6, 0xe6, 0xe6, 0xe6, 0xe6, 0xe6, 0xe6, 0xe6,
    0xe6, 0xe6, 0xe6, 0xe6, 0xe6, 0xe6, 0xe6, 0xe6, 0xe6, 0xe6, 0xe6, 0xe6,
    0xe6, 0xe6, 0xe6, 0xe6, 0xe6, 0xe6, 0xe4, 0xe4, 0xe4, 0xf0, 0xf0, 0xf0,
    0xb2, 0xb2, 0xb2, 0x3b, 0x3b, 0x3b, 0xa8, 0xa8, 0xa8, 0xef, 0xef, 0xef,
    0xec, 0xec, 0xec, 0xc6, 0xc6, 0xc6, 0x02, 0x02, 0x02, 0x07, 0x07, 0x07,
    0x00, 0x00, 0xff, 0xff, 0xff, 0xff, 0xff, 0xff, 0xff, 0xff, 0xff, 0xff,
    0xff, 0xff, 0xff, 0xff, 0xff, 0xff, 0xff, 0xff, 0xfb, 0xfb, 0xfb, 0xff,
    0xff, 0xff, 0xa6, 0xa6, 0xa6, 0x00, 0x00, 0x00, 0x2c, 0x2c, 0x2c, 0xeb,
    0xeb, 0xeb, 0xe4, 0xe4, 0xe4, 0xe5, 0xe5, 0xe5, 0xe6, 0xe6, 0xe6, 0xe6,
    0xe6, 0xe6, 0xe6, 0xe6, 0xe6, 0xe6, 0xe6, 0xe6, 0xe6, 0xe6, 0xe6, 0xe6,
    0xe6, 0xe6, 0xe6, 0xe6, 0xe6, 0xe6, 0xe6, 0xe6, 0xe6, 0xe6, 0xe6, 0xe6,
    0xe6, 0xe6, 0xe6, 0xe6, 0xe6, 0xe6, 0xe6, 0xe6, 0xe6, 0xe6, 0xe6, 0xe6,
    0xe6, 0xe6, 0xe6, 0xe6, 0xe6, 0xe6, 0xe6, 0xe6, 0xe6, 0xe6, 0xe6, 0xe6,
    0xe6, 0xe6, 0xe6, 0xe6, 0xe6, 0xe6, 0xe6, 0xe6, 0xe6, 0xe6, 0xe6, 0xe6,
    0xe6, 0xe6, 0xe1, 0xe1, 0xe1, 0xf8, 0xf8, 0xf8, 0x73, 0x73, 0x73, 0x00,
    0x00, 0x00, 0x5c, 0x5c, 0x5c, 0xf5, 0xf5, 0xf5, 0xe9, 0xe9, 0xe9, 0xc6,
    0xc6, 0xc6, 0x02, 0x02, 0x02, 0x07, 0x07, 0x07, 0x00, 0x00, 0xff, 0xff,
    0xff, 0xff, 0xff, 0xff, 0xff, 0xff, 0xff, 0xff, 0xff, 0xff, 0xff, 0xff,
    0xff, 0xff, 0xff, 0xff, 0xfe, 0xfe, 0xfe, 0xfe, 0xfe, 0xfe, 0xf1, 0xf1,
    0xf1, 0x1a, 0x1a, 0x1a, 0x02, 0x02, 0x02, 0x96, 0x96, 0x96, 0xf8, 0xf8,
    0xf8, 0xe1, 0xe1, 0xe1, 0xe6, 0xe6, 0xe6, 0xe6, 0xe6, 0xe6, 0xe6, 0xe6,
    0xe6, 0xe6, 0xe6, 0xe6, 0xe6, 0xe6, 0xe6, 0xe6, 0xe6, 0xe6, 0xe6, 0xe6,
    0xe6, 0xe6, 0xe6, 0xe6, 0xe6, 0xe6, 0xe6, 0xe6, 0xe6, 0xe6, 0xe6, 0xe6,
    0xe6, 0xe6, 0xe6, 0xe6, 0xe6, 0xe6, 0xe6, 0xe6, 0xe6, 0xe6, 0xe6, 0xe6,
    0xe6, 0xe6, 0xe6, 0xe6, 0xe6, 0xe6, 0xe6, 0xe6, 0xe6, 0xe6, 0xe6, 0xe6,
    0xe6, 0xe6, 0xe6, 0xe6, 0xe6, 0xe6, 0xe6, 0xe6, 0xe6, 0xe6, 0xe2, 0xe2,
    0xe2, 0xf6, 0xf6, 0xf6, 0x84, 0x84, 0x84, 0x03, 0x03, 0x03, 0x5a, 0x5a,
    0x5a, 0xf3, 0xf3, 0xf3, 0xea, 0xea, 0xea, 0xc6, 0xc6, 0xc6, 0x02, 0x02,
    0x02, 0x07, 0x07, 0x07, 0x00, 0x00, 0xff, 0xff, 0xff, 0xff, 0xff, 0xff,
    0xff, 0xff, 0xff, 0xff, 0xff, 0xff, 0xff, 0xff, 0xff, 0xff, 0xff, 0xff,
    0xff, 0xff, 0xff, 0xfc, 0xfc, 0xfc, 0xff, 0xff, 0xff, 0x99, 0x99, 0x99,
    0x02, 0x02, 0x02, 0x17, 0x17, 0x17, 0xcc, 0xcc, 0xcc, 0xf1, 0xf1, 0xf1,
    0xe1, 0xe1, 0xe1, 0xe6, 0xe6, 0xe6, 0xe6, 0xe6, 0xe6, 0xe6, 0xe6, 0xe6,
    0xe6, 0xe6, 0xe6, 0xe6, 0xe6, 0xe6, 0xe6, 0xe6, 0xe6, 0xe6, 0xe6, 0xe6,
    0xe6, 0xe6, 0xe6, 0xe6, 0xe6, 0xe6, 0xe6, 0xe6, 0xe6, 0xe6, 0xe6, 0xe6,
    0xe6, 0xe6, 0xe6, 0xe6, 0xe6, 0xe6, 0xe6, 0xe6, 0xe6, 0xe6, 0xe6, 0xe6,
    0xe6, 0xe6, 0xe6, 0xe6, 0xe6, 0xe6, 0xe6, 0xe6, 0xe6, 0xe6, 0xe6, 0xe6,
    0xe6, 0xe6, 0xe6, 0xe6, 0xe6, 0xe6, 0xe2, 0xe2, 0xe2, 0xf6, 0xf6, 0xf6,
    0x89, 0x89, 0x89, 0x00, 0x00, 0x00, 0x53, 0x53, 0x53, 0xf2, 0xf2, 0xf2,
    0xeb, 0xeb, 0xeb, 0xc2, 0xc2, 0xc2, 0x01, 0x01, 0x01, 0x0a, 0x0a, 0x0a,
    0x00, 0x00, 0xff, 0xff, 0xff, 0xff, 0xff, 0xff, 0xff, 0xff, 0xff, 0xff,
    0xff, 0xff, 0xff, 0xff, 0xff, 0xff, 0xff, 0xff, 0xff, 0xff, 0xff, 0xff,
    0xff, 0xff, 0xfc, 0xfc, 0xfc, 0xff, 0xff, 0xff, 0x4f, 0x4f, 0x4f, 0x00,
    0x00, 0x00, 0x29, 0x29, 0x29, 0xd5, 0xd5, 0xd5, 0xf2, 0xf2, 0xf2, 0xe1,
    0xe1, 0xe1, 0xe6, 0xe6, 0xe6, 0xe6, 0xe6, 0xe6, 0xe6, 0xe6, 0xe6, 0xe6,
    0xe6, 0xe6, 0xe6, 0xe6, 0xe6, 0xe6, 0xe6, 0xe6, 0xe6, 0xe6, 0xe6, 0xe6,
    0xe6, 0xe6, 0xe6, 0xe6, 0xe6, 0xe6, 0xe6, 0xe6, 0xe6, 0xe6, 0xe6, 0xe6,
    0xe6, 0xe6, 0xe6, 0xe6, 0xe6, 0xe6, 0xe6, 0xe6, 0xe6, 0xe6, 0xe6, 0xe6,
    0xe6, 0xe6, 0xe6, 0xe6, 0xe6, 0xe6, 0xe6, 0xe6, 0xe6, 0xe6, 0xe6, 0xe6,
    0xe6, 0xe6, 0xe2, 0xe2, 0xe2, 0xf6, 0xf6, 0xf6, 0x8d, 0x8d, 0x8d, 0x00,
    0x00, 0x00, 0x50, 0x50, 0x50, 0xf2, 0xf2, 0xf2, 0xec, 0xec, 0xec, 0xbe,
    0xbe, 0xbe, 0x00, 0x00, 0x00, 0x0f, 0x0f, 0x0f, 0x00, 0x00, 0xff, 0xff,
    0xff, 0xff, 0xff, 0xff, 0xff, 0xff, 0xff, 0xff, 0xff, 0xff, 0xff, 0xff,
    0xff, 0xff, 0xff, 0xff, 0xff, 0xff, 0xff, 0xff, 0xff, 0xff, 0xfe, 0xfe,
    0xfe, 0xfd, 0xfd, 0xfd, 0xf3, 0xf3, 0xf3, 0x3b, 0x3b, 0x3b, 0x00, 0x00,
    0x00, 0x23, 0x23, 0x23, 0xc0, 0xc0, 0xc0, 0xf7, 0xf7, 0xf7, 0xe3, 0xe3,
    0xe3, 0xe5, 0xe5, 0xe5, 0xe6, 0xe6, 0xe6, 0xe6, 0xe6, 0xe6, 0xe6, 0xe6,
    0xe6, 0xe6, 0xe6, 0xe6, 0xe6, 0xe6, 0xe6, 0xe6, 0xe6, 0xe6, 0xe6, 0xe6,
    0xe6, 0xe6, 0xe6, 0xe6, 0xe6, 0xe6, 0xe6, 0xe6, 0xe6, 0xe6, 0xe6, 0xe6,
    0xe6, 0xe6, 0xe6, 0xe6, 0xe6, 0xe6, 0xe6, 0xe6, 0xe6, 0xe6, 0xe6, 0xe6,
    0xe6, 0xe6, 0xe6, 0xe6, 0xe6, 0xe6, 0xe6, 0xe6, 0xe6, 0xe6, 0xe2, 0xe2,
    0xe2, 0xf6, 0xf6, 0xf6, 0x8d, 0x8d, 0x8d, 0x00, 0x00, 0x00, 0x50, 0x50,
    0x50, 0xf1, 0xf1, 0xf1, 0xed, 0xed, 0xed, 0xb7, 0xb7, 0xb7, 0x00, 0x00,
    0x00, 0x17, 0x17, 0x17, 0x00, 0x00, 0xff, 0xff, 0xff, 0xff, 0xff, 0xff,
    0xff, 0xff, 0xff, 0xff, 0xff, 0xff, 0xff, 0xff, 0xff, 0xff, 0xff, 0xff,
    0xff, 0xff, 0xff, 0xff, 0xff, 0xff, 0xfe, 0xfe, 0xfe, 0xfd, 0xfd, 0xfd,
    0xff, 0xff, 0xff, 0xf1, 0xf1, 0xf1, 0x4b, 0x4b, 0x4b, 0x00, 0x00, 0x00,
    0x0d, 0x0d, 0x0d, 0x93, 0x93, 0x93, 0xf5, 0xf5, 0xf5, 0xe9, 0xe9, 0xe9,
    0xe3, 0xe3, 0xe3, 0xe6, 0xe6, 0xe6, 0xe6, 0xe6, 0xe6, 0xe6, 0xe6, 0xe6,
    0xe6, 0xe6, 0xe6, 0xe6, 0xe6, 0xe6, 0xe6, 0xe6, 0xe6, 0xe6, 0xe6, 0xe6,
    0xe6, 0xe6, 0xe6, 0xe6, 0xe6, 0xe6, 0xe6, 0xe6, 0xe6, 0xe6, 0xe6, 0xe6,
    0xe6, 0xe6, 0xe6, 0xe6, 0xe6, 0xe6, 0xe6, 0xe6, 0xe6, 0xe6, 0xe6, 0xe6,
    0xe6, 0xe6, 0xe6, 0xe6, 0xe6, 0xe6, 0xe2, 0xe2, 0xe2, 0xf6, 0xf6, 0xf6,
    0x89, 0x89, 0x89, 0x00, 0x00, 0x00, 0x53, 0x53, 0x53, 0xf1, 0xf1, 0xf1,
    0xef, 0xef, 0xef, 0xad, 0xad, 0xad, 0x00, 0x00, 0x00, 0x22, 0x22, 0x22,
    0x00, 0x00, 0xff, 0xff, 0xff, 0xff, 0xff, 0xff, 0xff, 0xff, 0xff, 0xff,
    0xff, 0xff, 0xff, 0xff, 0xff, 0xff, 0xff, 0xff, 0xfe, 0xfe, 0xfe, 0xfc,
    0xfc, 0xfc, 0xff, 0xff, 0xff, 0xff, 0xff, 0xff, 0xfb, 0xfb, 0xfb, 0xfe,
    0xfe, 0xfe, 0xfd, 0xfd, 0xfd, 0x73, 0x73, 0x73, 0x00, 0x00, 0x00, 0x00,
    0x00, 0x00, 0x5b, 0x5b, 0x5b, 0xdf, 0xdf, 0xdf, 0xf2, 0xf2, 0xf2, 0xe2,
    0xe2, 0xe2, 0xe6, 0xe6, 0xe6, 0xe6, 0xe6, 0xe6, 0xe6, 0xe6, 0xe6, 0xe6,
    0xe6, 0xe6, 0xe6, 0xe6, 0xe6, 0xe6, 0xe6, 0xe6, 0xe6, 0xe6, 0xe6, 0xe6,
    0xe6, 0xe6, 0xe6, 0xe6, 0xe6, 0xe6, 0xe6, 0xe6, 0xe6, 0xe6, 0xe6, 0xe6,
    0xe6, 0xe6, 0xe6, 0xe6, 0xe6, 0xe6, 0xe6, 0xe6, 0xe6, 0xe6, 0xe6, 0xe6,
    0xe6, 0xe6, 0xe2, 0xe2, 0xe2, 0xf7, 0xf7, 0xf7, 0x82, 0x82, 0x82, 0x00,
    0x00, 0x00, 0x59, 0x59, 0x59, 0xf2, 0xf2, 0xf2, 0xf0, 0xf0, 0xf0, 0xa3,
    0xa3, 0xa3, 0x00, 0x00, 0x00, 0x2f, 0x2f, 0x2f, 0x00, 0x00, 0xff, 0xff,
    0xff, 0xff, 0xff, 0xff, 0xfe, 0xfe, 0xfe, 0xfc, 0xfc, 0xfc, 0xfb, 0xfb,
    0xfb, 0xfb, 0xfb, 0xfb, 0xff, 0xff, 0xff, 0xff, 0xff, 0xff, 0xf7, 0xf7,
    0xf7, 0xf8, 0xf8, 0xf8, 0xff, 0xff, 0xff, 0xff, 0xff, 0xff, 0xfb, 0xfb,
    0xfb, 0xff, 0xff, 0xff, 0xac, 0xac, 0xac, 0x19, 0x19, 0x19, 0x00, 0x00,
    0x00, 0x26, 0x26, 0x26, 0xb6, 0xb6, 0xb6, 0xf7, 0xf7, 0xf7, 0xe3, 0xe3,
    0xe3, 0xe5, 0xe5, 0xe5, 0xe6, 0xe6, 0xe6, 0xe6, 0xe6, 0xe6, 0xe6, 0xe6,
    0xe6, 0xe6, 0xe6, 0xe6, 0xe6, 0xe6, 0xe6, 0xe6, 0xe6, 0xe6, 0xe6, 0xe6,
    0xe6, 0xe6, 0xe6, 0xe6, 0xe6, 0xe6, 0xe6, 0xe6, 0xe6, 0xe6, 0xe6, 0xe6,
    0xe6, 0xe6, 0xe6, 0xe6, 0xe6, 0xe6, 0xe6, 0xe6, 0xe6, 0xe6, 0xe2, 0xe2,
    0xe2, 0xf7, 0xf7, 0xf7, 0x78, 0x78, 0x78, 0x00, 0x00, 0x00, 0x64, 0x64,
    0x64, 0xf3, 0xf3, 0xf3, 0xf2, 0xf2, 0xf2, 0x94, 0x94, 0x94, 0x00, 0x00,
    0x00, 0x42, 0x42, 0x42, 0x00, 0x00, 0xff, 0xff, 0xff, 0xfe, 0xfe, 0xfe,
    0xff, 0xff, 0xff, 0xff, 0xff, 0xff, 0xff, 0xff, 0xff, 0xff, 0xff, 0xff,
    0xe4, 0xe4, 0xe4, 0x62, 0x62, 0x62, 0x1d, 0x1d, 0x1d, 0x1e, 0x1e, 0x1e,
    0x53, 0x53, 0x53, 0xc8, 0xc8, 0xc8, 0xff, 0xff, 0xff, 0xf8, 0xf8, 0xf8,
    0xff, 0xff, 0xff, 0xe0, 0xe0, 0xe0, 0x4b, 0x4b, 0x4b, 0x00, 0x00, 0x00,
    0x05, 0x05, 0x05, 0x89, 0x89, 0x89, 0xf5, 0xf5, 0xf5, 0xe5, 0xe5, 0xe5,
    0xe5, 0xe5, 0xe5, 0xe6, 0xe6, 0xe6, 0xe6, 0xe6, 0xe6, 0xe6, 0xe6, 0xe6,
    0xe6, 0xe6, 0xe6, 0xe6, 0xe6, 0xe6, 0xe6, 0xe6, 0xe6, 0xe6, 0xe6, 0xe6,
    0xe6, 0xe6, 0xe6, 0xe6, 0xe6, 0xe6, 0xe6, 0xe6, 0xe6, 0xe6, 0xe6, 0xe6,
    0xe6, 0xe6, 0xe6, 0xe6, 0xe6, 0xe6, 0xe2, 0xe2, 0xe2, 0xf6, 0xf6, 0xf6,
    0x69, 0x69, 0x69, 0x00, 0x00, 0x00, 0x72, 0x72, 0x72, 0xf3, 0xf3, 0xf3,
    0xf3, 0xf3, 0xf3, 0x81, 0x81, 0x81, 0x00, 0x00, 0x00, 0x56, 0x56, 0x56,
    0x00, 0x00, 0xfe, 0xfe, 0xfe, 0xff, 0xff, 0xff, 0xff, 0xff, 0xff, 0xad,
    0xad, 0xad, 0x87, 0x87, 0x87, 0x83, 0x83, 0x83, 0x1a, 0x1a, 0x1a, 0x00,
    0x00, 0x00, 0x0e, 0x0e, 0x0e, 0x18, 0x18, 0x18, 0x00, 0x00, 0x00, 0x05,
    0x05, 0x05, 0x95, 0x95, 0x95, 0xff, 0xff, 0xff, 0xf8, 0xf8, 0xf8, 0xff,
    0xff, 0xff, 0xff, 0xff, 0xff, 0x82, 0x82, 0x82, 0x01, 0x01, 0x01, 0x00,
    0x00, 0x00, 0x69, 0x69, 0x69, 0xf2, 0xf2, 0xf2, 0xe6, 0xe6, 0xe6, 0xe5,
    0xe5, 0xe5, 0xe6, 0xe6, 0xe6, 0xe6, 0xe6, 0xe6, 0xe6, 0xe6, 0xe6, 0xe6,
    0xe6, 0xe6, 0xe6, 0xe6, 0xe6, 0xe6, 0xe6, 0xe6, 0xe6, 0xe6, 0xe6, 0xe6,
    0xe6, 0xe6, 0xe6, 0xe6, 0xe6, 0xe6, 0xe6, 0xe6, 0xe6, 0xe6, 0xe6, 0xe6,
    0xe6, 0xe6, 0xe3, 0xe3, 0xe3, 0xf5, 0xf5, 0xf5, 0x57, 0x57, 0x57, 0x00,
    0x00, 0x00, 0x84, 0x84, 0x84, 0xf3, 0xf3, 0xf3, 0xf3, 0xf3, 0xf3, 0x6b,
    0x6b, 0x6b, 0x00, 0x00, 0x00, 0x6f, 0x6f, 0x6f, 0x00, 0x00, 0xff, 0xff,
    0xff, 0xef, 0xef, 0xef, 0x4b, 0x4b, 0x4b, 0x00, 0x00, 0x00, 0x00, 0x00,
    0x00, 0x00, 0x00, 0x00, 0x02, 0x02, 0x02, 0x41, 0x41, 0x41, 0xdb, 0xdb,
    0xdb, 0xe0, 0xe0, 0xe0, 0x79, 0x79, 0x79, 0x01, 0x01, 0x01, 0x01, 0x01,
    0x01, 0x81, 0x81, 0x81, 0xff, 0xff, 0xff, 0xfa, 0xfa, 0xfa, 0xfb, 0xfb,
    0xfb, 0xff, 0xff, 0xff, 0xad, 0xad, 0xad, 0x0d, 0x0d, 0x0d, 0x00, 0x00,
    0x00, 0x5f, 0x5f, 0x5f, 0xf3, 0xf3, 0xf3, 0xe4, 0xe4, 0xe4, 0xe6, 0xe6,
    0xe6, 0xe6, 0xe6, 0xe6, 0xe6, 0xe6, 0xe6, 0xe6, 0xe6, 0xe6, 0xe6, 0xe6,
    0xe6, 0xe6, 0xe6, 0xe6, 0xe6, 0xe6, 0xe6, 0xe6, 0xe6, 0xe6, 0xe6, 0xe6,
    0xe6, 0xe6, 0xe6, 0xe6, 0xe6, 0xe6, 0xe6, 0xe6, 0xe6, 0xe6, 0xe4, 0xe4,
    0xe4, 0xf0, 0xf0, 0xf0, 0x41, 0x41, 0x41, 0x00, 0x00, 0x00, 0x99, 0x99,
    0x99, 0xf2, 0xf2, 0xf2, 0xf1, 0xf1, 0xf1, 0x51, 0x51, 0x51, 0x00, 0x00,
    0x00, 0x8e, 0x8e, 0x8e, 0x00, 0x00, 0xf8, 0xf8, 0xf8, 0x40, 0x40, 0x40,
    0x00, 0x00, 0x00, 0x21, 0x21, 0x21, 0x9b, 0x9b, 0x9b, 0x58, 0x58, 0x58,
    0x01, 0x01, 0x01, 0x24, 0x24, 0x24, 0xd4, 0xd4, 0xd4, 0xee, 0xee, 0xee,
    0xf8, 0xf8, 0xf8, 0x99, 0x99, 0x99, 0x05, 0x05, 0x05, 0x01, 0x01, 0x01,
    0x79, 0x79, 0x79, 0xff, 0xff, 0xff, 0xff, 0xff, 0xff, 0xf7, 0xf7, 0xf7,
    0xff, 0xff, 0xff, 0xc0, 0xc0, 0xc0, 0x10, 0x10, 0x10, 0x01, 0x01, 0x01,
    0x74, 0x74, 0x74, 0xf6, 0xf6, 0xf6, 0xe2, 0xe2, 0xe2, 0xe6, 0xe6, 0xe6,
    0xe6, 0xe6, 0xe6, 0xe6, 0xe6, 0xe6, 0xe6, 0xe6, 0xe6, 0xe6, 0xe6, 0xe6,
    0xe6, 0xe6, 0xe6, 0xe6, 0xe6, 0xe6, 0xe6, 0xe6, 0xe6, 0xe6, 0xe6, 0xe6,
    0xe6, 0xe6, 0xe6, 0xe6, 0xe6, 0xe6, 0xe6, 0xe6, 0xe6, 0xe7, 0xe7, 0xe7,
    0x28, 0x28, 0x28, 0x00, 0x00, 0x00, 0xb1, 0xb1, 0xb1, 0xf0, 0xf0, 0xf0,
    0xeb, 0xeb, 0xeb, 0x37, 0x37, 0x37, 0x00, 0x00, 0x00, 0xae, 0xae, 0xae,
    0x00, 0x00, 0x8c, 0x8c, 0x8c, 0x01, 0x01, 0x01, 0x23, 0x23, 0x23, 0xd3,
    0xd3, 0xd3, 0xff, 0xff, 0xff, 0xf2, 0xf2, 0xf2, 0x44, 0x44, 0x44, 0x00,
    0x00, 0x00, 0x3f, 0x3f, 0x3f, 0xef, 0xef, 0xef, 0xe0, 0xe0, 0xe0, 0xf8,
    0xf8, 0xf8, 0x9f, 0x9f, 0x9f, 0x09, 0x09, 0x09, 0x00, 0x00, 0x00, 0x56,
    0x56, 0x56, 0xec, 0xec, 0xec, 0xff, 0xff, 0xff, 0xf6, 0xf6, 0xf6, 0xff,
    0xff, 0xff, 0xb7, 0xb7, 0xb7, 0x06, 0x06, 0x06, 0x03, 0x03, 0x03, 0xa9,
    0xa9, 0xa9, 0xf3, 0xf3, 0xf3, 0xe3, 0xe3, 0xe3, 0xe6, 0xe6, 0xe6, 0xe6,
    0xe6, 0xe6, 0xe6, 0xe6, 0xe6, 0xe6, 0xe6, 0xe6, 0xe6, 0xe6, 0xe6, 0xe6,
    0xe6, 0xe6, 0xe6, 0xe6, 0xe6, 0xe6, 0xe6, 0xe6, 0xe6, 0xe6, 0xe6, 0xe5,
    0xe5, 0xe5, 0xea, 0xea, 0xea, 0xd6, 0xd6, 0xd6, 0x0c, 0x0c, 0x0c, 0x03,
    0x03, 0x03, 0xc9, 0xc9, 0xc9, 0xef, 0xef, 0xef, 0xde, 0xde, 0xde, 0x1b,
    0x1b, 0x1b, 0x02, 0x02, 0x02, 0xce, 0xce, 0xce, 0x00, 0x00, 0x29, 0x29,
    0x29, 0x02, 0x02, 0x02, 0x95, 0x95, 0x95, 0xff, 0xff, 0xff, 0xcb, 0xcb,
    0xcb, 0xea, 0xea, 0xea, 0xd8, 0xd8, 0xd8, 0x13, 0x13, 0x13, 0x00, 0x00,
    0x00, 0x93, 0x93, 0x93, 0xf5, 0xf5, 0xf5, 0xde, 0xde, 0xde, 0xf6, 0xf6,
    0xf6, 0xb4, 0xb4, 0xb4, 0x1e, 0x1e, 0x1e, 0x00, 0x00, 0x00, 0x24, 0x24,
    0x24, 0xb6, 0xb6, 0xb6, 0xff, 0xff, 0xff, 0xfd, 0xfd, 0xfd, 0xff, 0xff,
    0xff, 0x81, 0x81, 0x81, 0x00, 0x00, 0x00, 0x23, 0x23, 0x23, 0xe3, 0xe3,
    0xe3, 0xe7, 0xe7, 0xe7, 0xe5, 0xe5, 0xe5, 0xe6, 0xe6, 0xe6, 0xe6, 0xe6,
    0xe6, 0xe6, 0xe6, 0xe6, 0xe6, 0xe6, 0xe6, 0xe6, 0xe6, 0xe6, 0xe6, 0xe6,
    0xe6, 0xe6, 0xe6, 0xe6, 0xe6, 0xe6, 0xe6, 0xe4, 0xe4, 0xe4, 0xf0, 0xf0,
    0xf0, 0xbb, 0xbb, 0xbb, 0x00, 0x00, 0x00, 0x1b, 0x1b, 0x1b, 0xde, 0xde,
    0xde, 0xef, 0xef, 0xef, 0xc8, 0xc8, 0xc8, 0x05, 0x05, 0x05, 0x14, 0x14,
    0x14, 0xec, 0xec, 0xec, 0x00, 0x00, 0x04, 0x04, 0x04, 0x01, 0x01, 0x01,
    0xd3, 0xd3, 0xd3, 0xb0, 0xb0, 0xb0, 0x08, 0x08, 0x08, 0x41, 0x41, 0x41,
    0xf9, 0xf9, 0xf9, 0x94, 0x94, 0x94, 0x21, 0x21, 0x21, 0x9f, 0x9f, 0x9f,
    0xf2, 0xf2, 0xf2, 0xe3, 0xe3, 0xe3, 0xe2, 0xe2, 0xe2, 0xf2, 0xf2, 0xf2,
    0xd6, 0xd6, 0xd6, 0x4b, 0x4b, 0x4b, 0x00, 0x00, 0x00, 0x00, 0x00, 0x00,
    0x67, 0x67, 0x67, 0xe9, 0xe9, 0xe9, 0xff, 0xff, 0xff, 0xf9, 0xf9, 0xf9,
    0x2a, 0x2a, 0x2a, 0x01, 0x01, 0x01, 0x88, 0x88, 0x88, 0xf6, 0xf6, 0xf6,
    0xe2, 0xe2, 0xe2, 0xe6, 0xe6, 0xe6, 0xe6, 0xe6, 0xe6, 0xe6, 0xe6, 0xe6,
    0xe6, 0xe6, 0xe6, 0xe6, 0xe6, 0xe6, 0xe6, 0xe6, 0xe6, 0xe6, 0xe6, 0xe6,
    0xe6, 0xe6, 0xe6, 0xe2, 0xe2, 0xe2, 0xf5, 0xf5, 0xf5, 0x94, 0x94, 0x94,
    0x00, 0x00, 0x00, 0x40, 0x40, 0x40, 0xed, 0xed, 0xed, 0xf1, 0xf1, 0xf1,
    0xa9, 0xa9, 0xa9, 0x00, 0x00, 0x00, 0x35, 0x35, 0x35, 0xfe, 0xfe, 0xfe,
    0x00, 0x00, 0x03, 0x03, 0x03, 0x02, 0x02, 0x02, 0xd3, 0xd3, 0xd3, 0xb9,
    0xb9, 0xb9, 0x18, 0x18, 0x18, 0x55, 0x55, 0x55, 0xec, 0xec, 0xec, 0xeb,
    0xeb, 0xeb, 0xe3, 0xe3, 0xe3, 0xed, 0xed, 0xed, 0xe5, 0xe5, 0xe5, 0xe6,
    0xe6, 0xe6, 0xe6, 0xe6, 0xe6, 0xe2, 0xe2, 0xe2, 0xeb, 0xeb, 0xeb, 0xf1,
    0xf1, 0xf1, 0x91, 0x91, 0x91, 0x14, 0x14, 0x14, 0x00, 0x00, 0x00, 0x1e,
    0x1e, 0x1e, 0xa2, 0xa2, 0xa2, 0xff, 0xff, 0xff, 0xa9, 0xa9, 0xa9, 0x01,
    0x01, 0x01, 0x2a, 0x2a, 0x2a, 0xe8, 0xe8, 0xe8, 0xe6, 0xe6, 0xe6, 0xe6,
    0xe6, 0xe6, 0xe6, 0xe6, 0xe6, 0xe6, 0xe6, 0xe6, 0xe6, 0xe6, 0xe6, 0xe6,
    0xe6, 0xe6, 0xe6, 0xe6, 0xe6, 0xe6, 0xe6, 0xe6, 0xe6, 0xe6, 0xe6, 0xe2,
    0xe2, 0xe2, 0xf6, 0xf6, 0xf6, 0x63, 0x63, 0x63, 0x01, 0x01, 0x01, 0x6f,
    0x6f, 0x6f, 0xf3, 0xf3, 0xf3, 0xf3, 0xf3, 0xf3, 0x7e, 0x7e, 0x7e, 0x00,
    0x00, 0x00, 0x62, 0x62, 0x62, 0xff, 0xff, 0xff, 0x00, 0x00, 0x1e, 0x1e,
    0x1e, 0x00, 0x00, 0x00, 0xa8, 0xa8, 0xa8, 0xf9, 0xf9, 0xf9, 0xdd, 0xdd,
    0xdd, 0xeb, 0xeb, 0xeb, 0xe8, 0xe8, 0xe8, 0xe4, 0xe4, 0xe4, 0xe7, 0xe7,
    0xe7, 0xe5, 0xe5, 0xe5, 0xe6, 0xe6, 0xe6, 0xe6, 0xe6, 0xe6, 0xe6, 0xe6,
    0xe6, 0xe6, 0xe6, 0xe6, 0xe4, 0xe4, 0xe4, 0xe4, 0xe4, 0xe4, 0xf6, 0xf6,
    0xf6, 0xd1, 0xd1, 0xd1, 0x56, 0x56, 0x56, 0x00, 0x00, 0x00, 0x00, 0x00,
    0x00, 0x5a, 0x5a, 0x5a, 0xe1, 0xe1, 0xe1, 0x21, 0x21, 0x21, 0x00, 0x00,
    0x00, 0xb8, 0xb8, 0xb8, 0xf0, 0xf0, 0xf0, 0xe4, 0xe4, 0xe4, 0xe6, 0xe6,
    0xe6, 0xe6, 0xe6, 0xe6, 0xe6, 0xe6, 0xe6, 0xe6, 0xe6, 0xe6, 0xe6, 0xe6,
    0xe6, 0xe6, 0xe6, 0xe6, 0xe6, 0xe6, 0xe6, 0xe6, 0xe6, 0xe6, 0xe9, 0xe9,
    0xe9, 0x2c, 0x2c, 0x2c, 0x00, 0x00, 0x00, 0xa4, 0xa4, 0xa4, 0xf1, 0xf1,
    0xf1, 0xf0, 0xf0, 0xf0, 0x4d, 0x4d, 0x4d, 0x00, 0x00, 0x00, 0x96, 0x96,
    0x96, 0xff, 0xff, 0xff, 0x00, 0x00, 0x61, 0x61, 0x61, 0x00, 0x00, 0x00,
    0x5d, 0x5d, 0x5d, 0xf7, 0xf7, 0xf7, 0xe3, 0xe3, 0xe3, 0xe6, 0xe6, 0xe6,
    0xe6, 0xe6, 0xe6, 0xe6, 0xe6, 0xe6, 0xe5, 0xe5, 0xe5, 0xe6, 0xe6, 0xe6,
    0xe6, 0xe6, 0xe6, 0xe6, 0xe6, 0xe6, 0xe6, 0xe6, 0xe6, 0xe6, 0xe6, 0xe6,
    0xe6, 0xe6, 0xe6, 0xe6, 0xe6, 0xe6, 0xe2, 0xe2, 0xe2, 0xec, 0xec, 0xec,
    0xf4, 0xf4, 0xf4, 0xa0, 0xa0, 0xa0, 0x1e, 0x1e, 0x1e, 0x00, 0x00, 0x00,
    0x24, 0x24, 0x24, 0x2a, 0x2a, 0x2a, 0x00, 0x00, 0x00, 0x7d, 0x7d, 0x7d,
    0xf6, 0xf6, 0xf6, 0xe2, 0xe2, 0xe2, 0xe6, 0xe6, 0xe6, 0xe6, 0xe6, 0xe6,
    0xe6, 0xe6, 0xe6, 0xe6, 0xe6, 0xe6, 0xe6, 0xe6, 0xe6, 0xe6, 0xe6, 0xe6,
    0xe4, 0xe4, 0xe4, 0xee, 0xee, 0xee, 0xc4, 0xc4, 0xc4, 0x03, 0x03, 0x03,
    0x0c, 0x0c, 0x0c, 0xd3, 0xd3, 0xd3, 0xed, 0xed, 0xed, 0xde, 0xde, 0xde,
    0x1a, 0x1a, 0x1a, 0x00, 0x00, 0x00, 0xcb, 0xcb, 0xcb, 0xff, 0xff, 0xff,
    0x00, 0x00, 0xca, 0xca, 0xca, 0x02, 0x02, 0x02, 0x0a, 0x0a, 0x0a, 0xbd,
    0xbd, 0xbd, 0xf2, 0xf2, 0xf2, 0xe2, 0xe2, 0xe2, 0xe6, 0xe6, 0xe6, 0xe6,
    0xe6, 0xe6, 0xe6, 0xe6, 0xe6, 0xe6, 0xe6, 0xe6, 0xe6, 0xe6, 0xe6, 0xe6,
    0xe6, 0xe6, 0xe6, 0xe6, 0xe6, 0xe6, 0xe6, 0xe6, 0xe6, 0xe6, 0xe6, 0xe6,
    0xe6, 0xe6, 0xe6, 0xe6, 0xe6, 0xe4, 0xe4, 0xe4, 0xe3, 0xe3, 0xe3, 0xf5,
    0xf5, 0xf5, 0xda, 0xda, 0xda, 0x53, 0x53, 0x53, 0x00, 0x00, 0x00, 0x04,
    0x04, 0x04, 0x01, 0x01, 0x01, 0x51, 0x51, 0x51, 0xf5, 0xf5, 0xf5, 0xe2,
    0xe2, 0xe2, 0xe6, 0xe6, 0xe6, 0xe6, 0xe6, 0xe6, 0xe6, 0xe6, 0xe6, 0xe6,
    0xe6, 0xe6, 0xe6, 0xe6, 0xe6, 0xe6, 0xe6, 0xe6, 0xe2, 0xe2, 0xe2, 0xf7,
    0xf7, 0xf7, 0x84, 0x84, 0x84, 0x00, 0x00, 0x00, 0x45, 0x45, 0x45, 0xef,
    0xef, 0xef, 0xee, 0xee, 0xee, 0xb6, 0xb6, 0xb6, 0x00, 0x00, 0x00, 0x1b,
    0x1b, 0x1b, 0xf6, 0xf6, 0xf6, 0xff, 0xff, 0xff, 0x00, 0x00, 0xff, 0xff,
    0xff, 0x6b, 0x6b, 0x6b, 0x00, 0x00, 0x00, 0x26, 0x26, 0x26, 0xdc, 0xdc,
    0xdc, 0xea, 0xea, 0xea, 0xe4, 0xe4, 0xe4, 0xe6, 0xe6, 0xe6, 0xe6, 0xe6,
    0xe6, 0xe6, 0xe6, 0xe6, 0xe6, 0xe6, 0xe6, 0xe6, 0xe6, 0xe6, 0xe6, 0xe6,
    0xe6, 0xe6, 0xe6, 0xe6, 0xe6, 0xe6, 0xe6, 0xe6, 0xe6, 0xe6, 0xe6, 0xe6,
    0xe6, 0xe6, 0xe6, 0xe6, 0xe6, 0xe6, 0xe6, 0xe2, 0xe2, 0xe2, 0xea, 0xea,
    0xea, 0xf4, 0xf4, 0xf4, 0x87, 0x87, 0x87, 0x03, 0x03, 0x03, 0x00, 0x00,
    0x00, 0x2a, 0x2a, 0x2a, 0xeb, 0xeb, 0xeb, 0xe9, 0xe9, 0xe9, 0xe5, 0xe5,
    0xe5, 0xe6, 0xe6, 0xe6, 0xe6, 0xe6, 0xe6, 0xe6, 0xe6, 0xe6, 0xe6, 0xe6,
    0xe6, 0xe6, 0xe6, 0xe6, 0xe5, 0xe5, 0xe5, 0xec, 0xec, 0xec, 0x33, 0x33,
    0x33, 0x00, 0x00, 0x00, 0x90, 0x90, 0x90, 0xf2, 0xf2, 0xf2, 0xf3, 0xf3,
    0xf3, 0x76, 0x76, 0x76, 0x01, 0x01, 0x01, 0x5d, 0x5d, 0x5d, 0xff, 0xff,
    0xff, 0xfc, 0xfc, 0xfc, 0x00, 0x00, 0xfc, 0xfc, 0xfc, 0xf6, 0xf6, 0xf6,
    0x38, 0x38, 0x38, 0x00, 0x00, 0x00, 0x42, 0x42, 0x42, 0xf0, 0xf0, 0xf0,
    0xe5, 0xe5, 0xe5, 0xe6, 0xe6, 0xe6, 0xe6, 0xe6, 0xe6, 0xe6, 0xe6, 0xe6,
    0xe6, 0xe6, 0xe6, 0xe6, 0xe6, 0xe6, 0xe6, 0xe6, 0xe6, 0xe6, 0xe6, 0xe6,
    0xe6, 0xe6, 0xe6, 0xe6, 0xe6, 0xe6, 0xe6, 0xe6, 0xe6, 0xe6, 0xe6, 0xe6,
    0xe6, 0xe6, 0xe6, 0xe6, 0xe6, 0xe6, 0xe4, 0xe4, 0xe4, 0xe3, 0xe3, 0xe3,
    0xf8, 0xf8, 0xf8, 0xab, 0xab, 0xab, 0x0f, 0x0f, 0x0f, 0x00, 0x00, 0x00,
    0x4f, 0x4f, 0x4f, 0xea, 0xea, 0xea, 0xe5, 0xe5, 0xe5, 0xe6, 0xe6, 0xe6,
    0xe6, 0xe6, 0xe6, 0xe6, 0xe6, 0xe6, 0xe6, 0xe6, 0xe6, 0xe3, 0xe3, 0xe3,
    0xf1, 0xf1, 0xf1, 0xb5, 0xb5, 0xb5, 0x01, 0x01, 0x01, 0x10, 0x10, 0x10,
    0xd5, 0xd5, 0xd5, 0xea, 0xea, 0xea, 0xe9, 0xe9, 0xe9, 0x2d, 0x2d, 0x2d,
    0x00, 0x00, 0x00, 0xaa, 0xaa, 0xaa, 0xff, 0xff, 0xff, 0xfb, 0xfb, 0xfb,
    0x00, 0x00, 0xfd, 0xfd, 0xfd, 0xff, 0xff, 0xff, 0xe4, 0xe4, 0xe4, 0x1a,
    0x1a, 0x1a, 0x01, 0x01, 0x01, 0x75, 0x75, 0x75, 0xf8, 0xf8, 0xf8, 0xe2,
    0xe2, 0xe2, 0xe6, 0xe6, 0xe6, 0xe6, 0xe6, 0xe6, 0xe6, 0xe6, 0xe6, 0xe6,
    0xe6, 0xe6, 0xe6, 0xe6, 0xe6, 0xe6, 0xe6, 0xe6, 0xe6, 0xe6, 0xe6, 0xe6,
    0xe6, 0xe6, 0xe6, 0xe6, 0xe6, 0xe6, 0xe6, 0xe6, 0xe6, 0xe6, 0xe6, 0xe6,
    0xe6, 0xe6, 0xe6, 0xe6, 0xe6, 0xe6, 0xe6, 0xe6, 0xe1, 0xe1, 0xe1, 0xf7,
    0xf7, 0xf7, 0xbd, 0xbd, 0xbd, 0x1b, 0x1b, 0x1b, 0x2a, 0x2a, 0x2a, 0xe5,
    0xe5, 0xe5, 0xe7, 0xe7, 0xe7, 0xe5, 0xe5, 0xe5, 0xe6, 0xe6, 0xe6, 0xe6,
    0xe6, 0xe6, 0xe6, 0xe6, 0xe6, 0xe2, 0xe2, 0xe2, 0xf5, 0xf5, 0xf5, 0x50,
    0x50, 0x50, 0x00, 0x00, 0x00, 0x62, 0x62, 0x62, 0xf4, 0xf4, 0xf4, 0xed,
    0xed, 0xed, 0xb6, 0xb6, 0xb6, 0x01, 0x01, 0x01, 0x13, 0x13, 0x13, 0xee,
    0xee, 0xee, 0xff, 0xff, 0xff, 0xfe, 0xfe, 0xfe, 0x00, 0x00, 0xff, 0xff,
    0xff, 0xfb, 0xfb, 0xfb, 0xff, 0xff, 0xff, 0xba, 0xba, 0xba, 0x03, 0x03,
    0x03, 0x05, 0x05, 0x05, 0xaf, 0xaf, 0xaf, 0xf3, 0xf3, 0xf3, 0xe2, 0xe2,
    0xe2, 0xe6, 0xe6, 0xe6, 0xe6, 0xe6, 0xe6, 0xe6, 0xe6, 0xe6, 0xe6, 0xe6,
    0xe6, 0xe6, 0xe6, 0xe6, 0xe6, 0xe6, 0xe6, 0xe6, 0xe6, 0xe6, 0xe6, 0xe6,
    0xe6, 0xe6, 0xe6, 0xe6, 0xe6, 0xe6, 0xe6, 0xe6, 0xe6, 0xe6, 0xe6, 0xe6,
    0xe6, 0xe6, 0xe6, 0xe6, 0xe6, 0xe6, 0xe6, 0xe2, 0xe2, 0xe2, 0xf0, 0xf0,
    0xf0, 0xdb, 0xdb, 0xdb, 0xdf, 0xdf, 0xdf, 0xea, 0xea, 0xea, 0xe5, 0xe5,
    0xe5, 0xe6, 0xe6, 0xe6, 0xe6, 0xe6, 0xe6, 0xe6, 0xe6, 0xe6, 0xe3, 0xe3,
    0xe3, 0xf0, 0xf0, 0xf0, 0xba, 0xba, 0xba, 0x05, 0x05, 0x05, 0x07, 0x07,
    0x07, 0xc5, 0xc5, 0xc5, 0xea, 0xea, 0xea, 0xf4, 0xf4, 0xf4, 0x60, 0x60,
    0x60, 0x00, 0x00, 0x00, 0x66, 0x66, 0x66, 0xff, 0xff, 0xff, 0xfc, 0xfc,
    0xfc, 0xff, 0xff, 0xff, 0x00, 0x00, 0xff, 0xff, 0xff, 0xff, 0xff, 0xff,
    0xfb, 0xfb, 0xfb, 0xff, 0xff, 0xff, 0x7a, 0x7a, 0x7a, 0x01, 0x01, 0x01,
    0x20, 0x20, 0x20, 0xdd, 0xdd, 0xdd, 0xe9, 0xe9, 0xe9, 0xe5, 0xe5, 0xe5,
    0xe6, 0xe6, 0xe6, 0xe6, 0xe6, 0xe6, 0xe6, 0xe6, 0xe6, 0xe6, 0xe6, 0xe6,
    0xe6, 0xe6, 0xe6, 0xe6, 0xe6, 0xe6, 0xe6, 0xe6, 0xe6, 0xe6, 0xe6, 0xe6,
    0xe6, 0xe6, 0xe6, 0xe6, 0xe6, 0xe6, 0xe6, 0xe6, 0xe6, 0xe6, 0xe6, 0xe6,
    0xe6, 0xe6, 0xe6, 0xe6, 0xe6, 0xe6, 0xe4, 0xe4, 0xe4, 0xe9, 0xe9, 0xe9,
    0xe8, 0xe8, 0xe8, 0xe5, 0xe5, 0xe5, 0xe6, 0xe6, 0xe6, 0xe6, 0xe6, 0xe6,
    0xe6, 0xe6, 0xe6, 0xe6, 0xe6, 0xe6, 0xe4, 0xe4, 0xe4, 0xf0, 0xf0, 0xf0,
    0x3d, 0x3d, 0x3d, 0x00, 0x00, 0x00, 0x60, 0x60, 0x60, 0xf5, 0xf5, 0xf5,
    0xe7, 0xe7, 0xe7, 0xd1, 0xd1, 0xd1, 0x0e, 0x0e, 0x0e, 0x01, 0x01, 0x01,
    0xcb, 0xcb, 0xcb, 0xff, 0xff, 0xff, 0xfc, 0xfc, 0xfc, 0xff, 0xff, 0xff,
    0x00, 0x00, 0xff, 0xff, 0xff, 0xff, 0xff, 0xff, 0xfe, 0xfe, 0xfe, 0xfc,
    0xfc, 0xfc, 0xfc, 0xfc, 0xfc, 0x39, 0x39, 0x39, 0x00, 0x00, 0x00, 0x52,
    0x52, 0x52, 0xf5, 0xf5, 0xf5, 0xe3, 0xe3, 0xe3, 0xe6, 0xe6, 0xe6, 0xe6,
    0xe6, 0xe6, 0xe6, 0xe6, 0xe6, 0xe6, 0xe6, 0xe6, 0xe6, 0xe6, 0xe6, 0xe6,
    0xe6, 0xe6, 0xe6, 0xe6, 0xe6, 0xe6, 0xe6, 0xe6, 0xe6, 0xe6, 0xe6, 0xe6,
    0xe6, 0xe6, 0xe6, 0xe6, 0xe6, 0xe6, 0xe6, 0xe6, 0xe6, 0xe6, 0xe6, 0xe6,
    0xe6, 0xe6, 0xe6, 0xe6, 0xe6, 0xe5, 0xe5, 0xe5, 0xe5, 0xe5, 0xe5, 0xe6,
    0xe6, 0xe6, 0xe6, 0xe6, 0xe6, 0xe6, 0xe6, 0xe6, 0xe6, 0xe6, 0xe6, 0xe1,
    0xe1, 0xe1, 0xf9, 0xf9, 0xf9, 0x85, 0x85, 0x85, 0x00, 0x00, 0x00, 0x15,
    0x15, 0x15, 0xd7, 0xd7, 0xd7, 0xe6, 0xe6, 0xe6, 0xf6, 0xf6, 0xf6, 0x6e,
    0x6e, 0x6e, 0x00, 0x00, 0x00, 0x45, 0x45, 0x45, 0xff, 0xff, 0xff, 0xfd,
    0xfd, 0xfd, 0xff, 0xff, 0xff, 0xff, 0xff, 0xff, 0x00, 0x00, 0xff, 0xff,
    0xff, 0xff, 0xff, 0xff, 0xff, 0xff, 0xff, 0xfd, 0xfd, 0xfd, 0xff, 0xff,
    0xff, 0xd9, 0xd9, 0xd9, 0x0f, 0x0f, 0x0f, 0x03, 0x03, 0x03, 0x8f, 0x8f,
    0x8f, 0xf7, 0xf7, 0xf7, 0xe2, 0xe2, 0xe2, 0xe6, 0xe6, 0xe6, 0xe5, 0xe5,
    0xe5, 0xe6, 0xe6, 0xe6, 0xe3, 0xe3, 0xe3, 0xe5, 0xe5, 0xe5, 0xe6, 0xe6,
    0xe6, 0xe6, 0xe6, 0xe6, 0xe6, 0xe6, 0xe6, 0xe6, 0xe6, 0xe6, 0xe6, 0xe6,
    0xe6, 0xe6, 0xe6, 0xe6, 0xe6, 0xe6, 0xe6, 0xe6, 0xe6, 0xe6, 0xe6, 0xe6,
    0xe6, 0xe6, 0xe6, 0xe6, 0xe6, 0xe6, 0xe6, 0xe6, 0xe6, 0xe6, 0xe6, 0xe6,
    0xe6, 0xe6, 0xe6, 0xe6, 0xe1, 0xe1, 0xe1, 0xf5, 0xf5, 0xf5, 0xb5, 0xb5,
    0xb5, 0x0a, 0x0a, 0x0a, 0x00, 0x00, 0x00, 0x99, 0x99, 0x99, 0xf3, 0xf3,
    0xf3, 0xe9, 0xe9, 0xe9, 0xcb, 0xcb, 0xcb, 0x0d, 0x0d, 0x0d, 0x02, 0x02,
    0x02, 0xc2, 0xc2, 0xc2, 0xff, 0xff, 0xff, 0xfc, 0xfc, 0xfc, 0xff, 0xff,
    0xff, 0xff, 0xff, 0xff, 0x00, 0x00, 0xff, 0xff, 0xff, 0xff, 0xff, 0xff,
    0xff, 0xff, 0xff, 0xff, 0xff, 0xff, 0xfb, 0xfb, 0xfb, 0xff, 0xff, 0xff,
    0x9e, 0x9e, 0x9e, 0x02, 0x02, 0x02, 0x0e, 0x0e, 0x0e, 0xc6, 0xc6, 0xc6,
    0xee, 0xee, 0xee, 0xe4, 0xe4, 0xe4, 0xec, 0xec, 0xec, 0xe6, 0xe6, 0xe6,
    0xf3, 0xf3, 0xf3, 0xe6, 0xe6, 0xe6, 0xe5, 0xe5, 0xe5, 0xe6, 0xe6, 0xe6,
    0xe6, 0xe6, 0xe6, 0xe6, 0xe6, 0xe6, 0xe6, 0xe6, 0xe6, 0xe6, 0xe6, 0xe6,
    0xe6, 0xe6, 0xe6, 0xe6, 0xe6, 0xe6, 0xe6, 0xe6, 0xe6, 0xe6, 0xe6, 0xe6,
    0xe6, 0xe6, 0xe6, 0xe6, 0xe6, 0xe6, 0xe6, 0xe6, 0xe6, 0xe1, 0xe1, 0xe1,
    0xf4, 0xf4, 0xf4, 0xc6, 0xc6, 0xc6, 0x18, 0x18, 0x18, 0x00, 0x00, 0x00,
    0x62, 0x62, 0x62, 0xf5, 0xf5, 0xf5, 0xdf, 0xdf, 0xdf, 0xf4, 0xf4, 0xf4,
    0x49, 0x49, 0x49, 0x00, 0x00, 0x00, 0x54, 0x54, 0x54, 0xff, 0xff, 0xff,
    0xfc, 0xfc, 0xfc, 0xff, 0xff, 0xff, 0xff, 0xff, 0xff, 0xff, 0xff, 0xff,
    0x00, 0x00, 0xff, 0xff, 0xff, 0xff, 0xff, 0xff, 0xff, 0xff, 0xff, 0xff,
    0xff, 0xff, 0xff, 0xff, 0xff, 0xfb, 0xfb, 0xfb, 0xff, 0xff, 0xff, 0x5a,
    0x5a, 0x5a, 0x00, 0x00, 0x00, 0x4c, 0x4c, 0x4c, 0xf0, 0xf0, 0xf0, 0xf0,
    0xf0, 0xf0, 0x9a, 0x9a, 0x9a, 0x27, 0x27, 0x27, 0x74, 0x74, 0x74, 0xec,
    0xec, 0xec, 0xe8, 0xe8, 0xe8, 0xe5, 0xe5, 0xe5, 0xe6, 0xe6, 0xe6, 0xe6,
    0xe6, 0xe6, 0xe6, 0xe6, 0xe6, 0xe6, 0xe6, 0xe6, 0xe6, 0xe6, 0xe6, 0xe6,
    0xe6, 0xe6, 0xe6, 0xe6, 0xe6, 0xe6, 0xe6, 0xe6, 0xe6, 0xe6, 0xe6, 0xe3,
    0xe3, 0xe3, 0xe3, 0xe3, 0xe3, 0xf8, 0xf8, 0xf8, 0xbb, 0xbb, 0xbb, 0x1a,
    0x1a, 0x1a, 0x00, 0x00, 0x00, 0x48, 0x48, 0x48, 0xed, 0xed, 0xed, 0xe1,
    0xe1, 0xe1, 0xf8, 0xf8, 0xf8, 0x8d, 0x8d, 0x8d, 0x02, 0x02, 0x02, 0x10,
    0x10, 0x10, 0xe0, 0xe0, 0xe0, 0xfe, 0xfe, 0xfe, 0xfd, 0xfd, 0xfd, 0xff,
    0xff, 0xff, 0xff, 0xff, 0xff, 0xff, 0xff, 0xff, 0x00, 0x00, 0xff, 0xff,
    0xff, 0xff, 0xff, 0xff, 0xff, 0xff, 0xff, 0xff, 0xff, 0xff, 0xff, 0xff,
    0xff, 0xfc, 0xfc, 0xfc, 0xfe, 0xfe, 0xfe, 0xdb, 0xdb, 0xdb, 0x06, 0x06,
    0x06, 0x0d, 0x0d, 0x0d, 0xd2, 0xd2, 0xd2, 0xfa, 0xfa, 0xfa, 0x83, 0x83,
    0x83, 0x00, 0x00, 0x00, 0x00, 0x00, 0x00, 0x52, 0x52, 0x52, 0xef, 0xef,
    0xef, 0xe5, 0xe5, 0xe5, 0xe6, 0xe6, 0xe6, 0xe6, 0xe6, 0xe6, 0xe6, 0xe6,
    0xe6, 0xe6, 0xe6, 0xe6, 0xe6, 0xe6, 0xe6, 0xe6, 0xe6, 0xe6, 0xe6, 0xe6,
    0xe6, 0xe5, 0xe5, 0xe5, 0xe3, 0xe3, 0xe3, 0xf1, 0xf1, 0xf1, 0xf1, 0xf1,
    0xf1, 0x90, 0x90, 0x90, 0x09, 0x09, 0x09, 0x00, 0x00, 0x00, 0x4c, 0x4c,
    0x4c, 0xe9, 0xe9, 0xe9, 0xe3, 0xe3, 0xe3, 0xf2, 0xf2, 0xf2, 0xba, 0xba,
    0xba, 0x0d, 0x0d, 0x0d, 0x02, 0x02, 0x02, 0x9f, 0x9f, 0x9f, 0xff, 0xff,
    0xff, 0xfc, 0xfc, 0xfc, 0xff, 0xff, 0xff, 0xff, 0xff, 0xff, 0xff, 0xff,
    0xff, 0xff, 0xff, 0xff, 0x00, 0x00, 0xff, 0xff, 0xff, 0xff, 0xff, 0xff,
    0xff, 0xff, 0xff, 0xff, 0xff, 0xff, 0xff, 0xff, 0xff, 0xff, 0xff, 0xff,
    0xfe, 0xfe, 0xfe, 0xfd, 0xfd, 0xfd, 0x29, 0x29, 0x29, 0x02, 0x02, 0x02,
    0xa4, 0xa4, 0xa4, 0xf9, 0xf9, 0xf9, 0xde, 0xde, 0xde, 0x2b, 0x2b, 0x2b,
    0x00, 0x00, 0x00, 0x00, 0x00, 0x00, 0x87, 0x87, 0x87, 0xf4, 0xf4, 0xf4,
    0xe3, 0xe3, 0xe3, 0xe6, 0xe6, 0xe6, 0xe6, 0xe6, 0xe6, 0xe6, 0xe6, 0xe6,
    0xe6, 0xe6, 0xe6, 0xe6, 0xe6, 0xe6, 0xe5, 0xe5, 0xe5, 0xeb, 0xeb, 0xeb,
    0xf2, 0xf2, 0xf2, 0xb8, 0xb8, 0xb8, 0x44, 0x44, 0x44, 0x00, 0x00, 0x00,
    0x00, 0x00, 0x00, 0x6d, 0x6d, 0x6d, 0xee, 0xee, 0xee, 0xe3, 0xe3, 0xe3,
    0xf1, 0xf1, 0xf1, 0xcb, 0xcb, 0xcb, 0x1c, 0x1c, 0x1c, 0x00, 0x00, 0x00,
    0x68, 0x68, 0x68, 0xff, 0xff, 0xff, 0xfb, 0xfb, 0xfb, 0xff, 0xff, 0xff,
    0xff, 0xff, 0xff, 0xff, 0xff, 0xff, 0xff, 0xff, 0xff, 0xff, 0xff, 0xff,
    0x00, 0x00, 0xff, 0xff, 0xff, 0xff, 0xff, 0xff, 0xff, 0xff, 0xff, 0xff,
    0xff, 0xff, 0xff, 0xff, 0xff, 0xff, 0xff, 0xff, 0xfb, 0xfb, 0xfb, 0xff,
    0xff, 0xff, 0x80, 0x80, 0x80, 0x01, 0x01, 0x01, 0x2a, 0x2a, 0x2a, 0xd5,
    0xd5, 0xd5, 0xfc, 0xfc, 0xfc, 0xc9, 0xc9, 0xc9, 0x27, 0x27, 0x27, 0x00,
    0x00, 0x00, 0x2a, 0x2a, 0x2a, 0xf0, 0xf0, 0xf0, 0xe4, 0xe4, 0xe4, 0xe6,
    0xe6, 0xe6, 0xe6, 0xe6, 0xe6, 0xe6, 0xe6, 0xe6, 0xe6, 0xe6, 0xe6, 0xe5,
    0xe5, 0xe5, 0xea, 0xea, 0xea, 0xd2, 0xd2, 0xd2, 0x42, 0x42, 0x42, 0x00,
    0x00, 0x00, 0x00, 0x00, 0x00, 0x28, 0x28, 0x28, 0xa8, 0xa8, 0xa8, 0xf4,
    0xf4, 0xf4, 0xe1, 0xe1, 0xe1, 0xf5, 0xf5, 0xf5, 0xc4, 0xc4, 0xc4, 0x1f,
    0x1f, 0x1f, 0x00, 0x00, 0x00, 0x4b, 0x4b, 0x4b, 0xfc, 0xfc, 0xfc, 0xfc,
    0xfc, 0xfc, 0xfe, 0xfe, 0xfe, 0xff, 0xff, 0xff, 0xff, 0xff, 0xff, 0xff,
    0xff, 0xff, 0xff, 0xff, 0xff, 0xff, 0xff, 0xff, 0x00, 0x00, 0xff, 0xff,
    0xff, 0xff, 0xff, 0xff, 0xff, 0xff, 0xff, 0xff, 0xff, 0xff, 0xff, 0xff,
    0xff, 0xff, 0xff, 0xff, 0xfe, 0xfe, 0xfe, 0xfd, 0xfd, 0xfd, 0xf4, 0xf4,
    0xf4, 0x38, 0x38, 0x38, 0x00, 0x00, 0x00, 0x25, 0x25, 0x25, 0xb4, 0xb4,
    0xb4, 0xff, 0xff, 0xff, 0xdf, 0xdf, 0xdf, 0x7a, 0x7a, 0x7a, 0xa1, 0xa1,
    0xa1, 0xed, 0xed, 0xed, 0xe5, 0xe5, 0xe5, 0xe6, 0xe6, 0xe6, 0xe6, 0xe6,
    0xe6, 0xe6, 0xe6, 0xe6, 0xe6, 0xe6, 0xe6, 0xe4, 0xe4, 0xe4, 0xef, 0xef,
    0xef, 0xbb, 0xbb, 0xbb, 0x00, 0x00, 0x00, 0x22, 0x22, 0x22, 0x89, 0x89,
    0x89, 0xe2, 0xe2, 0xe2, 0xef, 0xef, 0xef, 0xe6, 0xe6, 0xe6, 0xf7, 0xf7,
    0xf7, 0xa2, 0xa2, 0xa2, 0x13, 0x13, 0x13, 0x00, 0x00, 0x00, 0x4b, 0x4b,
    0x4b, 0xf7, 0xf7, 0xf7, 0xfe, 0xfe, 0xfe, 0xfe, 0xfe, 0xfe, 0xff, 0xff,
    0xff, 0xff, 0xff, 0xff, 0xff, 0xff, 0xff, 0xff, 0xff, 0xff, 0xff, 0xff,
    0xff, 0xff, 0xff, 0xff, 0x00, 0x00, 0xff, 0xff, 0xff, 0xff, 0xff, 0xff,
    0xff, 0xff, 0xff, 0xff, 0xff, 0xff, 0xff, 0xff, 0xff, 0xff, 0xff, 0xff,
    0xff, 0xff, 0xff, 0xfe, 0xfe, 0xfe, 0xff, 0xff, 0xff, 0xee, 0xee, 0xee,
    0x49, 0x49, 0x49, 0x00, 0x00, 0x00, 0x02, 0x02, 0x02, 0x6d, 0x6d, 0x6d,
    0xe0, 0xe0, 0xe0, 0xff, 0xff, 0xff, 0xf1, 0xf1, 0xf1, 0xe2, 0xe2, 0xe2,
    0xe6, 0xe6, 0xe6, 0xe6, 0xe6, 0xe6, 0xe6, 0xe6, 0xe6, 0xe6, 0xe6, 0xe6,
    0xe6, 0xe6, 0xe6, 0xe6, 0xe6, 0xe6, 0xe5, 0xe5, 0xe5, 0xeb, 0xeb, 0xeb,
    0xd1, 0xd1, 0xd1, 0xdd, 0xdd, 0xdd, 0xf3, 0xf3, 0xf3, 0xea, 0xea, 0xea,
    0xf3, 0xf3, 0xf3, 0xdb, 0xdb, 0xdb, 0x66, 0x66, 0x66, 0x00, 0x00, 0x00,
    0x00, 0x00, 0x00, 0x66, 0x66, 0x66, 0xfc, 0xfc, 0xfc, 0xff, 0xff, 0xff,
    0xfd, 0xfd, 0xfd, 0xff, 0xff, 0xff, 0xff, 0xff, 0xff, 0xff, 0xff, 0xff,
    0xff, 0xff, 0xff, 0xff, 0xff, 0xff, 0xff, 0xff, 0xff, 0xff, 0xff, 0xff,
    0x00, 0x00, 0xff, 0xff, 0xff, 0xff, 0xff, 0xff, 0xff, 0xff, 0xff, 0xff,
    0xff, 0xff, 0xff, 0xff, 0xff, 0xff, 0xff, 0xff, 0xff, 0xff, 0xff, 0xff,
    0xff, 0xff, 0xfe, 0xfe, 0xfe, 0xff, 0xff, 0xff, 0xff, 0xff, 0xff, 0x8a,
    0x8a, 0x8a, 0x0b, 0x0b, 0x0b, 0x00, 0x00, 0x00, 0x1b, 0x1b, 0x1b, 0x8a,
    0x8a, 0x8a, 0xe4, 0xe4, 0xe4, 0xf5, 0xf5, 0xf5, 0xe6, 0xe6, 0xe6, 0xe2,
    0xe2, 0xe2, 0xe5, 0xe5, 0xe5, 0xe6, 0xe6, 0xe6, 0xe6, 0xe6, 0xe6, 0xe6,
    0xe6, 0xe6, 0xe6, 0xe6, 0xe6, 0xe4, 0xe4, 0xe4, 0xec, 0xec, 0xec, 0xf2,
    0xf2, 0xf2, 0xf3, 0xf3, 0xf3, 0xdc, 0xdc, 0xdc, 0x88, 0x88, 0x88, 0x1a,
    0x1a, 0x1a, 0x00, 0x00, 0x00, 0x12, 0x12, 0x12, 0x9b, 0x9b, 0x9b, 0xff,
    0xff, 0xff, 0xfe, 0xfe, 0xfe, 0xfe, 0xfe, 0xfe, 0xff, 0xff, 0xff, 0xff,
    0xff, 0xff, 0xff, 0xff, 0xff, 0xff, 0xff, 0xff, 0xff, 0xff, 0xff, 0xff,
    0xff, 0xff, 0xff, 0xff, 0xff, 0xff, 0xff, 0xff, 0x00, 0x00, 0xff, 0xff,
    0xff, 0xff, 0xff, 0xff, 0xff, 0xff, 0xff, 0xff, 0xff, 0xff, 0xff, 0xff,
    0xff, 0xff, 0xff, 0xff, 0xff, 0xff, 0xff, 0xff, 0xff, 0xff, 0xff, 0xff,
    0xff, 0xfe, 0xfe, 0xfe, 0xfe, 0xfe, 0xfe, 0xff, 0xff, 0xff, 0xd7, 0xd7,
    0xd7, 0x58, 0x58, 0x58, 0x04, 0x04, 0x04, 0x01, 0x01, 0x01, 0x2b, 0x2b,
    0x2b, 0x98, 0x98, 0x98, 0xe6, 0xe6, 0xe6, 0xf6, 0xf6, 0xf6, 0xe9, 0xe9,
    0xe9, 0xe3, 0xe3, 0xe3, 0xe6, 0xe6, 0xe6, 0xe6, 0xe6, 0xe6, 0xe5, 0xe5,
    0xe5, 0xed, 0xed, 0xed, 0xe2, 0xe2, 0xe2, 0xb7, 0xb7, 0xb7, 0x6e, 0x6e,
    0x6e, 0x1a, 0x1a, 0x1a, 0x00, 0x00, 0x00, 0x00, 0x00, 0x00, 0x5b, 0x5b,
    0x5b, 0xdc, 0xdc, 0xdc, 0xff, 0xff, 0xff, 0xfc, 0xfc, 0xfc, 0xfe, 0xfe,
    0xfe, 0xff, 0xff, 0xff, 0xff, 0xff, 0xff, 0xff, 0xff, 0xff, 0xff, 0xff,
    0xff, 0xff, 0xff, 0xff, 0xff, 0xff, 0xff, 0xff, 0xff, 0xff, 0xff, 0xff,
    0xff, 0xff, 0xff, 0xff, 0x00, 0x00, 0xff, 0xff, 0xff, 0xff, 0xff, 0xff,
    0xff, 0xff, 0xff, 0xff, 0xff, 0xff, 0xff, 0xff, 0xff, 0xff, 0xff, 0xff,
    0xff, 0xff, 0xff, 0xff, 0xff, 0xff, 0xff, 0xff, 0xff, 0xff, 0xff, 0xff,
    0xff, 0xff, 0xff, 0xfb, 0xfb, 0xfb, 0xff, 0xff, 0xff, 0xff, 0xff, 0xff,
    0x4c, 0x4c, 0x4c, 0x04, 0x04, 0x04, 0x03, 0x03, 0x03, 0x00, 0x00, 0x00,
    0x29, 0x29, 0x29, 0x8d, 0x8d, 0x8d, 0xd9, 0xd9, 0xd9, 0xf3, 0xf3, 0xf3,
    0xe5, 0xe5, 0xe5, 0xe3, 0xe3, 0xe3, 0xf1, 0xf1, 0xf1, 0xa7, 0xa7, 0xa7,
    0x20, 0x20, 0x20, 0x00, 0x00, 0x00, 0x00, 0x00, 0x00, 0x09, 0x09, 0x09,
    0x59, 0x59, 0x59, 0xc6, 0xc6, 0xc6, 0xff, 0xff, 0xff, 0xff, 0xff, 0xff,
    0xfc, 0xfc, 0xfc, 0xff, 0xff, 0xff, 0xff, 0xff, 0xff, 0xff, 0xff, 0xff,
    0xff, 0xff, 0xff, 0xff, 0xff, 0xff, 0xff, 0xff, 0xff, 0xff, 0xff, 0xff,
    0xff, 0xff, 0xff, 0xff, 0xff, 0xff, 0xff, 0xff, 0xff, 0xff, 0xff, 0xff,
    0x00, 0x00, 0xff, 0xff, 0xff, 0xff, 0xff, 0xff, 0xff, 0xff, 0xff, 0xff,
    0xff, 0xff, 0xff, 0xff, 0xff, 0xff, 0xff, 0xff, 0xff, 0xff, 0xff, 0xff,
    0xff, 0xff, 0xff, 0xff, 0xff, 0xff, 0xff, 0xff, 0xff, 0xff, 0xff, 0xff,
    0xff, 0xff, 0xf9, 0xf9, 0xf9, 0xfd, 0xfd, 0xfd, 0x97, 0x97, 0x97, 0x00,
    0x00, 0x00, 0x32, 0x32, 0x32, 0x49, 0x49, 0x49, 0x00, 0x00, 0x00, 0x00,
    0x00, 0x00, 0x10, 0x10, 0x10, 0x79, 0x79, 0x79, 0xf1, 0xf1, 0xf1, 0xdf,
    0xdf, 0xdf, 0xf8, 0xf8, 0xf8, 0x6b, 0x6b, 0x6b, 0x01, 0x01, 0x01, 0x28,
    0x28, 0x28, 0x8d, 0x8d, 0x8d, 0xdc, 0xdc, 0xdc, 0xff, 0xff, 0xff, 0xff,
    0xff, 0xff, 0xfd, 0xfd, 0xfd, 0xfd, 0xfd, 0xfd, 0xff, 0xff, 0xff, 0xff,
    0xff, 0xff, 0xff, 0xff, 0xff, 0xff, 0xff, 0xff, 0xff, 0xff, 0xff, 0xff,
    0xff, 0xff, 0xff, 0xff, 0xff, 0xff, 0xff, 0xff, 0xff, 0xff, 0xff, 0xff,
    0xff, 0xff, 0xff, 0xff, 0xff, 0xff, 0xff, 0xff, 0x00, 0x00, 0xff, 0xff,
    0xff, 0xff, 0xff, 0xff, 0xff, 0xff, 0xff, 0xff, 0xff, 0xff, 0xff, 0xff,
    0xff, 0xff, 0xff, 0xff, 0xff, 0xff, 0xff, 0xff, 0xff, 0xff, 0xff, 0xff,
    0xff, 0xff, 0xff, 0xff, 0xff, 0xff, 0xff, 0xff, 0xff, 0xff, 0xfd, 0xfd,
    0xfd, 0xff, 0xff, 0xff, 0xe2, 0xe2, 0xe2, 0x07, 0x07, 0x07, 0x19, 0x19,
    0x19, 0xe2, 0xe2, 0xe2, 0xb6, 0xb6, 0xb6, 0x59, 0x59, 0x59, 0x0a, 0x0a,
    0x0a, 0x01, 0x01, 0x01, 0x9e, 0x9e, 0x9e, 0xf5, 0xf5, 0xf5, 0xf0, 0xf0,
    0xf0, 0x69, 0x69, 0x69, 0x02, 0x02, 0x02, 0x85, 0x85, 0x85, 0xff, 0xff,
    0xff, 0xff, 0xff, 0xff, 0xfc, 0xfc, 0xfc, 0xfd, 0xfd, 0xfd, 0xff, 0xff,
    0xff, 0xff, 0xff, 0xff, 0xff, 0xff, 0xff, 0xff, 0xff, 0xff, 0xff, 0xff,
    0xff, 0xff, 0xff, 0xff, 0xff, 0xff, 0xff, 0xff, 0xff, 0xff, 0xff, 0xff,
    0xff, 0xff, 0xff, 0xff, 0xff, 0xff, 0xff, 0xff, 0xff, 0xff, 0xff, 0xff,
    0xff, 0xff, 0xff, 0xff, 0x00, 0x00, 0xff, 0xff, 0xff, 0xff, 0xff, 0xff,
    0xff, 0xff, 0xff, 0xff, 0xff, 0xff, 0xff, 0xff, 0xff, 0xff, 0xff, 0xff,
    0xff, 0xff, 0xff, 0xff, 0xff, 0xff, 0xff, 0xff, 0xff, 0xff, 0xff, 0xff,
    0xff, 0xff, 0xff, 0xff, 0xff, 0xff, 0xff, 0xff, 0xff, 0xfc, 0xfc, 0xfc,
    0xff, 0xff, 0xff, 0x55, 0x55, 0x55, 0x00, 0x00, 0x00, 0x7a, 0x7a, 0x7a,
    0xff, 0xff, 0xff, 0xe8, 0xe8, 0xe8, 0x22, 0x22, 0x22, 0x03, 0x03, 0x03,
    0x10, 0x10, 0x10, 0xb6, 0xb6, 0xb6, 0xff, 0xff, 0xff, 0x4b, 0x4b, 0x4b,
    0x01, 0x01, 0x01, 0x99, 0x99, 0x99, 0xfb, 0xfb, 0xfb, 0xf9, 0xf9, 0xf9,
    0xff, 0xff, 0xff, 0xff, 0xff, 0xff, 0xff, 0xff, 0xff, 0xff, 0xff, 0xff,
    0xff, 0xff, 0xff, 0xff, 0xff, 0xff, 0xff, 0xff, 0xff, 0xff, 0xff, 0xff,
    0xff, 0xff, 0xff, 0xff, 0xff, 0xff, 0xff, 0xff, 0xff, 0xff, 0xff, 0xff,
    0xff, 0xff, 0xff, 0xff, 0xff, 0xff, 0xff, 0xff, 0xff, 0xff, 0xff, 0xff,
    0x00, 0x00, 0xff, 0xff, 0xff, 0xff, 0xff, 0xff, 0xff, 0xff, 0xff, 0xff,
    0xff, 0xff, 0xff, 0xff, 0xff, 0xff, 0xff, 0xff, 0xff, 0xff, 0xff, 0xff,
    0xff, 0xff, 0xff, 0xff, 0xff, 0xff, 0xff, 0xff, 0xff, 0xff, 0xff, 0xff,
    0xff, 0xff, 0xff, 0xff, 0xff, 0xfc, 0xfc, 0xfc, 0xfe, 0xfe, 0xfe, 0xcd,
    0xcd, 0xcd, 0x01, 0x01, 0x01, 0x11, 0x11, 0x11, 0xbd, 0xbd, 0xbd, 0x45,
    0x45, 0x45, 0x00, 0x00, 0x00, 0x14, 0x14, 0x14, 0x00, 0x00, 0x00, 0x0d,
    0x0d, 0x0d, 0x97, 0x97, 0x97, 0x24, 0x24, 0x24, 0x00, 0x00, 0x00, 0xc5,
    0xc5, 0xc5, 0xff, 0xff, 0xff, 0xfc, 0xfc, 0xfc, 0xff, 0xff, 0xff, 0xff,
    0xff, 0xff, 0xff, 0xff, 0xff, 0xff, 0xff, 0xff, 0xff, 0xff, 0xff, 0xff,
    0xff, 0xff, 0xff, 0xff, 0xff, 0xff, 0xff, 0xff, 0xff, 0xff, 0xff, 0xff,
    0xff, 0xff, 0xff, 0xff, 0xff, 0xff, 0xff, 0xff, 0xff, 0xff, 0xff, 0xff,
    0xff, 0xff, 0xff, 0xff, 0xff, 0xff, 0xff, 0xff, 0x00, 0x00, 0xff, 0xff,
    0xff, 0xff, 0xff, 0xff, 0xff, 0xff, 0xff, 0xff, 0xff, 0xff, 0xff, 0xff,
    0xff, 0xff, 0xff, 0xff, 0xff, 0xff, 0xff, 0xff, 0xff, 0xff, 0xff, 0xff,
    0xff, 0xff, 0xff, 0xff, 0xff, 0xff, 0xff, 0xff, 0xff, 0xff, 0xff, 0xff,
    0xff, 0xff, 0xff, 0xff, 0xfc, 0xfc, 0xfc, 0xff, 0xff, 0xff, 0x72, 0x72,
    0x72, 0x00, 0x00, 0x00, 0x00, 0x00, 0x00, 0x00, 0x00, 0x00, 0x38, 0x38,
    0x38, 0xe3, 0xe3, 0xe3, 0x70, 0x70, 0x70, 0x00, 0x00, 0x00, 0x00, 0x00,
    0x00, 0x00, 0x00, 0x00, 0x22, 0x22, 0x22, 0xf7, 0xf7, 0xf7, 0xfe, 0xfe,
    0xfe, 0xfe, 0xfe, 0xfe, 0xff, 0xff, 0xff, 0xff, 0xff, 0xff, 0xff, 0xff,
    0xff, 0xff, 0xff, 0xff, 0xff, 0xff, 0xff, 0xff, 0xff, 0xff, 0xff, 0xff,
    0xff, 0xff, 0xff, 0xff, 0xff, 0xff, 0xff, 0xff, 0xff, 0xff, 0xff, 0xff,
    0xff, 0xff, 0xff, 0xff, 0xff, 0xff, 0xff, 0xff, 0xff, 0xff, 0xff, 0xff,
    0xff, 0xff, 0xff, 0xff, 0x00, 0x00, 0xff, 0xff, 0xff, 0xff, 0xff, 0xff,
    0xff, 0xff, 0xff, 0xff, 0xff, 0xff, 0xff, 0xff, 0xff, 0xff, 0xff, 0xff,
    0xff, 0xff, 0xff, 0xff, 0xff, 0xff, 0xff, 0xff, 0xff, 0xff, 0xff, 0xff,
    0xff, 0xff, 0xff, 0xff, 0xff, 0xff, 0xff, 0xff, 0xff, 0xff, 0xff, 0xff,
    0xfe, 0xfe, 0xfe, 0xfc, 0xfc, 0xfc, 0xfa, 0xfa, 0xfa, 0x63, 0x63, 0x63,
    0x1e, 0x1e, 0x1e, 0x65, 0x65, 0x65, 0xf1, 0xf1, 0xf1, 0xff, 0xff, 0xff,
    0xff, 0xff, 0xff, 0xa2, 0xa2, 0xa2, 0x1f, 0x1f, 0x1f, 0x11, 0x11, 0x11,
    0xb7, 0xb7, 0xb7, 0xff, 0xff, 0xff, 0xfc, 0xfc, 0xfc, 0xff, 0xff, 0xff,
    0xff, 0xff, 0xff, 0xff, 0xff, 0xff, 0xff, 0xff, 0xff, 0xff, 0xff, 0xff,
    0xff, 0xff, 0xff, 0xff, 0xff, 0xff, 0xff, 0xff, 0xff, 0xff, 0xff, 0xff,
    0xff, 0xff, 0xff, 0xff, 0xff, 0xff, 0xff, 0xff, 0xff, 0xff, 0xff, 0xff,
    0xff, 0xff, 0xff, 0xff, 0xff, 0xff, 0xff, 0xff, 0xff, 0xff, 0xff, 0xff,
    0x00, 0x00
};
static const unsigned int white_knight_bmp_len = 6494;

/* white_pawn.bmp (6494 bytes, 46x46 px) */
static const unsigned char white_pawn_bmp[] = {
    0x42, 0x4d, 0x5e, 0x19, 0x00, 0x00, 0x00, 0x00, 0x00, 0x00, 0x36, 0x00,
    0x00, 0x00, 0x28, 0x00, 0x00, 0x00, 0x2e, 0x00, 0x00, 0x00, 0x2e, 0x00,
    0x00, 0x00, 0x01, 0x00, 0x18, 0x00, 0x00, 0x00, 0x00, 0x00, 0x28, 0x19,
    0x00, 0x00, 0xc4, 0x0e, 0x00, 0x00, 0xc4, 0x0e, 0x00, 0x00, 0x00, 0x00,
    0x00, 0x00, 0x00, 0x00, 0x00, 0x00, 0x00, 0x00, 0x00, 0x00, 0x00, 0x00,
    0x00, 0x00, 0x00, 0x01, 0x01, 0x01, 0x01, 0x01, 0x01, 0x01, 0x01, 0x01,
    0x01, 0x01, 0x01, 0x01, 0x01, 0x01, 0x01, 0x01, 0x01, 0x01, 0x01, 0x01,
    0x01, 0x01, 0x01, 0x01, 0x01, 0x01, 0x01, 0x01, 0x01, 0x01, 0x01, 0x01,
    0x01, 0x01, 0x01, 0x01, 0x01, 0x01, 0x01, 0x01, 0x01, 0x01, 0x01, 0x01,
    0x01, 0x01, 0x01, 0x01, 0x01, 0x01, 0x01, 0x01, 0x01, 0x01, 0x01, 0x01,
    0x01, 0x01, 0x01, 0x01, 0x01, 0x01, 0x01, 0x01, 0x01, 0x01, 0x01, 0x01,
    0x01, 0x01, 0x01, 0x01, 0x01, 0x01, 0x01, 0x01, 0x01, 0x01, 0x01, 0x01,
    0x01, 0x01, 0x01, 0x01, 0x01, 0x01, 0x01, 0x01, 0x01, 0x01, 0x01, 0x01,
    0x01, 0x01, 0x01, 0x01, 0x01, 0x01, 0x01, 0x01, 0x01, 0x01, 0x01, 0x01,
    0x01, 0x01, 0x01, 0x01, 0x01, 0x01, 0x01, 0x01, 0x01, 0x01, 0x01, 0x01,
    0x01, 0x01, 0x01, 0x00, 0x00, 0x00, 0x00, 0x00, 0x00, 0x02, 0x02, 0x02,
    0x00, 0x00, 0x01, 0x01, 0x01, 0x00, 0x00, 0x00, 0x00, 0x00, 0x00, 0x00,
    0x00, 0x00, 0x00, 0x00, 0x00, 0x00, 0x00, 0x00, 0x00, 0x00, 0x00, 0x00,
    0x00, 0x00, 0x00, 0x00, 0x00, 0x00, 0x00, 0x00, 0x00, 0x00, 0x00, 0x00,
    0x00, 0x00, 0x00, 0x00, 0x00, 0x00, 0x00, 0x00, 0x00, 0x00, 0x00, 0x00,
    0x00, 0x00, 0x00, 0x00, 0x00, 0x00, 0x00, 0x00, 0x00, 0x00, 0x00, 0x00,
    0x00, 0x00, 0x00, 0x00, 0x00, 0x00, 0x00, 0x00, 0x00, 0x00, 0x00, 0x00,
    0x00, 0x00, 0x00, 0x00, 0x00, 0x00, 0x00, 0x00, 0x00, 0x00, 0x00, 0x00,
    0x00, 0x00, 0x00, 0x00, 0x00, 0x00, 0x00, 0x00, 0x00, 0x00, 0x00, 0x00,
    0x00, 0x00, 0x00, 0x00, 0x00, 0x00, 0x00, 0x00, 0x00, 0x00, 0x00, 0x00,
    0x00, 0x00, 0x00, 0x00, 0x00, 0x00, 0x00, 0x00, 0x00, 0x00, 0x00, 0x00,
    0x00, 0x00, 0x00, 0x00, 0x00, 0x00, 0x00, 0x00, 0x00, 0x00, 0x00, 0x00,
    0x00, 0x00, 0x00, 0x00, 0x00, 0x02, 0x02, 0x02, 0x00, 0x00, 0x09, 0x09,
    0x09, 0x00, 0x00, 0x00, 0x2e, 0x2e, 0x2e, 0xbc, 0xbc, 0xbc, 0xb4, 0xb4,
    0xb4, 0xb5, 0xb5, 0xb5, 0xb5, 0xb5, 0xb5, 0xb5, 0xb5, 0xb5, 0xb5, 0xb5,
    0xb5, 0xb5, 0xb5, 0xb5, 0xb5, 0xb5, 0xb5, 0xb5, 0xb5, 0xb5, 0xb5, 0xb5,
    0xb5, 0xb5, 0xb5, 0xb5, 0xb5, 0xb5, 0xb5, 0xb5, 0xb5, 0xb5, 0xb5, 0xb5,
    0xb5, 0xb5, 0xb5, 0xb5, 0xb5, 0xb5, 0xb5, 0xb5, 0xb5, 0xb5, 0xb5, 0xb5,
    0xb5, 0xb5, 0xb5, 0xb5, 0xb5, 0xb5, 0xb5, 0xb5, 0xb5, 0xb5, 0xb5, 0xb5,
    0xb5, 0xb5, 0xb5, 0xb5, 0xb5, 0xb5, 0xb5, 0xb5, 0xb5, 0xb5, 0xb5, 0xb5,
    0xb5, 0xb5, 0xb5, 0xb5, 0xb5, 0xb5, 0xb5, 0xb5, 0xb5, 0xb5, 0xb5, 0xb5,
    0xb5, 0xb5, 0xb5, 0xb5, 0xb5, 0xb5, 0xb5, 0xb5, 0xb5, 0xb5, 0xb5, 0xb5,
    0xb5, 0xb5, 0xb5, 0xb5, 0xb5, 0xb5, 0xb5, 0xb5, 0xb5, 0xb5, 0xb5, 0xb5,
    0xb5, 0xb4, 0xb4, 0xb4, 0xbc, 0xbc, 0xbc, 0x2d, 0x2d, 0x2d, 0x00, 0x00,
    0x00, 0x0a, 0x0a, 0x0a, 0x00, 0x00, 0x19, 0x19, 0x19, 0x00, 0x00, 0x00,
    0x2e, 0x2e, 0x2e, 0xf4, 0xf4, 0xf4, 0xf0, 0xf0, 0xf0, 0xf1, 0xf1, 0xf1,
    0xf1, 0xf1, 0xf1, 0xf1, 0xf1, 0xf1, 0xf1, 0xf1, 0xf1, 0xf1, 0xf1, 0xf1,
    0xf1, 0xf1, 0xf1, 0xf1, 0xf1, 0xf1, 0xf1, 0xf1, 0xf1, 0xf1, 0xf1, 0xf1,
    0xf1, 0xf1, 0xf1, 0xf1, 0xf1, 0xf1, 0xf1, 0xf1, 0xf1, 0xf1, 0xf1, 0xf1,
    0xf1, 0xf1, 0xf1, 0xf1, 0xf1, 0xf1, 0xf1, 0xf1, 0xf1, 0xf1, 0xf1, 0xf1,
    0xf1, 0xf1, 0xf1, 0xf1, 0xf1, 0xf1, 0xf1, 0xf1, 0xf1, 0xf1, 0xf1, 0xf1,
    0xf1, 0xf1, 0xf1, 0xf1, 0xf1, 0xf1, 0xf1, 0xf1, 0xf1, 0xf1, 0xf1, 0xf1,
    0xf1, 0xf1, 0xf1, 0xf1, 0xf1, 0xf1, 0xf1, 0xf1, 0xf1, 0xf1, 0xf1, 0xf1,
    0xf1, 0xf1, 0xf1, 0xf1, 0xf1, 0xf1, 0xf1, 0xf1, 0xf1, 0xf1, 0xf1, 0xf1,
    0xf1, 0xf1, 0xf1, 0xf1, 0xf1, 0xf1, 0xf0, 0xf0, 0xf0, 0xf0, 0xf0, 0xf0,
    0xf3, 0xf3, 0xf3, 0x2d, 0x2d, 0x2d, 0x00, 0x00, 0x00, 0x1a, 0x1a, 0x1a,
    0x00, 0x00, 0x35, 0x35, 0x35, 0x00, 0x00, 0x00, 0x14, 0x14, 0x14, 0xd7,
    0xd7, 0xd7, 0xe7, 0xe7, 0xe7, 0xe3, 0xe3, 0xe3, 0xe4, 0xe4, 0xe4, 0xe4,
    0xe4, 0xe4, 0xe4, 0xe4, 0xe4, 0xe4, 0xe4, 0xe4, 0xe4, 0xe4, 0xe4, 0xe4,
    0xe4, 0xe4, 0xe4, 0xe4, 0xe4, 0xe4, 0xe4, 0xe4, 0xe4, 0xe4, 0xe4, 0xe4,
    0xe4, 0xe4, 0xe4, 0xe4, 0xe4, 0xe4, 0xe4, 0xe4, 0xe4, 0xe4, 0xe4, 0xe4,
    0xe4, 0xe4, 0xe4, 0xe4, 0xe4, 0xe4, 0xe4, 0xe4, 0xe4, 0xe4, 0xe4, 0xe4,
    0xe4, 0xe4, 0xe4, 0xe4, 0xe4, 0xe4, 0xe4, 0xe4, 0xe4, 0xe4, 0xe4, 0xe4,
    0xe4, 0xe4, 0xe4, 0xe4, 0xe4, 0xe4, 0xe4, 0xe4, 0xe4, 0xe4, 0xe4, 0xe4,
    0xe4, 0xe4, 0xe4, 0xe4, 0xe4, 0xe4, 0xe4, 0xe4, 0xe4, 0xe4, 0xe4, 0xe4,
    0xe4, 0xe4, 0xe4, 0xe4, 0xe4, 0xe4, 0xe4, 0xe4, 0xe4, 0xe4, 0xe4, 0xe4,
    0xe4, 0xe4, 0xe3, 0xe3, 0xe3, 0xe7, 0xe7, 0xe7, 0xd6, 0xd6, 0xd6, 0x13,
    0x13, 0x13, 0x00, 0x00, 0x00, 0x36, 0x36, 0x36, 0x00, 0x00, 0x61, 0x61,
    0x61, 0x01, 0x01, 0x01, 0x04, 0x04, 0x04, 0xbb, 0xbb, 0xbb, 0xef, 0xef,
    0xef, 0xe4, 0xe4, 0xe4, 0xe6, 0xe6, 0xe6, 0xe6, 0xe6, 0xe6, 0xe6, 0xe6,
    0xe6, 0xe6, 0xe6, 0xe6, 0xe6, 0xe6, 0xe6, 0xe6, 0xe6, 0xe6, 0xe6, 0xe6,
    0xe6, 0xe6, 0xe6, 0xe6, 0xe6, 0xe6, 0xe6, 0xe6, 0xe6, 0xe6, 0xe6, 0xe6,
    0xe6, 0xe6, 0xe6, 0xe6, 0xe6, 0xe6, 0xe6, 0xe6, 0xe6, 0xe6, 0xe6, 0xe6,
    0xe6, 0xe6, 0xe6, 0xe6, 0xe6, 0xe6, 0xe6, 0xe6, 0xe6, 0xe6, 0xe6, 0xe6,
    0xe6, 0xe6, 0xe6, 0xe6, 0xe6, 0xe6, 0xe6, 0xe6, 0xe6, 0xe6, 0xe6, 0xe6,
    0xe6, 0xe6, 0xe6, 0xe6, 0xe6, 0xe6, 0xe6, 0xe6, 0xe6, 0xe6, 0xe6, 0xe6,
    0xe6, 0xe6, 0xe6, 0xe6, 0xe6, 0xe6, 0xe6, 0xe6, 0xe6, 0xe6, 0xe6, 0xe6,
    0xe6, 0xe6, 0xe6, 0xe6, 0xe6, 0xe6, 0xe6, 0xe6, 0xe6, 0xe6, 0xe4, 0xe4,
    0xe4, 0xf0, 0xf0, 0xf0, 0xba, 0xba, 0xba, 0x03, 0x03, 0x03, 0x01, 0x01,
    0x01, 0x62, 0x62, 0x62, 0x00, 0x00, 0x9d, 0x9d, 0x9d, 0x04, 0x04, 0x04,
    0x02, 0x02, 0x02, 0x88, 0x88, 0x88, 0xf6, 0xf6, 0xf6, 0xe2, 0xe2, 0xe2,
    0xe6, 0xe6, 0xe6, 0xe6, 0xe6, 0xe6, 0xe6, 0xe6, 0xe6, 0xe6, 0xe6, 0xe6,
    0xe6, 0xe6, 0xe6, 0xe6, 0xe6, 0xe6, 0xe6, 0xe6, 0xe6, 0xe6, 0xe6, 0xe6,
    0xe6, 0xe6, 0xe6, 0xe6, 0xe6, 0xe6, 0xe6, 0xe6, 0xe6, 0xe6, 0xe6, 0xe6,
    0xe6, 0xe6, 0xe6, 0xe6, 0xe6, 0xe6, 0xe6, 0xe6, 0xe6, 0xe6, 0xe6, 0xe6,
    0xe6, 0xe6, 0xe6, 0xe6, 0xe6, 0xe6, 0xe6, 0xe6, 0xe6, 0xe6, 0xe6, 0xe6,
    0xe6, 0xe6, 0xe6, 0xe6, 0xe6, 0xe6, 0xe6, 0xe6, 0xe6, 0xe6, 0xe6, 0xe6,
    0xe6, 0xe6, 0xe6, 0xe6, 0xe6, 0xe6, 0xe6, 0xe6, 0xe6, 0xe6, 0xe6, 0xe6,
    0xe6, 0xe6, 0xe6, 0xe6, 0xe6, 0xe6, 0xe6, 0xe6, 0xe6, 0xe6, 0xe6, 0xe6,
    0xe6, 0xe6, 0xe6, 0xe6, 0xe6, 0xe6, 0xe2, 0xe2, 0xe2, 0xf6, 0xf6, 0xf6,
    0x86, 0x86, 0x86, 0x02, 0x02, 0x02, 0x04, 0x04, 0x04, 0x9e, 0x9e, 0x9e,
    0x00, 0x00, 0xdf, 0xdf, 0xdf, 0x0d, 0x0d, 0x0d, 0x00, 0x00, 0x00, 0x43,
    0x43, 0x43, 0xf2, 0xf2, 0xf2, 0xe3, 0xe3, 0xe3, 0xe6, 0xe6, 0xe6, 0xe6,
    0xe6, 0xe6, 0xe6, 0xe6, 0xe6, 0xe6, 0xe6, 0xe6, 0xe6, 0xe6, 0xe6, 0xe6,
    0xe6, 0xe6, 0xe6, 0xe6, 0xe6, 0xe6, 0xe6, 0xe6, 0xe6, 0xe6, 0xe6, 0xe6,
    0xe6, 0xe6, 0xe6, 0xe6, 0xe6, 0xe6, 0xe6, 0xe6, 0xe6, 0xe6, 0xe6, 0xe6,
    0xe6, 0xe6, 0xe6, 0xe6, 0xe6, 0xe6, 0xe6, 0xe6, 0xe6, 0xe6, 0xe6, 0xe6,
    0xe6, 0xe6, 0xe6, 0xe6, 0xe6, 0xe6, 0xe6, 0xe6, 0xe6, 0xe6, 0xe6, 0xe6,
    0xe6, 0xe6, 0xe6, 0xe6, 0xe6, 0xe6, 0xe6, 0xe6, 0xe6, 0xe6, 0xe6, 0xe6,
    0xe6, 0xe6, 0xe6, 0xe6, 0xe6, 0xe6, 0xe6, 0xe6, 0xe6, 0xe6, 0xe6, 0xe6,
    0xe6, 0xe6, 0xe6, 0xe6, 0xe6, 0xe6, 0xe6, 0xe6, 0xe6, 0xe6, 0xe6, 0xe6,
    0xe6, 0xe6, 0xe3, 0xe3, 0xe3, 0xf2, 0xf2, 0xf2, 0x42, 0x42, 0x42, 0x00,
    0x00, 0x00, 0x0e, 0x0e, 0x0e, 0xe0, 0xe0, 0xe0, 0x00, 0x00, 0xff, 0xff,
    0xff, 0x45, 0x45, 0x45, 0x02, 0x02, 0x02, 0x0b, 0x0b, 0x0b, 0xcb, 0xcb,
    0xcb, 0xec, 0xec, 0xec, 0xe4, 0xe4, 0xe4, 0xe6, 0xe6, 0xe6, 0xe6, 0xe6,
    0xe6, 0xe6, 0xe6, 0xe6, 0xe6, 0xe6, 0xe6, 0xe6, 0xe6, 0xe6, 0xe6, 0xe6,
    0xe6, 0xe6, 0xe6, 0xe6, 0xe6, 0xe6, 0xe6, 0xe6, 0xe6, 0xe6, 0xe6, 0xe6,
    0xe6, 0xe6, 0xe6, 0xe6, 0xe6, 0xe6, 0xe6, 0xe6, 0xe6, 0xe6, 0xe6, 0xe6,
    0xe6, 0xe6, 0xe6, 0xe6, 0xe6, 0xe6, 0xe6, 0xe6, 0xe6, 0xe6, 0xe6, 0xe6,
    0xe6, 0xe6, 0xe6, 0xe6, 0xe6, 0xe6, 0xe6, 0xe6, 0xe6, 0xe6, 0xe6, 0xe6,
    0xe6, 0xe6, 0xe6, 0xe6, 0xe6, 0xe6, 0xe6, 0xe6, 0xe6, 0xe6, 0xe6, 0xe6,
    0xe6, 0xe6, 0xe6, 0xe6, 0xe6, 0xe6, 0xe6, 0xe6, 0xe6, 0xe6, 0xe6, 0xe6,
    0xe6, 0xe6, 0xe6, 0xe6, 0xe6, 0xe6, 0xe6, 0xe4, 0xe4, 0xe4, 0xed, 0xed,
    0xed, 0xca, 0xca, 0xca, 0x0b, 0x0b, 0x0b, 0x02, 0x02, 0x02, 0x46, 0x46,
    0x46, 0xff, 0xff, 0xff, 0x00, 0x00, 0xff, 0xff, 0xff, 0xa4, 0xa4, 0xa4,
    0x04, 0x04, 0x04, 0x03, 0x03, 0x03, 0x6f, 0x6f, 0x6f, 0xf7, 0xf7, 0xf7,
    0xe2, 0xe2, 0xe2, 0xe6, 0xe6, 0xe6, 0xe6, 0xe6, 0xe6, 0xe6, 0xe6, 0xe6,
    0xe6, 0xe6, 0xe6, 0xe6, 0xe6, 0xe6, 0xe6, 0xe6, 0xe6, 0xe6, 0xe6, 0xe6,
    0xe6, 0xe6, 0xe6, 0xe6, 0xe6, 0xe6, 0xe6, 0xe6, 0xe6, 0xe6, 0xe6, 0xe6,
    0xe6, 0xe6, 0xe6, 0xe6, 0xe6, 0xe6, 0xe6, 0xe6, 0xe6, 0xe6, 0xe6, 0xe6,
    0xe6, 0xe6, 0xe6, 0xe6, 0xe6, 0xe6, 0xe6, 0xe6, 0xe6, 0xe6, 0xe6, 0xe6,
    0xe6, 0xe6, 0xe6, 0xe6, 0xe6, 0xe6, 0xe6, 0xe6, 0xe6, 0xe6, 0xe6, 0xe6,
    0xe6, 0xe6, 0xe6, 0xe6, 0xe6, 0xe6, 0xe6, 0xe6, 0xe6, 0xe6, 0xe6, 0xe6,
    0xe6, 0xe6, 0xe6, 0xe6, 0xe6, 0xe6, 0xe6, 0xe6, 0xe6, 0xe6, 0xe6, 0xe6,
    0xe6, 0xe6, 0xe6, 0xe2, 0xe2, 0xe2, 0xf7, 0xf7, 0xf7, 0x6e, 0x6e, 0x6e,
    0x03, 0x03, 0x03, 0x04, 0x04, 0x04, 0xa5, 0xa5, 0xa5, 0xff, 0xff, 0xff,
    0x00, 0x00, 0xfe, 0xfe, 0xfe, 0xf6, 0xf6, 0xf6, 0x1e, 0x1e, 0x1e, 0x02,
    0x02, 0x02, 0x12, 0x12, 0x12, 0xd5, 0xd5, 0xd5, 0xeb, 0xeb, 0xeb, 0xe5,
    0xe5, 0xe5, 0xe6, 0xe6, 0xe6, 0xe6, 0xe6, 0xe6, 0xe6, 0xe6, 0xe6, 0xe6,
    0xe6, 0xe6, 0xe6, 0xe6, 0xe6, 0xe6, 0xe6, 0xe6, 0xe6, 0xe6, 0xe6, 0xe6,
    0xe6, 0xe6, 0xe6, 0xe6, 0xe6, 0xe6, 0xe6, 0xe6, 0xe6, 0xe6, 0xe6, 0xe6,
    0xe6, 0xe6, 0xe6, 0xe6, 0xe6, 0xe6, 0xe6, 0xe6, 0xe6, 0xe6, 0xe6, 0xe6,
    0xe6, 0xe6, 0xe6, 0xe6, 0xe6, 0xe6, 0xe6, 0xe6, 0xe6, 0xe6, 0xe6, 0xe6,
    0xe6, 0xe6, 0xe6, 0xe6, 0xe6, 0xe6, 0xe6, 0xe6, 0xe6, 0xe6, 0xe6, 0xe6,
    0xe6, 0xe6, 0xe6, 0xe6, 0xe6, 0xe6, 0xe6, 0xe6, 0xe6, 0xe6, 0xe6, 0xe6,
    0xe6, 0xe6, 0xe6, 0xe6, 0xe6, 0xe6, 0xe6, 0xe6, 0xe5, 0xe5, 0xe5, 0xeb,
    0xeb, 0xeb, 0xd4, 0xd4, 0xd4, 0x11, 0x11, 0x11, 0x02, 0x02, 0x02, 0x1f,
    0x1f, 0x1f, 0xf6, 0xf6, 0xf6, 0xfe, 0xfe, 0xfe, 0x00, 0x00, 0xfb, 0xfb,
    0xfb, 0xff, 0xff, 0xff, 0x99, 0x99, 0x99, 0x03, 0x03, 0x03, 0x04, 0x04,
    0x04, 0x5a, 0x5a, 0x5a, 0xf8, 0xf8, 0xf8, 0xe2, 0xe2, 0xe2, 0xe6, 0xe6,
    0xe6, 0xe6, 0xe6, 0xe6, 0xe6, 0xe6, 0xe6, 0xe6, 0xe6, 0xe6, 0xe6, 0xe6,
    0xe6, 0xe6, 0xe6, 0xe6, 0xe6, 0xe6, 0xe6, 0xe6, 0xe6, 0xe6, 0xe6, 0xe6,
    0xe6, 0xe6, 0xe6, 0xe6, 0xe6, 0xe6, 0xe6, 0xe6, 0xe6, 0xe6, 0xe6, 0xe6,
    0xe6, 0xe6, 0xe6, 0xe6, 0xe6, 0xe6, 0xe6, 0xe6, 0xe6, 0xe6, 0xe6, 0xe6,
    0xe6, 0xe6, 0xe6, 0xe6, 0xe6, 0xe6, 0xe6, 0xe6, 0xe6, 0xe6, 0xe6, 0xe6,
    0xe6, 0xe6, 0xe6, 0xe6, 0xe6, 0xe6, 0xe6, 0xe6, 0xe6, 0xe6, 0xe6, 0xe6,
    0xe6, 0xe6, 0xe6, 0xe6, 0xe6, 0xe6, 0xe6, 0xe6, 0xe6, 0xe6, 0xe6, 0xe6,
    0xe6, 0xe6, 0xe6, 0xe6, 0xe2, 0xe2, 0xe2, 0xf7, 0xf7, 0xf7, 0x59, 0x59,
    0x59, 0x04, 0x04, 0x04, 0x03, 0x03, 0x03, 0x9b, 0x9b, 0x9b, 0xff, 0xff,
    0xff, 0xfb, 0xfb, 0xfb, 0x00, 0x00, 0xfe, 0xfe, 0xfe, 0xfd, 0xfd, 0xfd,
    0xfc, 0xfc, 0xfc, 0x34, 0x34, 0x34, 0x03, 0x03, 0x03, 0x03, 0x03, 0x03,
    0xa4, 0xa4, 0xa4, 0xf6, 0xf6, 0xf6, 0xe1, 0xe1, 0xe1, 0xe6, 0xe6, 0xe6,
    0xe6, 0xe6, 0xe6, 0xe6, 0xe6, 0xe6, 0xe6, 0xe6, 0xe6, 0xe6, 0xe6, 0xe6,
    0xe6, 0xe6, 0xe6, 0xe6, 0xe6, 0xe6, 0xe6, 0xe6, 0xe6, 0xe6, 0xe6, 0xe6,
    0xe6, 0xe6, 0xe6, 0xe6, 0xe6, 0xe6, 0xe6, 0xe6, 0xe6, 0xe6, 0xe6, 0xe6,
    0xe6, 0xe6, 0xe6, 0xe6, 0xe6, 0xe6, 0xe6, 0xe6, 0xe6, 0xe6, 0xe6, 0xe6,
    0xe6, 0xe6, 0xe6, 0xe6, 0xe6, 0xe6, 0xe6, 0xe6, 0xe6, 0xe6, 0xe6, 0xe6,
    0xe6, 0xe6, 0xe6, 0xe6, 0xe6, 0xe6, 0xe6, 0xe6, 0xe6, 0xe6, 0xe6, 0xe6,
    0xe6, 0xe6, 0xe6, 0xe6, 0xe6, 0xe6, 0xe6, 0xe6, 0xe6, 0xe1, 0xe1, 0xe1,
    0xf6, 0xf6, 0xf6, 0xa2, 0xa2, 0xa2, 0x03, 0x03, 0x03, 0x03, 0x03, 0x03,
    0x35, 0x35, 0x35, 0xfc, 0xfc, 0xfc, 0xfd, 0xfd, 0xfd, 0xfe, 0xfe, 0xfe,
    0x00, 0x00, 0xff, 0xff, 0xff, 0xfd, 0xfd, 0xfd, 0xff, 0xff, 0xff, 0xd0,
    0xd0, 0xd0, 0x08, 0x08, 0x08, 0x04, 0x04, 0x04, 0x13, 0x13, 0x13, 0xcc,
    0xcc, 0xcc, 0xf0, 0xf0, 0xf0, 0xe2, 0xe2, 0xe2, 0xe6, 0xe6, 0xe6, 0xe6,
    0xe6, 0xe6, 0xe6, 0xe6, 0xe6, 0xe6, 0xe6, 0xe6, 0xe6, 0xe6, 0xe6, 0xe6,
    0xe6, 0xe6, 0xe6, 0xe6, 0xe6, 0xe6, 0xe6, 0xe6, 0xe6, 0xe6, 0xe6, 0xe6,
    0xe6, 0xe6, 0xe6, 0xe6, 0xe6, 0xe6, 0xe6, 0xe6, 0xe6, 0xe6, 0xe6, 0xe6,
    0xe6, 0xe6, 0xe6, 0xe6, 0xe6, 0xe6, 0xe6, 0xe6, 0xe6, 0xe6, 0xe6, 0xe6,
    0xe6, 0xe6, 0xe6, 0xe6, 0xe6, 0xe6, 0xe6, 0xe6, 0xe6, 0xe6, 0xe6, 0xe6,
    0xe6, 0xe6, 0xe6, 0xe6, 0xe6, 0xe6, 0xe6, 0xe6, 0xe6, 0xe6, 0xe6, 0xe6,
    0xe6, 0xe6, 0xe2, 0xe2, 0xe2, 0xf1, 0xf1, 0xf1, 0xcb, 0xcb, 0xcb, 0x13,
    0x13, 0x13, 0x04, 0x04, 0x04, 0x07, 0x07, 0x07, 0xd1, 0xd1, 0xd1, 0xff,
    0xff, 0xff, 0xfd, 0xfd, 0xfd, 0xff, 0xff, 0xff, 0x00, 0x00, 0xff, 0xff,
    0xff, 0xff, 0xff, 0xff, 0xfc, 0xfc, 0xfc, 0xff, 0xff, 0xff, 0x99, 0x99,
    0x99, 0x02, 0x02, 0x02, 0x05, 0x05, 0x05, 0x25, 0x25, 0x25, 0xd9, 0xd9,
    0xd9, 0xf0, 0xf0, 0xf0, 0xe1, 0xe1, 0xe1, 0xe6, 0xe6, 0xe6, 0xe6, 0xe6,
    0xe6, 0xe6, 0xe6, 0xe6, 0xe6, 0xe6, 0xe6, 0xe6, 0xe6, 0xe6, 0xe6, 0xe6,
    0xe6, 0xe6, 0xe6, 0xe6, 0xe6, 0xe6, 0xe6, 0xe6, 0xe6, 0xe6, 0xe6, 0xe6,
    0xe6, 0xe6, 0xe6, 0xe6, 0xe6, 0xe6, 0xe6, 0xe6, 0xe6, 0xe6, 0xe6, 0xe6,
    0xe6, 0xe6, 0xe6, 0xe6, 0xe6, 0xe6, 0xe6, 0xe6, 0xe6, 0xe6, 0xe6, 0xe6,
    0xe6, 0xe6, 0xe6, 0xe6, 0xe6, 0xe6, 0xe6, 0xe6, 0xe6, 0xe6, 0xe6, 0xe6,
    0xe6, 0xe6, 0xe6, 0xe6, 0xe6, 0xe6, 0xe6, 0xe1, 0xe1, 0xe1, 0xf0, 0xf0,
    0xf0, 0xd8, 0xd8, 0xd8, 0x25, 0x25, 0x25, 0x05, 0x05, 0x05, 0x02, 0x02,
    0x02, 0x9a, 0x9a, 0x9a, 0xff, 0xff, 0xff, 0xfc, 0xfc, 0xfc, 0xff, 0xff,
    0xff, 0xff, 0xff, 0xff, 0x00, 0x00, 0xff, 0xff, 0xff, 0xff, 0xff, 0xff,
    0xff, 0xff, 0xff, 0xfb, 0xfb, 0xfb, 0xff, 0xff, 0xff, 0x77, 0x77, 0x77,
    0x03, 0x03, 0x03, 0x05, 0x05, 0x05, 0x28, 0x28, 0x28, 0xd0, 0xd0, 0xd0,
    0xf5, 0xf5, 0xf5, 0xe1, 0xe1, 0xe1, 0xe5, 0xe5, 0xe5, 0xe6, 0xe6, 0xe6,
    0xe6, 0xe6, 0xe6, 0xe6, 0xe6, 0xe6, 0xe6, 0xe6, 0xe6, 0xe6, 0xe6, 0xe6,
    0xe6, 0xe6, 0xe6, 0xe6, 0xe6, 0xe6, 0xe6, 0xe6, 0xe6, 0xe6, 0xe6, 0xe6,
    0xe6, 0xe6, 0xe6, 0xe6, 0xe6, 0xe6, 0xe6, 0xe6, 0xe6, 0xe6, 0xe6, 0xe6,
    0xe6, 0xe6, 0xe6, 0xe6, 0xe6, 0xe6, 0xe6, 0xe6, 0xe6, 0xe6, 0xe6, 0xe6,
    0xe6, 0xe6, 0xe6, 0xe6, 0xe6, 0xe6, 0xe6, 0xe6, 0xe6, 0xe5, 0xe5, 0xe5,
    0xe1, 0xe1, 0xe1, 0xf5, 0xf5, 0xf5, 0xcf, 0xcf, 0xcf, 0x27, 0x27, 0x27,
    0x05, 0x05, 0x05, 0x03, 0x03, 0x03, 0x78, 0x78, 0x78, 0xff, 0xff, 0xff,
    0xfb, 0xfb, 0xfb, 0xff, 0xff, 0xff, 0xff, 0xff, 0xff, 0xff, 0xff, 0xff,
    0x00, 0x00, 0xff, 0xff, 0xff, 0xff, 0xff, 0xff, 0xff, 0xff, 0xff, 0xfe,
    0xfe, 0xfe, 0xfb, 0xfb, 0xfb, 0xff, 0xff, 0xff, 0x71, 0x71, 0x71, 0x03,
    0x03, 0x03, 0x03, 0x03, 0x03, 0x19, 0x19, 0x19, 0xae, 0xae, 0xae, 0xf8,
    0xf8, 0xf8, 0xe8, 0xe8, 0xe8, 0xe2, 0xe2, 0xe2, 0xe5, 0xe5, 0xe5, 0xe6,
    0xe6, 0xe6, 0xe6, 0xe6, 0xe6, 0xe6, 0xe6, 0xe6, 0xe6, 0xe6, 0xe6, 0xe6,
    0xe6, 0xe6, 0xe6, 0xe6, 0xe6, 0xe6, 0xe6, 0xe6, 0xe6, 0xe6, 0xe6, 0xe6,
    0xe6, 0xe6, 0xe6, 0xe6, 0xe6, 0xe6, 0xe6, 0xe6, 0xe6, 0xe6, 0xe6, 0xe6,
    0xe6, 0xe6, 0xe6, 0xe6, 0xe6, 0xe6, 0xe6, 0xe6, 0xe6, 0xe6, 0xe6, 0xe5,
    0xe5, 0xe5, 0xe2, 0xe2, 0xe2, 0xe8, 0xe8, 0xe8, 0xf8, 0xf8, 0xf8, 0xad,
    0xad, 0xad, 0x18, 0x18, 0x18, 0x03, 0x03, 0x03, 0x03, 0x03, 0x03, 0x72,
    0x72, 0x72, 0xff, 0xff, 0xff, 0xfb, 0xfb, 0xfb, 0xfe, 0xfe, 0xfe, 0xff,
    0xff, 0xff, 0xff, 0xff, 0xff, 0xff, 0xff, 0xff, 0x00, 0x00, 0xff, 0xff,
    0xff, 0xff, 0xff, 0xff, 0xff, 0xff, 0xff, 0xff, 0xff, 0xff, 0xfe, 0xfe,
    0xfe, 0xfc, 0xfc, 0xfc, 0xff, 0xff, 0xff, 0x86, 0x86, 0x86, 0x02, 0x02,
    0x02, 0x00, 0x00, 0x00, 0x04, 0x04, 0x04, 0x6c, 0x6c, 0x6c, 0xde, 0xde,
    0xde, 0xf6, 0xf6, 0xf6, 0xea, 0xea, 0xea, 0xe3, 0xe3, 0xe3, 0xe3, 0xe3,
    0xe3, 0xe4, 0xe4, 0xe4, 0xe6, 0xe6, 0xe6, 0xe6, 0xe6, 0xe6, 0xe6, 0xe6,
    0xe6, 0xe6, 0xe6, 0xe6, 0xe6, 0xe6, 0xe6, 0xe6, 0xe6, 0xe6, 0xe6, 0xe6,
    0xe6, 0xe6, 0xe6, 0xe6, 0xe6, 0xe6, 0xe6, 0xe6, 0xe6, 0xe6, 0xe4, 0xe4,
    0xe4, 0xe3, 0xe3, 0xe3, 0xe3, 0xe3, 0xe3, 0xea, 0xea, 0xea, 0xf6, 0xf6,
    0xf6, 0xde, 0xde, 0xde, 0x6b, 0x6b, 0x6b, 0x04, 0x04, 0x04, 0x00, 0x00,
    0x00, 0x02, 0x02, 0x02, 0x86, 0x86, 0x86, 0xff, 0xff, 0xff, 0xfc, 0xfc,
    0xfc, 0xfe, 0xfe, 0xfe, 0xff, 0xff, 0xff, 0xff, 0xff, 0xff, 0xff, 0xff,
    0xff, 0xff, 0xff, 0xff, 0x00, 0x00, 0xff, 0xff, 0xff, 0xff, 0xff, 0xff,
    0xff, 0xff, 0xff, 0xff, 0xff, 0xff, 0xff, 0xff, 0xff, 0xfe, 0xfe, 0xfe,
    0xfc, 0xfc, 0xfc, 0xff, 0xff, 0xff, 0xb2, 0xb2, 0xb2, 0x1d, 0x1d, 0x1d,
    0x01, 0x01, 0x01, 0x01, 0x01, 0x01, 0x1f, 0x1f, 0x1f, 0x85, 0x85, 0x85,
    0xd7, 0xd7, 0xd7, 0xf4, 0xf4, 0xf4, 0xf6, 0xf6, 0xf6, 0xf1, 0xf1, 0xf1,
    0xe6, 0xe6, 0xe6, 0xe6, 0xe6, 0xe6, 0xe6, 0xe6, 0xe6, 0xe6, 0xe6, 0xe6,
    0xe6, 0xe6, 0xe6, 0xe6, 0xe6, 0xe6, 0xe6, 0xe6, 0xe6, 0xe6, 0xe6, 0xe6,
    0xe6, 0xe6, 0xe6, 0xe6, 0xe6, 0xe6, 0xf1, 0xf1, 0xf1, 0xf6, 0xf6, 0xf6,
    0xf4, 0xf4, 0xf4, 0xd7, 0xd7, 0xd7, 0x85, 0x85, 0x85, 0x1e, 0x1e, 0x1e,
    0x00, 0x00, 0x00, 0x01, 0x01, 0x01, 0x1d, 0x1d, 0x1d, 0xb3, 0xb3, 0xb3,
    0xff, 0xff, 0xff, 0xfc, 0xfc, 0xfc, 0xff, 0xff, 0xff, 0xff, 0xff, 0xff,
    0xff, 0xff, 0xff, 0xff, 0xff, 0xff, 0xff, 0xff, 0xff, 0xff, 0xff, 0xff,
    0x00, 0x00, 0xff, 0xff, 0xff, 0xff, 0xff, 0xff, 0xff, 0xff, 0xff, 0xff,
    0xff, 0xff, 0xff, 0xff, 0xff, 0xff, 0xff, 0xff, 0xff, 0xff, 0xff, 0xfb,
    0xfb, 0xfb, 0xff, 0xff, 0xff, 0xe8, 0xe8, 0xe8, 0x66, 0x66, 0x66, 0x04,
    0x04, 0x04, 0x00, 0x00, 0x00, 0x01, 0x01, 0x01, 0x12, 0x12, 0x12, 0x52,
    0x52, 0x52, 0x8b, 0x8b, 0x8b, 0xb6, 0xb6, 0xb6, 0xe5, 0xe5, 0xe5, 0xe6,
    0xe6, 0xe6, 0xe6, 0xe6, 0xe6, 0xe6, 0xe6, 0xe6, 0xe6, 0xe6, 0xe6, 0xe6,
    0xe6, 0xe6, 0xe6, 0xe6, 0xe6, 0xe6, 0xe6, 0xe6, 0xe6, 0xe6, 0xe6, 0xe5,
    0xe5, 0xe5, 0xb6, 0xb6, 0xb6, 0x8b, 0x8b, 0x8b, 0x52, 0x52, 0x52, 0x12,
    0x12, 0x12, 0x01, 0x01, 0x01, 0x00, 0x00, 0x00, 0x05, 0x05, 0x05, 0x66,
    0x66, 0x66, 0xe9, 0xe9, 0xe9, 0xff, 0xff, 0xff, 0xfb, 0xfb, 0xfb, 0xff,
    0xff, 0xff, 0xff, 0xff, 0xff, 0xff, 0xff, 0xff, 0xff, 0xff, 0xff, 0xff,
    0xff, 0xff, 0xff, 0xff, 0xff, 0xff, 0xff, 0xff, 0x00, 0x00, 0xff, 0xff,
    0xff, 0xff, 0xff, 0xff, 0xff, 0xff, 0xff, 0xff, 0xff, 0xff, 0xff, 0xff,
    0xff, 0xff, 0xff, 0xff, 0xff, 0xff, 0xff, 0xff, 0xff, 0xff, 0xfc, 0xfc,
    0xfc, 0xff, 0xff, 0xff, 0xff, 0xff, 0xff, 0xd1, 0xd1, 0xd1, 0x52, 0x52,
    0x52, 0x04, 0x04, 0x04, 0x02, 0x02, 0x02, 0x00, 0x00, 0x00, 0x00, 0x00,
    0x00, 0x7f, 0x7f, 0x7f, 0xe9, 0xe9, 0xe9, 0xe5, 0xe5, 0xe5, 0xe6, 0xe6,
    0xe6, 0xe6, 0xe6, 0xe6, 0xe6, 0xe6, 0xe6, 0xe6, 0xe6, 0xe6, 0xe6, 0xe6,
    0xe6, 0xe6, 0xe6, 0xe6, 0xe5, 0xe5, 0xe5, 0xe9, 0xe9, 0xe9, 0x7e, 0x7e,
    0x7e, 0x00, 0x00, 0x00, 0x00, 0x00, 0x00, 0x02, 0x02, 0x02, 0x04, 0x04,
    0x04, 0x53, 0x53, 0x53, 0xd1, 0xd1, 0xd1, 0xff, 0xff, 0xff, 0xff, 0xff,
    0xff, 0xfc, 0xfc, 0xfc, 0xff, 0xff, 0xff, 0xff, 0xff, 0xff, 0xff, 0xff,
    0xff, 0xff, 0xff, 0xff, 0xff, 0xff, 0xff, 0xff, 0xff, 0xff, 0xff, 0xff,
    0xff, 0xff, 0xff, 0xff, 0x00, 0x00, 0xff, 0xff, 0xff, 0xff, 0xff, 0xff,
    0xff, 0xff, 0xff, 0xff, 0xff, 0xff, 0xff, 0xff, 0xff, 0xff, 0xff, 0xff,
    0xff, 0xff, 0xff, 0xff, 0xff, 0xff, 0xff, 0xff, 0xff, 0xfc, 0xfc, 0xfc,
    0xfb, 0xfb, 0xfb, 0xf3, 0xf3, 0xf3, 0x3b, 0x3b, 0x3b, 0x04, 0x04, 0x04,
    0x02, 0x02, 0x02, 0x44, 0x44, 0x44, 0xcd, 0xcd, 0xcd, 0xf6, 0xf6, 0xf6,
    0xe6, 0xe6, 0xe6, 0xe6, 0xe6, 0xe6, 0xe6, 0xe6, 0xe6, 0xe6, 0xe6, 0xe6,
    0xe6, 0xe6, 0xe6, 0xe6, 0xe6, 0xe6, 0xe6, 0xe6, 0xe6, 0xe6, 0xe6, 0xe6,
    0xe6, 0xe6, 0xe6, 0xe6, 0xe6, 0xe6, 0xf6, 0xf6, 0xf6, 0xcc, 0xcc, 0xcc,
    0x43, 0x43, 0x43, 0x02, 0x02, 0x02, 0x04, 0x04, 0x04, 0x3c, 0x3c, 0x3c,
    0xf4, 0xf4, 0xf4, 0xfb, 0xfb, 0xfb, 0xfc, 0xfc, 0xfc, 0xff, 0xff, 0xff,
    0xff, 0xff, 0xff, 0xff, 0xff, 0xff, 0xff, 0xff, 0xff, 0xff, 0xff, 0xff,
    0xff, 0xff, 0xff, 0xff, 0xff, 0xff, 0xff, 0xff, 0xff, 0xff, 0xff, 0xff,
    0x00, 0x00, 0xff, 0xff, 0xff, 0xff, 0xff, 0xff, 0xff, 0xff, 0xff, 0xff,
    0xff, 0xff, 0xff, 0xff, 0xff, 0xff, 0xff, 0xff, 0xff, 0xff, 0xff, 0xff,
    0xff, 0xff, 0xfe, 0xfe, 0xfe, 0xfc, 0xfc, 0xfc, 0xfb, 0xfb, 0xfb, 0x3b,
    0x3b, 0x3b, 0x03, 0x03, 0x03, 0x03, 0x03, 0x03, 0x64, 0x64, 0x64, 0xf1,
    0xf1, 0xf1, 0xee, 0xee, 0xee, 0xe2, 0xe2, 0xe2, 0xe6, 0xe6, 0xe6, 0xe6,
    0xe6, 0xe6, 0xe6, 0xe6, 0xe6, 0xe6, 0xe6, 0xe6, 0xe6, 0xe6, 0xe6, 0xe6,
    0xe6, 0xe6, 0xe6, 0xe6, 0xe6, 0xe6, 0xe6, 0xe6, 0xe6, 0xe6, 0xe6, 0xe6,
    0xe6, 0xe6, 0xe2, 0xe2, 0xe2, 0xee, 0xee, 0xee, 0xf1, 0xf1, 0xf1, 0x63,
    0x63, 0x63, 0x03, 0x03, 0x03, 0x03, 0x03, 0x03, 0x3c, 0x3c, 0x3c, 0xfc,
    0xfc, 0xfc, 0xfc, 0xfc, 0xfc, 0xfe, 0xfe, 0xfe, 0xff, 0xff, 0xff, 0xff,
    0xff, 0xff, 0xff, 0xff, 0xff, 0xff, 0xff, 0xff, 0xff, 0xff, 0xff, 0xff,
    0xff, 0xff, 0xff, 0xff, 0xff, 0xff, 0xff, 0xff, 0x00, 0x00, 0xff, 0xff,
    0xff, 0xff, 0xff, 0xff, 0xff, 0xff, 0xff, 0xff, 0xff, 0xff, 0xff, 0xff,
    0xff, 0xff, 0xff, 0xff, 0xff, 0xff, 0xff, 0xff, 0xff, 0xff, 0xfb, 0xfb,
    0xfb, 0xff, 0xff, 0xff, 0x8e, 0x8e, 0x8e, 0x03, 0x03, 0x03, 0x05, 0x05,
    0x05, 0x53, 0x53, 0x53, 0xf7, 0xf7, 0xf7, 0xe5, 0xe5, 0xe5, 0xe3, 0xe3,
    0xe3, 0xe6, 0xe6, 0xe6, 0xe6, 0xe6, 0xe6, 0xe6, 0xe6, 0xe6, 0xe6, 0xe6,
    0xe6, 0xe6, 0xe6, 0xe6, 0xe6, 0xe6, 0xe6, 0xe6, 0xe6, 0xe6, 0xe6, 0xe6,
    0xe6, 0xe6, 0xe6, 0xe6, 0xe6, 0xe6, 0xe6, 0xe6, 0xe6, 0xe6, 0xe6, 0xe6,
    0xe6, 0xe3, 0xe3, 0xe3, 0xe5, 0xe5, 0xe5, 0xf6, 0xf6, 0xf6, 0x51, 0x51,
    0x51, 0x05, 0x05, 0x05, 0x03, 0x03, 0x03, 0x90, 0x90, 0x90, 0xff, 0xff,
    0xff, 0xfb, 0xfb, 0xfb, 0xff, 0xff, 0xff, 0xff, 0xff, 0xff, 0xff, 0xff,
    0xff, 0xff, 0xff, 0xff, 0xff, 0xff, 0xff, 0xff, 0xff, 0xff, 0xff, 0xff,
    0xff, 0xff, 0xff, 0xff, 0x00, 0x00, 0xff, 0xff, 0xff, 0xff, 0xff, 0xff,
    0xff, 0xff, 0xff, 0xff, 0xff, 0xff, 0xff, 0xff, 0xff, 0xff, 0xff, 0xff,
    0xff, 0xff, 0xff, 0xfe, 0xfe, 0xfe, 0xfe, 0xfe, 0xfe, 0xf3, 0xf3, 0xf3,
    0x19, 0x19, 0x19, 0x03, 0x03, 0x03, 0x19, 0x19, 0x19, 0xdc, 0xdc, 0xdc,
    0xea, 0xea, 0xea, 0xe4, 0xe4, 0xe4, 0xe6, 0xe6, 0xe6, 0xe6, 0xe6, 0xe6,
    0xe6, 0xe6, 0xe6, 0xe6, 0xe6, 0xe6, 0xe6, 0xe6, 0xe6, 0xe6, 0xe6, 0xe6,
    0xe6, 0xe6, 0xe6, 0xe6, 0xe6, 0xe6, 0xe6, 0xe6, 0xe6, 0xe6, 0xe6, 0xe6,
    0xe6, 0xe6, 0xe6, 0xe6, 0xe6, 0xe6, 0xe6, 0xe6, 0xe6, 0xe6, 0xe6, 0xe6,
    0xe4, 0xe4, 0xe4, 0xea, 0xea, 0xea, 0xdb, 0xdb, 0xdb, 0x18, 0x18, 0x18,
    0x03, 0x03, 0x03, 0x1a, 0x1a, 0x1a, 0xf4, 0xf4, 0xf4, 0xfe, 0xfe, 0xfe,
    0xfe, 0xfe, 0xfe, 0xff, 0xff, 0xff, 0xff, 0xff, 0xff, 0xff, 0xff, 0xff,
    0xff, 0xff, 0xff, 0xff, 0xff, 0xff, 0xff, 0xff, 0xff, 0xff, 0xff, 0xff,
    0x00, 0x00, 0xff, 0xff, 0xff, 0xff, 0xff, 0xff, 0xff, 0xff, 0xff, 0xff,
    0xff, 0xff, 0xff, 0xff, 0xff, 0xff, 0xff, 0xff, 0xff, 0xff, 0xff, 0xfc,
    0xfc, 0xfc, 0xff, 0xff, 0xff, 0xb3, 0xb3, 0xb3, 0x04, 0x04, 0x04, 0x03,
    0x03, 0x03, 0x71, 0x71, 0x71, 0xf8, 0xf8, 0xf8, 0xe1, 0xe1, 0xe1, 0xe6,
    0xe6, 0xe6, 0xe6, 0xe6, 0xe6, 0xe6, 0xe6, 0xe6, 0xe6, 0xe6, 0xe6, 0xe6,
    0xe6, 0xe6, 0xe6, 0xe6, 0xe6, 0xe6, 0xe6, 0xe6, 0xe6, 0xe6, 0xe6, 0xe6,
    0xe6, 0xe6, 0xe6, 0xe6, 0xe6, 0xe6, 0xe6, 0xe6, 0xe6, 0xe6, 0xe6, 0xe6,
    0xe6, 0xe6, 0xe6, 0xe6, 0xe6, 0xe6, 0xe6, 0xe6, 0xe6, 0xe6, 0xe6, 0xe1,
    0xe1, 0xe1, 0xf8, 0xf8, 0xf8, 0x70, 0x70, 0x70, 0x02, 0x02, 0x02, 0x04,
    0x04, 0x04, 0xb5, 0xb5, 0xb5, 0xff, 0xff, 0xff, 0xfc, 0xfc, 0xfc, 0xff,
    0xff, 0xff, 0xff, 0xff, 0xff, 0xff, 0xff, 0xff, 0xff, 0xff, 0xff, 0xff,
    0xff, 0xff, 0xff, 0xff, 0xff, 0xff, 0xff, 0xff, 0x00, 0x00, 0xff, 0xff,
    0xff, 0xff, 0xff, 0xff, 0xff, 0xff, 0xff, 0xff, 0xff, 0xff, 0xff, 0xff,
    0xff, 0xff, 0xff, 0xff, 0xff, 0xff, 0xff, 0xfb, 0xfb, 0xfb, 0xff, 0xff,
    0xff, 0x7e, 0x7e, 0x7e, 0x03, 0x03, 0x03, 0x04, 0x04, 0x04, 0xb0, 0xb0,
    0xb0, 0xf1, 0xf1, 0xf1, 0xe4, 0xe4, 0xe4, 0xe6, 0xe6, 0xe6, 0xe6, 0xe6,
    0xe6, 0xe6, 0xe6, 0xe6, 0xe6, 0xe6, 0xe6, 0xe6, 0xe6, 0xe6, 0xe6, 0xe6,
    0xe6, 0xe6, 0xe6, 0xe6, 0xe6, 0xe6, 0xe6, 0xe6, 0xe6, 0xe6, 0xe6, 0xe6,
    0xe6, 0xe6, 0xe6, 0xe6, 0xe6, 0xe6, 0xe6, 0xe6, 0xe6, 0xe6, 0xe6, 0xe6,
    0xe6, 0xe6, 0xe6, 0xe6, 0xe6, 0xe6, 0xe6, 0xe3, 0xe3, 0xe3, 0xf1, 0xf1,
    0xf1, 0xae, 0xae, 0xae, 0x04, 0x04, 0x04, 0x03, 0x03, 0x03, 0x7f, 0x7f,
    0x7f, 0xff, 0xff, 0xff, 0xfb, 0xfb, 0xfb, 0xff, 0xff, 0xff, 0xff, 0xff,
    0xff, 0xff, 0xff, 0xff, 0xff, 0xff, 0xff, 0xff, 0xff, 0xff, 0xff, 0xff,
    0xff, 0xff, 0xff, 0xff, 0x00, 0x00, 0xff, 0xff, 0xff, 0xff, 0xff, 0xff,
    0xff, 0xff, 0xff, 0xff, 0xff, 0xff, 0xff, 0xff, 0xff, 0xff, 0xff, 0xff,
    0xff, 0xff, 0xff, 0xfb, 0xfb, 0xfb, 0xff, 0xff, 0xff, 0x69, 0x69, 0x69,
    0x00, 0x00, 0x00, 0x05, 0x05, 0x05, 0xc3, 0xc3, 0xc3, 0xee, 0xee, 0xee,
    0xe4, 0xe4, 0xe4, 0xe6, 0xe6, 0xe6, 0xe6, 0xe6, 0xe6, 0xe6, 0xe6, 0xe6,
    0xe6, 0xe6, 0xe6, 0xe6, 0xe6, 0xe6, 0xe6, 0xe6, 0xe6, 0xe6, 0xe6, 0xe6,
    0xe6, 0xe6, 0xe6, 0xe6, 0xe6, 0xe6, 0xe6, 0xe6, 0xe6, 0xe6, 0xe6, 0xe6,
    0xe6, 0xe6, 0xe6, 0xe6, 0xe6, 0xe6, 0xe6, 0xe6, 0xe6, 0xe6, 0xe6, 0xe6,
    0xe6, 0xe6, 0xe6, 0xe4, 0xe4, 0xe4, 0xee, 0xee, 0xee, 0xc3, 0xc3, 0xc3,
    0x04, 0x04, 0x04, 0x00, 0x00, 0x00, 0x6a, 0x6a, 0x6a, 0xff, 0xff, 0xff,
    0xfb, 0xfb, 0xfb, 0xff, 0xff, 0xff, 0xff, 0xff, 0xff, 0xff, 0xff, 0xff,
    0xff, 0xff, 0xff, 0xff, 0xff, 0xff, 0xff, 0xff, 0xff, 0xff, 0xff, 0xff,
    0x00, 0x00, 0xff, 0xff, 0xff, 0xff, 0xff, 0xff, 0xff, 0xff, 0xff, 0xff,
    0xff, 0xff, 0xff, 0xff, 0xff, 0xff, 0xff, 0xff, 0xff, 0xff, 0xff, 0xfb,
    0xfb, 0xfb, 0xff, 0xff, 0xff, 0x74, 0x74, 0x74, 0x02, 0x02, 0x02, 0x04,
    0x04, 0x04, 0xba, 0xba, 0xba, 0xef, 0xef, 0xef, 0xe4, 0xe4, 0xe4, 0xe6,
    0xe6, 0xe6, 0xe6, 0xe6, 0xe6, 0xe6, 0xe6, 0xe6, 0xe6, 0xe6, 0xe6, 0xe6,
    0xe6, 0xe6, 0xe6, 0xe6, 0xe6, 0xe6, 0xe6, 0xe6, 0xe6, 0xe6, 0xe6, 0xe6,
    0xe6, 0xe6, 0xe6, 0xe6, 0xe6, 0xe6, 0xe6, 0xe6, 0xe6, 0xe6, 0xe6, 0xe6,
    0xe6, 0xe6, 0xe6, 0xe6, 0xe6, 0xe6, 0xe6, 0xe6, 0xe6, 0xe6, 0xe6, 0xe4,
    0xe4, 0xe4, 0xf0, 0xf0, 0xf0, 0xb9, 0xb9, 0xb9, 0x04, 0x04, 0x04, 0x02,
    0x02, 0x02, 0x75, 0x75, 0x75, 0xff, 0xff, 0xff, 0xfb, 0xfb, 0xfb, 0xff,
    0xff, 0xff, 0xff, 0xff, 0xff, 0xff, 0xff, 0xff, 0xff, 0xff, 0xff, 0xff,
    0xff, 0xff, 0xff, 0xff, 0xff, 0xff, 0xff, 0xff, 0x00, 0x00, 0xff, 0xff,
    0xff, 0xff, 0xff, 0xff, 0xff, 0xff, 0xff, 0xff, 0xff, 0xff, 0xff, 0xff,
    0xff, 0xff, 0xff, 0xff, 0xff, 0xff, 0xff, 0xfb, 0xfb, 0xfb, 0xff, 0xff,
    0xff, 0x9e, 0x9e, 0x9e, 0x04, 0x04, 0x04, 0x04, 0x04, 0x04, 0x8c, 0x8c,
    0x8c, 0xf6, 0xf6, 0xf6, 0xe2, 0xe2, 0xe2, 0xe6, 0xe6, 0xe6, 0xe6, 0xe6,
    0xe6, 0xe6, 0xe6, 0xe6, 0xe6, 0xe6, 0xe6, 0xe6, 0xe6, 0xe6, 0xe6, 0xe6,
    0xe6, 0xe6, 0xe6, 0xe6, 0xe6, 0xe6, 0xe6, 0xe6, 0xe6, 0xe6, 0xe6, 0xe6,
    0xe6, 0xe6, 0xe6, 0xe6, 0xe6, 0xe6, 0xe6, 0xe6, 0xe6, 0xe6, 0xe6, 0xe6,
    0xe6, 0xe6, 0xe6, 0xe6, 0xe6, 0xe6, 0xe6, 0xe2, 0xe2, 0xe2, 0xf6, 0xf6,
    0xf6, 0x8b, 0x8b, 0x8b, 0x04, 0x04, 0x04, 0x04, 0x04, 0x04, 0xa0, 0xa0,
    0xa0, 0xff, 0xff, 0xff, 0xfb, 0xfb, 0xfb, 0xff, 0xff, 0xff, 0xff, 0xff,
    0xff, 0xff, 0xff, 0xff, 0xff, 0xff, 0xff, 0xff, 0xff, 0xff, 0xff, 0xff,
    0xff, 0xff, 0xff, 0xff, 0x00, 0x00, 0xff, 0xff, 0xff, 0xff, 0xff, 0xff,
    0xff, 0xff, 0xff, 0xff, 0xff, 0xff, 0xff, 0xff, 0xff, 0xff, 0xff, 0xff,
    0xff, 0xff, 0xff, 0xfd, 0xfd, 0xfd, 0xff, 0xff, 0xff, 0xe2, 0xe2, 0xe2,
    0x09, 0x09, 0x09, 0x01, 0x01, 0x01, 0x32, 0x32, 0x32, 0xef, 0xef, 0xef,
    0xe4, 0xe4, 0xe4, 0xe6, 0xe6, 0xe6, 0xe6, 0xe6, 0xe6, 0xe6, 0xe6, 0xe6,
    0xe6, 0xe6, 0xe6, 0xe6, 0xe6, 0xe6, 0xe6, 0xe6, 0xe6, 0xe6, 0xe6, 0xe6,
    0xe6, 0xe6, 0xe6, 0xe6, 0xe6, 0xe6, 0xe6, 0xe6, 0xe6, 0xe6, 0xe6, 0xe6,
    0xe6, 0xe6, 0xe6, 0xe6, 0xe6, 0xe6, 0xe6, 0xe6, 0xe6, 0xe6, 0xe6, 0xe6,
    0xe6, 0xe6, 0xe6, 0xe4, 0xe4, 0xe4, 0xef, 0xef, 0xef, 0x31, 0x31, 0x31,
    0x01, 0x01, 0x01, 0x0a, 0x0a, 0x0a, 0xe3, 0xe3, 0xe3, 0xff, 0xff, 0xff,
    0xfd, 0xfd, 0xfd, 0xff, 0xff, 0xff, 0xff, 0xff, 0xff, 0xff, 0xff, 0xff,
    0xff, 0xff, 0xff, 0xff, 0xff, 0xff, 0xff, 0xff, 0xff, 0xff, 0xff, 0xff,
    0x00, 0x00, 0xff, 0xff, 0xff, 0xff, 0xff, 0xff, 0xff, 0xff, 0xff, 0xff,
    0xff, 0xff, 0xff, 0xff, 0xff, 0xff, 0xff, 0xff, 0xff, 0xff, 0xff, 0xff,
    0xff, 0xff, 0xfc, 0xfc, 0xfc, 0xff, 0xff, 0xff, 0x5f, 0x5f, 0x5f, 0x03,
    0x03, 0x03, 0x04, 0x04, 0x04, 0x87, 0x87, 0x87, 0xfb, 0xfb, 0xfb, 0xe0,
    0xe0, 0xe0, 0xe6, 0xe6, 0xe6, 0xe6, 0xe6, 0xe6, 0xe6, 0xe6, 0xe6, 0xe6,
    0xe6, 0xe6, 0xe6, 0xe6, 0xe6, 0xe6, 0xe6, 0xe6, 0xe6, 0xe6, 0xe6, 0xe6,
    0xe6, 0xe6, 0xe6, 0xe6, 0xe6, 0xe6, 0xe6, 0xe6, 0xe6, 0xe6, 0xe6, 0xe6,
    0xe6, 0xe6, 0xe6, 0xe6, 0xe6, 0xe6, 0xe6, 0xe6, 0xe0, 0xe0, 0xe0, 0xfb,
    0xfb, 0xfb, 0x86, 0x86, 0x86, 0x04, 0x04, 0x04, 0x02, 0x02, 0x02, 0x61,
    0x61, 0x61, 0xff, 0xff, 0xff, 0xfc, 0xfc, 0xfc, 0xff, 0xff, 0xff, 0xff,
    0xff, 0xff, 0xff, 0xff, 0xff, 0xff, 0xff, 0xff, 0xff, 0xff, 0xff, 0xff,
    0xff, 0xff, 0xff, 0xff, 0xff, 0xff, 0xff, 0xff, 0x00, 0x00, 0xff, 0xff,
    0xff, 0xff, 0xff, 0xff, 0xff, 0xff, 0xff, 0xff, 0xff, 0xff, 0xff, 0xff,
    0xff, 0xff, 0xff, 0xff, 0xff, 0xff, 0xff, 0xff, 0xff, 0xff, 0xfd, 0xfd,
    0xfd, 0xfe, 0xfe, 0xfe, 0xe5, 0xe5, 0xe5, 0x14, 0x14, 0x14, 0x02, 0x02,
    0x02, 0x08, 0x08, 0x08, 0xa4, 0xa4, 0xa4, 0xfa, 0xfa, 0xfa, 0xe4, 0xe4,
    0xe4, 0xe3, 0xe3, 0xe3, 0xe6, 0xe6, 0xe6, 0xe6, 0xe6, 0xe6, 0xe6, 0xe6,
    0xe6, 0xe6, 0xe6, 0xe6, 0xe6, 0xe6, 0xe6, 0xe6, 0xe6, 0xe6, 0xe6, 0xe6,
    0xe6, 0xe6, 0xe6, 0xe6, 0xe6, 0xe6, 0xe6, 0xe6, 0xe6, 0xe6, 0xe3, 0xe3,
    0xe3, 0xe4, 0xe4, 0xe4, 0xfa, 0xfa, 0xfa, 0xa3, 0xa3, 0xa3, 0x08, 0x08,
    0x08, 0x02, 0x02, 0x02, 0x15, 0x15, 0x15, 0xe6, 0xe6, 0xe6, 0xfd, 0xfd,
    0xfd, 0xfd, 0xfd, 0xfd, 0xff, 0xff, 0xff, 0xff, 0xff, 0xff, 0xff, 0xff,
    0xff, 0xff, 0xff, 0xff, 0xff, 0xff, 0xff, 0xff, 0xff, 0xff, 0xff, 0xff,
    0xff, 0xff, 0xff, 0xff, 0x00, 0x00, 0xff, 0xff, 0xff, 0xff, 0xff, 0xff,
    0xff, 0xff, 0xff, 0xff, 0xff, 0xff, 0xff, 0xff, 0xff, 0xff, 0xff, 0xff,
    0xff, 0xff, 0xff, 0xff, 0xff, 0xff, 0xff, 0xff, 0xff, 0xfc, 0xfc, 0xfc,
    0xff, 0xff, 0xff, 0xbb, 0xbb, 0xbb, 0x05, 0x05, 0x05, 0x01, 0x01, 0x01,
    0x07, 0x07, 0x07, 0x86, 0x86, 0x86, 0xef, 0xef, 0xef, 0xf3, 0xf3, 0xf3,
    0xe7, 0xe7, 0xe7, 0xe6, 0xe6, 0xe6, 0xe6, 0xe6, 0xe6, 0xe6, 0xe6, 0xe6,
    0xe6, 0xe6, 0xe6, 0xe6, 0xe6, 0xe6, 0xe6, 0xe6, 0xe6, 0xe6, 0xe6, 0xe6,
    0xe6, 0xe6, 0xe6, 0xe7, 0xe7, 0xe7, 0xf3, 0xf3, 0xf3, 0xef, 0xef, 0xef,
    0x85, 0x85, 0x85, 0x07, 0x07, 0x07, 0x01, 0x01, 0x01, 0x05, 0x05, 0x05,
    0xbc, 0xbc, 0xbc, 0xff, 0xff, 0xff, 0xfc, 0xfc, 0xfc, 0xff, 0xff, 0xff,
    0xff, 0xff, 0xff, 0xff, 0xff, 0xff, 0xff, 0xff, 0xff, 0xff, 0xff, 0xff,
    0xff, 0xff, 0xff, 0xff, 0xff, 0xff, 0xff, 0xff, 0xff, 0xff, 0xff, 0xff,
    0x00, 0x00, 0xff, 0xff, 0xff, 0xff, 0xff, 0xff, 0xff, 0xff, 0xff, 0xff,
    0xff, 0xff, 0xff, 0xff, 0xff, 0xff, 0xff, 0xff, 0xff, 0xff, 0xff, 0xff,
    0xff, 0xff, 0xff, 0xff, 0xff, 0xff, 0xff, 0xff, 0xfc, 0xfc, 0xfc, 0xff,
    0xff, 0xff, 0xb5, 0xb5, 0xb5, 0x10, 0x10, 0x10, 0x00, 0x00, 0x00, 0x01,
    0x01, 0x01, 0x39, 0x39, 0x39, 0xaa, 0xaa, 0xaa, 0xe3, 0xe3, 0xe3, 0xe6,
    0xe6, 0xe6, 0xe6, 0xe6, 0xe6, 0xe6, 0xe6, 0xe6, 0xe6, 0xe6, 0xe6, 0xe6,
    0xe6, 0xe6, 0xe6, 0xe6, 0xe6, 0xe6, 0xe6, 0xe6, 0xe6, 0xe6, 0xe6, 0xe3,
    0xe3, 0xe3, 0xa9, 0xa9, 0xa9, 0x39, 0x39, 0x39, 0x01, 0x01, 0x01, 0x00,
    0x00, 0x00, 0x11, 0x11, 0x11, 0xb6, 0xb6, 0xb6, 0xff, 0xff, 0xff, 0xfc,
    0xfc, 0xfc, 0xff, 0xff, 0xff, 0xff, 0xff, 0xff, 0xff, 0xff, 0xff, 0xff,
    0xff, 0xff, 0xff, 0xff, 0xff, 0xff, 0xff, 0xff, 0xff, 0xff, 0xff, 0xff,
    0xff, 0xff, 0xff, 0xff, 0xff, 0xff, 0xff, 0xff, 0x00, 0x00, 0xff, 0xff,
    0xff, 0xff, 0xff, 0xff, 0xff, 0xff, 0xff, 0xff, 0xff, 0xff, 0xff, 0xff,
    0xff, 0xff, 0xff, 0xff, 0xff, 0xff, 0xff, 0xff, 0xff, 0xff, 0xff, 0xff,
    0xff, 0xff, 0xff, 0xff, 0xff, 0xff, 0xff, 0xfc, 0xfc, 0xfc, 0xff, 0xff,
    0xff, 0xd7, 0xd7, 0xd7, 0x48, 0x48, 0x48, 0x05, 0x05, 0x05, 0x01, 0x01,
    0x01, 0x00, 0x00, 0x00, 0x5a, 0x5a, 0x5a, 0xef, 0xef, 0xef, 0xe4, 0xe4,
    0xe4, 0xe6, 0xe6, 0xe6, 0xe6, 0xe6, 0xe6, 0xe6, 0xe6, 0xe6, 0xe6, 0xe6,
    0xe6, 0xe4, 0xe4, 0xe4, 0xef, 0xef, 0xef, 0x59, 0x59, 0x59, 0x00, 0x00,
    0x00, 0x01, 0x01, 0x01, 0x05, 0x05, 0x05, 0x48, 0x48, 0x48, 0xd7, 0xd7,
    0xd7, 0xff, 0xff, 0xff, 0xfc, 0xfc, 0xfc, 0xff, 0xff, 0xff, 0xff, 0xff,
    0xff, 0xff, 0xff, 0xff, 0xff, 0xff, 0xff, 0xff, 0xff, 0xff, 0xff, 0xff,
    0xff, 0xff, 0xff, 0xff, 0xff, 0xff, 0xff, 0xff, 0xff, 0xff, 0xff, 0xff,
    0xff, 0xff, 0xff, 0xff, 0x00, 0x00, 0xff, 0xff, 0xff, 0xff, 0xff, 0xff,
    0xff, 0xff, 0xff, 0xff, 0xff, 0xff, 0xff, 0xff, 0xff, 0xff, 0xff, 0xff,
    0xff, 0xff, 0xff, 0xff, 0xff, 0xff, 0xff, 0xff, 0xff, 0xff, 0xff, 0xff,
    0xff, 0xff, 0xff, 0xff, 0xff, 0xff, 0xf9, 0xf9, 0xf9, 0xff, 0xff, 0xff,
    0xcf, 0xcf, 0xcf, 0x05, 0x05, 0x05, 0x05, 0x05, 0x05, 0x24, 0x24, 0x24,
    0xcf, 0xcf, 0xcf, 0xea, 0xea, 0xea, 0xe5, 0xe5, 0xe5, 0xe6, 0xe6, 0xe6,
    0xe6, 0xe6, 0xe6, 0xe6, 0xe6, 0xe6, 0xe6, 0xe6, 0xe6, 0xe5, 0xe5, 0xe5,
    0xea, 0xea, 0xea, 0xce, 0xce, 0xce, 0x23, 0x23, 0x23, 0x05, 0x05, 0x05,
    0x06, 0x06, 0x06, 0xd0, 0xd0, 0xd0, 0xff, 0xff, 0xff, 0xfa, 0xfa, 0xfa,
    0xff, 0xff, 0xff, 0xff, 0xff, 0xff, 0xff, 0xff, 0xff, 0xff, 0xff, 0xff,
    0xff, 0xff, 0xff, 0xff, 0xff, 0xff, 0xff, 0xff, 0xff, 0xff, 0xff, 0xff,
    0xff, 0xff, 0xff, 0xff, 0xff, 0xff, 0xff, 0xff, 0xff, 0xff, 0xff, 0xff,
    0x00, 0x00, 0xff, 0xff, 0xff, 0xff, 0xff, 0xff, 0xff, 0xff, 0xff, 0xff,
    0xff, 0xff, 0xff, 0xff, 0xff, 0xff, 0xff, 0xff, 0xff, 0xff, 0xff, 0xff,
    0xff, 0xff, 0xff, 0xff, 0xff, 0xff, 0xff, 0xff, 0xff, 0xff, 0xff, 0xff,
    0xff, 0xff, 0xfb, 0xfb, 0xfb, 0xfd, 0xfd, 0xfd, 0x5f, 0x5f, 0x5f, 0x02,
    0x02, 0x02, 0x05, 0x05, 0x05, 0xad, 0xad, 0xad, 0xf8, 0xf8, 0xf8, 0xe2,
    0xe2, 0xe2, 0xe6, 0xe6, 0xe6, 0xe6, 0xe6, 0xe6, 0xe6, 0xe6, 0xe6, 0xe6,
    0xe6, 0xe6, 0xe6, 0xe6, 0xe6, 0xe6, 0xe6, 0xe6, 0xe2, 0xe2, 0xe2, 0xf8,
    0xf8, 0xf8, 0xac, 0xac, 0xac, 0x05, 0x05, 0x05, 0x02, 0x02, 0x02, 0x60,
    0x60, 0x60, 0xfd, 0xfd, 0xfd, 0xfb, 0xfb, 0xfb, 0xff, 0xff, 0xff, 0xff,
    0xff, 0xff, 0xff, 0xff, 0xff, 0xff, 0xff, 0xff, 0xff, 0xff, 0xff, 0xff,
    0xff, 0xff, 0xff, 0xff, 0xff, 0xff, 0xff, 0xff, 0xff, 0xff, 0xff, 0xff,
    0xff, 0xff, 0xff, 0xff, 0xff, 0xff, 0xff, 0xff, 0x00, 0x00, 0xff, 0xff,
    0xff, 0xff, 0xff, 0xff, 0xff, 0xff, 0xff, 0xff, 0xff, 0xff, 0xff, 0xff,
    0xff, 0xff, 0xff, 0xff, 0xff, 0xff, 0xff, 0xff, 0xff, 0xff, 0xff, 0xff,
    0xff, 0xff, 0xff, 0xff, 0xff, 0xff, 0xff, 0xff, 0xff, 0xff, 0xff, 0xff,
    0xff, 0xff, 0xff, 0xff, 0x2f, 0x2f, 0x2f, 0x00, 0x00, 0x00, 0x23, 0x23,
    0x23, 0xe6, 0xe6, 0xe6, 0xe5, 0xe5, 0xe5, 0xe6, 0xe6, 0xe6, 0xe6, 0xe6,
    0xe6, 0xe6, 0xe6, 0xe6, 0xe6, 0xe6, 0xe6, 0xe6, 0xe6, 0xe6, 0xe6, 0xe6,
    0xe6, 0xe6, 0xe6, 0xe6, 0xe6, 0xe6, 0xe6, 0xe5, 0xe5, 0xe5, 0xe5, 0xe5,
    0xe5, 0x22, 0x22, 0x22, 0x00, 0x00, 0x00, 0x30, 0x30, 0x30, 0xff, 0xff,
    0xff, 0xfe, 0xfe, 0xfe, 0xff, 0xff, 0xff, 0xff, 0xff, 0xff, 0xff, 0xff,
    0xff, 0xff, 0xff, 0xff, 0xff, 0xff, 0xff, 0xff, 0xff, 0xff, 0xff, 0xff,
    0xff, 0xff, 0xff, 0xff, 0xff, 0xff, 0xff, 0xff, 0xff, 0xff, 0xff, 0xff,
    0xff, 0xff, 0xff, 0xff, 0x00, 0x00, 0xff, 0xff, 0xff, 0xff, 0xff, 0xff,
    0xff, 0xff, 0xff, 0xff, 0xff, 0xff, 0xff, 0xff, 0xff, 0xff, 0xff, 0xff,
    0xff, 0xff, 0xff, 0xff, 0xff, 0xff, 0xff, 0xff, 0xff, 0xff, 0xff, 0xff,
    0xff, 0xff, 0xff, 0xfe, 0xfe, 0xfe, 0xff, 0xff, 0xff, 0xfe, 0xfe, 0xfe,
    0x2a, 0x2a, 0x2a, 0x00, 0x00, 0x00, 0x2c, 0x2c, 0x2c, 0xe9, 0xe9, 0xe9,
    0xe5, 0xe5, 0xe5, 0xe6, 0xe6, 0xe6, 0xe6, 0xe6, 0xe6, 0xe6, 0xe6, 0xe6,
    0xe6, 0xe6, 0xe6, 0xe6, 0xe6, 0xe6, 0xe6, 0xe6, 0xe6, 0xe6, 0xe6, 0xe6,
    0xe6, 0xe6, 0xe6, 0xe5, 0xe5, 0xe5, 0xe9, 0xe9, 0xe9, 0x2b, 0x2b, 0x2b,
    0x00, 0x00, 0x00, 0x2b, 0x2b, 0x2b, 0xff, 0xff, 0xff, 0xff, 0xff, 0xff,
    0xff, 0xff, 0xff, 0xff, 0xff, 0xff, 0xff, 0xff, 0xff, 0xff, 0xff, 0xff,
    0xff, 0xff, 0xff, 0xff, 0xff, 0xff, 0xff, 0xff, 0xff, 0xff, 0xff, 0xff,
    0xff, 0xff, 0xff, 0xff, 0xff, 0xff, 0xff, 0xff, 0xff, 0xff, 0xff, 0xff,
    0x00, 0x00, 0xff, 0xff, 0xff, 0xff, 0xff, 0xff, 0xff, 0xff, 0xff, 0xff,
    0xff, 0xff, 0xff, 0xff, 0xff, 0xff, 0xff, 0xff, 0xff, 0xff, 0xff, 0xff,
    0xff, 0xff, 0xff, 0xff, 0xff, 0xff, 0xff, 0xff, 0xff, 0xff, 0xff, 0xff,
    0xff, 0xff, 0xfc, 0xfc, 0xfc, 0xff, 0xff, 0xff, 0x4a, 0x4a, 0x4a, 0x03,
    0x03, 0x03, 0x0c, 0x0c, 0x0c, 0xca, 0xca, 0xca, 0xee, 0xee, 0xee, 0xe2,
    0xe2, 0xe2, 0xe6, 0xe6, 0xe6, 0xe6, 0xe6, 0xe6, 0xe6, 0xe6, 0xe6, 0xe6,
    0xe6, 0xe6, 0xe6, 0xe6, 0xe6, 0xe6, 0xe6, 0xe6, 0xe2, 0xe2, 0xe2, 0xee,
    0xee, 0xee, 0xc9, 0xc9, 0xc9, 0x0b, 0x0b, 0x0b, 0x03, 0x03, 0x03, 0x4c,
    0x4c, 0x4c, 0xff, 0xff, 0xff, 0xfc, 0xfc, 0xfc, 0xff, 0xff, 0xff, 0xff,
    0xff, 0xff, 0xff, 0xff, 0xff, 0xff, 0xff, 0xff, 0xff, 0xff, 0xff, 0xff,
    0xff, 0xff, 0xff, 0xff, 0xff, 0xff, 0xff, 0xff, 0xff, 0xff, 0xff, 0xff,
    0xff, 0xff, 0xff, 0xff, 0xff, 0xff, 0xff, 0xff, 0x00, 0x00, 0xff, 0xff,
    0xff, 0xff, 0xff, 0xff, 0xff, 0xff, 0xff, 0xff, 0xff, 0xff, 0xff, 0xff,
    0xff, 0xff, 0xff, 0xff, 0xff, 0xff, 0xff, 0xff, 0xff, 0xff, 0xff, 0xff,
    0xff, 0xff, 0xff, 0xff, 0xff, 0xff, 0xff, 0xff, 0xff, 0xff, 0xfb, 0xfb,
    0xfb, 0xff, 0xff, 0xff, 0xa8, 0xa8, 0xa8, 0x03, 0x03, 0x03, 0x05, 0x05,
    0x05, 0x4a, 0x4a, 0x4a, 0xf4, 0xf4, 0xf4, 0xec, 0xec, 0xec, 0xe1, 0xe1,
    0xe1, 0xe3, 0xe3, 0xe3, 0xe4, 0xe4, 0xe4, 0xe4, 0xe4, 0xe4, 0xe3, 0xe3,
    0xe3, 0xe2, 0xe2, 0xe2, 0xec, 0xec, 0xec, 0xf3, 0xf3, 0xf3, 0x49, 0x49,
    0x49, 0x05, 0x05, 0x05, 0x03, 0x03, 0x03, 0xaa, 0xaa, 0xaa, 0xff, 0xff,
    0xff, 0xfb, 0xfb, 0xfb, 0xff, 0xff, 0xff, 0xff, 0xff, 0xff, 0xff, 0xff,
    0xff, 0xff, 0xff, 0xff, 0xff, 0xff, 0xff, 0xff, 0xff, 0xff, 0xff, 0xff,
    0xff, 0xff, 0xff, 0xff, 0xff, 0xff, 0xff, 0xff, 0xff, 0xff, 0xff, 0xff,
    0xff, 0xff, 0xff, 0xff, 0x00, 0x00, 0xff, 0xff, 0xff, 0xff, 0xff, 0xff,
    0xff, 0xff, 0xff, 0xff, 0xff, 0xff, 0xff, 0xff, 0xff, 0xff, 0xff, 0xff,
    0xff, 0xff, 0xff, 0xff, 0xff, 0xff, 0xff, 0xff, 0xff, 0xff, 0xff, 0xff,
    0xff, 0xff, 0xff, 0xff, 0xff, 0xff, 0xff, 0xff, 0xff, 0xfd, 0xfd, 0xfd,
    0xfd, 0xfd, 0xfd, 0x46, 0x46, 0x46, 0x02, 0x02, 0x02, 0x06, 0x06, 0x06,
    0x4e, 0x4e, 0x4e, 0xd5, 0xd5, 0xd5, 0xf6, 0xf6, 0xf6, 0xf4, 0xf4, 0xf4,
    0xf1, 0xf1, 0xf1, 0xf1, 0xf1, 0xf1, 0xf4, 0xf4, 0xf4, 0xf6, 0xf6, 0xf6,
    0xd5, 0xd5, 0xd5, 0x4d, 0x4d, 0x4d, 0x06, 0x06, 0x06, 0x02, 0x02, 0x02,
    0x48, 0x48, 0x48, 0xfe, 0xfe, 0xfe, 0xfd, 0xfd, 0xfd, 0xff, 0xff, 0xff,
    0xff, 0xff, 0xff, 0xff, 0xff, 0xff, 0xff, 0xff, 0xff, 0xff, 0xff, 0xff,
    0xff, 0xff, 0xff, 0xff, 0xff, 0xff, 0xff, 0xff, 0xff, 0xff, 0xff, 0xff,
    0xff, 0xff, 0xff, 0xff, 0xff, 0xff, 0xff, 0xff, 0xff, 0xff, 0xff, 0xff,
    0x00, 0x00, 0xff, 0xff, 0xff, 0xff, 0xff, 0xff, 0xff, 0xff, 0xff, 0xff,
    0xff, 0xff, 0xff, 0xff, 0xff, 0xff, 0xff, 0xff, 0xff, 0xff, 0xff, 0xff,
    0xff, 0xff, 0xff, 0xff, 0xff, 0xff, 0xff, 0xff, 0xff, 0xff, 0xff, 0xff,
    0xff, 0xff, 0xff, 0xff, 0xff, 0xfe, 0xfe, 0xfe, 0xfe, 0xfe, 0xfe, 0xee,
    0xee, 0xee, 0x3c, 0x3c, 0x3c, 0x02, 0x02, 0x02, 0x00, 0x00, 0x00, 0x12,
    0x12, 0x12, 0x60, 0x60, 0x60, 0x99, 0x99, 0x99, 0xb2, 0xb2, 0xb2, 0xb2,
    0xb2, 0xb2, 0x99, 0x99, 0x99, 0x5f, 0x5f, 0x5f, 0x12, 0x12, 0x12, 0x00,
    0x00, 0x00, 0x02, 0x02, 0x02, 0x3d, 0x3d, 0x3d, 0xef, 0xef, 0xef, 0xfe,
    0xfe, 0xfe, 0xfe, 0xfe, 0xfe, 0xff, 0xff, 0xff, 0xff, 0xff, 0xff, 0xff,
    0xff, 0xff, 0xff, 0xff, 0xff, 0xff, 0xff, 0xff, 0xff, 0xff, 0xff, 0xff,
    0xff, 0xff, 0xff, 0xff, 0xff, 0xff, 0xff, 0xff, 0xff, 0xff, 0xff, 0xff,
    0xff, 0xff, 0xff, 0xff, 0xff, 0xff, 0xff, 0xff, 0x00, 0x00, 0xff, 0xff,
    0xff, 0xff, 0xff, 0xff, 0xff, 0xff, 0xff, 0xff, 0xff, 0xff, 0xff, 0xff,
    0xff, 0xff, 0xff, 0xff, 0xff, 0xff, 0xff, 0xff, 0xff, 0xff, 0xff, 0xff,
    0xff, 0xff, 0xff, 0xff, 0xff, 0xff, 0xff, 0xff, 0xff, 0xff, 0xff, 0xff,
    0xff, 0xff, 0xff, 0xff, 0xfe, 0xfe, 0xfe, 0xff, 0xff, 0xff, 0xf9, 0xf9,
    0xf9, 0x7c, 0x7c, 0x7c, 0x14, 0x14, 0x14, 0x00, 0x00, 0x00, 0x00, 0x00,
    0x00, 0x00, 0x00, 0x00, 0x00, 0x00, 0x00, 0x00, 0x00, 0x00, 0x00, 0x00,
    0x00, 0x00, 0x00, 0x00, 0x00, 0x00, 0x00, 0x14, 0x14, 0x14, 0x7c, 0x7c,
    0x7c, 0xf9, 0xf9, 0xf9, 0xff, 0xff, 0xff, 0xfe, 0xfe, 0xfe, 0xff, 0xff,
    0xff, 0xff, 0xff, 0xff, 0xff, 0xff, 0xff, 0xff, 0xff, 0xff, 0xff, 0xff,
    0xff, 0xff, 0xff, 0xff, 0xff, 0xff, 0xff, 0xff, 0xff, 0xff, 0xff, 0xff,
    0xff, 0xff, 0xff, 0xff, 0xff, 0xff, 0xff, 0xff, 0xff, 0xff, 0xff, 0xff,
    0xff, 0xff, 0xff, 0xff, 0x00, 0x00, 0xff, 0xff, 0xff, 0xff, 0xff, 0xff,
    0xff, 0xff, 0xff, 0xff, 0xff, 0xff, 0xff, 0xff, 0xff, 0xff, 0xff, 0xff,
    0xff, 0xff, 0xff, 0xff, 0xff, 0xff, 0xff, 0xff, 0xff, 0xff, 0xff, 0xff,
    0xff, 0xff, 0xff, 0xff, 0xff, 0xff, 0xff, 0xff, 0xff, 0xff, 0xff, 0xff,
    0xff, 0xff, 0xff, 0xfe, 0xfe, 0xfe, 0xff, 0xff, 0xff, 0xff, 0xff, 0xff,
    0xde, 0xde, 0xde, 0x86, 0x86, 0x86, 0x41, 0x41, 0x41, 0x17, 0x17, 0x17,
    0x05, 0x05, 0x05, 0x05, 0x05, 0x05, 0x17, 0x17, 0x17, 0x41, 0x41, 0x41,
    0x86, 0x86, 0x86, 0xdf, 0xdf, 0xdf, 0xff, 0xff, 0xff, 0xff, 0xff, 0xff,
    0xfe, 0xfe, 0xfe, 0xff, 0xff, 0xff, 0xff, 0xff, 0xff, 0xff, 0xff, 0xff,
    0xff, 0xff, 0xff, 0xff, 0xff, 0xff, 0xff, 0xff, 0xff, 0xff, 0xff, 0xff,
    0xff, 0xff, 0xff, 0xff, 0xff, 0xff, 0xff, 0xff, 0xff, 0xff, 0xff, 0xff,
    0xff, 0xff, 0xff, 0xff, 0xff, 0xff, 0xff, 0xff, 0xff, 0xff, 0xff, 0xff,
    0x00, 0x00
};
static const unsigned int white_pawn_bmp_len = 6494;

/* white_queen.bmp (6494 bytes, 46x46 px) */
static const unsigned char white_queen_bmp[] = {
    0x42, 0x4d, 0x5e, 0x19, 0x00, 0x00, 0x00, 0x00, 0x00, 0x00, 0x36, 0x00,
    0x00, 0x00, 0x28, 0x00, 0x00, 0x00, 0x2e, 0x00, 0x00, 0x00, 0x2e, 0x00,
    0x00, 0x00, 0x01, 0x00, 0x18, 0x00, 0x00, 0x00, 0x00, 0x00, 0x28, 0x19,
    0x00, 0x00, 0xc4, 0x0e, 0x00, 0x00, 0xc4, 0x0e, 0x00, 0x00, 0x00, 0x00,
    0x00, 0x00, 0x00, 0x00, 0x00, 0x00, 0xff, 0xff, 0xff, 0xff, 0xff, 0xff,
    0xff, 0xff, 0xff, 0xff, 0xff, 0xff, 0xff, 0xff, 0xff, 0xff, 0xff, 0xff,
    0xff, 0xff, 0xff, 0xff, 0xff, 0xff, 0xf1, 0xf1, 0xf1, 0xd4, 0xd4, 0xd4,
    0xb7, 0xb7, 0xb7, 0x97, 0x97, 0x97, 0x79, 0x79, 0x79, 0x5e, 0x5e, 0x5e,
    0x46, 0x46, 0x46, 0x33, 0x33, 0x33, 0x24, 0x24, 0x24, 0x19, 0x19, 0x19,
    0x10, 0x10, 0x10, 0x09, 0x09, 0x09, 0x05, 0x05, 0x05, 0x02, 0x02, 0x02,
    0x00, 0x00, 0x00, 0x00, 0x00, 0x00, 0x02, 0x02, 0x02, 0x05, 0x05, 0x05,
    0x09, 0x09, 0x09, 0x10, 0x10, 0x10, 0x19, 0x19, 0x19, 0x25, 0x25, 0x25,
    0x34, 0x34, 0x34, 0x47, 0x47, 0x47, 0x5e, 0x5e, 0x5e, 0x7a, 0x7a, 0x7a,
    0x98, 0x98, 0x98, 0xb8, 0xb8, 0xb8, 0xd5, 0xd5, 0xd5, 0xf2, 0xf2, 0xf2,
    0xff, 0xff, 0xff, 0xff, 0xff, 0xff, 0xff, 0xff, 0xff, 0xff, 0xff, 0xff,
    0xff, 0xff, 0xff, 0xff, 0xff, 0xff, 0xff, 0xff, 0xff, 0xff, 0xff, 0xff,
    0x00, 0x00, 0xff, 0xff, 0xff, 0xff, 0xff, 0xff, 0xff, 0xff, 0xff, 0xff,
    0xff, 0xff, 0xff, 0xff, 0xff, 0xfc, 0xfc, 0xfc, 0xff, 0xff, 0xff, 0xc7,
    0xc7, 0xc7, 0x1d, 0x1d, 0x1d, 0x07, 0x07, 0x07, 0x00, 0x00, 0x00, 0x00,
    0x00, 0x00, 0x00, 0x00, 0x00, 0x00, 0x00, 0x00, 0x00, 0x00, 0x00, 0x03,
    0x03, 0x03, 0x0a, 0x0a, 0x0a, 0x12, 0x12, 0x12, 0x18, 0x18, 0x18, 0x1e,
    0x1e, 0x1e, 0x22, 0x22, 0x22, 0x25, 0x25, 0x25, 0x27, 0x27, 0x27, 0x27,
    0x27, 0x27, 0x25, 0x25, 0x25, 0x22, 0x22, 0x22, 0x1e, 0x1e, 0x1e, 0x18,
    0x18, 0x18, 0x11, 0x11, 0x11, 0x0a, 0x0a, 0x0a, 0x03, 0x03, 0x03, 0x00,
    0x00, 0x00, 0x00, 0x00, 0x00, 0x00, 0x00, 0x00, 0x00, 0x00, 0x00, 0x00,
    0x00, 0x00, 0x07, 0x07, 0x07, 0x1e, 0x1e, 0x1e, 0xcc, 0xcc, 0xcc, 0xff,
    0xff, 0xff, 0xfd, 0xfd, 0xfd, 0xff, 0xff, 0xff, 0xff, 0xff, 0xff, 0xff,
    0xff, 0xff, 0xff, 0xff, 0xff, 0xff, 0xff, 0xff, 0x00, 0x00, 0xff, 0xff,
    0xff, 0xff, 0xff, 0xff, 0xff, 0xff, 0xff, 0xff, 0xff, 0xff, 0xff, 0xff,
    0xff, 0xfb, 0xfb, 0xfb, 0xff, 0xff, 0xff, 0x90, 0x90, 0x90, 0x00, 0x00,
    0x00, 0x34, 0x34, 0x34, 0x62, 0x62, 0x62, 0x7e, 0x7e, 0x7e, 0x96, 0x96,
    0x96, 0xac, 0xac, 0xac, 0xbc, 0xbc, 0xbc, 0xc9, 0xc9, 0xc9, 0xd2, 0xd2,
    0xd2, 0xd9, 0xd9, 0xd9, 0xdf, 0xdf, 0xdf, 0xe3, 0xe3, 0xe3, 0xe6, 0xe6,
    0xe6, 0xe8, 0xe8, 0xe8, 0xe9, 0xe9, 0xe9, 0xe9, 0xe9, 0xe9, 0xe8, 0xe8,
    0xe8, 0xe6, 0xe6, 0xe6, 0xe3, 0xe3, 0xe3, 0xdf, 0xdf, 0xdf, 0xd9, 0xd9,
    0xd9, 0xd1, 0xd1, 0xd1, 0xc8, 0xc8, 0xc8, 0xbc, 0xbc, 0xbc, 0xac, 0xac,
    0xac, 0x96, 0x96, 0x96, 0x7d, 0x7d, 0x7d, 0x62, 0x62, 0x62, 0x32, 0x32,
    0x32, 0x00, 0x00, 0x00, 0x97, 0x97, 0x97, 0xff, 0xff, 0xff, 0xfb, 0xfb,
    0xfb, 0xff, 0xff, 0xff, 0xff, 0xff, 0xff, 0xff, 0xff, 0xff, 0xff, 0xff,
    0xff, 0xff, 0xff, 0xff, 0x00, 0x00, 0xff, 0xff, 0xff, 0xff, 0xff, 0xff,
    0xff, 0xff, 0xff, 0xff, 0xff, 0xff, 0xff, 0xff, 0xff, 0xfb, 0xfb, 0xfb,
    0xff, 0xff, 0xff, 0x8a, 0x8a, 0x8a, 0x01, 0x01, 0x01, 0xbb, 0xbb, 0xbb,
    0xff, 0xff, 0xff, 0xf4, 0xf4, 0xf4, 0xf5, 0xf5, 0xf5, 0xf3, 0xf3, 0xf3,
    0xf0, 0xf0, 0xf0, 0xed, 0xed, 0xed, 0xeb, 0xeb, 0xeb, 0xea, 0xea, 0xea,
    0xe8, 0xe8, 0xe8, 0xe7, 0xe7, 0xe7, 0xe7, 0xe7, 0xe7, 0xe6, 0xe6, 0xe6,
    0xe6, 0xe6, 0xe6, 0xe6, 0xe6, 0xe6, 0xe6, 0xe6, 0xe6, 0xe7, 0xe7, 0xe7,
    0xe7, 0xe7, 0xe7, 0xe8, 0xe8, 0xe8, 0xea, 0xea, 0xea, 0xeb, 0xeb, 0xeb,
    0xed, 0xed, 0xed, 0xf0, 0xf0, 0xf0, 0xf3, 0xf3, 0xf3, 0xf5, 0xf5, 0xf5,
    0xf4, 0xf4, 0xf4, 0xff, 0xff, 0xff, 0xb5, 0xb5, 0xb5, 0x02, 0x02, 0x02,
    0x92, 0x92, 0x92, 0xff, 0xff, 0xff, 0xfb, 0xfb, 0xfb, 0xff, 0xff, 0xff,
    0xff, 0xff, 0xff, 0xff, 0xff, 0xff, 0xff, 0xff, 0xff, 0xff, 0xff, 0xff,
    0x00, 0x00, 0xff, 0xff, 0xff, 0xff, 0xff, 0xff, 0xff, 0xff, 0xff, 0xff,
    0xff, 0xff, 0xff, 0xff, 0xff, 0xfb, 0xfb, 0xfb, 0xff, 0xff, 0xff, 0x89,
    0x89, 0x89, 0x00, 0x00, 0x00, 0xb1, 0xb1, 0xb1, 0xee, 0xee, 0xee, 0xdf,
    0xdf, 0xdf, 0xe3, 0xe3, 0xe3, 0xe3, 0xe3, 0xe3, 0xe4, 0xe4, 0xe4, 0xe4,
    0xe4, 0xe4, 0xe5, 0xe5, 0xe5, 0xe5, 0xe5, 0xe5, 0xe5, 0xe5, 0xe5, 0xe5,
    0xe5, 0xe5, 0xe6, 0xe6, 0xe6, 0xe6, 0xe6, 0xe6, 0xe6, 0xe6, 0xe6, 0xe6,
    0xe6, 0xe6, 0xe6, 0xe6, 0xe6, 0xe6, 0xe6, 0xe6, 0xe5, 0xe5, 0xe5, 0xe5,
    0xe5, 0xe5, 0xe5, 0xe5, 0xe5, 0xe5, 0xe5, 0xe5, 0xe4, 0xe4, 0xe4, 0xe4,
    0xe4, 0xe4, 0xe3, 0xe3, 0xe3, 0xe3, 0xe3, 0xe3, 0xdf, 0xdf, 0xdf, 0xee,
    0xee, 0xee, 0xac, 0xac, 0xac, 0x00, 0x00, 0x00, 0x91, 0x91, 0x91, 0xff,
    0xff, 0xff, 0xfb, 0xfb, 0xfb, 0xff, 0xff, 0xff, 0xff, 0xff, 0xff, 0xff,
    0xff, 0xff, 0xff, 0xff, 0xff, 0xff, 0xff, 0xff, 0x00, 0x00, 0xff, 0xff,
    0xff, 0xff, 0xff, 0xff, 0xff, 0xff, 0xff, 0xff, 0xff, 0xff, 0xff, 0xff,
    0xff, 0xfb, 0xfb, 0xfb, 0xff, 0xff, 0xff, 0x97, 0x97, 0x97, 0x00, 0x00,
    0x00, 0xa7, 0xa7, 0xa7, 0xf2, 0xf2, 0xf2, 0xe3, 0xe3, 0xe3, 0xe6, 0xe6,
    0xe6, 0xe6, 0xe6, 0xe6, 0xe6, 0xe6, 0xe6, 0xe6, 0xe6, 0xe6, 0xe6, 0xe6,
    0xe6, 0xe6, 0xe6, 0xe6, 0xe6, 0xe6, 0xe6, 0xe6, 0xe6, 0xe6, 0xe6, 0xe6,
    0xe6, 0xe6, 0xe6, 0xe6, 0xe6, 0xe6, 0xe6, 0xe6, 0xe6, 0xe6, 0xe6, 0xe6,
    0xe6, 0xe6, 0xe6, 0xe6, 0xe6, 0xe6, 0xe6, 0xe6, 0xe6, 0xe6, 0xe6, 0xe6,
    0xe6, 0xe6, 0xe6, 0xe6, 0xe6, 0xe6, 0xe6, 0xe6, 0xe6, 0xe6, 0xe6, 0xe6,
    0xe6, 0xe6, 0xe6, 0xe6, 0xe3, 0xe3, 0xe3, 0xf3, 0xf3, 0xf3, 0xa1, 0xa1,
    0xa1, 0x00, 0x00, 0x00, 0xa0, 0xa0, 0xa0, 0xff, 0xff, 0xff, 0xfb, 0xfb,
    0xfb, 0xff, 0xff, 0xff, 0xff, 0xff, 0xff, 0xff, 0xff, 0xff, 0xff, 0xff,
    0xff, 0xff, 0xff, 0xff, 0x00, 0x00, 0xff, 0xff, 0xff, 0xff, 0xff, 0xff,
    0xff, 0xff, 0xff, 0xff, 0xff, 0xff, 0xff, 0xff, 0xff, 0xfc, 0xfc, 0xfc,
    0xff, 0xff, 0xff, 0xb7, 0xb7, 0xb7, 0x00, 0x00, 0x00, 0x86, 0x86, 0x86,
    0xf9, 0xf9, 0xf9, 0xe0, 0xe0, 0xe0, 0xe3, 0xe3, 0xe3, 0xe2, 0xe2, 0xe2,
    0xe3, 0xe3, 0xe3, 0xe3, 0xe3, 0xe3, 0xe4, 0xe4, 0xe4, 0xe4, 0xe4, 0xe4,
    0xe4, 0xe4, 0xe4, 0xe5, 0xe5, 0xe5, 0xe5, 0xe5, 0xe5, 0xe5, 0xe5, 0xe5,
    0xe5, 0xe5, 0xe5, 0xe5, 0xe5, 0xe5, 0xe5, 0xe5, 0xe5, 0xe5, 0xe5, 0xe5,
    0xe5, 0xe5, 0xe5, 0xe4, 0xe4, 0xe4, 0xe4, 0xe4, 0xe4, 0xe4, 0xe4, 0xe4,
    0xe3, 0xe3, 0xe3, 0xe2, 0xe2, 0xe2, 0xe2, 0xe2, 0xe2, 0xe3, 0xe3, 0xe3,
    0xe0, 0xe0, 0xe0, 0xfa, 0xfa, 0xfa, 0x7f, 0x7f, 0x7f, 0x00, 0x00, 0x00,
    0xbe, 0xbe, 0xbe, 0xff, 0xff, 0xff, 0xfc, 0xfc, 0xfc, 0xff, 0xff, 0xff,
    0xff, 0xff, 0xff, 0xff, 0xff, 0xff, 0xff, 0xff, 0xff, 0xff, 0xff, 0xff,
    0x00, 0x00, 0xff, 0xff, 0xff, 0xff, 0xff, 0xff, 0xff, 0xff, 0xff, 0xff,
    0xff, 0xff, 0xff, 0xff, 0xff, 0xfd, 0xfd, 0xfd, 0xff, 0xff, 0xff, 0xe6,
    0xe6, 0xe6, 0x06, 0x06, 0x06, 0x38, 0x38, 0x38, 0xe8, 0xe8, 0xe8, 0xef,
    0xef, 0xef, 0xf5, 0xf5, 0xf5, 0xf7, 0xf7, 0xf7, 0xf6, 0xf6, 0xf6, 0xf3,
    0xf3, 0xf3, 0xf1, 0xf1, 0xf1, 0xef, 0xef, 0xef, 0xed, 0xed, 0xed, 0xec,
    0xec, 0xec, 0xeb, 0xeb, 0xeb, 0xea, 0xea, 0xea, 0xea, 0xea, 0xea, 0xea,
    0xea, 0xea, 0xea, 0xea, 0xea, 0xeb, 0xeb, 0xeb, 0xec, 0xec, 0xec, 0xed,
    0xed, 0xed, 0xef, 0xef, 0xef, 0xf1, 0xf1, 0xf1, 0xf3, 0xf3, 0xf3, 0xf6,
    0xf6, 0xf6, 0xf7, 0xf7, 0xf7, 0xf5, 0xf5, 0xf5, 0xf0, 0xf0, 0xf0, 0xe6,
    0xe6, 0xe6, 0x33, 0x33, 0x33, 0x09, 0x09, 0x09, 0xea, 0xea, 0xea, 0xff,
    0xff, 0xff, 0xfe, 0xfe, 0xfe, 0xff, 0xff, 0xff, 0xff, 0xff, 0xff, 0xff,
    0xff, 0xff, 0xff, 0xff, 0xff, 0xff, 0xff, 0xff, 0x00, 0x00, 0xff, 0xff,
    0xff, 0xff, 0xff, 0xff, 0xff, 0xff, 0xff, 0xff, 0xff, 0xff, 0xff, 0xff,
    0xff, 0xff, 0xff, 0xff, 0xfc, 0xfc, 0xfc, 0xff, 0xff, 0xff, 0x55, 0x55,
    0x55, 0x00, 0x00, 0x00, 0x1e, 0x1e, 0x1e, 0x3d, 0x3d, 0x3d, 0x5d, 0x5d,
    0x5d, 0x7a, 0x7a, 0x7a, 0x92, 0x92, 0x92, 0xa6, 0xa6, 0xa6, 0xb6, 0xb6,
    0xb6, 0xc2, 0xc2, 0xc2, 0xcb, 0xcb, 0xcb, 0xd1, 0xd1, 0xd1, 0xd6, 0xd6,
    0xd6, 0xd8, 0xd8, 0xd8, 0xd9, 0xd9, 0xd9, 0xd9, 0xd9, 0xd9, 0xd8, 0xd8,
    0xd8, 0xd5, 0xd5, 0xd5, 0xd1, 0xd1, 0xd1, 0xca, 0xca, 0xca, 0xc1, 0xc1,
    0xc1, 0xb5, 0xb5, 0xb5, 0xa6, 0xa6, 0xa6, 0x92, 0x92, 0x92, 0x79, 0x79,
    0x79, 0x5c, 0x5c, 0x5c, 0x3c, 0x3c, 0x3c, 0x1d, 0x1d, 0x1d, 0x00, 0x00,
    0x00, 0x5c, 0x5c, 0x5c, 0xff, 0xff, 0xff, 0xfc, 0xfc, 0xfc, 0xff, 0xff,
    0xff, 0xff, 0xff, 0xff, 0xff, 0xff, 0xff, 0xff, 0xff, 0xff, 0xff, 0xff,
    0xff, 0xff, 0xff, 0xff, 0x00, 0x00, 0xff, 0xff, 0xff, 0xff, 0xff, 0xff,
    0xff, 0xff, 0xff, 0xff, 0xff, 0xff, 0xff, 0xff, 0xff, 0xff, 0xff, 0xff,
    0xfd, 0xfd, 0xfd, 0xff, 0xff, 0xff, 0xe0, 0xe0, 0xe0, 0x0c, 0x0c, 0x0c,
    0x01, 0x01, 0x01, 0x01, 0x01, 0x01, 0x00, 0x00, 0x00, 0x00, 0x00, 0x00,
    0x00, 0x00, 0x00, 0x00, 0x00, 0x00, 0x00, 0x00, 0x00, 0x00, 0x00, 0x00,
    0x00, 0x00, 0x00, 0x00, 0x00, 0x00, 0x03, 0x03, 0x03, 0x07, 0x07, 0x07,
    0x08, 0x08, 0x08, 0x08, 0x08, 0x08, 0x07, 0x07, 0x07, 0x03, 0x03, 0x03,
    0x00, 0x00, 0x00, 0x00, 0x00, 0x00, 0x00, 0x00, 0x00, 0x00, 0x00, 0x00,
    0x00, 0x00, 0x00, 0x00, 0x00, 0x00, 0x00, 0x00, 0x00, 0x00, 0x00, 0x00,
    0x01, 0x01, 0x01, 0x01, 0x01, 0x01, 0x10, 0x10, 0x10, 0xe5, 0xe5, 0xe5,
    0xff, 0xff, 0xff, 0xfd, 0xfd, 0xfd, 0xff, 0xff, 0xff, 0xff, 0xff, 0xff,
    0xff, 0xff, 0xff, 0xff, 0xff, 0xff, 0xff, 0xff, 0xff, 0xff, 0xff, 0xff,
    0x00, 0x00, 0xff, 0xff, 0xff, 0xff, 0xff, 0xff, 0xff, 0xff, 0xff, 0xff,
    0xff, 0xff, 0xff, 0xff, 0xff, 0xff, 0xff, 0xff, 0xff, 0xff, 0xff, 0xfe,
    0xfe, 0xfe, 0xff, 0xff, 0xff, 0x32, 0x32, 0x32, 0x21, 0x21, 0x21, 0xc5,
    0xc5, 0xc5, 0xae, 0xae, 0xae, 0x94, 0x94, 0x94, 0x7c, 0x7c, 0x7c, 0x67,
    0x67, 0x67, 0x54, 0x54, 0x54, 0x45, 0x45, 0x45, 0x38, 0x38, 0x38, 0x2f,
    0x2f, 0x2f, 0x28, 0x28, 0x28, 0x23, 0x23, 0x23, 0x22, 0x22, 0x22, 0x22,
    0x22, 0x22, 0x23, 0x23, 0x23, 0x28, 0x28, 0x28, 0x2f, 0x2f, 0x2f, 0x39,
    0x39, 0x39, 0x45, 0x45, 0x45, 0x55, 0x55, 0x55, 0x67, 0x67, 0x67, 0x7d,
    0x7d, 0x7d, 0x94, 0x94, 0x94, 0xb0, 0xb0, 0xb0, 0xc5, 0xc5, 0xc5, 0x1d,
    0x1d, 0x1d, 0x38, 0x38, 0x38, 0xff, 0xff, 0xff, 0xfe, 0xfe, 0xfe, 0xff,
    0xff, 0xff, 0xff, 0xff, 0xff, 0xff, 0xff, 0xff, 0xff, 0xff, 0xff, 0xff,
    0xff, 0xff, 0xff, 0xff, 0xff, 0xff, 0xff, 0xff, 0x00, 0x00, 0xff, 0xff,
    0xff, 0xff, 0xff, 0xff, 0xff, 0xff, 0xff, 0xff, 0xff, 0xff, 0xff, 0xff,
    0xff, 0xff, 0xff, 0xff, 0xff, 0xff, 0xff, 0xfc, 0xfc, 0xfc, 0xff, 0xff,
    0xff, 0x49, 0x49, 0x49, 0x0f, 0x0f, 0x0f, 0xdf, 0xdf, 0xdf, 0xf3, 0xf3,
    0xf3, 0xf0, 0xf0, 0xf0, 0xf3, 0xf3, 0xf3, 0xf3, 0xf3, 0xf3, 0xf2, 0xf2,
    0xf2, 0xf0, 0xf0, 0xf0, 0xed, 0xed, 0xed, 0xeb, 0xeb, 0xeb, 0xe8, 0xe8,
    0xe8, 0xe6, 0xe6, 0xe6, 0xe6, 0xe6, 0xe6, 0xe6, 0xe6, 0xe6, 0xe6, 0xe6,
    0xe6, 0xe8, 0xe8, 0xe8, 0xeb, 0xeb, 0xeb, 0xed, 0xed, 0xed, 0xf0, 0xf0,
    0xf0, 0xf2, 0xf2, 0xf2, 0xf3, 0xf3, 0xf3, 0xf3, 0xf3, 0xf3, 0xf0, 0xf0,
    0xf0, 0xf3, 0xf3, 0xf3, 0xdd, 0xdd, 0xdd, 0x0b, 0x0b, 0x0b, 0x50, 0x50,
    0x50, 0xff, 0xff, 0xff, 0xfc, 0xfc, 0xfc, 0xff, 0xff, 0xff, 0xff, 0xff,
    0xff, 0xff, 0xff, 0xff, 0xff, 0xff, 0xff, 0xff, 0xff, 0xff, 0xff, 0xff,
    0xff, 0xff, 0xff, 0xff, 0x00, 0x00, 0xff, 0xff, 0xff, 0xff, 0xff, 0xff,
    0xff, 0xff, 0xff, 0xff, 0xff, 0xff, 0xff, 0xff, 0xff, 0xff, 0xff, 0xff,
    0xfd, 0xfd, 0xfd, 0xfe, 0xfe, 0xfe, 0xd5, 0xd5, 0xd5, 0x0d, 0x0d, 0x0d,
    0x35, 0x35, 0x35, 0xf3, 0xf3, 0xf3, 0xf3, 0xf3, 0xf3, 0xf3, 0xf3, 0xf3,
    0xf2, 0xf2, 0xf2, 0xf1, 0xf1, 0xf1, 0xf0, 0xf0, 0xf0, 0xef, 0xef, 0xef,
    0xef, 0xef, 0xef, 0xef, 0xef, 0xef, 0xef, 0xef, 0xef, 0xef, 0xef, 0xef,
    0xef, 0xef, 0xef, 0xef, 0xef, 0xef, 0xef, 0xef, 0xef, 0xef, 0xef, 0xef,
    0xef, 0xef, 0xef, 0xef, 0xef, 0xef, 0xef, 0xef, 0xef, 0xf0, 0xf0, 0xf0,
    0xf1, 0xf1, 0xf1, 0xf2, 0xf2, 0xf2, 0xf3, 0xf3, 0xf3, 0xf4, 0xf4, 0xf4,
    0xf1, 0xf1, 0xf1, 0x30, 0x30, 0x30, 0x10, 0x10, 0x10, 0xda, 0xda, 0xda,
    0xfe, 0xfe, 0xfe, 0xfd, 0xfd, 0xfd, 0xff, 0xff, 0xff, 0xff, 0xff, 0xff,
    0xff, 0xff, 0xff, 0xff, 0xff, 0xff, 0xff, 0xff, 0xff, 0xff, 0xff, 0xff,
    0x00, 0x00, 0xff, 0xff, 0xff, 0xff, 0xff, 0xff, 0xff, 0xff, 0xff, 0xff,
    0xff, 0xff, 0xff, 0xff, 0xff, 0xff, 0xff, 0xff, 0xfb, 0xfb, 0xfb, 0xff,
    0xff, 0xff, 0x45, 0x45, 0x45, 0x00, 0x00, 0x00, 0x15, 0x15, 0x15, 0x48,
    0x48, 0x48, 0x61, 0x61, 0x61, 0x79, 0x79, 0x79, 0x8b, 0x8b, 0x8b, 0x9b,
    0x9b, 0x9b, 0xa7, 0xa7, 0xa7, 0xb0, 0xb0, 0xb0, 0xb7, 0xb7, 0xb7, 0xbc,
    0xbc, 0xbc, 0xc0, 0xc0, 0xc0, 0xc2, 0xc2, 0xc2, 0xc3, 0xc3, 0xc3, 0xc3,
    0xc3, 0xc3, 0xc2, 0xc2, 0xc2, 0xc0, 0xc0, 0xc0, 0xbc, 0xbc, 0xbc, 0xb6,
    0xb6, 0xb6, 0xaf, 0xaf, 0xaf, 0xa6, 0xa6, 0xa6, 0x9a, 0x9a, 0x9a, 0x8b,
    0x8b, 0x8b, 0x78, 0x78, 0x78, 0x60, 0x60, 0x60, 0x47, 0x47, 0x47, 0x13,
    0x13, 0x13, 0x00, 0x00, 0x00, 0x4c, 0x4c, 0x4c, 0xff, 0xff, 0xff, 0xfa,
    0xfa, 0xfa, 0xff, 0xff, 0xff, 0xff, 0xff, 0xff, 0xff, 0xff, 0xff, 0xff,
    0xff, 0xff, 0xff, 0xff, 0xff, 0xff, 0xff, 0xff, 0x00, 0x00, 0xff, 0xff,
    0xff, 0xff, 0xff, 0xff, 0xff, 0xff, 0xff, 0xff, 0xff, 0xff, 0xff, 0xff,
    0xff, 0xfb, 0xfb, 0xfb, 0xff, 0xff, 0xff, 0xa5, 0xa5, 0xa5, 0x00, 0x00,
    0x00, 0x13, 0x13, 0x13, 0x0e, 0x0e, 0x0e, 0x00, 0x00, 0x00, 0x00, 0x00,
    0x00, 0x00, 0x00, 0x00, 0x00, 0x00, 0x00, 0x00, 0x00, 0x00, 0x00, 0x00,
    0x00, 0x00, 0x00, 0x00, 0x00, 0x00, 0x00, 0x00, 0x00, 0x00, 0x00, 0x00,
    0x00, 0x00, 0x00, 0x00, 0x00, 0x00, 0x00, 0x00, 0x00, 0x00, 0x00, 0x00,
    0x00, 0x00, 0x00, 0x00, 0x00, 0x00, 0x00, 0x00, 0x00, 0x00, 0x00, 0x00,
    0x00, 0x00, 0x00, 0x00, 0x00, 0x00, 0x00, 0x00, 0x00, 0x00, 0x00, 0x00,
    0x00, 0x00, 0x00, 0x00, 0x00, 0x00, 0x00, 0x10, 0x10, 0x10, 0x12, 0x12,
    0x12, 0x00, 0x00, 0x00, 0xab, 0xab, 0xab, 0xff, 0xff, 0xff, 0xfb, 0xfb,
    0xfb, 0xff, 0xff, 0xff, 0xff, 0xff, 0xff, 0xff, 0xff, 0xff, 0xff, 0xff,
    0xff, 0xff, 0xff, 0xff, 0x00, 0x00, 0xff, 0xff, 0xff, 0xff, 0xff, 0xff,
    0xff, 0xff, 0xff, 0xff, 0xff, 0xff, 0xfd, 0xfd, 0xfd, 0xff, 0xff, 0xff,
    0xc0, 0xc0, 0xc0, 0x09, 0x09, 0x09, 0x0c, 0x0c, 0x0c, 0xc3, 0xc3, 0xc3,
    0xdd, 0xdd, 0xdd, 0xbf, 0xbf, 0xbf, 0xaa, 0xaa, 0xaa, 0x96, 0x96, 0x96,
    0x84, 0x84, 0x84, 0x74, 0x74, 0x74, 0x66, 0x66, 0x66, 0x5c, 0x5c, 0x5c,
    0x53, 0x53, 0x53, 0x4c, 0x4c, 0x4c, 0x47, 0x47, 0x47, 0x44, 0x44, 0x44,
    0x42, 0x42, 0x42, 0x42, 0x42, 0x42, 0x44, 0x44, 0x44, 0x47, 0x47, 0x47,
    0x4c, 0x4c, 0x4c, 0x53, 0x53, 0x53, 0x5c, 0x5c, 0x5c, 0x67, 0x67, 0x67,
    0x74, 0x74, 0x74, 0x84, 0x84, 0x84, 0x96, 0x96, 0x96, 0xab, 0xab, 0xab,
    0xc0, 0xc0, 0xc0, 0xdf, 0xdf, 0xdf, 0xbf, 0xbf, 0xbf, 0x09, 0x09, 0x09,
    0x0b, 0x0b, 0x0b, 0xc5, 0xc5, 0xc5, 0xff, 0xff, 0xff, 0xfd, 0xfd, 0xfd,
    0xff, 0xff, 0xff, 0xff, 0xff, 0xff, 0xff, 0xff, 0xff, 0xff, 0xff, 0xff,
    0x00, 0x00, 0xff, 0xff, 0xff, 0xff, 0xff, 0xff, 0xff, 0xff, 0xff, 0xfd,
    0xfd, 0xfd, 0xfe, 0xfe, 0xfe, 0xe0, 0xe0, 0xe0, 0x11, 0x11, 0x11, 0x00,
    0x00, 0x00, 0x9f, 0x9f, 0x9f, 0xf4, 0xf4, 0xf4, 0xe6, 0xe6, 0xe6, 0xef,
    0xef, 0xef, 0xf3, 0xf3, 0xf3, 0xf5, 0xf5, 0xf5, 0xf6, 0xf6, 0xf6, 0xf7,
    0xf7, 0xf7, 0xf6, 0xf6, 0xf6, 0xf6, 0xf6, 0xf6, 0xf5, 0xf5, 0xf5, 0xf4,
    0xf4, 0xf4, 0xf3, 0xf3, 0xf3, 0xf2, 0xf2, 0xf2, 0xf2, 0xf2, 0xf2, 0xf2,
    0xf2, 0xf2, 0xf2, 0xf2, 0xf2, 0xf3, 0xf3, 0xf3, 0xf4, 0xf4, 0xf4, 0xf5,
    0xf5, 0xf5, 0xf6, 0xf6, 0xf6, 0xf6, 0xf6, 0xf6, 0xf7, 0xf7, 0xf7, 0xf6,
    0xf6, 0xf6, 0xf5, 0xf5, 0xf5, 0xf3, 0xf3, 0xf3, 0xef, 0xef, 0xef, 0xe6,
    0xe6, 0xe6, 0xf4, 0xf4, 0xf4, 0x9a, 0x9a, 0x9a, 0x00, 0x00, 0x00, 0x16,
    0x16, 0x16, 0xe4, 0xe4, 0xe4, 0xfe, 0xfe, 0xfe, 0xfd, 0xfd, 0xfd, 0xff,
    0xff, 0xff, 0xff, 0xff, 0xff, 0xff, 0xff, 0xff, 0x00, 0x00, 0xff, 0xff,
    0xff, 0xff, 0xff, 0xff, 0xff, 0xff, 0xff, 0xfb, 0xfb, 0xfb, 0xff, 0xff,
    0xff, 0x69, 0x69, 0x69, 0x03, 0x03, 0x03, 0x9c, 0x9c, 0x9c, 0xff, 0xff,
    0xff, 0xe6, 0xe6, 0xe6, 0xe6, 0xe6, 0xe6, 0xe2, 0xe2, 0xe2, 0xe0, 0xe0,
    0xe0, 0xdf, 0xdf, 0xdf, 0xdf, 0xdf, 0xdf, 0xdf, 0xdf, 0xdf, 0xdf, 0xdf,
    0xdf, 0xe0, 0xe0, 0xe0, 0xe1, 0xe1, 0xe1, 0xe1, 0xe1, 0xe1, 0xe2, 0xe2,
    0xe2, 0xe2, 0xe2, 0xe2, 0xe2, 0xe2, 0xe2, 0xe2, 0xe2, 0xe2, 0xe2, 0xe2,
    0xe2, 0xe2, 0xe2, 0xe2, 0xe1, 0xe1, 0xe1, 0xe1, 0xe1, 0xe1, 0xe0, 0xe0,
    0xe0, 0xdf, 0xdf, 0xdf, 0xdf, 0xdf, 0xdf, 0xdf, 0xdf, 0xdf, 0xdf, 0xdf,
    0xdf, 0xe0, 0xe0, 0xe0, 0xe2, 0xe2, 0xe2, 0xe6, 0xe6, 0xe6, 0xe7, 0xe7,
    0xe7, 0xff, 0xff, 0xff, 0x94, 0x94, 0x94, 0x02, 0x02, 0x02, 0x70, 0x70,
    0x70, 0xff, 0xff, 0xff, 0xfb, 0xfb, 0xfb, 0xff, 0xff, 0xff, 0xff, 0xff,
    0xff, 0xff, 0xff, 0xff, 0x00, 0x00, 0xff, 0xff, 0xff, 0xff, 0xff, 0xff,
    0xff, 0xff, 0xff, 0xfe, 0xfe, 0xfe, 0xff, 0xff, 0xff, 0x2d, 0x2d, 0x2d,
    0x10, 0x10, 0x10, 0x9b, 0x9b, 0x9b, 0xbb, 0xbb, 0xbb, 0xd4, 0xd4, 0xd4,
    0xe5, 0xe5, 0xe5, 0xef, 0xef, 0xef, 0xf5, 0xf5, 0xf5, 0xf7, 0xf7, 0xf7,
    0xf6, 0xf6, 0xf6, 0xf5, 0xf5, 0xf5, 0xf3, 0xf3, 0xf3, 0xf1, 0xf1, 0xf1,
    0xf0, 0xf0, 0xf0, 0xee, 0xee, 0xee, 0xed, 0xed, 0xed, 0xed, 0xed, 0xed,
    0xec, 0xec, 0xec, 0xec, 0xec, 0xec, 0xed, 0xed, 0xed, 0xed, 0xed, 0xed,
    0xee, 0xee, 0xee, 0xf0, 0xf0, 0xf0, 0xf1, 0xf1, 0xf1, 0xf3, 0xf3, 0xf3,
    0xf5, 0xf5, 0xf5, 0xf6, 0xf6, 0xf6, 0xf7, 0xf7, 0xf7, 0xf4, 0xf4, 0xf4,
    0xef, 0xef, 0xef, 0xe4, 0xe4, 0xe4, 0xd2, 0xd2, 0xd2, 0xba, 0xba, 0xba,
    0x98, 0x98, 0x98, 0x0d, 0x0d, 0x0d, 0x33, 0x33, 0x33, 0xff, 0xff, 0xff,
    0xfe, 0xfe, 0xfe, 0xff, 0xff, 0xff, 0xff, 0xff, 0xff, 0xff, 0xff, 0xff,
    0x00, 0x00, 0xff, 0xff, 0xff, 0xff, 0xff, 0xff, 0xfe, 0xfe, 0xfe, 0xff,
    0xff, 0xff, 0xf6, 0xf6, 0xf6, 0x1b, 0x1b, 0x1b, 0x00, 0x00, 0x00, 0x02,
    0x02, 0x02, 0x00, 0x00, 0x00, 0x03, 0x03, 0x03, 0x1c, 0x1c, 0x1c, 0x3a,
    0x3a, 0x3a, 0x53, 0x53, 0x53, 0x6d, 0x6d, 0x6d, 0x84, 0x84, 0x84, 0x97,
    0x97, 0x97, 0xa7, 0xa7, 0xa7, 0xb3, 0xb3, 0xb3, 0xba, 0xba, 0xba, 0xc1,
    0xc1, 0xc1, 0xc9, 0xc9, 0xc9, 0xcd, 0xcd, 0xcd, 0xce, 0xce, 0xce, 0xce,
    0xce, 0xce, 0xcc, 0xcc, 0xcc, 0xc9, 0xc9, 0xc9, 0xc1, 0xc1, 0xc1, 0xba,
    0xba, 0xba, 0xb3, 0xb3, 0xb3, 0xa6, 0xa6, 0xa6, 0x97, 0x97, 0x97, 0x84,
    0x84, 0x84, 0x6d, 0x6d, 0x6d, 0x52, 0x52, 0x52, 0x39, 0x39, 0x39, 0x1f,
    0x1f, 0x1f, 0x07, 0x07, 0x07, 0x00, 0x00, 0x00, 0x02, 0x02, 0x02, 0x00,
    0x00, 0x00, 0x20, 0x20, 0x20, 0xfa, 0xfa, 0xfa, 0xff, 0xff, 0xff, 0xfe,
    0xfe, 0xfe, 0xff, 0xff, 0xff, 0xff, 0xff, 0xff, 0x00, 0x00, 0xff, 0xff,
    0xff, 0xff, 0xff, 0xff, 0xfd, 0xfd, 0xfd, 0xff, 0xff, 0xff, 0xe0, 0xe0,
    0xe0, 0x05, 0x05, 0x05, 0x38, 0x38, 0x38, 0x7b, 0x7b, 0x7b, 0x49, 0x49,
    0x49, 0x27, 0x27, 0x27, 0x10, 0x10, 0x10, 0x00, 0x00, 0x00, 0x00, 0x00,
    0x00, 0x00, 0x00, 0x00, 0x00, 0x00, 0x00, 0x00, 0x00, 0x00, 0x00, 0x00,
    0x00, 0x00, 0x00, 0x00, 0x00, 0x00, 0x00, 0x00, 0x00, 0x00, 0x00, 0x00,
    0x00, 0x00, 0x00, 0x00, 0x00, 0x00, 0x00, 0x00, 0x00, 0x00, 0x00, 0x00,
    0x00, 0x00, 0x00, 0x00, 0x00, 0x00, 0x00, 0x00, 0x00, 0x00, 0x00, 0x00,
    0x00, 0x00, 0x00, 0x00, 0x00, 0x00, 0x00, 0x00, 0x00, 0x00, 0x00, 0x00,
    0x00, 0x00, 0x00, 0x00, 0x00, 0x00, 0x00, 0x00, 0x00, 0x00, 0x11, 0x11,
    0x11, 0x33, 0x33, 0x33, 0x68, 0x68, 0x68, 0x30, 0x30, 0x30, 0x08, 0x08,
    0x08, 0xe5, 0xe5, 0xe5, 0xff, 0xff, 0xff, 0xfd, 0xfd, 0xfd, 0xff, 0xff,
    0xff, 0xff, 0xff, 0xff, 0x00, 0x00, 0xff, 0xff, 0xff, 0xff, 0xff, 0xff,
    0xfc, 0xfc, 0xfc, 0xff, 0xff, 0xff, 0xc3, 0xc3, 0xc3, 0x00, 0x00, 0x00,
    0x81, 0x81, 0x81, 0xff, 0xff, 0xff, 0xec, 0xec, 0xec, 0xf5, 0xf5, 0xf5,
    0xa8, 0xa8, 0xa8, 0x05, 0x05, 0x05, 0x08, 0x08, 0x08, 0x89, 0x89, 0x89,
    0x8f, 0x8f, 0x8f, 0x76, 0x76, 0x76, 0x66, 0x66, 0x66, 0x58, 0x58, 0x58,
    0x0e, 0x0e, 0x0e, 0x00, 0x00, 0x00, 0x31, 0x31, 0x31, 0x37, 0x37, 0x37,
    0x32, 0x32, 0x32, 0x32, 0x32, 0x32, 0x35, 0x35, 0x35, 0x2b, 0x2b, 0x2b,
    0x00, 0x00, 0x00, 0x0c, 0x0c, 0x0c, 0x4a, 0x4a, 0x4a, 0x53, 0x53, 0x53,
    0x60, 0x60, 0x60, 0x76, 0x76, 0x76, 0x6f, 0x6f, 0x6f, 0x06, 0x06, 0x06,
    0x04, 0x04, 0x04, 0x99, 0x99, 0x99, 0xe6, 0xe6, 0xe6, 0xe6, 0xe6, 0xe6,
    0xff, 0xff, 0xff, 0x7a, 0x7a, 0x7a, 0x00, 0x00, 0x00, 0xc9, 0xc9, 0xc9,
    0xff, 0xff, 0xff, 0xfc, 0xfc, 0xfc, 0xff, 0xff, 0xff, 0xff, 0xff, 0xff,
    0x00, 0x00, 0xff, 0xff, 0xff, 0xff, 0xff, 0xff, 0xfb, 0xfb, 0xfb, 0xff,
    0xff, 0xff, 0x9d, 0x9d, 0x9d, 0x00, 0x00, 0x00, 0x9f, 0x9f, 0x9f, 0xf0,
    0xf0, 0xf0, 0xdf, 0xdf, 0xdf, 0xec, 0xec, 0xec, 0x36, 0x36, 0x36, 0x00,
    0x00, 0x00, 0x05, 0x05, 0x05, 0xd2, 0xd2, 0xd2, 0xfe, 0xfe, 0xfe, 0xf3,
    0xf3, 0xf3, 0xfe, 0xfe, 0xfe, 0xd6, 0xd6, 0xd6, 0x0b, 0x0b, 0x0b, 0x00,
    0x00, 0x00, 0xb2, 0xb2, 0xb2, 0xfb, 0xfb, 0xfb, 0xeb, 0xeb, 0xeb, 0xeb,
    0xeb, 0xeb, 0xfb, 0xfb, 0xfb, 0xaa, 0xaa, 0xaa, 0x00, 0x00, 0x00, 0x0d,
    0x0d, 0x0d, 0xd5, 0xd5, 0xd5, 0xfb, 0xfb, 0xfb, 0xf2, 0xf2, 0xf2, 0xff,
    0xff, 0xff, 0xd0, 0xd0, 0xd0, 0x03, 0x03, 0x03, 0x00, 0x00, 0x00, 0x40,
    0x40, 0x40, 0xf2, 0xf2, 0xf2, 0xe0, 0xe0, 0xe0, 0xf1, 0xf1, 0xf1, 0x99,
    0x99, 0x99, 0x00, 0x00, 0x00, 0xa5, 0xa5, 0xa5, 0xff, 0xff, 0xff, 0xfb,
    0xfb, 0xfb, 0xff, 0xff, 0xff, 0xff, 0xff, 0xff, 0x00, 0x00, 0xff, 0xff,
    0xff, 0xff, 0xff, 0xff, 0xfb, 0xfb, 0xfb, 0xff, 0xff, 0xff, 0x75, 0x75,
    0x75, 0x00, 0x00, 0x00, 0xbe, 0xbe, 0xbe, 0xec, 0xec, 0xec, 0xf4, 0xf4,
    0xf4, 0x8f, 0x8f, 0x8f, 0x00, 0x00, 0x00, 0x02, 0x02, 0x02, 0x03, 0x03,
    0x03, 0xc3, 0xc3, 0xc3, 0xe9, 0xe9, 0xe9, 0xdd, 0xdd, 0xdd, 0xf3, 0xf3,
    0xf3, 0x77, 0x77, 0x77, 0x00, 0x00, 0x00, 0x00, 0x00, 0x00, 0x7d, 0x7d,
    0x7d, 0xf5, 0xf5, 0xf5, 0xe1, 0xe1, 0xe1, 0xe1, 0xe1, 0xe1, 0xf6, 0xf6,
    0xf6, 0x77, 0x77, 0x77, 0x00, 0x00, 0x00, 0x00, 0x00, 0x00, 0x77, 0x77,
    0x77, 0xf4, 0xf4, 0xf4, 0xdd, 0xdd, 0xdd, 0xea, 0xea, 0xea, 0xbf, 0xbf,
    0xbf, 0x01, 0x01, 0x01, 0x02, 0x02, 0x02, 0x00, 0x00, 0x00, 0x95, 0x95,
    0x95, 0xf3, 0xf3, 0xf3, 0xed, 0xed, 0xed, 0xb9, 0xb9, 0xb9, 0x00, 0x00,
    0x00, 0x7c, 0x7c, 0x7c, 0xff, 0xff, 0xff, 0xfb, 0xfb, 0xfb, 0xff, 0xff,
    0xff, 0xff, 0xff, 0xff, 0x00, 0x00, 0xff, 0xff, 0xff, 0xff, 0xff, 0xff,
    0xfc, 0xfc, 0xfc, 0xff, 0xff, 0xff, 0x4e, 0x4e, 0x4e, 0x0d, 0x0d, 0x0d,
    0xd5, 0xd5, 0xd5, 0xed, 0xed, 0xed, 0xdc, 0xdc, 0xdc, 0x19, 0x19, 0x19,
    0x1d, 0x1d, 0x1d, 0x4d, 0x4d, 0x4d, 0x03, 0x03, 0x03, 0xc7, 0xc7, 0xc7,
    0xed, 0xed, 0xed, 0xe4, 0xe4, 0xe4, 0xea, 0xea, 0xea, 0x2c, 0x2c, 0x2c,
    0x03, 0x03, 0x03, 0x03, 0x03, 0x03, 0x56, 0x56, 0x56, 0xf5, 0xf5, 0xf5,
    0xe2, 0xe2, 0xe2, 0xe3, 0xe3, 0xe3, 0xf4, 0xf4, 0xf4, 0x4f, 0x4f, 0x4f,
    0x05, 0x05, 0x05, 0x06, 0x06, 0x06, 0x28, 0x28, 0x28, 0xe9, 0xe9, 0xe9,
    0xe4, 0xe4, 0xe4, 0xee, 0xee, 0xee, 0xc3, 0xc3, 0xc3, 0x01, 0x01, 0x01,
    0x4d, 0x4d, 0x4d, 0x19, 0x19, 0x19, 0x1d, 0x1d, 0x1d, 0xdf, 0xdf, 0xdf,
    0xed, 0xed, 0xed, 0xd3, 0xd3, 0xd3, 0x0a, 0x0a, 0x0a, 0x55, 0x55, 0x55,
    0xff, 0xff, 0xff, 0xfc, 0xfc, 0xfc, 0xff, 0xff, 0xff, 0xff, 0xff, 0xff,
    0x00, 0x00, 0xff, 0xff, 0xff, 0xff, 0xff, 0xff, 0xff, 0xff, 0xff, 0xff,
    0xff, 0xff, 0x2d, 0x2d, 0x2d, 0x26, 0x26, 0x26, 0xe4, 0xe4, 0xe4, 0xf7,
    0xf7, 0xf7, 0x6d, 0x6d, 0x6d, 0x00, 0x00, 0x00, 0x9f, 0x9f, 0x9f, 0x7f,
    0x7f, 0x7f, 0x03, 0x03, 0x03, 0xca, 0xca, 0xca, 0xeb, 0xeb, 0xeb, 0xee,
    0xee, 0xee, 0xbb, 0xbb, 0xbb, 0x02, 0x02, 0x02, 0x59, 0x59, 0x59, 0x2f,
    0x2f, 0x2f, 0x30, 0x30, 0x30, 0xec, 0xec, 0xec, 0xe5, 0xe5, 0xe5, 0xe5,
    0xe5, 0xe5, 0xea, 0xea, 0xea, 0x2a, 0x2a, 0x2a, 0x36, 0x36, 0x36, 0x62,
    0x62, 0x62, 0x01, 0x01, 0x01, 0xb5, 0xb5, 0xb5, 0xef, 0xef, 0xef, 0xec,
    0xec, 0xec, 0xc6, 0xc6, 0xc6, 0x01, 0x01, 0x01, 0x84, 0x84, 0x84, 0x98,
    0x98, 0x98, 0x00, 0x00, 0x00, 0x73, 0x73, 0x73, 0xf8, 0xf8, 0xf8, 0xe1,
    0xe1, 0xe1, 0x21, 0x21, 0x21, 0x33, 0x33, 0x33, 0xff, 0xff, 0xff, 0xfe,
    0xfe, 0xfe, 0xff, 0xff, 0xff, 0xff, 0xff, 0xff, 0x00, 0x00, 0xff, 0xff,
    0xff, 0xfe, 0xfe, 0xfe, 0xff, 0xff, 0xff, 0xf1, 0xf1, 0xf1, 0x11, 0x11,
    0x11, 0x41, 0x41, 0x41, 0xf8, 0xf8, 0xf8, 0xc4, 0xc4, 0xc4, 0x08, 0x08,
    0x08, 0x23, 0x23, 0x23, 0xff, 0xff, 0xff, 0x6c, 0x6c, 0x6c, 0x03, 0x03,
    0x03, 0xca, 0xca, 0xca, 0xea, 0xea, 0xea, 0xf5, 0xf5, 0xf5, 0x6b, 0x6b,
    0x6b, 0x00, 0x00, 0x00, 0xcb, 0xcb, 0xcb, 0x56, 0x56, 0x56, 0x10, 0x10,
    0x10, 0xd9, 0xd9, 0xd9, 0xe9, 0xe9, 0xe9, 0xea, 0xea, 0xea, 0xd5, 0xd5,
    0xd5, 0x0c, 0x0c, 0x0c, 0x5b, 0x5b, 0x5b, 0xd4, 0xd4, 0xd4, 0x00, 0x00,
    0x00, 0x61, 0x61, 0x61, 0xf4, 0xf4, 0xf4, 0xea, 0xea, 0xea, 0xc6, 0xc6,
    0xc6, 0x01, 0x01, 0x01, 0x72, 0x72, 0x72, 0xfe, 0xfe, 0xfe, 0x1e, 0x1e,
    0x1e, 0x0a, 0x0a, 0x0a, 0xc9, 0xc9, 0xc9, 0xf6, 0xf6, 0xf6, 0x3c, 0x3c,
    0x3c, 0x16, 0x16, 0x16, 0xf5, 0xf5, 0xf5, 0xff, 0xff, 0xff, 0xfe, 0xfe,
    0xfe, 0xff, 0xff, 0xff, 0x00, 0x00, 0xff, 0xff, 0xff, 0xfd, 0xfd, 0xfd,
    0xff, 0xff, 0xff, 0xd6, 0xd6, 0xd6, 0x01, 0x01, 0x01, 0x62, 0x62, 0x62,
    0xff, 0xff, 0xff, 0x45, 0x45, 0x45, 0x00, 0x00, 0x00, 0xae, 0xae, 0xae,
    0xff, 0xff, 0xff, 0x67, 0x67, 0x67, 0x03, 0x03, 0x03, 0xc9, 0xc9, 0xc9,
    0xee, 0xee, 0xee, 0xe3, 0xe3, 0xe3, 0x1e, 0x1e, 0x1e, 0x1a, 0x1a, 0x1a,
    0xff, 0xff, 0xff, 0x76, 0x76, 0x76, 0x00, 0x00, 0x00, 0xbc, 0xbc, 0xbc,
    0xed, 0xed, 0xed, 0xef, 0xef, 0xef, 0xb7, 0xb7, 0xb7, 0x00, 0x00, 0x00,
    0x7c, 0x7c, 0x7c, 0xff, 0xff, 0xff, 0x23, 0x23, 0x23, 0x16, 0x16, 0x16,
    0xdc, 0xdc, 0xdc, 0xf1, 0xf1, 0xf1, 0xc6, 0xc6, 0xc6, 0x01, 0x01, 0x01,
    0x6c, 0x6c, 0x6c, 0xff, 0xff, 0xff, 0xa7, 0xa7, 0xa7, 0x00, 0x00, 0x00,
    0x4b, 0x4b, 0x4b, 0xff, 0xff, 0xff, 0x5c, 0x5c, 0x5c, 0x02, 0x02, 0x02,
    0xdc, 0xdc, 0xdc, 0xff, 0xff, 0xff, 0xfd, 0xfd, 0xfd, 0xff, 0xff, 0xff,
    0x00, 0x00, 0xff, 0xff, 0xff, 0xfc, 0xfc, 0xfc, 0xff, 0xff, 0xff, 0xb4,
    0xb4, 0xb4, 0x00, 0x00, 0x00, 0x97, 0x97, 0x97, 0xba, 0xba, 0xba, 0x00,
    0x00, 0x00, 0x48, 0x48, 0x48, 0xff, 0xff, 0xff, 0xff, 0xff, 0xff, 0x6b,
    0x6b, 0x6b, 0x03, 0x03, 0x03, 0xc7, 0xc7, 0xc7, 0xfa, 0xfa, 0xfa, 0xab,
    0xab, 0xab, 0x00, 0x00, 0x00, 0x6e, 0x6e, 0x6e, 0xff, 0xff, 0xff, 0xa1,
    0xa1, 0xa1, 0x00, 0x00, 0x00, 0x98, 0x98, 0x98, 0xf2, 0xf2, 0xf2, 0xf2,
    0xf2, 0xf2, 0x8f, 0x8f, 0x8f, 0x00, 0x00, 0x00, 0xa8, 0xa8, 0xa8, 0xfe,
    0xfe, 0xfe, 0x7f, 0x7f, 0x7f, 0x00, 0x00, 0x00, 0x9d, 0x9d, 0x9d, 0xfd,
    0xfd, 0xfd, 0xc3, 0xc3, 0xc3, 0x01, 0x01, 0x01, 0x70, 0x70, 0x70, 0xff,
    0xff, 0xff, 0xfe, 0xfe, 0xfe, 0x40, 0x40, 0x40, 0x00, 0x00, 0x00, 0xc0,
    0xc0, 0xc0, 0x90, 0x90, 0x90, 0x00, 0x00, 0x00, 0xbb, 0xbb, 0xbb, 0xff,
    0xff, 0xff, 0xfc, 0xfc, 0xfc, 0xff, 0xff, 0xff, 0x00, 0x00, 0xff, 0xff,
    0xff, 0xfb, 0xfb, 0xfb, 0xff, 0xff, 0xff, 0x8c, 0x8c, 0x8c, 0x00, 0x00,
    0x00, 0xb0, 0xb0, 0xb0, 0x36, 0x36, 0x36, 0x05, 0x05, 0x05, 0xd4, 0xd4,
    0xd4, 0xfe, 0xfe, 0xfe, 0xff, 0xff, 0xff, 0x6b, 0x6b, 0x6b, 0x03, 0x03,
    0x03, 0xc6, 0xc6, 0xc6, 0xfd, 0xfd, 0xfd, 0x58, 0x58, 0x58, 0x00, 0x00,
    0x00, 0xca, 0xca, 0xca, 0xff, 0xff, 0xff, 0xcd, 0xcd, 0xcd, 0x00, 0x00,
    0x00, 0x6b, 0x6b, 0x6b, 0xf3, 0xf3, 0xf3, 0xf3, 0xf3, 0xf3, 0x64, 0x64,
    0x64, 0x01, 0x01, 0x01, 0xd4, 0xd4, 0xd4, 0xff, 0xff, 0xff, 0xd9, 0xd9,
    0xd9, 0x05, 0x05, 0x05, 0x45, 0x45, 0x45, 0xfb, 0xfb, 0xfb, 0xc4, 0xc4,
    0xc4, 0x00, 0x00, 0x00, 0x70, 0x70, 0x70, 0xff, 0xff, 0xff, 0xff, 0xff,
    0xff, 0xcf, 0xcf, 0xcf, 0x02, 0x02, 0x02, 0x3c, 0x3c, 0x3c, 0xad, 0xad,
    0xad, 0x00, 0x00, 0x00, 0x94, 0x94, 0x94, 0xff, 0xff, 0xff, 0xfb, 0xfb,
    0xfb, 0xff, 0xff, 0xff, 0x00, 0x00, 0xff, 0xff, 0xff, 0xfa, 0xfa, 0xfa,
    0xfc, 0xfc, 0xfc, 0x64, 0x64, 0x64, 0x12, 0x12, 0x12, 0x6a, 0x6a, 0x6a,
    0x00, 0x00, 0x00, 0x6e, 0x6e, 0x6e, 0xff, 0xff, 0xff, 0xf8, 0xf8, 0xf8,
    0xff, 0xff, 0xff, 0x6b, 0x6b, 0x6b, 0x02, 0x02, 0x02, 0xcd, 0xcd, 0xcd,
    0xe3, 0xe3, 0xe3, 0x12, 0x12, 0x12, 0x2c, 0x2c, 0x2c, 0xfd, 0xfd, 0xfd,
    0xff, 0xff, 0xff, 0xf1, 0xf1, 0xf1, 0x11, 0x11, 0x11, 0x41, 0x41, 0x41,
    0xef, 0xef, 0xef, 0xed, 0xed, 0xed, 0x3c, 0x3c, 0x3c, 0x15, 0x15, 0x15,
    0xf5, 0xf5, 0xf5, 0xfe, 0xfe, 0xfe, 0xff, 0xff, 0xff, 0x3f, 0x3f, 0x3f,
    0x07, 0x07, 0x07, 0xd7, 0xd7, 0xd7, 0xcd, 0xcd, 0xcd, 0x00, 0x00, 0x00,
    0x70, 0x70, 0x70, 0xff, 0xff, 0xff, 0xf8, 0xf8, 0xf8, 0xff, 0xff, 0xff,
    0x65, 0x65, 0x65, 0x00, 0x00, 0x00, 0x6c, 0x6c, 0x6c, 0x0f, 0x0f, 0x0f,
    0x6b, 0x6b, 0x6b, 0xfb, 0xfb, 0xfb, 0xfa, 0xfa, 0xfa, 0xff, 0xff, 0xff,
    0x00, 0x00, 0xfd, 0xfd, 0xfd, 0xff, 0xff, 0xff, 0xff, 0xff, 0xff, 0x41,
    0x41, 0x41, 0x0a, 0x0a, 0x0a, 0x0a, 0x0a, 0x0a, 0x15, 0x15, 0x15, 0xed,
    0xed, 0xed, 0xfd, 0xfd, 0xfd, 0xf9, 0xf9, 0xf9, 0xff, 0xff, 0xff, 0x6b,
    0x6b, 0x6b, 0x00, 0x00, 0x00, 0xd8, 0xd8, 0xd8, 0xa5, 0xa5, 0xa5, 0x00,
    0x00, 0x00, 0x86, 0x86, 0x86, 0xff, 0xff, 0xff, 0xfa, 0xfa, 0xfa, 0xff,
    0xff, 0xff, 0x33, 0x33, 0x33, 0x1e, 0x1e, 0x1e, 0xe6, 0xe6, 0xe6, 0xe2,
    0xe2, 0xe2, 0x19, 0x19, 0x19, 0x39, 0x39, 0x39, 0xff, 0xff, 0xff, 0xfa,
    0xfa, 0xfa, 0xff, 0xff, 0xff, 0xa1, 0xa1, 0xa1, 0x00, 0x00, 0x00, 0x8b,
    0x8b, 0x8b, 0xd7, 0xd7, 0xd7, 0x00, 0x00, 0x00, 0x70, 0x70, 0x70, 0xff,
    0xff, 0xff, 0xf9, 0xf9, 0xf9, 0xfd, 0xfd, 0xfd, 0xe9, 0xe9, 0xe9, 0x11,
    0x11, 0x11, 0x0c, 0x0c, 0x0c, 0x09, 0x09, 0x09, 0x48, 0x48, 0x48, 0xff,
    0xff, 0xff, 0xff, 0xff, 0xff, 0xfe, 0xfe, 0xfe, 0x00, 0x00, 0xff, 0xff,
    0xff, 0xe6, 0xe6, 0xe6, 0x83, 0x83, 0x83, 0x12, 0x12, 0x12, 0x03, 0x03,
    0x03, 0x01, 0x01, 0x01, 0x97, 0x97, 0x97, 0xff, 0xff, 0xff, 0xfc, 0xfc,
    0xfc, 0xfb, 0xfb, 0xfb, 0xff, 0xff, 0xff, 0x6b, 0x6b, 0x6b, 0x00, 0x00,
    0x00, 0xd7, 0xd7, 0xd7, 0x52, 0x52, 0x52, 0x05, 0x05, 0x05, 0xdb, 0xdb,
    0xdb, 0xff, 0xff, 0xff, 0xf9, 0xf9, 0xf9, 0xff, 0xff, 0xff, 0x5d, 0x5d,
    0x5d, 0x04, 0x04, 0x04, 0xd5, 0xd5, 0xd5, 0xcf, 0xcf, 0xcf, 0x02, 0x02,
    0x02, 0x64, 0x64, 0x64, 0xff, 0xff, 0xff, 0xfa, 0xfa, 0xfa, 0xff, 0xff,
    0xff, 0xed, 0xed, 0xed, 0x0f, 0x0f, 0x0f, 0x37, 0x37, 0x37, 0xcd, 0xcd,
    0xcd, 0x00, 0x00, 0x00, 0x70, 0x70, 0x70, 0xff, 0xff, 0xff, 0xfb, 0xfb,
    0xfb, 0xfc, 0xfc, 0xfc, 0xff, 0xff, 0xff, 0x90, 0x90, 0x90, 0x00, 0x00,
    0x00, 0x04, 0x04, 0x04, 0x14, 0x14, 0x14, 0x85, 0x85, 0x85, 0xe9, 0xe9,
    0xe9, 0xff, 0xff, 0xff, 0x00, 0x00, 0xd9, 0xd9, 0xd9, 0x1e, 0x1e, 0x1e,
    0x00, 0x00, 0x00, 0x00, 0x00, 0x00, 0x00, 0x00, 0x00, 0x15, 0x15, 0x15,
    0xf5, 0xf5, 0xf5, 0xfe, 0xfe, 0xfe, 0xfe, 0xfe, 0xfe, 0xfb, 0xfb, 0xfb,
    0xff, 0xff, 0xff, 0x6b, 0x6b, 0x6b, 0x08, 0x08, 0x08, 0xb6, 0xb6, 0xb6,
    0x11, 0x11, 0x11, 0x3c, 0x3c, 0x3c, 0xff, 0xff, 0xff, 0xfd, 0xfd, 0xfd,
    0xfb, 0xfb, 0xfb, 0xff, 0xff, 0xff, 0x8d, 0x8d, 0x8d, 0x00, 0x00, 0x00,
    0xb8, 0xb8, 0xb8, 0xb1, 0xb1, 0xb1, 0x00, 0x00, 0x00, 0x94, 0x94, 0x94,
    0xff, 0xff, 0xff, 0xfb, 0xfb, 0xfb, 0xfc, 0xfc, 0xfc, 0xff, 0xff, 0xff,
    0x5a, 0x5a, 0x5a, 0x06, 0x06, 0x06, 0x9c, 0x9c, 0x9c, 0x0b, 0x0b, 0x0b,
    0x70, 0x70, 0x70, 0xff, 0xff, 0xff, 0xfb, 0xfb, 0xfb, 0xfd, 0xfd, 0xfd,
    0xfe, 0xfe, 0xfe, 0xf0, 0xf0, 0xf0, 0x11, 0x11, 0x11, 0x00, 0x00, 0x00,
    0x00, 0x00, 0x00, 0x00, 0x00, 0x00, 0x22, 0x22, 0x22, 0xdd, 0xdd, 0xdd,
    0x00, 0x00, 0x47, 0x47, 0x47, 0x00, 0x00, 0x00, 0x6f, 0x6f, 0x6f, 0xb8,
    0xb8, 0xb8, 0x43, 0x43, 0x43, 0x01, 0x01, 0x01, 0x99, 0x99, 0x99, 0xff,
    0xff, 0xff, 0xfb, 0xfb, 0xfb, 0xfb, 0xfb, 0xfb, 0xff, 0xff, 0xff, 0x6b,
    0x6b, 0x6b, 0x13, 0x13, 0x13, 0x72, 0x72, 0x72, 0x00, 0x00, 0x00, 0x97,
    0x97, 0x97, 0xff, 0xff, 0xff, 0xfb, 0xfb, 0xfb, 0xfc, 0xfc, 0xfc, 0xff,
    0xff, 0xff, 0xbc, 0xbc, 0xbc, 0x00, 0x00, 0x00, 0x92, 0x92, 0x92, 0x8b,
    0x8b, 0x8b, 0x00, 0x00, 0x00, 0xc2, 0xc2, 0xc2, 0xff, 0xff, 0xff, 0xfc,
    0xfc, 0xfc, 0xfc, 0xfc, 0xfc, 0xfe, 0xfe, 0xfe, 0xba, 0xba, 0xba, 0x00,
    0x00, 0x00, 0x47, 0x47, 0x47, 0x10, 0x10, 0x10, 0x6f, 0x6f, 0x6f, 0xfe,
    0xfe, 0xfe, 0xfb, 0xfb, 0xfb, 0xfb, 0xfb, 0xfb, 0xff, 0xff, 0xff, 0x93,
    0x93, 0x93, 0x00, 0x00, 0x00, 0x47, 0x47, 0x47, 0xb8, 0xb8, 0xb8, 0x6c,
    0x6c, 0x6c, 0x00, 0x00, 0x00, 0x4e, 0x4e, 0x4e, 0x00, 0x00, 0x05, 0x05,
    0x05, 0x37, 0x37, 0x37, 0xf4, 0xf4, 0xf4, 0xf7, 0xf7, 0xf7, 0xd5, 0xd5,
    0xd5, 0x0c, 0x0c, 0x0c, 0x4d, 0x4d, 0x4d, 0xff, 0xff, 0xff, 0xfc, 0xfc,
    0xfc, 0xfb, 0xfb, 0xfb, 0xfc, 0xfc, 0xfc, 0x69, 0x69, 0x69, 0x0b, 0x0b,
    0x0b, 0x1b, 0x1b, 0x1b, 0x0a, 0x0a, 0x0a, 0xe6, 0xe6, 0xe6, 0xff, 0xff,
    0xff, 0xfd, 0xfd, 0xfd, 0xfd, 0xfd, 0xfd, 0xff, 0xff, 0xff, 0xe1, 0xe1,
    0xe1, 0x05, 0x05, 0x05, 0x63, 0x63, 0x63, 0x5e, 0x5e, 0x5e, 0x08, 0x08,
    0x08, 0xe7, 0xe7, 0xe7, 0xff, 0xff, 0xff, 0xfd, 0xfd, 0xfd, 0xfe, 0xfe,
    0xfe, 0xfe, 0xfe, 0xfe, 0xf8, 0xf8, 0xf8, 0x1e, 0x1e, 0x1e, 0x03, 0x03,
    0x03, 0x02, 0x02, 0x02, 0x76, 0x76, 0x76, 0xff, 0xff, 0xff, 0xf9, 0xf9,
    0xf9, 0xfd, 0xfd, 0xfd, 0xff, 0xff, 0xff, 0x46, 0x46, 0x46, 0x0f, 0x0f,
    0x0f, 0xda, 0xda, 0xda, 0xf6, 0xf6, 0xf6, 0xf2, 0xf2, 0xf2, 0x31, 0x31,
    0x31, 0x0b, 0x0b, 0x0b, 0x00, 0x00, 0x03, 0x03, 0x03, 0x3c, 0x3c, 0x3c,
    0xf8, 0xf8, 0xf8, 0xef, 0xef, 0xef, 0xdd, 0xdd, 0xdd, 0x11, 0x11, 0x11,
    0x49, 0x49, 0x49, 0xff, 0xff, 0xff, 0xfc, 0xfc, 0xfc, 0xf9, 0xf9, 0xf9,
    0xff, 0xff, 0xff, 0x72, 0x72, 0x72, 0x00, 0x00, 0x00, 0x00, 0x00, 0x00,
    0x4c, 0x4c, 0x4c, 0xff, 0xff, 0xff, 0xfd, 0xfd, 0xfd, 0xff, 0xff, 0xff,
    0xfe, 0xfe, 0xfe, 0xff, 0xff, 0xff, 0xfc, 0xfc, 0xfc, 0x21, 0x21, 0x21,
    0x30, 0x30, 0x30, 0x2e, 0x2e, 0x2e, 0x26, 0x26, 0x26, 0xfe, 0xfe, 0xfe,
    0xff, 0xff, 0xff, 0xfe, 0xfe, 0xfe, 0xff, 0xff, 0xff, 0xfb, 0xfb, 0xfb,
    0xff, 0xff, 0xff, 0x84, 0x84, 0x84, 0x01, 0x01, 0x01, 0x04, 0x04, 0x04,
    0x53, 0x53, 0x53, 0xf4, 0xf4, 0xf4, 0xff, 0xff, 0xff, 0xfb, 0xfb, 0xfb,
    0xff, 0xff, 0xff, 0x43, 0x43, 0x43, 0x14, 0x14, 0x14, 0xe1, 0xe1, 0xe1,
    0xef, 0xef, 0xef, 0xf6, 0xf6, 0xf6, 0x37, 0x37, 0x37, 0x08, 0x08, 0x08,
    0x00, 0x00, 0x38, 0x38, 0x38, 0x03, 0x03, 0x03, 0x8a, 0x8a, 0x8a, 0xd4,
    0xd4, 0xd4, 0x5d, 0x5d, 0x5d, 0x00, 0x00, 0x00, 0x8b, 0x8b, 0x8b, 0xff,
    0xff, 0xff, 0xfa, 0xfa, 0xfa, 0xff, 0xff, 0xff, 0xc0, 0xc0, 0xc0, 0x2d,
    0x2d, 0x2d, 0x03, 0x03, 0x03, 0x03, 0x03, 0x03, 0xab, 0xab, 0xab, 0xff,
    0xff, 0xff, 0xfb, 0xfb, 0xfb, 0xff, 0xff, 0xff, 0xff, 0xff, 0xff, 0xfd,
    0xfd, 0xfd, 0xfd, 0xfd, 0xfd, 0x48, 0x48, 0x48, 0x04, 0x04, 0x04, 0x04,
    0x04, 0x04, 0x4e, 0x4e, 0x4e, 0xfd, 0xfd, 0xfd, 0xfc, 0xfc, 0xfc, 0xff,
    0xff, 0xff, 0xff, 0xff, 0xff, 0xfc, 0xfc, 0xfc, 0xff, 0xff, 0xff, 0x6e,
    0x6e, 0x6e, 0x00, 0x00, 0x00, 0x05, 0x05, 0x05, 0x00, 0x00, 0x00, 0x2c,
    0x2c, 0x2c, 0xe2, 0xe2, 0xe2, 0xfc, 0xfc, 0xfc, 0xff, 0xff, 0xff, 0x84,
    0x84, 0x84, 0x00, 0x00, 0x00, 0x62, 0x62, 0x62, 0xd4, 0xd4, 0xd4, 0x85,
    0x85, 0x85, 0x02, 0x02, 0x02, 0x41, 0x41, 0x41, 0x00, 0x00, 0xc9, 0xc9,
    0xc9, 0x0e, 0x0e, 0x0e, 0x00, 0x00, 0x00, 0x00, 0x00, 0x00, 0x00, 0x00,
    0x00, 0x30, 0x30, 0x30, 0xf1, 0xf1, 0xf1, 0xfb, 0xfb, 0xfb, 0xff, 0xff,
    0xff, 0xb5, 0xb5, 0xb5, 0x00, 0x00, 0x00, 0x00, 0x00, 0x00, 0x04, 0x04,
    0x04, 0x00, 0x00, 0x00, 0x45, 0x45, 0x45, 0xf9, 0xf9, 0xf9, 0xfd, 0xfd,
    0xfd, 0xfe, 0xfe, 0xfe, 0xff, 0xff, 0xff, 0xfa, 0xfa, 0xfa, 0xff, 0xff,
    0xff, 0x75, 0x75, 0x75, 0x03, 0x03, 0x03, 0x03, 0x03, 0x03, 0x7c, 0x7c,
    0x7c, 0xff, 0xff, 0xff, 0xfa, 0xfa, 0xfa, 0xff, 0xff, 0xff, 0xfc, 0xfc,
    0xfc, 0xff, 0xff, 0xff, 0xbe, 0xbe, 0xbe, 0x00, 0x00, 0x00, 0x21, 0x21,
    0x21, 0x90, 0x90, 0x90, 0x59, 0x59, 0x59, 0x00, 0x00, 0x00, 0x53, 0x53,
    0x53, 0xff, 0xff, 0xff, 0xfe, 0xfe, 0xfe, 0xee, 0xee, 0xee, 0x2c, 0x2c,
    0x2c, 0x00, 0x00, 0x00, 0x00, 0x00, 0x00, 0x00, 0x00, 0x00, 0x11, 0x11,
    0x11, 0xce, 0xce, 0xce, 0x00, 0x00, 0xff, 0xff, 0xff, 0xd2, 0xd2, 0xd2,
    0x63, 0x63, 0x63, 0x46, 0x46, 0x46, 0x7c, 0x7c, 0x7c, 0xee, 0xee, 0xee,
    0xff, 0xff, 0xff, 0xfc, 0xfc, 0xfc, 0xfc, 0xfc, 0xfc, 0x2b, 0x2b, 0x2b,
    0x0a, 0x0a, 0x0a, 0x9d, 0x9d, 0x9d, 0xd2, 0xd2, 0xd2, 0x4a, 0x4a, 0x4a,
    0x00, 0x00, 0x00, 0xa5, 0xa5, 0xa5, 0xff, 0xff, 0xff, 0xfb, 0xfb, 0xfb,
    0xfd, 0xfd, 0xfd, 0xff, 0xff, 0xff, 0xbf, 0xbf, 0xbf, 0x19, 0x19, 0x19,
    0x02, 0x02, 0x02, 0x02, 0x02, 0x02, 0x1c, 0x1c, 0x1c, 0xc4, 0xc4, 0xc4,
    0xff, 0xff, 0xff, 0xfd, 0xfd, 0xfd, 0xfb, 0xfb, 0xfb, 0xff, 0xff, 0xff,
    0x68, 0x68, 0x68, 0x04, 0x04, 0x04, 0xb9, 0xb9, 0xb9, 0xff, 0xff, 0xff,
    0xf2, 0xf2, 0xf2, 0x3c, 0x3c, 0x3c, 0x0d, 0x0d, 0x0d, 0xef, 0xef, 0xef,
    0xfe, 0xfe, 0xfe, 0xff, 0xff, 0xff, 0xec, 0xec, 0xec, 0x79, 0x79, 0x79,
    0x46, 0x46, 0x46, 0x66, 0x66, 0x66, 0xd6, 0xd6, 0xd6, 0xff, 0xff, 0xff,
    0x00, 0x00, 0xfd, 0xfd, 0xfd, 0xff, 0xff, 0xff, 0xff, 0xff, 0xff, 0xff,
    0xff, 0xff, 0xff, 0xff, 0xff, 0xff, 0xff, 0xff, 0xfc, 0xfc, 0xfc, 0xff,
    0xff, 0xff, 0xe3, 0xe3, 0xe3, 0x05, 0x05, 0x05, 0x57, 0x57, 0x57, 0xfb,
    0xfb, 0xfb, 0xf0, 0xf0, 0xf0, 0xce, 0xce, 0xce, 0x06, 0x06, 0x06, 0x63,
    0x63, 0x63, 0xff, 0xff, 0xff, 0xfa, 0xfa, 0xfa, 0xfe, 0xfe, 0xfe, 0xf1,
    0xf1, 0xf1, 0x19, 0x19, 0x19, 0x04, 0x04, 0x04, 0x68, 0x68, 0x68, 0x65,
    0x65, 0x65, 0x03, 0x03, 0x03, 0x1e, 0x1e, 0x1e, 0xf3, 0xf3, 0xf3, 0xfe,
    0xfe, 0xfe, 0xfa, 0xfa, 0xfa, 0xff, 0xff, 0xff, 0x5a, 0x5a, 0x5a, 0x09,
    0x09, 0x09, 0xda, 0xda, 0xda, 0xe9, 0xe9, 0xe9, 0xfa, 0xfa, 0xfa, 0x56,
    0x56, 0x56, 0x08, 0x08, 0x08, 0xe6, 0xe6, 0xe6, 0xff, 0xff, 0xff, 0xfc,
    0xfc, 0xfc, 0xff, 0xff, 0xff, 0xff, 0xff, 0xff, 0xff, 0xff, 0xff, 0xff,
    0xff, 0xff, 0xff, 0xff, 0xff, 0xfd, 0xfd, 0xfd, 0x00, 0x00, 0xff, 0xff,
    0xff, 0xfd, 0xfd, 0xfd, 0xfc, 0xfc, 0xfc, 0xfd, 0xfd, 0xfd, 0xfb, 0xfb,
    0xfb, 0xfe, 0xfe, 0xfe, 0xfd, 0xfd, 0xfd, 0xff, 0xff, 0xff, 0xe6, 0xe6,
    0xe6, 0x07, 0x07, 0x07, 0x4b, 0x4b, 0x4b, 0xf9, 0xf9, 0xf9, 0xfa, 0xfa,
    0xfa, 0xc2, 0xc2, 0xc2, 0x05, 0x05, 0x05, 0x6a, 0x6a, 0x6a, 0xff, 0xff,
    0xff, 0xf7, 0xf7, 0xf7, 0xff, 0xff, 0xff, 0xb4, 0xb4, 0xb4, 0x00, 0x00,
    0x00, 0x74, 0x74, 0x74, 0xff, 0xff, 0xff, 0xfe, 0xfe, 0xfe, 0x6e, 0x6e,
    0x6e, 0x00, 0x00, 0x00, 0xbb, 0xbb, 0xbb, 0xff, 0xff, 0xff, 0xf8, 0xf8,
    0xf8, 0xff, 0xff, 0xff, 0x91, 0x91, 0x91, 0x00, 0x00, 0x00, 0x6a, 0x6a,
    0x6a, 0xe9, 0xe9, 0xe9, 0xb4, 0xb4, 0xb4, 0x10, 0x10, 0x10, 0x26, 0x26,
    0x26, 0xfb, 0xfb, 0xfb, 0xfe, 0xfe, 0xfe, 0xff, 0xff, 0xff, 0xfe, 0xfe,
    0xfe, 0xfb, 0xfb, 0xfb, 0xfd, 0xfd, 0xfd, 0xfc, 0xfc, 0xfc, 0xfd, 0xfd,
    0xfd, 0xff, 0xff, 0xff, 0x00, 0x00, 0xff, 0xff, 0xff, 0xff, 0xff, 0xff,
    0xff, 0xff, 0xff, 0xff, 0xff, 0xff, 0xff, 0xff, 0xff, 0xff, 0xff, 0xff,
    0xff, 0xff, 0xff, 0xfd, 0xfd, 0xfd, 0xfe, 0xfe, 0xfe, 0x3c, 0x3c, 0x3c,
    0x02, 0x02, 0x02, 0x7c, 0x7c, 0x7c, 0xb1, 0xb1, 0xb1, 0x32, 0x32, 0x32,
    0x00, 0x00, 0x00, 0xb6, 0xb6, 0xb6, 0xff, 0xff, 0xff, 0xf8, 0xf8, 0xf8,
    0xff, 0xff, 0xff, 0xa0, 0xa0, 0xa0, 0x02, 0x02, 0x02, 0xa5, 0xa5, 0xa5,
    0xf2, 0xf2, 0xf2, 0xf3, 0xf3, 0xf3, 0xa0, 0xa0, 0xa0, 0x02, 0x02, 0x02,
    0xa8, 0xa8, 0xa8, 0xff, 0xff, 0xff, 0xfa, 0xfa, 0xfa, 0xfe, 0xfe, 0xfe,
    0xef, 0xef, 0xef, 0x25, 0x25, 0x25, 0x00, 0x00, 0x00, 0x14, 0x14, 0x14,
    0x01, 0x01, 0x01, 0x00, 0x00, 0x00, 0xa6, 0xa6, 0xa6, 0xff, 0xff, 0xff,
    0xfc, 0xfc, 0xfc, 0xff, 0xff, 0xff, 0xff, 0xff, 0xff, 0xff, 0xff, 0xff,
    0xff, 0xff, 0xff, 0xff, 0xff, 0xff, 0xff, 0xff, 0xff, 0xff, 0xff, 0xff,
    0x00, 0x00, 0xff, 0xff, 0xff, 0xff, 0xff, 0xff, 0xff, 0xff, 0xff, 0xff,
    0xff, 0xff, 0xff, 0xff, 0xff, 0xff, 0xff, 0xff, 0xff, 0xff, 0xff, 0xfd,
    0xfd, 0xfd, 0xfe, 0xfe, 0xfe, 0xcd, 0xcd, 0xcd, 0x12, 0x12, 0x12, 0x00,
    0x00, 0x00, 0x00, 0x00, 0x00, 0x00, 0x00, 0x00, 0x61, 0x61, 0x61, 0xff,
    0xff, 0xff, 0xfd, 0xfd, 0xfd, 0xfc, 0xfc, 0xfc, 0xff, 0xff, 0xff, 0xcd,
    0xcd, 0xcd, 0x00, 0x00, 0x00, 0x43, 0x43, 0x43, 0xe3, 0xe3, 0xe3, 0xe0,
    0xe0, 0xe0, 0x3c, 0x3c, 0x3c, 0x00, 0x00, 0x00, 0xd2, 0xd2, 0xd2, 0xff,
    0xff, 0xff, 0xfd, 0xfd, 0xfd, 0xfd, 0xfd, 0xfd, 0xff, 0xff, 0xff, 0xe1,
    0xe1, 0xe1, 0x5c, 0x5c, 0x5c, 0x24, 0x24, 0x24, 0x36, 0x36, 0x36, 0xa6,
    0xa6, 0xa6, 0xff, 0xff, 0xff, 0xfd, 0xfd, 0xfd, 0xff, 0xff, 0xff, 0xff,
    0xff, 0xff, 0xff, 0xff, 0xff, 0xff, 0xff, 0xff, 0xff, 0xff, 0xff, 0xff,
    0xff, 0xff, 0xff, 0xff, 0xff, 0xff, 0xff, 0xff, 0x00, 0x00, 0xff, 0xff,
    0xff, 0xff, 0xff, 0xff, 0xff, 0xff, 0xff, 0xff, 0xff, 0xff, 0xff, 0xff,
    0xff, 0xff, 0xff, 0xff, 0xff, 0xff, 0xff, 0xff, 0xff, 0xff, 0xfe, 0xfe,
    0xfe, 0xff, 0xff, 0xff, 0xdf, 0xdf, 0xdf, 0x83, 0x83, 0x83, 0x6e, 0x6e,
    0x6e, 0xac, 0xac, 0xac, 0xff, 0xff, 0xff, 0xfe, 0xfe, 0xfe, 0xfe, 0xfe,
    0xfe, 0xff, 0xff, 0xff, 0xfd, 0xfd, 0xfd, 0xff, 0xff, 0xff, 0x53, 0x53,
    0x53, 0x00, 0x00, 0x00, 0x18, 0x18, 0x18, 0x17, 0x17, 0x17, 0x00, 0x00,
    0x00, 0x59, 0x59, 0x59, 0xff, 0xff, 0xff, 0xfd, 0xfd, 0xfd, 0xff, 0xff,
    0xff, 0xff, 0xff, 0xff, 0xfe, 0xfe, 0xfe, 0xff, 0xff, 0xff, 0xff, 0xff,
    0xff, 0xfc, 0xfc, 0xfc, 0xff, 0xff, 0xff, 0xff, 0xff, 0xff, 0xfe, 0xfe,
    0xfe, 0xff, 0xff, 0xff, 0xff, 0xff, 0xff, 0xff, 0xff, 0xff, 0xff, 0xff,
    0xff, 0xff, 0xff, 0xff, 0xff, 0xff, 0xff, 0xff, 0xff, 0xff, 0xff, 0xff,
    0xff, 0xff, 0xff, 0xff, 0x00, 0x00, 0xff, 0xff, 0xff, 0xff, 0xff, 0xff,
    0xff, 0xff, 0xff, 0xff, 0xff, 0xff, 0xff, 0xff, 0xff, 0xff, 0xff, 0xff,
    0xff, 0xff, 0xff, 0xff, 0xff, 0xff, 0xff, 0xff, 0xff, 0xfd, 0xfd, 0xfd,
    0xff, 0xff, 0xff, 0xff, 0xff, 0xff, 0xff, 0xff, 0xff, 0xff, 0xff, 0xff,
    0xfe, 0xfe, 0xfe, 0xff, 0xff, 0xff, 0xff, 0xff, 0xff, 0xff, 0xff, 0xff,
    0xfe, 0xfe, 0xfe, 0xfe, 0xfe, 0xfe, 0xf2, 0xf2, 0xf2, 0x5e, 0x5e, 0x5e,
    0x09, 0x09, 0x09, 0x0a, 0x0a, 0x0a, 0x63, 0x63, 0x63, 0xf5, 0xf5, 0xf5,
    0xfe, 0xfe, 0xfe, 0xfe, 0xfe, 0xfe, 0xff, 0xff, 0xff, 0xff, 0xff, 0xff,
    0xff, 0xff, 0xff, 0xfd, 0xfd, 0xfd, 0xfc, 0xfc, 0xfc, 0xff, 0xff, 0xff,
    0xfe, 0xfe, 0xfe, 0xfc, 0xfc, 0xfc, 0xff, 0xff, 0xff, 0xff, 0xff, 0xff,
    0xff, 0xff, 0xff, 0xff, 0xff, 0xff, 0xff, 0xff, 0xff, 0xff, 0xff, 0xff,
    0xff, 0xff, 0xff, 0xff, 0xff, 0xff, 0xff, 0xff, 0xff, 0xff, 0xff, 0xff,
    0x00, 0x00
};
static const unsigned int white_queen_bmp_len = 6494;

/* white_rook.bmp (6494 bytes, 46x46 px) */
static const unsigned char white_rook_bmp[] = {
    0x42, 0x4d, 0x5e, 0x19, 0x00, 0x00, 0x00, 0x00, 0x00, 0x00, 0x36, 0x00,
    0x00, 0x00, 0x28, 0x00, 0x00, 0x00, 0x2e, 0x00, 0x00, 0x00, 0x2e, 0x00,
    0x00, 0x00, 0x01, 0x00, 0x18, 0x00, 0x00, 0x00, 0x00, 0x00, 0x28, 0x19,
    0x00, 0x00, 0xc4, 0x0e, 0x00, 0x00, 0xc4, 0x0e, 0x00, 0x00, 0x00, 0x00,
    0x00, 0x00, 0x00, 0x00, 0x00, 0x00, 0x2b, 0x2b, 0x2b, 0x00, 0x00, 0x00,
    0x01, 0x01, 0x01, 0x00, 0x00, 0x00, 0x00, 0x00, 0x00, 0x00, 0x00, 0x00,
    0x00, 0x00, 0x00, 0x00, 0x00, 0x00, 0x00, 0x00, 0x00, 0x00, 0x00, 0x00,
    0x00, 0x00, 0x00, 0x00, 0x00, 0x00, 0x00, 0x00, 0x00, 0x00, 0x00, 0x00,
    0x00, 0x00, 0x00, 0x00, 0x00, 0x00, 0x00, 0x00, 0x00, 0x00, 0x00, 0x00,
    0x00, 0x00, 0x00, 0x00, 0x00, 0x00, 0x00, 0x00, 0x00, 0x00, 0x00, 0x00,
    0x00, 0x00, 0x00, 0x00, 0x00, 0x00, 0x00, 0x00, 0x00, 0x00, 0x00, 0x00,
    0x00, 0x00, 0x00, 0x00, 0x00, 0x00, 0x00, 0x00, 0x00, 0x00, 0x00, 0x00,
    0x00, 0x00, 0x00, 0x00, 0x00, 0x00, 0x00, 0x00, 0x00, 0x00, 0x00, 0x00,
    0x00, 0x00, 0x00, 0x00, 0x00, 0x00, 0x00, 0x00, 0x00, 0x00, 0x00, 0x00,
    0x00, 0x00, 0x00, 0x00, 0x00, 0x00, 0x00, 0x00, 0x00, 0x00, 0x00, 0x00,
    0x00, 0x00, 0x00, 0x01, 0x01, 0x01, 0x00, 0x00, 0x00, 0x2c, 0x2c, 0x2c,
    0x00, 0x00, 0x00, 0x00, 0x00, 0x00, 0x00, 0x00, 0x10, 0x10, 0x10, 0x15,
    0x15, 0x15, 0x14, 0x14, 0x14, 0x14, 0x14, 0x14, 0x14, 0x14, 0x14, 0x14,
    0x14, 0x14, 0x14, 0x14, 0x14, 0x14, 0x14, 0x14, 0x14, 0x14, 0x14, 0x14,
    0x14, 0x14, 0x14, 0x14, 0x14, 0x14, 0x14, 0x14, 0x14, 0x14, 0x14, 0x14,
    0x14, 0x14, 0x14, 0x14, 0x14, 0x14, 0x14, 0x14, 0x14, 0x14, 0x14, 0x14,
    0x14, 0x14, 0x14, 0x14, 0x14, 0x14, 0x14, 0x14, 0x14, 0x14, 0x14, 0x14,
    0x14, 0x14, 0x14, 0x14, 0x14, 0x14, 0x14, 0x14, 0x14, 0x14, 0x14, 0x14,
    0x14, 0x14, 0x14, 0x14, 0x14, 0x14, 0x14, 0x14, 0x14, 0x14, 0x14, 0x14,
    0x14, 0x14, 0x14, 0x14, 0x14, 0x14, 0x14, 0x14, 0x14, 0x14, 0x14, 0x14,
    0x14, 0x14, 0x14, 0x14, 0x14, 0x14, 0x14, 0x14, 0x14, 0x14, 0x14, 0x14,
    0x14, 0x14, 0x14, 0x14, 0x14, 0x14, 0x14, 0x14, 0x15, 0x15, 0x15, 0x10,
    0x10, 0x10, 0x00, 0x00, 0x00, 0x00, 0x00, 0x00, 0x00, 0x00, 0x02, 0x02,
    0x02, 0x00, 0x00, 0x00, 0xaf, 0xaf, 0xaf, 0xe2, 0xe2, 0xe2, 0xd6, 0xd6,
    0xd6, 0xd8, 0xd8, 0xd8, 0xd8, 0xd8, 0xd8, 0xd8, 0xd8, 0xd8, 0xd8, 0xd8,
    0xd8, 0xd8, 0xd8, 0xd8, 0xd8, 0xd8, 0xd8, 0xd8, 0xd8, 0xd8, 0xd8, 0xd8,
    0xd8, 0xd8, 0xd8, 0xd8, 0xd8, 0xd8, 0xd8, 0xd8, 0xd8, 0xd8, 0xd8, 0xd8,
    0xd8, 0xd8, 0xd8, 0xd8, 0xd8, 0xd8, 0xd8, 0xd8, 0xd8, 0xd8, 0xd8, 0xd8,
    0xd8, 0xd8, 0xd8, 0xd8, 0xd8, 0xd8, 0xd8, 0xd8, 0xd8, 0xd8, 0xd8, 0xd8,
    0xd8, 0xd8, 0xd8, 0xd8, 0xd8, 0xd8, 0xd8, 0xd8, 0xd8, 0xd8, 0xd8, 0xd8,
    0xd8, 0xd8, 0xd8, 0xd8, 0xd8, 0xd8, 0xd8, 0xd8, 0xd8, 0xd8, 0xd8, 0xd8,
    0xd8, 0xd8, 0xd8, 0xd8, 0xd8, 0xd8, 0xd8, 0xd8, 0xd8, 0xd8, 0xd8, 0xd8,
    0xd8, 0xd8, 0xd8, 0xd8, 0xd8, 0xd8, 0xd8, 0xd8, 0xd8, 0xd8, 0xd8, 0xd8,
    0xd8, 0xd6, 0xd6, 0xd6, 0xe2, 0xe2, 0xe2, 0xaf, 0xaf, 0xaf, 0x00, 0x00,
    0x00, 0x02, 0x02, 0x02, 0x00, 0x00, 0x02, 0x02, 0x02, 0x00, 0x00, 0x00,
    0xc9, 0xc9, 0xc9, 0xff, 0xff, 0xff, 0xf7, 0xf7, 0xf7, 0xf9, 0xf9, 0xf9,
    0xf9, 0xf9, 0xf9, 0xf9, 0xf9, 0xf9, 0xf9, 0xf9, 0xf9, 0xf9, 0xf9, 0xf9,
    0xf9, 0xf9, 0xf9, 0xf9, 0xf9, 0xf9, 0xf9, 0xf9, 0xf9, 0xf9, 0xf9, 0xf9,
    0xf9, 0xf9, 0xf9, 0xf9, 0xf9, 0xf9, 0xf9, 0xf9, 0xf9, 0xf9, 0xf9, 0xf9,
    0xf9, 0xf9, 0xf9, 0xf9, 0xf9, 0xf9, 0xf9, 0xf9, 0xf9, 0xf9, 0xf9, 0xf9,
    0xf9, 0xf9, 0xf9, 0xf9, 0xf9, 0xf9, 0xf9, 0xf9, 0xf9, 0xf9, 0xf9, 0xf9,
    0xf9, 0xf9, 0xf9, 0xf9, 0xf9, 0xf9, 0xf9, 0xf9, 0xf9, 0xf9, 0xf9, 0xf9,
    0xf9, 0xf9, 0xf9, 0xf9, 0xf9, 0xf9, 0xf9, 0xf9, 0xf9, 0xf9, 0xf9, 0xf9,
    0xf9, 0xf9, 0xf9, 0xf9, 0xf9, 0xf9, 0xf9, 0xf9, 0xf9, 0xf9, 0xf9, 0xf9,
    0xf9, 0xf9, 0xf9, 0xf9, 0xf9, 0xf9, 0xf9, 0xf9, 0xf9, 0xf7, 0xf7, 0xf7,
    0xff, 0xff, 0xff, 0xc9, 0xc9, 0xc9, 0x00, 0x00, 0x00, 0x02, 0x02, 0x02,
    0x00, 0x00, 0x00, 0x00, 0x00, 0x04, 0x04, 0x04, 0x4e, 0x4e, 0x4e, 0x63,
    0x63, 0x63, 0x5e, 0x5e, 0x5e, 0x5c, 0x5c, 0x5c, 0x5c, 0x5c, 0x5c, 0x5f,
    0x5f, 0x5f, 0x5f, 0x5f, 0x5f, 0x5f, 0x5f, 0x5f, 0x5f, 0x5f, 0x5f, 0x5f,
    0x5f, 0x5f, 0x5f, 0x5f, 0x5f, 0x5f, 0x5f, 0x5f, 0x5f, 0x5f, 0x5f, 0x5f,
    0x5f, 0x5f, 0x5f, 0x5f, 0x5f, 0x5f, 0x5f, 0x5f, 0x5f, 0x5f, 0x5f, 0x5f,
    0x5f, 0x5f, 0x5f, 0x5f, 0x5f, 0x5f, 0x5f, 0x5f, 0x5f, 0x5f, 0x5f, 0x5f,
    0x5f, 0x5f, 0x5f, 0x5f, 0x5f, 0x5f, 0x5f, 0x5f, 0x5f, 0x5f, 0x5f, 0x5f,
    0x5f, 0x5f, 0x5f, 0x5f, 0x5f, 0x5f, 0x5f, 0x5f, 0x5f, 0x5f, 0x5f, 0x5f,
    0x5f, 0x5f, 0x5f, 0x5f, 0x5f, 0x5f, 0x5f, 0x5f, 0x5f, 0x5f, 0x5f, 0x5f,
    0x5f, 0x5f, 0x5f, 0x5f, 0x5f, 0x5f, 0x5f, 0x5f, 0x5f, 0x5f, 0x5f, 0x5c,
    0x5c, 0x5c, 0x5c, 0x5c, 0x5c, 0x5e, 0x5e, 0x5e, 0x63, 0x63, 0x63, 0x4e,
    0x4e, 0x4e, 0x04, 0x04, 0x04, 0x00, 0x00, 0x00, 0x00, 0x00, 0x03, 0x03,
    0x03, 0x00, 0x00, 0x00, 0x00, 0x00, 0x00, 0x00, 0x00, 0x00, 0x00, 0x00,
    0x00, 0x00, 0x00, 0x00, 0x00, 0x00, 0x00, 0x00, 0x00, 0x00, 0x00, 0x00,
    0x00, 0x00, 0x00, 0x00, 0x00, 0x00, 0x00, 0x00, 0x00, 0x00, 0x00, 0x00,
    0x00, 0x00, 0x00, 0x00, 0x00, 0x00, 0x00, 0x00, 0x00, 0x00, 0x00, 0x00,
    0x00, 0x00, 0x00, 0x00, 0x00, 0x00, 0x00, 0x00, 0x00, 0x00, 0x00, 0x00,
    0x00, 0x00, 0x00, 0x00, 0x00, 0x00, 0x00, 0x00, 0x00, 0x00, 0x00, 0x00,
    0x00, 0x00, 0x00, 0x00, 0x00, 0x00, 0x00, 0x00, 0x00, 0x00, 0x00, 0x00,
    0x00, 0x00, 0x00, 0x00, 0x00, 0x00, 0x00, 0x00, 0x00, 0x00, 0x00, 0x00,
    0x00, 0x00, 0x00, 0x00, 0x00, 0x00, 0x00, 0x00, 0x00, 0x00, 0x00, 0x00,
    0x00, 0x00, 0x00, 0x00, 0x00, 0x00, 0x00, 0x00, 0x00, 0x00, 0x00, 0x00,
    0x00, 0x00, 0x00, 0x00, 0x00, 0x00, 0x00, 0x00, 0x00, 0x00, 0x00, 0x00,
    0x00, 0x03, 0x03, 0x03, 0x00, 0x00, 0xc9, 0xc9, 0xc9, 0xa1, 0xa1, 0xa1,
    0xa3, 0xa3, 0xa3, 0xa5, 0xa5, 0xa5, 0x8b, 0x8b, 0x8b, 0x04, 0x04, 0x04,
    0x0a, 0x0a, 0x0a, 0x87, 0x87, 0x87, 0x98, 0x98, 0x98, 0x94, 0x94, 0x94,
    0x95, 0x95, 0x95, 0x95, 0x95, 0x95, 0x95, 0x95, 0x95, 0x95, 0x95, 0x95,
    0x95, 0x95, 0x95, 0x95, 0x95, 0x95, 0x95, 0x95, 0x95, 0x95, 0x95, 0x95,
    0x95, 0x95, 0x95, 0x95, 0x95, 0x95, 0x95, 0x95, 0x95, 0x95, 0x95, 0x95,
    0x95, 0x95, 0x95, 0x95, 0x95, 0x95, 0x95, 0x95, 0x95, 0x95, 0x95, 0x95,
    0x95, 0x95, 0x95, 0x95, 0x95, 0x95, 0x95, 0x95, 0x95, 0x95, 0x95, 0x95,
    0x95, 0x95, 0x95, 0x95, 0x95, 0x95, 0x95, 0x95, 0x95, 0x95, 0x95, 0x95,
    0x95, 0x95, 0x95, 0x95, 0x95, 0x95, 0x94, 0x94, 0x94, 0x98, 0x98, 0x98,
    0x87, 0x87, 0x87, 0x0a, 0x0a, 0x0a, 0x04, 0x04, 0x04, 0x8b, 0x8b, 0x8b,
    0xa5, 0xa5, 0xa5, 0xa3, 0xa3, 0xa3, 0xa1, 0xa1, 0xa1, 0xc9, 0xc9, 0xc9,
    0x00, 0x00, 0xff, 0xff, 0xff, 0xff, 0xff, 0xff, 0xff, 0xff, 0xff, 0xff,
    0xff, 0xff, 0xe5, 0xe5, 0xe5, 0x00, 0x00, 0x00, 0x0b, 0x0b, 0x0b, 0xde,
    0xde, 0xde, 0xfb, 0xfb, 0xfb, 0xf4, 0xf4, 0xf4, 0xf5, 0xf5, 0xf5, 0xf5,
    0xf5, 0xf5, 0xf5, 0xf5, 0xf5, 0xf5, 0xf5, 0xf5, 0xf5, 0xf5, 0xf5, 0xf5,
    0xf5, 0xf5, 0xf5, 0xf5, 0xf5, 0xf5, 0xf5, 0xf5, 0xf5, 0xf5, 0xf5, 0xf5,
    0xf5, 0xf5, 0xf5, 0xf5, 0xf5, 0xf5, 0xf5, 0xf5, 0xf5, 0xf5, 0xf5, 0xf5,
    0xf5, 0xf5, 0xf5, 0xf5, 0xf5, 0xf5, 0xf5, 0xf5, 0xf5, 0xf5, 0xf5, 0xf5,
    0xf5, 0xf5, 0xf5, 0xf5, 0xf5, 0xf5, 0xf5, 0xf5, 0xf5, 0xf5, 0xf5, 0xf5,
    0xf5, 0xf5, 0xf5, 0xf5, 0xf5, 0xf5, 0xf5, 0xf5, 0xf5, 0xf5, 0xf5, 0xf5,
    0xf5, 0xf5, 0xf4, 0xf4, 0xf4, 0xfb, 0xfb, 0xfb, 0xde, 0xde, 0xde, 0x0b,
    0x0b, 0x0b, 0x00, 0x00, 0x00, 0xe5, 0xe5, 0xe5, 0xff, 0xff, 0xff, 0xff,
    0xff, 0xff, 0xff, 0xff, 0xff, 0xff, 0xff, 0xff, 0x00, 0x00, 0xfc, 0xfc,
    0xfc, 0xfb, 0xfb, 0xfb, 0xf9, 0xf9, 0xf9, 0xfb, 0xfb, 0xfb, 0xd4, 0xd4,
    0xd4, 0x00, 0x00, 0x00, 0x0a, 0x0a, 0x0a, 0xcb, 0xcb, 0xcb, 0xe5, 0xe5,
    0xe5, 0xdf, 0xdf, 0xdf, 0xe0, 0xe0, 0xe0, 0xe0, 0xe0, 0xe0, 0xe0, 0xe0,
    0xe0, 0xe0, 0xe0, 0xe0, 0xe0, 0xe0, 0xe0, 0xe0, 0xe0, 0xe0, 0xe0, 0xe0,
    0xe0, 0xe0, 0xe0, 0xe0, 0xe0, 0xe0, 0xe0, 0xe0, 0xe0, 0xe0, 0xe0, 0xe0,
    0xe0, 0xe0, 0xe0, 0xe0, 0xe0, 0xe0, 0xe0, 0xe0, 0xe0, 0xe0, 0xe0, 0xe0,
    0xe0, 0xe0, 0xe0, 0xe0, 0xe0, 0xe0, 0xe0, 0xe0, 0xe0, 0xe0, 0xe0, 0xe0,
    0xe0, 0xe0, 0xe0, 0xe0, 0xe0, 0xe0, 0xe0, 0xe0, 0xe0, 0xe0, 0xe0, 0xe0,
    0xe0, 0xe0, 0xe0, 0xe0, 0xe0, 0xe0, 0xe0, 0xe0, 0xe0, 0xe0, 0xdf, 0xdf,
    0xdf, 0xe5, 0xe5, 0xe5, 0xcb, 0xcb, 0xcb, 0x0a, 0x0a, 0x0a, 0x00, 0x00,
    0x00, 0xd4, 0xd4, 0xd4, 0xfb, 0xfb, 0xfb, 0xf9, 0xf9, 0xf9, 0xfb, 0xfb,
    0xfb, 0xfc, 0xfc, 0xfc, 0x00, 0x00, 0xff, 0xff, 0xff, 0xff, 0xff, 0xff,
    0xfd, 0xfd, 0xfd, 0xff, 0xff, 0xff, 0xd8, 0xd8, 0xd8, 0x01, 0x01, 0x01,
    0x0a, 0x0a, 0x0a, 0xda, 0xda, 0xda, 0xf6, 0xf6, 0xf6, 0xf0, 0xf0, 0xf0,
    0xf1, 0xf1, 0xf1, 0xf1, 0xf1, 0xf1, 0xf1, 0xf1, 0xf1, 0xf1, 0xf1, 0xf1,
    0xf1, 0xf1, 0xf1, 0xf1, 0xf1, 0xf1, 0xf1, 0xf1, 0xf1, 0xf1, 0xf1, 0xf1,
    0xf1, 0xf1, 0xf1, 0xf1, 0xf1, 0xf1, 0xf1, 0xf1, 0xf1, 0xf1, 0xf1, 0xf1,
    0xf1, 0xf1, 0xf1, 0xf1, 0xf1, 0xf1, 0xf1, 0xf1, 0xf1, 0xf1, 0xf1, 0xf1,
    0xf1, 0xf1, 0xf1, 0xf1, 0xf1, 0xf1, 0xf1, 0xf1, 0xf1, 0xf1, 0xf1, 0xf1,
    0xf1, 0xf1, 0xf1, 0xf1, 0xf1, 0xf1, 0xf1, 0xf1, 0xf1, 0xf1, 0xf1, 0xf1,
    0xf1, 0xf1, 0xf1, 0xf1, 0xf1, 0xf1, 0xf0, 0xf0, 0xf0, 0xf6, 0xf6, 0xf6,
    0xda, 0xda, 0xda, 0x0a, 0x0a, 0x0a, 0x01, 0x01, 0x01, 0xd8, 0xd8, 0xd8,
    0xff, 0xff, 0xff, 0xfd, 0xfd, 0xfd, 0xff, 0xff, 0xff, 0xff, 0xff, 0xff,
    0x00, 0x00, 0xff, 0xff, 0xff, 0xff, 0xff, 0xff, 0xfd, 0xfd, 0xfd, 0xff,
    0xff, 0xff, 0xd4, 0xd4, 0xd4, 0x00, 0x00, 0x00, 0x05, 0x05, 0x05, 0x39,
    0x39, 0x39, 0x40, 0x40, 0x40, 0x40, 0x40, 0x40, 0x41, 0x41, 0x41, 0x41,
    0x41, 0x41, 0x41, 0x41, 0x41, 0x41, 0x41, 0x41, 0x41, 0x41, 0x41, 0x41,
    0x41, 0x41, 0x41, 0x41, 0x41, 0x41, 0x41, 0x41, 0x41, 0x41, 0x41, 0x41,
    0x41, 0x41, 0x41, 0x41, 0x41, 0x41, 0x41, 0x41, 0x41, 0x41, 0x41, 0x41,
    0x41, 0x41, 0x41, 0x41, 0x41, 0x41, 0x41, 0x41, 0x41, 0x41, 0x41, 0x41,
    0x41, 0x41, 0x41, 0x41, 0x41, 0x41, 0x41, 0x41, 0x41, 0x41, 0x41, 0x41,
    0x41, 0x41, 0x41, 0x41, 0x41, 0x41, 0x41, 0x41, 0x41, 0x41, 0x41, 0x41,
    0x41, 0x41, 0x40, 0x40, 0x40, 0x40, 0x40, 0x40, 0x39, 0x39, 0x39, 0x05,
    0x05, 0x05, 0x00, 0x00, 0x00, 0xd4, 0xd4, 0xd4, 0xff, 0xff, 0xff, 0xfd,
    0xfd, 0xfd, 0xff, 0xff, 0xff, 0xff, 0xff, 0xff, 0x00, 0x00, 0xff, 0xff,
    0xff, 0xff, 0xff, 0xff, 0xfd, 0xfd, 0xfd, 0xff, 0xff, 0xff, 0xe4, 0xe4,
    0xe4, 0x0c, 0x0c, 0x0c, 0x00, 0x00, 0x00, 0x02, 0x02, 0x02, 0x00, 0x00,
    0x00, 0x00, 0x00, 0x00, 0x00, 0x00, 0x00, 0x00, 0x00, 0x00, 0x00, 0x00,
    0x00, 0x00, 0x00, 0x00, 0x00, 0x00, 0x00, 0x00, 0x00, 0x00, 0x00, 0x00,
    0x00, 0x00, 0x00, 0x00, 0x00, 0x00, 0x00, 0x00, 0x00, 0x00, 0x00, 0x00,
    0x00, 0x00, 0x00, 0x00, 0x00, 0x00, 0x00, 0x00, 0x00, 0x00, 0x00, 0x00,
    0x00, 0x00, 0x00, 0x00, 0x00, 0x00, 0x00, 0x00, 0x00, 0x00, 0x00, 0x00,
    0x00, 0x00, 0x00, 0x00, 0x00, 0x00, 0x00, 0x00, 0x00, 0x00, 0x00, 0x00,
    0x00, 0x00, 0x00, 0x00, 0x00, 0x00, 0x00, 0x00, 0x00, 0x00, 0x00, 0x00,
    0x00, 0x00, 0x00, 0x00, 0x02, 0x02, 0x02, 0x00, 0x00, 0x00, 0x0c, 0x0c,
    0x0c, 0xe4, 0xe4, 0xe4, 0xff, 0xff, 0xff, 0xfd, 0xfd, 0xfd, 0xff, 0xff,
    0xff, 0xff, 0xff, 0xff, 0x00, 0x00, 0xff, 0xff, 0xff, 0xff, 0xff, 0xff,
    0xff, 0xff, 0xff, 0xfe, 0xfe, 0xfe, 0xfe, 0xfe, 0xfe, 0xdb, 0xdb, 0xdb,
    0x4d, 0x4d, 0x4d, 0x03, 0x03, 0x03, 0x1a, 0x1a, 0x1a, 0xab, 0xab, 0xab,
    0xaf, 0xaf, 0xaf, 0xaa, 0xaa, 0xaa, 0xab, 0xab, 0xab, 0xab, 0xab, 0xab,
    0xab, 0xab, 0xab, 0xab, 0xab, 0xab, 0xab, 0xab, 0xab, 0xab, 0xab, 0xab,
    0xab, 0xab, 0xab, 0xab, 0xab, 0xab, 0xab, 0xab, 0xab, 0xab, 0xab, 0xab,
    0xab, 0xab, 0xab, 0xab, 0xab, 0xab, 0xab, 0xab, 0xab, 0xab, 0xab, 0xab,
    0xab, 0xab, 0xab, 0xab, 0xab, 0xab, 0xab, 0xab, 0xab, 0xab, 0xab, 0xab,
    0xab, 0xab, 0xab, 0xab, 0xab, 0xab, 0xab, 0xab, 0xab, 0xab, 0xab, 0xab,
    0xaa, 0xaa, 0xaa, 0xaf, 0xaf, 0xaf, 0xab, 0xab, 0xab, 0x1a, 0x1a, 0x1a,
    0x03, 0x03, 0x03, 0x4d, 0x4d, 0x4d, 0xdb, 0xdb, 0xdb, 0xfe, 0xfe, 0xfe,
    0xfe, 0xfe, 0xfe, 0xff, 0xff, 0xff, 0xff, 0xff, 0xff, 0xff, 0xff, 0xff,
    0x00, 0x00, 0xff, 0xff, 0xff, 0xff, 0xff, 0xff, 0xff, 0xff, 0xff, 0xff,
    0xff, 0xff, 0xfd, 0xfd, 0xfd, 0xff, 0xff, 0xff, 0xe9, 0xe9, 0xe9, 0x16,
    0x16, 0x16, 0x00, 0x00, 0x00, 0x7a, 0x7a, 0x7a, 0xff, 0xff, 0xff, 0xff,
    0xff, 0xff, 0xff, 0xff, 0xff, 0xff, 0xff, 0xff, 0xff, 0xff, 0xff, 0xff,
    0xff, 0xff, 0xff, 0xff, 0xff, 0xff, 0xff, 0xff, 0xff, 0xff, 0xff, 0xff,
    0xff, 0xff, 0xff, 0xff, 0xff, 0xff, 0xff, 0xff, 0xff, 0xff, 0xff, 0xff,
    0xff, 0xff, 0xff, 0xff, 0xff, 0xff, 0xff, 0xff, 0xff, 0xff, 0xff, 0xff,
    0xff, 0xff, 0xff, 0xff, 0xff, 0xff, 0xff, 0xff, 0xff, 0xff, 0xff, 0xff,
    0xff, 0xff, 0xff, 0xff, 0xff, 0xff, 0xff, 0xff, 0xff, 0xff, 0xff, 0xff,
    0xff, 0xff, 0x79, 0x79, 0x79, 0x00, 0x00, 0x00, 0x16, 0x16, 0x16, 0xe9,
    0xe9, 0xe9, 0xff, 0xff, 0xff, 0xfd, 0xfd, 0xfd, 0xff, 0xff, 0xff, 0xff,
    0xff, 0xff, 0xff, 0xff, 0xff, 0xff, 0xff, 0xff, 0x00, 0x00, 0xff, 0xff,
    0xff, 0xff, 0xff, 0xff, 0xff, 0xff, 0xff, 0xff, 0xff, 0xff, 0xff, 0xff,
    0xff, 0xfa, 0xfa, 0xfa, 0xff, 0xff, 0xff, 0xa6, 0xa6, 0xa6, 0x02, 0x02,
    0x02, 0x03, 0x03, 0x03, 0x72, 0x72, 0x72, 0x81, 0x81, 0x81, 0x7d, 0x7d,
    0x7d, 0x7e, 0x7e, 0x7e, 0x7e, 0x7e, 0x7e, 0x7e, 0x7e, 0x7e, 0x7e, 0x7e,
    0x7e, 0x7e, 0x7e, 0x7e, 0x7e, 0x7e, 0x7e, 0x7e, 0x7e, 0x7e, 0x7e, 0x7e,
    0x7e, 0x7e, 0x7e, 0x7e, 0x7e, 0x7e, 0x7e, 0x7e, 0x7e, 0x7e, 0x7e, 0x7e,
    0x7e, 0x7e, 0x7e, 0x7e, 0x7e, 0x7e, 0x7e, 0x7e, 0x7e, 0x7e, 0x7e, 0x7e,
    0x7e, 0x7e, 0x7e, 0x7e, 0x7e, 0x7e, 0x7e, 0x7e, 0x7e, 0x7e, 0x7e, 0x7e,
    0x7e, 0x7d, 0x7d, 0x7d, 0x81, 0x81, 0x81, 0x71, 0x71, 0x71, 0x03, 0x03,
    0x03, 0x02, 0x02, 0x02, 0xa6, 0xa6, 0xa6, 0xff, 0xff, 0xff, 0xfa, 0xfa,
    0xfa, 0xff, 0xff, 0xff, 0xff, 0xff, 0xff, 0xff, 0xff, 0xff, 0xff, 0xff,
    0xff, 0xff, 0xff, 0xff, 0x00, 0x00, 0xff, 0xff, 0xff, 0xff, 0xff, 0xff,
    0xff, 0xff, 0xff, 0xff, 0xff, 0xff, 0xff, 0xff, 0xff, 0xfe, 0xfe, 0xfe,
    0xfe, 0xfe, 0xfe, 0xff, 0xff, 0xff, 0x21, 0x21, 0x21, 0x00, 0x00, 0x00,
    0x02, 0x02, 0x02, 0x00, 0x00, 0x00, 0x00, 0x00, 0x00, 0x00, 0x00, 0x00,
    0x00, 0x00, 0x00, 0x00, 0x00, 0x00, 0x00, 0x00, 0x00, 0x00, 0x00, 0x00,
    0x00, 0x00, 0x00, 0x00, 0x00, 0x00, 0x00, 0x00, 0x00, 0x00, 0x00, 0x00,
    0x00, 0x00, 0x00, 0x00, 0x00, 0x00, 0x00, 0x00, 0x00, 0x00, 0x00, 0x00,
    0x00, 0x00, 0x00, 0x00, 0x00, 0x00, 0x00, 0x00, 0x00, 0x00, 0x00, 0x00,
    0x00, 0x00, 0x00, 0x00, 0x00, 0x00, 0x00, 0x00, 0x00, 0x00, 0x00, 0x00,
    0x00, 0x00, 0x00, 0x02, 0x02, 0x02, 0x00, 0x00, 0x00, 0x23, 0x23, 0x23,
    0xff, 0xff, 0xff, 0xfe, 0xfe, 0xfe, 0xfe, 0xfe, 0xfe, 0xff, 0xff, 0xff,
    0xff, 0xff, 0xff, 0xff, 0xff, 0xff, 0xff, 0xff, 0xff, 0xff, 0xff, 0xff,
    0x00, 0x00, 0xff, 0xff, 0xff, 0xff, 0xff, 0xff, 0xff, 0xff, 0xff, 0xff,
    0xff, 0xff, 0xff, 0xff, 0xff, 0xfe, 0xfe, 0xfe, 0xff, 0xff, 0xff, 0xfb,
    0xfb, 0xfb, 0x26, 0x26, 0x26, 0x00, 0x00, 0x00, 0x55, 0x55, 0x55, 0x7b,
    0x7b, 0x7b, 0x73, 0x73, 0x73, 0x75, 0x75, 0x75, 0x75, 0x75, 0x75, 0x75,
    0x75, 0x75, 0x75, 0x75, 0x75, 0x75, 0x75, 0x75, 0x75, 0x75, 0x75, 0x75,
    0x75, 0x75, 0x75, 0x75, 0x75, 0x75, 0x75, 0x75, 0x75, 0x75, 0x75, 0x75,
    0x75, 0x75, 0x75, 0x75, 0x75, 0x75, 0x75, 0x75, 0x75, 0x75, 0x75, 0x75,
    0x75, 0x75, 0x75, 0x75, 0x75, 0x75, 0x75, 0x75, 0x75, 0x75, 0x75, 0x75,
    0x75, 0x75, 0x75, 0x75, 0x75, 0x73, 0x73, 0x73, 0x7c, 0x7c, 0x7c, 0x54,
    0x54, 0x54, 0x00, 0x00, 0x00, 0x29, 0x29, 0x29, 0xfd, 0xfd, 0xfd, 0xff,
    0xff, 0xff, 0xfe, 0xfe, 0xfe, 0xff, 0xff, 0xff, 0xff, 0xff, 0xff, 0xff,
    0xff, 0xff, 0xff, 0xff, 0xff, 0xff, 0xff, 0xff, 0x00, 0x00, 0xff, 0xff,
    0xff, 0xff, 0xff, 0xff, 0xff, 0xff, 0xff, 0xff, 0xff, 0xff, 0xff, 0xff,
    0xff, 0xfe, 0xfe, 0xfe, 0xff, 0xff, 0xff, 0xfc, 0xfc, 0xfc, 0x26, 0x26,
    0x26, 0x00, 0x00, 0x00, 0xb2, 0xb2, 0xb2, 0xff, 0xff, 0xff, 0xf4, 0xf4,
    0xf4, 0xf7, 0xf7, 0xf7, 0xf7, 0xf7, 0xf7, 0xf7, 0xf7, 0xf7, 0xf7, 0xf7,
    0xf7, 0xf7, 0xf7, 0xf7, 0xf7, 0xf7, 0xf7, 0xf7, 0xf7, 0xf7, 0xf7, 0xf7,
    0xf7, 0xf7, 0xf7, 0xf7, 0xf7, 0xf7, 0xf7, 0xf7, 0xf7, 0xf7, 0xf7, 0xf7,
    0xf7, 0xf7, 0xf7, 0xf7, 0xf7, 0xf7, 0xf7, 0xf7, 0xf7, 0xf7, 0xf7, 0xf7,
    0xf7, 0xf7, 0xf7, 0xf7, 0xf7, 0xf7, 0xf7, 0xf7, 0xf7, 0xf7, 0xf7, 0xf7,
    0xf7, 0xf4, 0xf4, 0xf4, 0xff, 0xff, 0xff, 0xaf, 0xaf, 0xaf, 0x00, 0x00,
    0x00, 0x2a, 0x2a, 0x2a, 0xfe, 0xfe, 0xfe, 0xff, 0xff, 0xff, 0xfe, 0xfe,
    0xfe, 0xff, 0xff, 0xff, 0xff, 0xff, 0xff, 0xff, 0xff, 0xff, 0xff, 0xff,
    0xff, 0xff, 0xff, 0xff, 0x00, 0x00, 0xff, 0xff, 0xff, 0xff, 0xff, 0xff,
    0xff, 0xff, 0xff, 0xff, 0xff, 0xff, 0xff, 0xff, 0xff, 0xfe, 0xfe, 0xfe,
    0xff, 0xff, 0xff, 0xfc, 0xfc, 0xfc, 0x26, 0x26, 0x26, 0x00, 0x00, 0x00,
    0xa3, 0xa3, 0xa3, 0xef, 0xef, 0xef, 0xdf, 0xdf, 0xdf, 0xe2, 0xe2, 0xe2,
    0xe2, 0xe2, 0xe2, 0xe2, 0xe2, 0xe2, 0xe2, 0xe2, 0xe2, 0xe2, 0xe2, 0xe2,
    0xe2, 0xe2, 0xe2, 0xe2, 0xe2, 0xe2, 0xe2, 0xe2, 0xe2, 0xe2, 0xe2, 0xe2,
    0xe2, 0xe2, 0xe2, 0xe2, 0xe2, 0xe2, 0xe2, 0xe2, 0xe2, 0xe2, 0xe2, 0xe2,
    0xe2, 0xe2, 0xe2, 0xe2, 0xe2, 0xe2, 0xe2, 0xe2, 0xe2, 0xe2, 0xe2, 0xe2,
    0xe2, 0xe2, 0xe2, 0xe2, 0xe2, 0xe2, 0xe2, 0xe2, 0xe2, 0xdf, 0xdf, 0xdf,
    0xf0, 0xf0, 0xf0, 0xa0, 0xa0, 0xa0, 0x00, 0x00, 0x00, 0x2a, 0x2a, 0x2a,
    0xfe, 0xfe, 0xfe, 0xff, 0xff, 0xff, 0xfe, 0xfe, 0xfe, 0xff, 0xff, 0xff,
    0xff, 0xff, 0xff, 0xff, 0xff, 0xff, 0xff, 0xff, 0xff, 0xff, 0xff, 0xff,
    0x00, 0x00, 0xff, 0xff, 0xff, 0xff, 0xff, 0xff, 0xff, 0xff, 0xff, 0xff,
    0xff, 0xff, 0xff, 0xff, 0xff, 0xfe, 0xfe, 0xfe, 0xff, 0xff, 0xff, 0xfc,
    0xfc, 0xfc, 0x26, 0x26, 0x26, 0x00, 0x00, 0x00, 0xa6, 0xa6, 0xa6, 0xf3,
    0xf3, 0xf3, 0xe3, 0xe3, 0xe3, 0xe6, 0xe6, 0xe6, 0xe6, 0xe6, 0xe6, 0xe6,
    0xe6, 0xe6, 0xe6, 0xe6, 0xe6, 0xe6, 0xe6, 0xe6, 0xe6, 0xe6, 0xe6, 0xe6,
    0xe6, 0xe6, 0xe6, 0xe6, 0xe6, 0xe6, 0xe6, 0xe6, 0xe6, 0xe6, 0xe6, 0xe6,
    0xe6, 0xe6, 0xe6, 0xe6, 0xe6, 0xe6, 0xe6, 0xe6, 0xe6, 0xe6, 0xe6, 0xe6,
    0xe6, 0xe6, 0xe6, 0xe6, 0xe6, 0xe6, 0xe6, 0xe6, 0xe6, 0xe6, 0xe6, 0xe6,
    0xe6, 0xe6, 0xe6, 0xe6, 0xe6, 0xe3, 0xe3, 0xe3, 0xf4, 0xf4, 0xf4, 0xa3,
    0xa3, 0xa3, 0x00, 0x00, 0x00, 0x2a, 0x2a, 0x2a, 0xfe, 0xfe, 0xfe, 0xff,
    0xff, 0xff, 0xfe, 0xfe, 0xfe, 0xff, 0xff, 0xff, 0xff, 0xff, 0xff, 0xff,
    0xff, 0xff, 0xff, 0xff, 0xff, 0xff, 0xff, 0xff, 0x00, 0x00, 0xff, 0xff,
    0xff, 0xff, 0xff, 0xff, 0xff, 0xff, 0xff, 0xff, 0xff, 0xff, 0xff, 0xff,
    0xff, 0xfe, 0xfe, 0xfe, 0xff, 0xff, 0xff, 0xfc, 0xfc, 0xfc, 0x26, 0x26,
    0x26, 0x00, 0x00, 0x00, 0xa6, 0xa6, 0xa6, 0xf3, 0xf3, 0xf3, 0xe3, 0xe3,
    0xe3, 0xe6, 0xe6, 0xe6, 0xe6, 0xe6, 0xe6, 0xe6, 0xe6, 0xe6, 0xe6, 0xe6,
    0xe6, 0xe6, 0xe6, 0xe6, 0xe6, 0xe6, 0xe6, 0xe6, 0xe6, 0xe6, 0xe6, 0xe6,
    0xe6, 0xe6, 0xe6, 0xe6, 0xe6, 0xe6, 0xe6, 0xe6, 0xe6, 0xe6, 0xe6, 0xe6,
    0xe6, 0xe6, 0xe6, 0xe6, 0xe6, 0xe6, 0xe6, 0xe6, 0xe6, 0xe6, 0xe6, 0xe6,
    0xe6, 0xe6, 0xe6, 0xe6, 0xe6, 0xe6, 0xe6, 0xe6, 0xe6, 0xe6, 0xe6, 0xe6,
    0xe6, 0xe3, 0xe3, 0xe3, 0xf4, 0xf4, 0xf4, 0xa3, 0xa3, 0xa3, 0x00, 0x00,
    0x00, 0x2a, 0x2a, 0x2a, 0xfe, 0xfe, 0xfe, 0xff, 0xff, 0xff, 0xfe, 0xfe,
    0xfe, 0xff, 0xff, 0xff, 0xff, 0xff, 0xff, 0xff, 0xff, 0xff, 0xff, 0xff,
    0xff, 0xff, 0xff, 0xff, 0x00, 0x00, 0xff, 0xff, 0xff, 0xff, 0xff, 0xff,
    0xff, 0xff, 0xff, 0xff, 0xff, 0xff, 0xff, 0xff, 0xff, 0xfe, 0xfe, 0xfe,
    0xff, 0xff, 0xff, 0xfc, 0xfc, 0xfc, 0x26, 0x26, 0x26, 0x00, 0x00, 0x00,
    0xa6, 0xa6, 0xa6, 0xf3, 0xf3, 0xf3, 0xe3, 0xe3, 0xe3, 0xe6, 0xe6, 0xe6,
    0xe6, 0xe6, 0xe6, 0xe6, 0xe6, 0xe6, 0xe6, 0xe6, 0xe6, 0xe6, 0xe6, 0xe6,
    0xe6, 0xe6, 0xe6, 0xe6, 0xe6, 0xe6, 0xe6, 0xe6, 0xe6, 0xe6, 0xe6, 0xe6,
    0xe6, 0xe6, 0xe6, 0xe6, 0xe6, 0xe6, 0xe6, 0xe6, 0xe6, 0xe6, 0xe6, 0xe6,
    0xe6, 0xe6, 0xe6, 0xe6, 0xe6, 0xe6, 0xe6, 0xe6, 0xe6, 0xe6, 0xe6, 0xe6,
    0xe6, 0xe6, 0xe6, 0xe6, 0xe6, 0xe6, 0xe6, 0xe6, 0xe6, 0xe3, 0xe3, 0xe3,
    0xf4, 0xf4, 0xf4, 0xa3, 0xa3, 0xa3, 0x00, 0x00, 0x00, 0x2a, 0x2a, 0x2a,
    0xfe, 0xfe, 0xfe, 0xff, 0xff, 0xff, 0xfe, 0xfe, 0xfe, 0xff, 0xff, 0xff,
    0xff, 0xff, 0xff, 0xff, 0xff, 0xff, 0xff, 0xff, 0xff, 0xff, 0xff, 0xff,
    0x00, 0x00, 0xff, 0xff, 0xff, 0xff, 0xff, 0xff, 0xff, 0xff, 0xff, 0xff,
    0xff, 0xff, 0xff, 0xff, 0xff, 0xfe, 0xfe, 0xfe, 0xff, 0xff, 0xff, 0xfc,
    0xfc, 0xfc, 0x26, 0x26, 0x26, 0x00, 0x00, 0x00, 0xa6, 0xa6, 0xa6, 0xf3,
    0xf3, 0xf3, 0xe3, 0xe3, 0xe3, 0xe6, 0xe6, 0xe6, 0xe6, 0xe6, 0xe6, 0xe6,
    0xe6, 0xe6, 0xe6, 0xe6, 0xe6, 0xe6, 0xe6, 0xe6, 0xe6, 0xe6, 0xe6, 0xe6,
    0xe6, 0xe6, 0xe6, 0xe6, 0xe6, 0xe6, 0xe6, 0xe6, 0xe6, 0xe6, 0xe6, 0xe6,
    0xe6, 0xe6, 0xe6, 0xe6, 0xe6, 0xe6, 0xe6, 0xe6, 0xe6, 0xe6, 0xe6, 0xe6,
    0xe6, 0xe6, 0xe6, 0xe6, 0xe6, 0xe6, 0xe6, 0xe6, 0xe6, 0xe6, 0xe6, 0xe6,
    0xe6, 0xe6, 0xe6, 0xe6, 0xe6, 0xe3, 0xe3, 0xe3, 0xf4, 0xf4, 0xf4, 0xa3,
    0xa3, 0xa3, 0x00, 0x00, 0x00, 0x2a, 0x2a, 0x2a, 0xfe, 0xfe, 0xfe, 0xff,
    0xff, 0xff, 0xfe, 0xfe, 0xfe, 0xff, 0xff, 0xff, 0xff, 0xff, 0xff, 0xff,
    0xff, 0xff, 0xff, 0xff, 0xff, 0xff, 0xff, 0xff, 0x00, 0x00, 0xff, 0xff,
    0xff, 0xff, 0xff, 0xff, 0xff, 0xff, 0xff, 0xff, 0xff, 0xff, 0xff, 0xff,
    0xff, 0xfe, 0xfe, 0xfe, 0xff, 0xff, 0xff, 0xfc, 0xfc, 0xfc, 0x26, 0x26,
    0x26, 0x00, 0x00, 0x00, 0xa6, 0xa6, 0xa6, 0xf3, 0xf3, 0xf3, 0xe3, 0xe3,
    0xe3, 0xe6, 0xe6, 0xe6, 0xe6, 0xe6, 0xe6, 0xe6, 0xe6, 0xe6, 0xe6, 0xe6,
    0xe6, 0xe6, 0xe6, 0xe6, 0xe6, 0xe6, 0xe6, 0xe6, 0xe6, 0xe6, 0xe6, 0xe6,
    0xe6, 0xe6, 0xe6, 0xe6, 0xe6, 0xe6, 0xe6, 0xe6, 0xe6, 0xe6, 0xe6, 0xe6,
    0xe6, 0xe6, 0xe6, 0xe6, 0xe6, 0xe6, 0xe6, 0xe6, 0xe6, 0xe6, 0xe6, 0xe6,
    0xe6, 0xe6, 0xe6, 0xe6, 0xe6, 0xe6, 0xe6, 0xe6, 0xe6, 0xe6, 0xe6, 0xe6,
    0xe6, 0xe3, 0xe3, 0xe3, 0xf4, 0xf4, 0xf4, 0xa3, 0xa3, 0xa3, 0x00, 0x00,
    0x00, 0x2a, 0x2a, 0x2a, 0xfe, 0xfe, 0xfe, 0xff, 0xff, 0xff, 0xfe, 0xfe,
    0xfe, 0xff, 0xff, 0xff, 0xff, 0xff, 0xff, 0xff, 0xff, 0xff, 0xff, 0xff,
    0xff, 0xff, 0xff, 0xff, 0x00, 0x00, 0xff, 0xff, 0xff, 0xff, 0xff, 0xff,
    0xff, 0xff, 0xff, 0xff, 0xff, 0xff, 0xff, 0xff, 0xff, 0xfe, 0xfe, 0xfe,
    0xff, 0xff, 0xff, 0xfc, 0xfc, 0xfc, 0x26, 0x26, 0x26, 0x00, 0x00, 0x00,
    0xa6, 0xa6, 0xa6, 0xf3, 0xf3, 0xf3, 0xe3, 0xe3, 0xe3, 0xe6, 0xe6, 0xe6,
    0xe6, 0xe6, 0xe6, 0xe6, 0xe6, 0xe6, 0xe6, 0xe6, 0xe6, 0xe6, 0xe6, 0xe6,
    0xe6, 0xe6, 0xe6, 0xe6, 0xe6, 0xe6, 0xe6, 0xe6, 0xe6, 0xe6, 0xe6, 0xe6,
    0xe6, 0xe6, 0xe6, 0xe6, 0xe6, 0xe6, 0xe6, 0xe6, 0xe6, 0xe6, 0xe6, 0xe6,
    0xe6, 0xe6, 0xe6, 0xe6, 0xe6, 0xe6, 0xe6, 0xe6, 0xe6, 0xe6, 0xe6, 0xe6,
    0xe6, 0xe6, 0xe6, 0xe6, 0xe6, 0xe6, 0xe6, 0xe6, 0xe6, 0xe3, 0xe3, 0xe3,
    0xf4, 0xf4, 0xf4, 0xa3, 0xa3, 0xa3, 0x00, 0x00, 0x00, 0x2a, 0x2a, 0x2a,
    0xfe, 0xfe, 0xfe, 0xff, 0xff, 0xff, 0xfe, 0xfe, 0xfe, 0xff, 0xff, 0xff,
    0xff, 0xff, 0xff, 0xff, 0xff, 0xff, 0xff, 0xff, 0xff, 0xff, 0xff, 0xff,
    0x00, 0x00, 0xff, 0xff, 0xff, 0xff, 0xff, 0xff, 0xff, 0xff, 0xff, 0xff,
    0xff, 0xff, 0xff, 0xff, 0xff, 0xfe, 0xfe, 0xfe, 0xff, 0xff, 0xff, 0xfc,
    0xfc, 0xfc, 0x26, 0x26, 0x26, 0x00, 0x00, 0x00, 0xa6, 0xa6, 0xa6, 0xf3,
    0xf3, 0xf3, 0xe3, 0xe3, 0xe3, 0xe6, 0xe6, 0xe6, 0xe6, 0xe6, 0xe6, 0xe6,
    0xe6, 0xe6, 0xe6, 0xe6, 0xe6, 0xe6, 0xe6, 0xe6, 0xe6, 0xe6, 0xe6, 0xe6,
    0xe6, 0xe6, 0xe6, 0xe6, 0xe6, 0xe6, 0xe6, 0xe6, 0xe6, 0xe6, 0xe6, 0xe6,
    0xe6, 0xe6, 0xe6, 0xe6, 0xe6, 0xe6, 0xe6, 0xe6, 0xe6, 0xe6, 0xe6, 0xe6,
    0xe6, 0xe6, 0xe6, 0xe6, 0xe6, 0xe6, 0xe6, 0xe6, 0xe6, 0xe6, 0xe6, 0xe6,
    0xe6, 0xe6, 0xe6, 0xe6, 0xe6, 0xe3, 0xe3, 0xe3, 0xf4, 0xf4, 0xf4, 0xa3,
    0xa3, 0xa3, 0x00, 0x00, 0x00, 0x2a, 0x2a, 0x2a, 0xfe, 0xfe, 0xfe, 0xff,
    0xff, 0xff, 0xfe, 0xfe, 0xfe, 0xff, 0xff, 0xff, 0xff, 0xff, 0xff, 0xff,
    0xff, 0xff, 0xff, 0xff, 0xff, 0xff, 0xff, 0xff, 0x00, 0x00, 0xff, 0xff,
    0xff, 0xff, 0xff, 0xff, 0xff, 0xff, 0xff, 0xff, 0xff, 0xff, 0xff, 0xff,
    0xff, 0xfe, 0xfe, 0xfe, 0xff, 0xff, 0xff, 0xfc, 0xfc, 0xfc, 0x26, 0x26,
    0x26, 0x00, 0x00, 0x00, 0xa6, 0xa6, 0xa6, 0xf3, 0xf3, 0xf3, 0xe3, 0xe3,
    0xe3, 0xe6, 0xe6, 0xe6, 0xe6, 0xe6, 0xe6, 0xe6, 0xe6, 0xe6, 0xe6, 0xe6,
    0xe6, 0xe6, 0xe6, 0xe6, 0xe6, 0xe6, 0xe6, 0xe6, 0xe6, 0xe6, 0xe6, 0xe6,
    0xe6, 0xe6, 0xe6, 0xe6, 0xe6, 0xe6, 0xe6, 0xe6, 0xe6, 0xe6, 0xe6, 0xe6,
    0xe6, 0xe6, 0xe6, 0xe6, 0xe6, 0xe6, 0xe6, 0xe6, 0xe6, 0xe6, 0xe6, 0xe6,
    0xe6, 0xe6, 0xe6, 0xe6, 0xe6, 0xe6, 0xe6, 0xe6, 0xe6, 0xe6, 0xe6, 0xe6,
    0xe6, 0xe3, 0xe3, 0xe3, 0xf4, 0xf4, 0xf4, 0xa3, 0xa3, 0xa3, 0x00, 0x00,
    0x00, 0x2a, 0x2a, 0x2a, 0xfe, 0xfe, 0xfe, 0xff, 0xff, 0xff, 0xfe, 0xfe,
    0xfe, 0xff, 0xff, 0xff, 0xff, 0xff, 0xff, 0xff, 0xff, 0xff, 0xff, 0xff,
    0xff, 0xff, 0xff, 0xff, 0x00, 0x00, 0xff, 0xff, 0xff, 0xff, 0xff, 0xff,
    0xff, 0xff, 0xff, 0xff, 0xff, 0xff, 0xff, 0xff, 0xff, 0xfe, 0xfe, 0xfe,
    0xff, 0xff, 0xff, 0xfc, 0xfc, 0xfc, 0x26, 0x26, 0x26, 0x00, 0x00, 0x00,
    0xa6, 0xa6, 0xa6, 0xf3, 0xf3, 0xf3, 0xe3, 0xe3, 0xe3, 0xe6, 0xe6, 0xe6,
    0xe6, 0xe6, 0xe6, 0xe6, 0xe6, 0xe6, 0xe6, 0xe6, 0xe6, 0xe6, 0xe6, 0xe6,
    0xe6, 0xe6, 0xe6, 0xe6, 0xe6, 0xe6, 0xe6, 0xe6, 0xe6, 0xe6, 0xe6, 0xe6,
    0xe6, 0xe6, 0xe6, 0xe6, 0xe6, 0xe6, 0xe6, 0xe6, 0xe6, 0xe6, 0xe6, 0xe6,
    0xe6, 0xe6, 0xe6, 0xe6, 0xe6, 0xe6, 0xe6, 0xe6, 0xe6, 0xe6, 0xe6, 0xe6,
    0xe6, 0xe6, 0xe6, 0xe6, 0xe6, 0xe6, 0xe6, 0xe6, 0xe6, 0xe3, 0xe3, 0xe3,
    0xf4, 0xf4, 0xf4, 0xa3, 0xa3, 0xa3, 0x00, 0x00, 0x00, 0x2a, 0x2a, 0x2a,
    0xfe, 0xfe, 0xfe, 0xff, 0xff, 0xff, 0xfe, 0xfe, 0xfe, 0xff, 0xff, 0xff,
    0xff, 0xff, 0xff, 0xff, 0xff, 0xff, 0xff, 0xff, 0xff, 0xff, 0xff, 0xff,
    0x00, 0x00, 0xff, 0xff, 0xff, 0xff, 0xff, 0xff, 0xff, 0xff, 0xff, 0xff,
    0xff, 0xff, 0xff, 0xff, 0xff, 0xfe, 0xfe, 0xfe, 0xff, 0xff, 0xff, 0xfc,
    0xfc, 0xfc, 0x26, 0x26, 0x26, 0x00, 0x00, 0x00, 0xa6, 0xa6, 0xa6, 0xf3,
    0xf3, 0xf3, 0xe3, 0xe3, 0xe3, 0xe6, 0xe6, 0xe6, 0xe6, 0xe6, 0xe6, 0xe6,
    0xe6, 0xe6, 0xe6, 0xe6, 0xe6, 0xe6, 0xe6, 0xe6, 0xe6, 0xe6, 0xe6, 0xe6,
    0xe6, 0xe6, 0xe6, 0xe6, 0xe6, 0xe6, 0xe6, 0xe6, 0xe6, 0xe6, 0xe6, 0xe6,
    0xe6, 0xe6, 0xe6, 0xe6, 0xe6, 0xe6, 0xe6, 0xe6, 0xe6, 0xe6, 0xe6, 0xe6,
    0xe6, 0xe6, 0xe6, 0xe6, 0xe6, 0xe6, 0xe6, 0xe6, 0xe6, 0xe6, 0xe6, 0xe6,
    0xe6, 0xe6, 0xe6, 0xe6, 0xe6, 0xe3, 0xe3, 0xe3, 0xf4, 0xf4, 0xf4, 0xa3,
    0xa3, 0xa3, 0x00, 0x00, 0x00, 0x2a, 0x2a, 0x2a, 0xfe, 0xfe, 0xfe, 0xff,
    0xff, 0xff, 0xfe, 0xfe, 0xfe, 0xff, 0xff, 0xff, 0xff, 0xff, 0xff, 0xff,
    0xff, 0xff, 0xff, 0xff, 0xff, 0xff, 0xff, 0xff, 0x00, 0x00, 0xff, 0xff,
    0xff, 0xff, 0xff, 0xff, 0xff, 0xff, 0xff, 0xff, 0xff, 0xff, 0xff, 0xff,
    0xff, 0xfe, 0xfe, 0xfe, 0xff, 0xff, 0xff, 0xfc, 0xfc, 0xfc, 0x26, 0x26,
    0x26, 0x00, 0x00, 0x00, 0xa6, 0xa6, 0xa6, 0xf3, 0xf3, 0xf3, 0xe3, 0xe3,
    0xe3, 0xe6, 0xe6, 0xe6, 0xe6, 0xe6, 0xe6, 0xe6, 0xe6, 0xe6, 0xe6, 0xe6,
    0xe6, 0xe6, 0xe6, 0xe6, 0xe6, 0xe6, 0xe6, 0xe6, 0xe6, 0xe6, 0xe6, 0xe6,
    0xe6, 0xe6, 0xe6, 0xe6, 0xe6, 0xe6, 0xe6, 0xe6, 0xe6, 0xe6, 0xe6, 0xe6,
    0xe6, 0xe6, 0xe6, 0xe6, 0xe6, 0xe6, 0xe6, 0xe6, 0xe6, 0xe6, 0xe6, 0xe6,
    0xe6, 0xe6, 0xe6, 0xe6, 0xe6, 0xe6, 0xe6, 0xe6, 0xe6, 0xe6, 0xe6, 0xe6,
    0xe6, 0xe3, 0xe3, 0xe3, 0xf4, 0xf4, 0xf4, 0xa3, 0xa3, 0xa3, 0x00, 0x00,
    0x00, 0x2a, 0x2a, 0x2a, 0xfe, 0xfe, 0xfe, 0xff, 0xff, 0xff, 0xfe, 0xfe,
    0xfe, 0xff, 0xff, 0xff, 0xff, 0xff, 0xff, 0xff, 0xff, 0xff, 0xff, 0xff,
    0xff, 0xff, 0xff, 0xff, 0x00, 0x00, 0xff, 0xff, 0xff, 0xff, 0xff, 0xff,
    0xff, 0xff, 0xff, 0xff, 0xff, 0xff, 0xff, 0xff, 0xff, 0xfe, 0xfe, 0xfe,
    0xff, 0xff, 0xff, 0xfc, 0xfc, 0xfc, 0x26, 0x26, 0x26, 0x00, 0x00, 0x00,
    0xa4, 0xa4, 0xa4, 0xf0, 0xf0, 0xf0, 0xe1, 0xe1, 0xe1, 0xe3, 0xe3, 0xe3,
    0xe3, 0xe3, 0xe3, 0xe3, 0xe3, 0xe3, 0xe3, 0xe3, 0xe3, 0xe3, 0xe3, 0xe3,
    0xe3, 0xe3, 0xe3, 0xe3, 0xe3, 0xe3, 0xe3, 0xe3, 0xe3, 0xe3, 0xe3, 0xe3,
    0xe3, 0xe3, 0xe3, 0xe3, 0xe3, 0xe3, 0xe3, 0xe3, 0xe3, 0xe3, 0xe3, 0xe3,
    0xe3, 0xe3, 0xe3, 0xe3, 0xe3, 0xe3, 0xe3, 0xe3, 0xe3, 0xe3, 0xe3, 0xe3,
    0xe3, 0xe3, 0xe3, 0xe3, 0xe3, 0xe3, 0xe3, 0xe3, 0xe3, 0xe1, 0xe1, 0xe1,
    0xf1, 0xf1, 0xf1, 0xa1, 0xa1, 0xa1, 0x00, 0x00, 0x00, 0x2a, 0x2a, 0x2a,
    0xfe, 0xfe, 0xfe, 0xff, 0xff, 0xff, 0xfe, 0xfe, 0xfe, 0xff, 0xff, 0xff,
    0xff, 0xff, 0xff, 0xff, 0xff, 0xff, 0xff, 0xff, 0xff, 0xff, 0xff, 0xff,
    0x00, 0x00, 0xff, 0xff, 0xff, 0xff, 0xff, 0xff, 0xff, 0xff, 0xff, 0xff,
    0xff, 0xff, 0xff, 0xff, 0xff, 0xfe, 0xfe, 0xfe, 0xff, 0xff, 0xff, 0xfa,
    0xfa, 0xfa, 0x27, 0x27, 0x27, 0x00, 0x00, 0x00, 0xae, 0xae, 0xae, 0xff,
    0xff, 0xff, 0xef, 0xef, 0xef, 0xf2, 0xf2, 0xf2, 0xf2, 0xf2, 0xf2, 0xf2,
    0xf2, 0xf2, 0xf2, 0xf2, 0xf2, 0xf2, 0xf2, 0xf2, 0xf2, 0xf2, 0xf2, 0xf2,
    0xf2, 0xf2, 0xf2, 0xf2, 0xf2, 0xf2, 0xf2, 0xf2, 0xf2, 0xf2, 0xf2, 0xf2,
    0xf2, 0xf2, 0xf2, 0xf2, 0xf2, 0xf2, 0xf2, 0xf2, 0xf2, 0xf2, 0xf2, 0xf2,
    0xf2, 0xf2, 0xf2, 0xf2, 0xf2, 0xf2, 0xf2, 0xf2, 0xf2, 0xf2, 0xf2, 0xf2,
    0xf2, 0xf2, 0xf2, 0xf2, 0xf2, 0xef, 0xef, 0xef, 0xff, 0xff, 0xff, 0xab,
    0xab, 0xab, 0x00, 0x00, 0x00, 0x2b, 0x2b, 0x2b, 0xfc, 0xfc, 0xfc, 0xff,
    0xff, 0xff, 0xfe, 0xfe, 0xfe, 0xff, 0xff, 0xff, 0xff, 0xff, 0xff, 0xff,
    0xff, 0xff, 0xff, 0xff, 0xff, 0xff, 0xff, 0xff, 0x00, 0x00, 0xff, 0xff,
    0xff, 0xff, 0xff, 0xff, 0xff, 0xff, 0xff, 0xff, 0xff, 0xff, 0xff, 0xff,
    0xff, 0xfd, 0xfd, 0xfd, 0xff, 0xff, 0xff, 0xff, 0xff, 0xff, 0x22, 0x22,
    0x22, 0x03, 0x03, 0x03, 0x34, 0x34, 0x34, 0x49, 0x49, 0x49, 0x44, 0x44,
    0x44, 0x45, 0x45, 0x45, 0x45, 0x45, 0x45, 0x45, 0x45, 0x45, 0x45, 0x45,
    0x45, 0x45, 0x45, 0x45, 0x45, 0x45, 0x45, 0x45, 0x45, 0x45, 0x45, 0x45,
    0x45, 0x45, 0x45, 0x45, 0x45, 0x45, 0x45, 0x45, 0x45, 0x45, 0x45, 0x45,
    0x45, 0x45, 0x45, 0x45, 0x45, 0x45, 0x45, 0x45, 0x45, 0x45, 0x45, 0x45,
    0x45, 0x45, 0x45, 0x45, 0x45, 0x45, 0x45, 0x45, 0x45, 0x45, 0x45, 0x45,
    0x45, 0x44, 0x44, 0x44, 0x49, 0x49, 0x49, 0x33, 0x33, 0x33, 0x03, 0x03,
    0x03, 0x24, 0x24, 0x24, 0xff, 0xff, 0xff, 0xff, 0xff, 0xff, 0xfd, 0xfd,
    0xfd, 0xff, 0xff, 0xff, 0xff, 0xff, 0xff, 0xff, 0xff, 0xff, 0xff, 0xff,
    0xff, 0xff, 0xff, 0xff, 0x00, 0x00, 0xff, 0xff, 0xff, 0xff, 0xff, 0xff,
    0xff, 0xff, 0xff, 0xff, 0xff, 0xff, 0xfd, 0xfd, 0xfd, 0xfe, 0xfe, 0xfe,
    0xff, 0xff, 0xff, 0x6e, 0x6e, 0x6e, 0x02, 0x02, 0x02, 0x02, 0x02, 0x02,
    0x00, 0x00, 0x00, 0x00, 0x00, 0x00, 0x00, 0x00, 0x00, 0x00, 0x00, 0x00,
    0x00, 0x00, 0x00, 0x00, 0x00, 0x00, 0x00, 0x00, 0x00, 0x00, 0x00, 0x00,
    0x00, 0x00, 0x00, 0x00, 0x00, 0x00, 0x00, 0x00, 0x00, 0x00, 0x00, 0x00,
    0x00, 0x00, 0x00, 0x00, 0x00, 0x00, 0x00, 0x00, 0x00, 0x00, 0x00, 0x00,
    0x00, 0x00, 0x00, 0x00, 0x00, 0x00, 0x00, 0x00, 0x00, 0x00, 0x00, 0x00,
    0x00, 0x00, 0x00, 0x00, 0x00, 0x00, 0x00, 0x00, 0x00, 0x00, 0x00, 0x00,
    0x00, 0x00, 0x00, 0x00, 0x00, 0x00, 0x02, 0x02, 0x02, 0x02, 0x02, 0x02,
    0x6e, 0x6e, 0x6e, 0xff, 0xff, 0xff, 0xfe, 0xfe, 0xfe, 0xfd, 0xfd, 0xfd,
    0xff, 0xff, 0xff, 0xff, 0xff, 0xff, 0xff, 0xff, 0xff, 0xff, 0xff, 0xff,
    0x00, 0x00, 0xff, 0xff, 0xff, 0xff, 0xff, 0xff, 0xff, 0xff, 0xff, 0xfd,
    0xfd, 0xfd, 0xff, 0xff, 0xff, 0xfb, 0xfb, 0xfb, 0x5a, 0x5a, 0x5a, 0x00,
    0x00, 0x00, 0x02, 0x02, 0x02, 0x7b, 0x7b, 0x7b, 0xb0, 0xb0, 0xb0, 0xa8,
    0xa8, 0xa8, 0xaa, 0xaa, 0xaa, 0xaa, 0xaa, 0xaa, 0xaa, 0xaa, 0xaa, 0xaa,
    0xaa, 0xaa, 0xaa, 0xaa, 0xaa, 0xaa, 0xaa, 0xaa, 0xaa, 0xaa, 0xaa, 0xaa,
    0xaa, 0xaa, 0xaa, 0xaa, 0xaa, 0xaa, 0xaa, 0xaa, 0xaa, 0xaa, 0xaa, 0xaa,
    0xaa, 0xaa, 0xaa, 0xaa, 0xaa, 0xaa, 0xaa, 0xaa, 0xaa, 0xaa, 0xaa, 0xaa,
    0xaa, 0xaa, 0xaa, 0xaa, 0xaa, 0xaa, 0xaa, 0xaa, 0xaa, 0xaa, 0xaa, 0xaa,
    0xaa, 0xaa, 0xaa, 0xaa, 0xaa, 0xaa, 0xaa, 0xaa, 0xa8, 0xa8, 0xa8, 0xb0,
    0xb0, 0xb0, 0x7a, 0x7a, 0x7a, 0x02, 0x02, 0x02, 0x00, 0x00, 0x00, 0x5a,
    0x5a, 0x5a, 0xfb, 0xfb, 0xfb, 0xff, 0xff, 0xff, 0xfd, 0xfd, 0xfd, 0xff,
    0xff, 0xff, 0xff, 0xff, 0xff, 0xff, 0xff, 0xff, 0x00, 0x00, 0xff, 0xff,
    0xff, 0xff, 0xff, 0xff, 0xfe, 0xfe, 0xfe, 0xff, 0xff, 0xff, 0xf1, 0xf1,
    0xf1, 0x46, 0x46, 0x46, 0x02, 0x02, 0x02, 0x18, 0x18, 0x18, 0xaa, 0xaa,
    0xaa, 0xff, 0xff, 0xff, 0xfe, 0xfe, 0xfe, 0xff, 0xff, 0xff, 0xff, 0xff,
    0xff, 0xff, 0xff, 0xff, 0xff, 0xff, 0xff, 0xff, 0xff, 0xff, 0xff, 0xff,
    0xff, 0xff, 0xff, 0xff, 0xff, 0xff, 0xff, 0xff, 0xff, 0xff, 0xff, 0xff,
    0xff, 0xff, 0xff, 0xff, 0xff, 0xff, 0xff, 0xff, 0xff, 0xff, 0xff, 0xff,
    0xff, 0xff, 0xff, 0xff, 0xff, 0xff, 0xff, 0xff, 0xff, 0xff, 0xff, 0xff,
    0xff, 0xff, 0xff, 0xff, 0xff, 0xff, 0xff, 0xff, 0xff, 0xff, 0xff, 0xff,
    0xff, 0xff, 0xff, 0xff, 0xff, 0xff, 0xff, 0xfe, 0xfe, 0xfe, 0xff, 0xff,
    0xff, 0xa8, 0xa8, 0xa8, 0x17, 0x17, 0x17, 0x02, 0x02, 0x02, 0x46, 0x46,
    0x46, 0xf1, 0xf1, 0xf1, 0xff, 0xff, 0xff, 0xfe, 0xfe, 0xfe, 0xff, 0xff,
    0xff, 0xff, 0xff, 0xff, 0x00, 0x00, 0xff, 0xff, 0xff, 0xfe, 0xfe, 0xfe,
    0xfe, 0xfe, 0xfe, 0xe2, 0xe2, 0xe2, 0x34, 0x34, 0x34, 0x04, 0x04, 0x04,
    0x09, 0x09, 0x09, 0x69, 0x69, 0x69, 0xb5, 0xb5, 0xb5, 0x9f, 0x9f, 0x9f,
    0xa1, 0xa1, 0xa1, 0xa1, 0xa1, 0xa1, 0xa1, 0xa1, 0xa1, 0xa1, 0xa1, 0xa1,
    0xa1, 0xa1, 0xa1, 0xa1, 0xa1, 0xa1, 0xa1, 0xa1, 0xa1, 0xa1, 0xa1, 0xa1,
    0xa1, 0xa1, 0xa1, 0xa1, 0xa1, 0xa1, 0xa1, 0xa1, 0xa1, 0xa1, 0xa1, 0xa1,
    0xa1, 0xa1, 0xa1, 0xa1, 0xa1, 0xa1, 0xa1, 0xa1, 0xa1, 0xa1, 0xa1, 0xa1,
    0xa1, 0xa1, 0xa1, 0xa1, 0xa1, 0xa1, 0xa1, 0xa1, 0xa1, 0xa1, 0xa1, 0xa1,
    0xa1, 0xa1, 0xa1, 0xa1, 0xa1, 0xa1, 0xa1, 0xa1, 0xa1, 0xa1, 0xa1, 0xa1,
    0xa1, 0xa1, 0xa1, 0xa1, 0xa1, 0xa1, 0x9f, 0x9f, 0x9f, 0xb5, 0xb5, 0xb5,
    0x67, 0x67, 0x67, 0x09, 0x09, 0x09, 0x03, 0x03, 0x03, 0x34, 0x34, 0x34,
    0xe2, 0xe2, 0xe2, 0xfe, 0xfe, 0xfe, 0xfe, 0xfe, 0xfe, 0xff, 0xff, 0xff,
    0x00, 0x00, 0xff, 0xff, 0xff, 0xfc, 0xfc, 0xfc, 0xff, 0xff, 0xff, 0x4d,
    0x4d, 0x4d, 0x00, 0x00, 0x00, 0x06, 0x06, 0x06, 0x00, 0x00, 0x00, 0x00,
    0x00, 0x00, 0x00, 0x00, 0x00, 0x00, 0x00, 0x00, 0x00, 0x00, 0x00, 0x00,
    0x00, 0x00, 0x00, 0x00, 0x00, 0x00, 0x00, 0x00, 0x00, 0x00, 0x00, 0x00,
    0x00, 0x00, 0x00, 0x00, 0x00, 0x00, 0x00, 0x00, 0x00, 0x00, 0x00, 0x00,
    0x00, 0x00, 0x00, 0x00, 0x00, 0x00, 0x00, 0x00, 0x00, 0x00, 0x00, 0x00,
    0x00, 0x00, 0x00, 0x00, 0x00, 0x00, 0x00, 0x00, 0x00, 0x00, 0x00, 0x00,
    0x00, 0x00, 0x00, 0x00, 0x00, 0x00, 0x00, 0x00, 0x00, 0x00, 0x00, 0x00,
    0x00, 0x00, 0x00, 0x00, 0x00, 0x00, 0x00, 0x00, 0x00, 0x00, 0x00, 0x00,
    0x00, 0x00, 0x00, 0x00, 0x00, 0x00, 0x00, 0x00, 0x00, 0x00, 0x00, 0x00,
    0x00, 0x00, 0x06, 0x06, 0x06, 0x00, 0x00, 0x00, 0x4d, 0x4d, 0x4d, 0xff,
    0xff, 0xff, 0xfc, 0xfc, 0xfc, 0xff, 0xff, 0xff, 0x00, 0x00, 0xff, 0xff,
    0xff, 0xfd, 0xfd, 0xfd, 0xff, 0xff, 0xff, 0x3e, 0x3e, 0x3e, 0x02, 0x02,
    0x02, 0x2f, 0x2f, 0x2f, 0x53, 0x53, 0x53, 0x4c, 0x4c, 0x4c, 0x50, 0x50,
    0x50, 0x50, 0x50, 0x50, 0x50, 0x50, 0x50, 0x4f, 0x4f, 0x4f, 0x4f, 0x4f,
    0x4f, 0x4f, 0x4f, 0x4f, 0x4f, 0x4f, 0x4f, 0x4f, 0x4f, 0x4f, 0x4f, 0x4f,
    0x4f, 0x4f, 0x4f, 0x4f, 0x4f, 0x4f, 0x4f, 0x50, 0x50, 0x50, 0x50, 0x50,
    0x50, 0x50, 0x50, 0x50, 0x50, 0x50, 0x50, 0x50, 0x50, 0x50, 0x50, 0x50,
    0x50, 0x50, 0x50, 0x50, 0x50, 0x50, 0x50, 0x4f, 0x4f, 0x4f, 0x4f, 0x4f,
    0x4f, 0x4f, 0x4f, 0x4f, 0x4f, 0x4f, 0x4f, 0x4f, 0x4f, 0x4f, 0x4f, 0x4f,
    0x4f, 0x4f, 0x4f, 0x4f, 0x4f, 0x4f, 0x4f, 0x50, 0x50, 0x50, 0x50, 0x50,
    0x50, 0x50, 0x50, 0x50, 0x4c, 0x4c, 0x4c, 0x53, 0x53, 0x53, 0x2f, 0x2f,
    0x2f, 0x02, 0x02, 0x02, 0x3e, 0x3e, 0x3e, 0xff, 0xff, 0xff, 0xfd, 0xfd,
    0xfd, 0xff, 0xff, 0xff, 0x00, 0x00, 0xff, 0xff, 0xff, 0xfd, 0xfd, 0xfd,
    0xff, 0xff, 0xff, 0x45, 0x45, 0x45, 0x00, 0x00, 0x00, 0x91, 0x91, 0x91,
    0xff, 0xff, 0xff, 0xf0, 0xf0, 0xf0, 0xf4, 0xf4, 0xf4, 0xf3, 0xf3, 0xf3,
    0xf3, 0xf3, 0xf3, 0xf5, 0xf5, 0xf5, 0xf5, 0xf5, 0xf5, 0xf5, 0xf5, 0xf5,
    0xf5, 0xf5, 0xf5, 0xf5, 0xf5, 0xf5, 0xf5, 0xf5, 0xf5, 0xf5, 0xf5, 0xf5,
    0xf5, 0xf5, 0xf5, 0xf2, 0xf2, 0xf2, 0xf3, 0xf3, 0xf3, 0xf4, 0xf4, 0xf4,
    0xf4, 0xf4, 0xf4, 0xf4, 0xf4, 0xf4, 0xf4, 0xf4, 0xf4, 0xf3, 0xf3, 0xf3,
    0xf2, 0xf2, 0xf2, 0xf5, 0xf5, 0xf5, 0xf5, 0xf5, 0xf5, 0xf5, 0xf5, 0xf5,
    0xf5, 0xf5, 0xf5, 0xf5, 0xf5, 0xf5, 0xf5, 0xf5, 0xf5, 0xf5, 0xf5, 0xf5,
    0xf5, 0xf5, 0xf5, 0xf3, 0xf3, 0xf3, 0xf3, 0xf3, 0xf3, 0xf4, 0xf4, 0xf4,
    0xf0, 0xf0, 0xf0, 0xff, 0xff, 0xff, 0x91, 0x91, 0x91, 0x00, 0x00, 0x00,
    0x45, 0x45, 0x45, 0xff, 0xff, 0xff, 0xfd, 0xfd, 0xfd, 0xff, 0xff, 0xff,
    0x00, 0x00, 0xff, 0xff, 0xff, 0xfd, 0xfd, 0xfd, 0xff, 0xff, 0xff, 0x44,
    0x44, 0x44, 0x00, 0x00, 0x00, 0x87, 0x87, 0x87, 0xf3, 0xf3, 0xf3, 0xdf,
    0xdf, 0xdf, 0xe2, 0xe2, 0xe2, 0xe8, 0xe8, 0xe8, 0xe7, 0xe7, 0xe7, 0xe0,
    0xe0, 0xe0, 0xe0, 0xe0, 0xe0, 0xe0, 0xe0, 0xe0, 0xe0, 0xe0, 0xe0, 0xe0,
    0xe0, 0xe0, 0xe0, 0xe0, 0xe0, 0xe0, 0xe0, 0xe0, 0xe0, 0xe0, 0xe0, 0xea,
    0xea, 0xea, 0xe5, 0xe5, 0xe5, 0xe2, 0xe2, 0xe2, 0xe3, 0xe3, 0xe3, 0xe3,
    0xe3, 0xe3, 0xe2, 0xe2, 0xe2, 0xe5, 0xe5, 0xe5, 0xea, 0xea, 0xea, 0xe0,
    0xe0, 0xe0, 0xe0, 0xe0, 0xe0, 0xe0, 0xe0, 0xe0, 0xe0, 0xe0, 0xe0, 0xe0,
    0xe0, 0xe0, 0xe0, 0xe0, 0xe0, 0xe0, 0xe0, 0xe0, 0xe0, 0xe0, 0xe0, 0xe7,
    0xe7, 0xe7, 0xe8, 0xe8, 0xe8, 0xe2, 0xe2, 0xe2, 0xdf, 0xdf, 0xdf, 0xf3,
    0xf3, 0xf3, 0x87, 0x87, 0x87, 0x00, 0x00, 0x00, 0x44, 0x44, 0x44, 0xff,
    0xff, 0xff, 0xfd, 0xfd, 0xfd, 0xff, 0xff, 0xff, 0x00, 0x00, 0xff, 0xff,
    0xff, 0xfd, 0xfd, 0xfd, 0xff, 0xff, 0xff, 0x44, 0x44, 0x44, 0x00, 0x00,
    0x00, 0x88, 0x88, 0x88, 0xf5, 0xf5, 0xf5, 0xe0, 0xe0, 0xe0, 0xea, 0xea,
    0xea, 0xcd, 0xcd, 0xcd, 0x32, 0x32, 0x32, 0x20, 0x20, 0x20, 0x21, 0x21,
    0x21, 0x20, 0x20, 0x20, 0x20, 0x20, 0x20, 0x20, 0x20, 0x20, 0x20, 0x20,
    0x20, 0x21, 0x21, 0x21, 0x20, 0x20, 0x20, 0x4e, 0x4e, 0x4e, 0xe5, 0xe5,
    0xe5, 0xe6, 0xe6, 0xe6, 0xe5, 0xe5, 0xe5, 0xe5, 0xe5, 0xe5, 0xe6, 0xe6,
    0xe6, 0xe5, 0xe5, 0xe5, 0x4e, 0x4e, 0x4e, 0x20, 0x20, 0x20, 0x21, 0x21,
    0x21, 0x20, 0x20, 0x20, 0x20, 0x20, 0x20, 0x20, 0x20, 0x20, 0x20, 0x20,
    0x20, 0x21, 0x21, 0x21, 0x20, 0x20, 0x20, 0x33, 0x33, 0x33, 0xce, 0xce,
    0xce, 0xea, 0xea, 0xea, 0xe0, 0xe0, 0xe0, 0xf5, 0xf5, 0xf5, 0x88, 0x88,
    0x88, 0x00, 0x00, 0x00, 0x44, 0x44, 0x44, 0xff, 0xff, 0xff, 0xfd, 0xfd,
    0xfd, 0xff, 0xff, 0xff, 0x00, 0x00, 0xff, 0xff, 0xff, 0xfd, 0xfd, 0xfd,
    0xff, 0xff, 0xff, 0x44, 0x44, 0x44, 0x00, 0x00, 0x00, 0x8b, 0x8b, 0x8b,
    0xf9, 0xf9, 0xf9, 0xe3, 0xe3, 0xe3, 0xf7, 0xf7, 0xf7, 0xa7, 0xa7, 0xa7,
    0x00, 0x00, 0x00, 0x01, 0x01, 0x01, 0x07, 0x07, 0x07, 0x08, 0x08, 0x08,
    0x08, 0x08, 0x08, 0x07, 0x07, 0x07, 0x08, 0x08, 0x08, 0x06, 0x06, 0x06,
    0x00, 0x00, 0x00, 0x01, 0x01, 0x01, 0xd4, 0xd4, 0xd4, 0xee, 0xee, 0xee,
    0xe8, 0xe8, 0xe8, 0xe8, 0xe8, 0xe8, 0xee, 0xee, 0xee, 0xd4, 0xd4, 0xd4,
    0x01, 0x01, 0x01, 0x00, 0x00, 0x00, 0x06, 0x06, 0x06, 0x08, 0x08, 0x08,
    0x07, 0x07, 0x07, 0x08, 0x08, 0x08, 0x08, 0x08, 0x08, 0x07, 0x07, 0x07,
    0x01, 0x01, 0x01, 0x00, 0x00, 0x00, 0xa7, 0xa7, 0xa7, 0xf7, 0xf7, 0xf7,
    0xe3, 0xe3, 0xe3, 0xf9, 0xf9, 0xf9, 0x8b, 0x8b, 0x8b, 0x00, 0x00, 0x00,
    0x44, 0x44, 0x44, 0xff, 0xff, 0xff, 0xfd, 0xfd, 0xfd, 0xff, 0xff, 0xff,
    0x00, 0x00, 0xff, 0xff, 0xff, 0xfd, 0xfd, 0xfd, 0xff, 0xff, 0xff, 0x45,
    0x45, 0x45, 0x00, 0x00, 0x00, 0x83, 0x83, 0x83, 0xeb, 0xeb, 0xeb, 0xd6,
    0xd6, 0xd6, 0xe8, 0xe8, 0xe8, 0xa3, 0xa3, 0xa3, 0x02, 0x02, 0x02, 0x22,
    0x22, 0x22, 0xdf, 0xdf, 0xdf, 0xe4, 0xe4, 0xe4, 0xe3, 0xe3, 0xe3, 0xe2,
    0xe2, 0xe2, 0xe4, 0xe4, 0xe4, 0xbf, 0xbf, 0xbf, 0x03, 0x03, 0x03, 0x0d,
    0x0d, 0x0d, 0xc9, 0xc9, 0xc9, 0xe1, 0xe1, 0xe1, 0xdb, 0xdb, 0xdb, 0xdb,
    0xdb, 0xdb, 0xe1, 0xe1, 0xe1, 0xc9, 0xc9, 0xc9, 0x0d, 0x0d, 0x0d, 0x03,
    0x03, 0x03, 0xbf, 0xbf, 0xbf, 0xe4, 0xe4, 0xe4, 0xe2, 0xe2, 0xe2, 0xe3,
    0xe3, 0xe3, 0xe4, 0xe4, 0xe4, 0xdf, 0xdf, 0xdf, 0x22, 0x22, 0x22, 0x02,
    0x02, 0x02, 0xa3, 0xa3, 0xa3, 0xe8, 0xe8, 0xe8, 0xd6, 0xd6, 0xd6, 0xeb,
    0xeb, 0xeb, 0x83, 0x83, 0x83, 0x00, 0x00, 0x00, 0x45, 0x45, 0x45, 0xff,
    0xff, 0xff, 0xfd, 0xfd, 0xfd, 0xff, 0xff, 0xff, 0x00, 0x00, 0xff, 0xff,
    0xff, 0xfd, 0xfd, 0xfd, 0xff, 0xff, 0xff, 0x3b, 0x3b, 0x3b, 0x00, 0x00,
    0x00, 0x0f, 0x0f, 0x0f, 0x16, 0x16, 0x16, 0x14, 0x14, 0x14, 0x16, 0x16,
    0x16, 0x11, 0x11, 0x11, 0x00, 0x00, 0x00, 0x1c, 0x1c, 0x1c, 0xff, 0xff,
    0xff, 0xff, 0xff, 0xff, 0xff, 0xff, 0xff, 0xff, 0xff, 0xff, 0xff, 0xff,
    0xff, 0xd8, 0xd8, 0xd8, 0x00, 0x00, 0x00, 0x01, 0x01, 0x01, 0x13, 0x13,
    0x13, 0x15, 0x15, 0x15, 0x14, 0x14, 0x14, 0x14, 0x14, 0x14, 0x15, 0x15,
    0x15, 0x13, 0x13, 0x13, 0x01, 0x01, 0x01, 0x00, 0x00, 0x00, 0xd8, 0xd8,
    0xd8, 0xff, 0xff, 0xff, 0xff, 0xff, 0xff, 0xff, 0xff, 0xff, 0xff, 0xff,
    0xff, 0xff, 0xff, 0xff, 0x1c, 0x1c, 0x1c, 0x00, 0x00, 0x00, 0x11, 0x11,
    0x11, 0x16, 0x16, 0x16, 0x14, 0x14, 0x14, 0x16, 0x16, 0x16, 0x0f, 0x0f,
    0x0f, 0x00, 0x00, 0x00, 0x3b, 0x3b, 0x3b, 0xff, 0xff, 0xff, 0xfd, 0xfd,
    0xfd, 0xff, 0xff, 0xff, 0x00, 0x00, 0xff, 0xff, 0xff, 0xfc, 0xfc, 0xfc,
    0xff, 0xff, 0xff, 0x70, 0x70, 0x70, 0x01, 0x01, 0x01, 0x03, 0x03, 0x03,
    0x00, 0x00, 0x00, 0x00, 0x00, 0x00, 0x00, 0x00, 0x00, 0x03, 0x03, 0x03,
    0x00, 0x00, 0x00, 0x4c, 0x4c, 0x4c, 0xfc, 0xfc, 0xfc, 0xfc, 0xfc, 0xfc,
    0xfd, 0xfd, 0xfd, 0xfc, 0xfc, 0xfc, 0xfd, 0xfd, 0xfd, 0xe9, 0xe9, 0xe9,
    0x20, 0x20, 0x20, 0x00, 0x00, 0x00, 0x01, 0x01, 0x01, 0x00, 0x00, 0x00,
    0x00, 0x00, 0x00, 0x00, 0x00, 0x00, 0x00, 0x00, 0x00, 0x02, 0x02, 0x02,
    0x00, 0x00, 0x00, 0x21, 0x21, 0x21, 0xe9, 0xe9, 0xe9, 0xfd, 0xfd, 0xfd,
    0xfc, 0xfc, 0xfc, 0xfd, 0xfd, 0xfd, 0xfc, 0xfc, 0xfc, 0xfc, 0xfc, 0xfc,
    0x4c, 0x4c, 0x4c, 0x00, 0x00, 0x00, 0x03, 0x03, 0x03, 0x00, 0x00, 0x00,
    0x00, 0x00, 0x00, 0x00, 0x00, 0x00, 0x03, 0x03, 0x03, 0x01, 0x01, 0x01,
    0x70, 0x70, 0x70, 0xff, 0xff, 0xff, 0xfc, 0xfc, 0xfc, 0xff, 0xff, 0xff,
    0x00, 0x00
};
static const unsigned int white_rook_bmp_len = 6494;

#endif /* CHESS_PIECES_H */
