/*
 * Chess Pieces - Embedded BMP Data
 * Auto-generated from PNG files
 */

#ifndef CHESS_PIECES_H
#define CHESS_PIECES_H

/* black_king.bmp (7654 bytes) */
static const unsigned char black_king_bmp[] = {
    0x42, 0x4d, 0xe6, 0x1d, 0x00, 0x00, 0x00, 0x00, 0x00, 0x00, 0x36, 0x00,
    0x00, 0x00, 0x28, 0x00, 0x00, 0x00, 0x32, 0x00, 0x00, 0x00, 0x32, 0x00,
    0x00, 0x00, 0x01, 0x00, 0x18, 0x00, 0x00, 0x00, 0x00, 0x00, 0xb0, 0x1d,
    0x00, 0x00, 0xc4, 0x0e, 0x00, 0x00, 0xc4, 0x0e, 0x00, 0x00, 0x00, 0x00,
    0x00, 0x00, 0x00, 0x00, 0x00, 0x00, 0xff, 0xff, 0xff, 0xff, 0xff, 0xff,
    0xff, 0xff, 0xff, 0xff, 0xff, 0xff, 0xff, 0xff, 0xff, 0xff, 0xff, 0xff,
    0xff, 0xff, 0xff, 0xff, 0xff, 0xff, 0xff, 0xff, 0xff, 0xff, 0xff, 0xff,
    0xff, 0xff, 0xff, 0xff, 0xff, 0xff, 0xff, 0xff, 0xff, 0xff, 0xff, 0xff,
    0xff, 0xff, 0xff, 0xff, 0xff, 0xff, 0xff, 0xff, 0xff, 0xff, 0xff, 0xff,
    0xff, 0xff, 0xff, 0xff, 0xff, 0xff, 0xff, 0xff, 0xff, 0xff, 0xff, 0xff,
    0xff, 0xff, 0xff, 0xfe, 0xfe, 0xfe, 0xfe, 0xfe, 0xfe, 0xfe, 0xfe, 0xfe,
    0xff, 0xff, 0xff, 0xff, 0xff, 0xff, 0xff, 0xff, 0xff, 0xff, 0xff, 0xff,
    0xff, 0xff, 0xff, 0xff, 0xff, 0xff, 0xff, 0xff, 0xff, 0xff, 0xff, 0xff,
    0xff, 0xff, 0xff, 0xff, 0xff, 0xff, 0xff, 0xff, 0xff, 0xff, 0xff, 0xff,
    0xff, 0xff, 0xff, 0xff, 0xff, 0xff, 0xff, 0xff, 0xff, 0xff, 0xff, 0xff,
    0xff, 0xff, 0xff, 0xff, 0xff, 0xff, 0xff, 0xff, 0xff, 0xff, 0xff, 0xff,
    0xff, 0xff, 0xff, 0xff, 0xff, 0xff, 0xff, 0xff, 0xff, 0xff, 0xff, 0xff,
    0x00, 0x00, 0xff, 0xff, 0xff, 0xff, 0xff, 0xff, 0xff, 0xff, 0xff, 0xff,
    0xff, 0xff, 0xff, 0xff, 0xff, 0xff, 0xff, 0xff, 0xff, 0xff, 0xff, 0xff,
    0xff, 0xff, 0xff, 0xff, 0xff, 0xff, 0xff, 0xff, 0xff, 0xff, 0xff, 0xff,
    0xff, 0xff, 0xff, 0xff, 0xff, 0xff, 0xff, 0xff, 0xff, 0xff, 0xff, 0xff,
    0xff, 0xff, 0xfe, 0xfe, 0xfe, 0xfe, 0xfe, 0xfe, 0xfd, 0xfd, 0xfd, 0xfb,
    0xfb, 0xfb, 0xfa, 0xfa, 0xfa, 0xf8, 0xf8, 0xf8, 0xf7, 0xf7, 0xf7, 0xf6,
    0xf6, 0xf6, 0xf6, 0xf6, 0xf6, 0xf6, 0xf6, 0xf6, 0xf7, 0xf7, 0xf7, 0xf9,
    0xf9, 0xf9, 0xfa, 0xfa, 0xfa, 0xfb, 0xfb, 0xfb, 0xfd, 0xfd, 0xfd, 0xfe,
    0xfe, 0xfe, 0xfe, 0xfe, 0xfe, 0xff, 0xff, 0xff, 0xff, 0xff, 0xff, 0xff,
    0xff, 0xff, 0xff, 0xff, 0xff, 0xff, 0xff, 0xff, 0xff, 0xff, 0xff, 0xff,
    0xff, 0xff, 0xff, 0xff, 0xff, 0xff, 0xff, 0xff, 0xff, 0xff, 0xff, 0xff,
    0xff, 0xff, 0xff, 0xff, 0xff, 0xff, 0xff, 0xff, 0xff, 0xff, 0xff, 0xff,
    0xff, 0xff, 0xff, 0xff, 0xff, 0xff, 0xff, 0xff, 0x00, 0x00, 0xff, 0xff,
    0xff, 0xff, 0xff, 0xff, 0xff, 0xff, 0xff, 0xff, 0xff, 0xff, 0xff, 0xff,
    0xff, 0xff, 0xff, 0xff, 0xff, 0xff, 0xff, 0xff, 0xff, 0xff, 0xff, 0xff,
    0xff, 0xff, 0xff, 0xff, 0xff, 0xff, 0xff, 0xff, 0xff, 0xff, 0xff, 0xff,
    0xff, 0xfe, 0xfe, 0xfe, 0xfc, 0xfc, 0xfc, 0xf9, 0xf9, 0xf9, 0xf5, 0xf5,
    0xf5, 0xef, 0xef, 0xef, 0xe9, 0xe9, 0xe9, 0xe4, 0xe4, 0xe4, 0xde, 0xde,
    0xde, 0xd9, 0xd9, 0xd9, 0xd5, 0xd5, 0xd5, 0xd3, 0xd3, 0xd3, 0xd2, 0xd2,
    0xd2, 0xd4, 0xd4, 0xd4, 0xd6, 0xd6, 0xd6, 0xda, 0xda, 0xda, 0xdf, 0xdf,
    0xdf, 0xe4, 0xe4, 0xe4, 0xe9, 0xe9, 0xe9, 0xf0, 0xf0, 0xf0, 0xf5, 0xf5,
    0xf5, 0xfa, 0xfa, 0xfa, 0xfd, 0xfd, 0xfd, 0xfe, 0xfe, 0xfe, 0xff, 0xff,
    0xff, 0xff, 0xff, 0xff, 0xff, 0xff, 0xff, 0xff, 0xff, 0xff, 0xff, 0xff,
    0xff, 0xff, 0xff, 0xff, 0xff, 0xff, 0xff, 0xff, 0xff, 0xff, 0xff, 0xff,
    0xff, 0xff, 0xff, 0xff, 0xff, 0xff, 0xff, 0xff, 0xff, 0xff, 0xff, 0xff,
    0xff, 0xff, 0xff, 0xff, 0x00, 0x00, 0xff, 0xff, 0xff, 0xff, 0xff, 0xff,
    0xff, 0xff, 0xff, 0xff, 0xff, 0xff, 0xff, 0xff, 0xff, 0xff, 0xff, 0xff,
    0xff, 0xff, 0xff, 0xff, 0xff, 0xff, 0xff, 0xff, 0xff, 0xff, 0xff, 0xff,
    0xff, 0xff, 0xff, 0xfd, 0xfd, 0xfd, 0xfa, 0xfa, 0xfa, 0xf4, 0xf4, 0xf4,
    0xeb, 0xeb, 0xeb, 0xdd, 0xdd, 0xdd, 0xd0, 0xd0, 0xd0, 0xc6, 0xc6, 0xc6,
    0xbb, 0xbb, 0xbb, 0xb2, 0xb2, 0xb2, 0xa9, 0xa9, 0xa9, 0xa2, 0xa2, 0xa2,
    0x9e, 0x9e, 0x9e, 0x9a, 0x9a, 0x9a, 0x99, 0x99, 0x99, 0x9b, 0x9b, 0x9b,
    0x9f, 0x9f, 0x9f, 0xa3, 0xa3, 0xa3, 0xa8, 0xa8, 0xa8, 0xaf, 0xaf, 0xaf,
    0xb7, 0xb7, 0xb7, 0xc6, 0xc6, 0xc6, 0xd3, 0xd3, 0xd3, 0xe0, 0xe0, 0xe0,
    0xeb, 0xeb, 0xeb, 0xf5, 0xf5, 0xf5, 0xfb, 0xfb, 0xfb, 0xfe, 0xfe, 0xfe,
    0xff, 0xff, 0xff, 0xff, 0xff, 0xff, 0xff, 0xff, 0xff, 0xff, 0xff, 0xff,
    0xff, 0xff, 0xff, 0xff, 0xff, 0xff, 0xff, 0xff, 0xff, 0xff, 0xff, 0xff,
    0xff, 0xff, 0xff, 0xff, 0xff, 0xff, 0xff, 0xff, 0xff, 0xff, 0xff, 0xff,
    0x00, 0x00, 0xff, 0xff, 0xff, 0xff, 0xff, 0xff, 0xff, 0xff, 0xff, 0xff,
    0xff, 0xff, 0xff, 0xff, 0xff, 0xff, 0xff, 0xff, 0xff, 0xff, 0xff, 0xff,
    0xff, 0xff, 0xff, 0xff, 0xff, 0xfe, 0xfe, 0xfe, 0xfa, 0xfa, 0xfa, 0xf2,
    0xf2, 0xf2, 0xe2, 0xe2, 0xe2, 0xd3, 0xd3, 0xd3, 0xc0, 0xc0, 0xc0, 0xa8,
    0xa8, 0xa8, 0x97, 0x97, 0x97, 0x99, 0x99, 0x99, 0xa3, 0xa3, 0xa3, 0xae,
    0xae, 0xae, 0xb8, 0xb8, 0xb8, 0xbf, 0xbf, 0xbf, 0xc3, 0xc3, 0xc3, 0xc4,
    0xc4, 0xc4, 0xbf, 0xbf, 0xbf, 0xb7, 0xb7, 0xb7, 0xac, 0xac, 0xac, 0x9d,
    0x9d, 0x9d, 0x8c, 0x8c, 0x8c, 0x7e, 0x7e, 0x7e, 0x7f, 0x7f, 0x7f, 0x8f,
    0x8f, 0x8f, 0x9b, 0x9b, 0x9b, 0xa9, 0xa9, 0xa9, 0xbe, 0xbe, 0xbe, 0xd2,
    0xd2, 0xd2, 0xe4, 0xe4, 0xe4, 0xf2, 0xf2, 0xf2, 0xfb, 0xfb, 0xfb, 0xfe,
    0xfe, 0xfe, 0xff, 0xff, 0xff, 0xff, 0xff, 0xff, 0xff, 0xff, 0xff, 0xff,
    0xff, 0xff, 0xff, 0xff, 0xff, 0xff, 0xff, 0xff, 0xff, 0xff, 0xff, 0xff,
    0xff, 0xff, 0xff, 0xff, 0xff, 0xff, 0xff, 0xff, 0x00, 0x00, 0xff, 0xff,
    0xff, 0xff, 0xff, 0xff, 0xff, 0xff, 0xff, 0xff, 0xff, 0xff, 0xff, 0xff,
    0xff, 0xff, 0xff, 0xff, 0xff, 0xff, 0xff, 0xff, 0xff, 0xff, 0xfe, 0xfe,
    0xfe, 0xf7, 0xf7, 0xf7, 0xe8, 0xe8, 0xe8, 0xd5, 0xd5, 0xd5, 0xb2, 0xb2,
    0xb2, 0xa5, 0xa5, 0xa5, 0xb7, 0xb7, 0xb7, 0xd4, 0xd4, 0xd4, 0xec, 0xec,
    0xec, 0xfa, 0xfa, 0xfa, 0xfe, 0xfe, 0xfe, 0xf6, 0xf6, 0xf6, 0xeb, 0xeb,
    0xeb, 0xe0, 0xe0, 0xe0, 0xda, 0xda, 0xda, 0xd9, 0xd9, 0xd9, 0xdd, 0xdd,
    0xdd, 0xe7, 0xe7, 0xe7, 0xf3, 0xf3, 0xf3, 0xfd, 0xfd, 0xfd, 0xfd, 0xfd,
    0xfd, 0xef, 0xef, 0xef, 0xd7, 0xd7, 0xd7, 0xb2, 0xb2, 0xb2, 0x8c, 0x8c,
    0x8c, 0x76, 0x76, 0x76, 0x8a, 0x8a, 0x8a, 0x9b, 0x9b, 0x9b, 0xb5, 0xb5,
    0xb5, 0xd1, 0xd1, 0xd1, 0xeb, 0xeb, 0xeb, 0xfa, 0xfa, 0xfa, 0xff, 0xff,
    0xff, 0xff, 0xff, 0xff, 0xff, 0xff, 0xff, 0xff, 0xff, 0xff, 0xff, 0xff,
    0xff, 0xff, 0xff, 0xff, 0xff, 0xff, 0xff, 0xff, 0xff, 0xff, 0xff, 0xff,
    0xff, 0xff, 0xff, 0xff, 0x00, 0x00, 0xff, 0xff, 0xff, 0xff, 0xff, 0xff,
    0xff, 0xff, 0xff, 0xff, 0xff, 0xff, 0xff, 0xff, 0xff, 0xff, 0xff, 0xff,
    0xff, 0xff, 0xff, 0xff, 0xff, 0xff, 0xfd, 0xfd, 0xfd, 0xf8, 0xf8, 0xf8,
    0xca, 0xca, 0xca, 0xbf, 0xbf, 0xbf, 0xdc, 0xdc, 0xdc, 0xf9, 0xf9, 0xf9,
    0xfb, 0xfb, 0xfb, 0xd2, 0xd2, 0xd2, 0x99, 0x99, 0x99, 0x66, 0x66, 0x66,
    0x3e, 0x3e, 0x3e, 0x23, 0x23, 0x23, 0x13, 0x13, 0x13, 0x09, 0x09, 0x09,
    0x05, 0x05, 0x05, 0x04, 0x04, 0x04, 0x07, 0x07, 0x07, 0x0f, 0x0f, 0x0f,
    0x1d, 0x1d, 0x1d, 0x35, 0x35, 0x35, 0x58, 0x58, 0x58, 0x88, 0x88, 0x88,
    0xc1, 0xc1, 0xc1, 0xf2, 0xf2, 0xf2, 0xff, 0xff, 0xff, 0xe2, 0xe2, 0xe2,
    0xa9, 0xa9, 0xa9, 0x7b, 0x7b, 0x7b, 0x86, 0x86, 0x86, 0xa2, 0xa2, 0xa2,
    0xce, 0xce, 0xce, 0xf0, 0xf0, 0xf0, 0xfd, 0xfd, 0xfd, 0xff, 0xff, 0xff,
    0xff, 0xff, 0xff, 0xff, 0xff, 0xff, 0xff, 0xff, 0xff, 0xff, 0xff, 0xff,
    0xff, 0xff, 0xff, 0xff, 0xff, 0xff, 0xff, 0xff, 0xff, 0xff, 0xff, 0xff,
    0x00, 0x00, 0xff, 0xff, 0xff, 0xff, 0xff, 0xff, 0xff, 0xff, 0xff, 0xff,
    0xff, 0xff, 0xff, 0xff, 0xff, 0xff, 0xff, 0xff, 0xff, 0xff, 0xff, 0xff,
    0xff, 0xff, 0xfe, 0xfe, 0xfe, 0xe8, 0xe8, 0xe8, 0xe3, 0xe3, 0xe3, 0xf2,
    0xf2, 0xf2, 0xcc, 0xcc, 0xcc, 0x7a, 0x7a, 0x7a, 0x33, 0x33, 0x33, 0x07,
    0x07, 0x07, 0x01, 0x01, 0x01, 0x00, 0x00, 0x00, 0x00, 0x00, 0x00, 0x00,
    0x00, 0x00, 0x00, 0x00, 0x00, 0x00, 0x00, 0x00, 0x00, 0x00, 0x00, 0x00,
    0x00, 0x00, 0x00, 0x00, 0x00, 0x00, 0x00, 0x00, 0x00, 0x00, 0x00, 0x00,
    0x00, 0x00, 0x00, 0x00, 0x00, 0x00, 0x00, 0x00, 0x01, 0x01, 0x01, 0x22,
    0x22, 0x22, 0x62, 0x62, 0x62, 0xb4, 0xb4, 0xb4, 0xef, 0xef, 0xef, 0xe0,
    0xe0, 0xe0, 0xa1, 0xa1, 0xa1, 0x87, 0x87, 0x87, 0xb7, 0xb7, 0xb7, 0xe7,
    0xe7, 0xe7, 0xfc, 0xfc, 0xfc, 0xff, 0xff, 0xff, 0xff, 0xff, 0xff, 0xff,
    0xff, 0xff, 0xff, 0xff, 0xff, 0xff, 0xff, 0xff, 0xff, 0xff, 0xff, 0xff,
    0xff, 0xff, 0xff, 0xff, 0xff, 0xff, 0xff, 0xff, 0x00, 0x00, 0xff, 0xff,
    0xff, 0xff, 0xff, 0xff, 0xff, 0xff, 0xff, 0xff, 0xff, 0xff, 0xff, 0xff,
    0xff, 0xff, 0xff, 0xff, 0xff, 0xff, 0xff, 0xff, 0xff, 0xff, 0xfa, 0xfa,
    0xfa, 0xe4, 0xe4, 0xe4, 0xfe, 0xfe, 0xfe, 0xd8, 0xd8, 0xd8, 0x45, 0x45,
    0x45, 0x00, 0x00, 0x00, 0x00, 0x00, 0x00, 0x00, 0x00, 0x00, 0x00, 0x00,
    0x00, 0x00, 0x00, 0x00, 0x03, 0x03, 0x03, 0x04, 0x04, 0x04, 0x05, 0x05,
    0x05, 0x04, 0x04, 0x04, 0x04, 0x04, 0x04, 0x04, 0x04, 0x04, 0x04, 0x04,
    0x04, 0x05, 0x05, 0x05, 0x04, 0x04, 0x04, 0x04, 0x04, 0x04, 0x01, 0x01,
    0x01, 0x00, 0x00, 0x00, 0x00, 0x00, 0x00, 0x00, 0x00, 0x00, 0x00, 0x00,
    0x00, 0x22, 0x22, 0x22, 0xb1, 0xb1, 0xb1, 0xf6, 0xf6, 0xf6, 0xf7, 0xf7,
    0xf7, 0x92, 0x92, 0x92, 0xb1, 0xb1, 0xb1, 0xe5, 0xe5, 0xe5, 0xfb, 0xfb,
    0xfb, 0xff, 0xff, 0xff, 0xff, 0xff, 0xff, 0xff, 0xff, 0xff, 0xff, 0xff,
    0xff, 0xff, 0xff, 0xff, 0xff, 0xff, 0xff, 0xff, 0xff, 0xff, 0xff, 0xff,
    0xff, 0xff, 0xff, 0xff, 0x00, 0x00, 0xff, 0xff, 0xff, 0xff, 0xff, 0xff,
    0xff, 0xff, 0xff, 0xff, 0xff, 0xff, 0xff, 0xff, 0xff, 0xff, 0xff, 0xff,
    0xff, 0xff, 0xff, 0xff, 0xff, 0xff, 0xf7, 0xf7, 0xf7, 0xeb, 0xeb, 0xeb,
    0xd6, 0xd6, 0xd6, 0xd8, 0xd8, 0xd8, 0xff, 0xff, 0xff, 0xd9, 0xd9, 0xd9,
    0x95, 0x95, 0x95, 0x55, 0x55, 0x55, 0x27, 0x27, 0x27, 0x0b, 0x0b, 0x0b,
    0x00, 0x00, 0x00, 0x00, 0x00, 0x00, 0x00, 0x00, 0x00, 0x00, 0x00, 0x00,
    0x00, 0x00, 0x00, 0x00, 0x00, 0x00, 0x00, 0x00, 0x00, 0x00, 0x00, 0x00,
    0x00, 0x00, 0x00, 0x00, 0x00, 0x00, 0x04, 0x04, 0x04, 0x1d, 0x1d, 0x1d,
    0x45, 0x45, 0x45, 0x80, 0x80, 0x80, 0xc5, 0xc5, 0xc5, 0xfa, 0xfa, 0xfa,
    0xe9, 0xe9, 0xe9, 0xc7, 0xc7, 0xc7, 0xed, 0xed, 0xed, 0x93, 0x93, 0x93,
    0xb0, 0xb0, 0xb0, 0xe4, 0xe4, 0xe4, 0xfb, 0xfb, 0xfb, 0xff, 0xff, 0xff,
    0xff, 0xff, 0xff, 0xff, 0xff, 0xff, 0xff, 0xff, 0xff, 0xff, 0xff, 0xff,
    0xff, 0xff, 0xff, 0xff, 0xff, 0xff, 0xff, 0xff, 0xff, 0xff, 0xff, 0xff,
    0x00, 0x00, 0xff, 0xff, 0xff, 0xff, 0xff, 0xff, 0xff, 0xff, 0xff, 0xff,
    0xff, 0xff, 0xff, 0xff, 0xff, 0xff, 0xff, 0xff, 0xff, 0xff, 0xff, 0xff,
    0xff, 0xff, 0xf4, 0xf4, 0xf4, 0xf5, 0xf5, 0xf5, 0x9a, 0x9a, 0x9a, 0x19,
    0x19, 0x19, 0x66, 0x66, 0x66, 0xb1, 0xb1, 0xb1, 0xe9, 0xe9, 0xe9, 0xfe,
    0xfe, 0xfe, 0xf9, 0xf9, 0xf9, 0xe3, 0xe3, 0xe3, 0xc7, 0xc7, 0xc7, 0xac,
    0xac, 0xac, 0x97, 0x97, 0x97, 0x87, 0x87, 0x87, 0x80, 0x80, 0x80, 0x7f,
    0x7f, 0x7f, 0x84, 0x84, 0x84, 0x91, 0x91, 0x91, 0xa5, 0xa5, 0xa5, 0xbe,
    0xbe, 0xbe, 0xda, 0xda, 0xda, 0xf3, 0xf3, 0xf3, 0xff, 0xff, 0xff, 0xf3,
    0xf3, 0xf3, 0xc6, 0xc6, 0xc6, 0x7f, 0x7f, 0x7f, 0x29, 0x29, 0x29, 0x51,
    0x51, 0x51, 0xfd, 0xfd, 0xfd, 0x8e, 0x8e, 0x8e, 0xb0, 0xb0, 0xb0, 0xe4,
    0xe4, 0xe4, 0xfb, 0xfb, 0xfb, 0xff, 0xff, 0xff, 0xff, 0xff, 0xff, 0xff,
    0xff, 0xff, 0xff, 0xff, 0xff, 0xff, 0xff, 0xff, 0xff, 0xff, 0xff, 0xff,
    0xff, 0xff, 0xff, 0xff, 0xff, 0xff, 0xff, 0xff, 0x00, 0x00, 0xff, 0xff,
    0xff, 0xff, 0xff, 0xff, 0xff, 0xff, 0xff, 0xff, 0xff, 0xff, 0xff, 0xff,
    0xff, 0xff, 0xff, 0xff, 0xff, 0xff, 0xff, 0xff, 0xff, 0xff, 0xf4, 0xf4,
    0xf4, 0xf5, 0xf5, 0xf5, 0x98, 0x98, 0x98, 0x02, 0x02, 0x02, 0x00, 0x00,
    0x00, 0x00, 0x00, 0x00, 0x13, 0x13, 0x13, 0x3c, 0x3c, 0x3c, 0x6a, 0x6a,
    0x6a, 0x95, 0x95, 0x95, 0xb7, 0xb7, 0xb7, 0xcf, 0xcf, 0xcf, 0xde, 0xde,
    0xde, 0xe8, 0xe8, 0xe8, 0xeb, 0xeb, 0xeb, 0xec, 0xec, 0xec, 0xe9, 0xe9,
    0xe9, 0xe2, 0xe2, 0xe2, 0xd5, 0xd5, 0xd5, 0xbf, 0xbf, 0xbf, 0xa0, 0xa0,
    0xa0, 0x78, 0x78, 0x78, 0x4a, 0x4a, 0x4a, 0x1e, 0x1e, 0x1e, 0x00, 0x00,
    0x00, 0x00, 0x00, 0x00, 0x00, 0x00, 0x00, 0x48, 0x48, 0x48, 0xfe, 0xfe,
    0xfe, 0x8e, 0x8e, 0x8e, 0xb0, 0xb0, 0xb0, 0xe4, 0xe4, 0xe4, 0xfb, 0xfb,
    0xfb, 0xff, 0xff, 0xff, 0xff, 0xff, 0xff, 0xff, 0xff, 0xff, 0xff, 0xff,
    0xff, 0xff, 0xff, 0xff, 0xff, 0xff, 0xff, 0xff, 0xff, 0xff, 0xff, 0xff,
    0xff, 0xff, 0xff, 0xff, 0x00, 0x00, 0xff, 0xff, 0xff, 0xff, 0xff, 0xff,
    0xff, 0xff, 0xff, 0xff, 0xff, 0xff, 0xff, 0xff, 0xff, 0xff, 0xff, 0xff,
    0xff, 0xff, 0xff, 0xff, 0xff, 0xff, 0xf6, 0xf6, 0xf6, 0xec, 0xec, 0xec,
    0xcc, 0xcc, 0xcc, 0x40, 0x40, 0x40, 0x04, 0x04, 0x04, 0x00, 0x00, 0x00,
    0x00, 0x00, 0x00, 0x00, 0x00, 0x00, 0x00, 0x00, 0x00, 0x00, 0x00, 0x00,
    0x00, 0x00, 0x00, 0x01, 0x01, 0x01, 0x08, 0x08, 0x08, 0x0f, 0x0f, 0x0f,
    0x13, 0x13, 0x13, 0x13, 0x13, 0x13, 0x11, 0x11, 0x11, 0x0b, 0x0b, 0x0b,
    0x03, 0x03, 0x03, 0x00, 0x00, 0x00, 0x00, 0x00, 0x00, 0x00, 0x00, 0x00,
    0x00, 0x00, 0x00, 0x00, 0x00, 0x00, 0x00, 0x00, 0x00, 0x00, 0x00, 0x00,
    0x26, 0x26, 0x26, 0x9a, 0x9a, 0x9a, 0xf7, 0xf7, 0xf7, 0x90, 0x90, 0x90,
    0xb0, 0xb0, 0xb0, 0xe4, 0xe4, 0xe4, 0xfb, 0xfb, 0xfb, 0xff, 0xff, 0xff,
    0xff, 0xff, 0xff, 0xff, 0xff, 0xff, 0xff, 0xff, 0xff, 0xff, 0xff, 0xff,
    0xff, 0xff, 0xff, 0xff, 0xff, 0xff, 0xff, 0xff, 0xff, 0xff, 0xff, 0xff,
    0x00, 0x00, 0xff, 0xff, 0xff, 0xff, 0xff, 0xff, 0xff, 0xff, 0xff, 0xff,
    0xff, 0xff, 0xff, 0xff, 0xff, 0xff, 0xff, 0xff, 0xff, 0xff, 0xff, 0xff,
    0xff, 0xff, 0xf8, 0xf8, 0xf8, 0xe4, 0xe4, 0xe4, 0xf4, 0xf4, 0xf4, 0xfd,
    0xfd, 0xfd, 0xca, 0xca, 0xca, 0x78, 0x78, 0x78, 0x35, 0x35, 0x35, 0x0d,
    0x0d, 0x0d, 0x00, 0x00, 0x00, 0x00, 0x00, 0x00, 0x00, 0x00, 0x00, 0x00,
    0x00, 0x00, 0x00, 0x00, 0x00, 0x00, 0x00, 0x00, 0x00, 0x00, 0x00, 0x00,
    0x00, 0x00, 0x00, 0x00, 0x00, 0x00, 0x00, 0x00, 0x00, 0x00, 0x00, 0x00,
    0x00, 0x00, 0x00, 0x00, 0x00, 0x00, 0x00, 0x00, 0x05, 0x05, 0x05, 0x26,
    0x26, 0x26, 0x61, 0x61, 0x61, 0xb1, 0xb1, 0xb1, 0xf5, 0xf5, 0xf5, 0xf5,
    0xf5, 0xf5, 0xec, 0xec, 0xec, 0x93, 0x93, 0x93, 0xaf, 0xaf, 0xaf, 0xe4,
    0xe4, 0xe4, 0xfb, 0xfb, 0xfb, 0xff, 0xff, 0xff, 0xff, 0xff, 0xff, 0xff,
    0xff, 0xff, 0xff, 0xff, 0xff, 0xff, 0xff, 0xff, 0xff, 0xff, 0xff, 0xff,
    0xff, 0xff, 0xff, 0xff, 0xff, 0xff, 0xff, 0xff, 0x00, 0x00, 0xff, 0xff,
    0xff, 0xff, 0xff, 0xff, 0xff, 0xff, 0xff, 0xff, 0xff, 0xff, 0xff, 0xff,
    0xff, 0xff, 0xff, 0xff, 0xff, 0xff, 0xff, 0xff, 0xff, 0xff, 0xf4, 0xf4,
    0xf4, 0xf2, 0xf2, 0xf2, 0xa9, 0xa9, 0xa9, 0x5f, 0x5f, 0x5f, 0xc6, 0xc6,
    0xc6, 0xf7, 0xf7, 0xf7, 0xfd, 0xfd, 0xfd, 0xe1, 0xe1, 0xe1, 0xb5, 0xb5,
    0xb5, 0x89, 0x89, 0x89, 0x64, 0x64, 0x64, 0x49, 0x49, 0x49, 0x35, 0x35,
    0x35, 0x2a, 0x2a, 0x2a, 0x24, 0x24, 0x24, 0x23, 0x23, 0x23, 0x28, 0x28,
    0x28, 0x31, 0x31, 0x31, 0x42, 0x42, 0x42, 0x5b, 0x5b, 0x5b, 0x7d, 0x7d,
    0x7d, 0xa7, 0xa7, 0xa7, 0xd4, 0xd4, 0xd4, 0xf7, 0xf7, 0xf7, 0xfe, 0xfe,
    0xfe, 0xdb, 0xdb, 0xdb, 0x7c, 0x7c, 0x7c, 0x73, 0x73, 0x73, 0xf9, 0xf9,
    0xf9, 0x8e, 0x8e, 0x8e, 0xa9, 0xa9, 0xa9, 0xdd, 0xdd, 0xdd, 0xf7, 0xf7,
    0xf7, 0xfe, 0xfe, 0xfe, 0xff, 0xff, 0xff, 0xff, 0xff, 0xff, 0xff, 0xff,
    0xff, 0xff, 0xff, 0xff, 0xff, 0xff, 0xff, 0xff, 0xff, 0xff, 0xff, 0xff,
    0xff, 0xff, 0xff, 0xff, 0x00, 0x00, 0xff, 0xff, 0xff, 0xff, 0xff, 0xff,
    0xff, 0xff, 0xff, 0xff, 0xff, 0xff, 0xff, 0xff, 0xff, 0xff, 0xff, 0xff,
    0xff, 0xff, 0xff, 0xfe, 0xfe, 0xfe, 0xeb, 0xeb, 0xeb, 0xf4, 0xf4, 0xf4,
    0x96, 0x96, 0x96, 0x01, 0x01, 0x01, 0x02, 0x02, 0x02, 0x27, 0x27, 0x27,
    0x61, 0x61, 0x61, 0x9c, 0x9c, 0x9c, 0xcb, 0xcb, 0xcb, 0xea, 0xea, 0xea,
    0xf9, 0xf9, 0xf9, 0xfe, 0xfe, 0xfe, 0xfd, 0xfd, 0xfd, 0xfa, 0xfa, 0xfa,
    0xf7, 0xf7, 0xf7, 0xf7, 0xf7, 0xf7, 0xf9, 0xf9, 0xf9, 0xfc, 0xfc, 0xfc,
    0xfe, 0xfe, 0xfe, 0xfb, 0xfb, 0xfb, 0xf0, 0xf0, 0xf0, 0xd7, 0xd7, 0xd7,
    0xac, 0xac, 0xac, 0x74, 0x74, 0x74, 0x37, 0x37, 0x37, 0x0c, 0x0c, 0x0c,
    0x00, 0x00, 0x00, 0x46, 0x46, 0x46, 0xfe, 0xfe, 0xfe, 0x84, 0x84, 0x84,
    0x96, 0x96, 0x96, 0xc3, 0xc3, 0xc3, 0xe4, 0xe4, 0xe4, 0xf6, 0xf6, 0xf6,
    0xfd, 0xfd, 0xfd, 0xff, 0xff, 0xff, 0xff, 0xff, 0xff, 0xff, 0xff, 0xff,
    0xff, 0xff, 0xff, 0xff, 0xff, 0xff, 0xff, 0xff, 0xff, 0xff, 0xff, 0xff,
    0x00, 0x00, 0xff, 0xff, 0xff, 0xff, 0xff, 0xff, 0xff, 0xff, 0xff, 0xff,
    0xff, 0xff, 0xff, 0xff, 0xff, 0xfe, 0xfe, 0xfe, 0xfa, 0xfa, 0xfa, 0xef,
    0xef, 0xef, 0xd2, 0xd2, 0xd2, 0xe8, 0xe8, 0xe8, 0xaa, 0xaa, 0xaa, 0x04,
    0x04, 0x04, 0x00, 0x00, 0x00, 0x00, 0x00, 0x00, 0x00, 0x00, 0x00, 0x00,
    0x00, 0x00, 0x00, 0x00, 0x00, 0x12, 0x12, 0x12, 0x28, 0x28, 0x28, 0x3e,
    0x3e, 0x3e, 0x50, 0x50, 0x50, 0x5d, 0x5d, 0x5d, 0x65, 0x65, 0x65, 0x66,
    0x66, 0x66, 0x60, 0x60, 0x60, 0x55, 0x55, 0x55, 0x44, 0x44, 0x44, 0x2f,
    0x2f, 0x2f, 0x19, 0x19, 0x19, 0x05, 0x05, 0x05, 0x00, 0x00, 0x00, 0x00,
    0x00, 0x00, 0x00, 0x00, 0x00, 0x00, 0x00, 0x00, 0x00, 0x00, 0x00, 0x64,
    0x64, 0x64, 0xfb, 0xfb, 0xfb, 0x85, 0x85, 0x85, 0x7d, 0x7d, 0x7d, 0x95,
    0x95, 0x95, 0xba, 0xba, 0xba, 0xda, 0xda, 0xda, 0xf1, 0xf1, 0xf1, 0xfb,
    0xfb, 0xfb, 0xfe, 0xfe, 0xfe, 0xff, 0xff, 0xff, 0xff, 0xff, 0xff, 0xff,
    0xff, 0xff, 0xff, 0xff, 0xff, 0xff, 0xff, 0xff, 0x00, 0x00, 0xff, 0xff,
    0xff, 0xff, 0xff, 0xff, 0xff, 0xff, 0xff, 0xff, 0xff, 0xff, 0xfe, 0xfe,
    0xfe, 0xf8, 0xf8, 0xf8, 0xe9, 0xe9, 0xe9, 0xd1, 0xd1, 0xd1, 0xb9, 0xb9,
    0xb9, 0xec, 0xec, 0xec, 0xfb, 0xfb, 0xfb, 0xc9, 0xc9, 0xc9, 0x6b, 0x6b,
    0x6b, 0x23, 0x23, 0x23, 0x00, 0x00, 0x00, 0x00, 0x00, 0x00, 0x00, 0x00,
    0x00, 0x00, 0x00, 0x00, 0x00, 0x00, 0x00, 0x00, 0x00, 0x00, 0x00, 0x00,
    0x00, 0x00, 0x00, 0x00, 0x00, 0x00, 0x00, 0x00, 0x00, 0x00, 0x00, 0x00,
    0x00, 0x00, 0x00, 0x00, 0x00, 0x00, 0x00, 0x00, 0x00, 0x00, 0x00, 0x00,
    0x00, 0x00, 0x00, 0x00, 0x00, 0x00, 0x00, 0x00, 0x00, 0x00, 0x15, 0x15,
    0x15, 0x51, 0x51, 0x51, 0xad, 0xad, 0xad, 0xf3, 0xf3, 0xf3, 0xf0, 0xf0,
    0xf0, 0xef, 0xef, 0xef, 0xa3, 0xa3, 0xa3, 0x70, 0x70, 0x70, 0x8a, 0x8a,
    0x8a, 0xad, 0xad, 0xad, 0xd1, 0xd1, 0xd1, 0xed, 0xed, 0xed, 0xfb, 0xfb,
    0xfb, 0xfe, 0xfe, 0xfe, 0xff, 0xff, 0xff, 0xff, 0xff, 0xff, 0xff, 0xff,
    0xff, 0xff, 0xff, 0xff, 0x00, 0x00, 0xff, 0xff, 0xff, 0xff, 0xff, 0xff,
    0xff, 0xff, 0xff, 0xfe, 0xfe, 0xfe, 0xf8, 0xf8, 0xf8, 0xec, 0xec, 0xec,
    0xc5, 0xc5, 0xc5, 0xce, 0xce, 0xce, 0xff, 0xff, 0xff, 0xce, 0xce, 0xce,
    0x7c, 0x7c, 0x7c, 0xc4, 0xc4, 0xc4, 0xff, 0xff, 0xff, 0xf4, 0xf4, 0xf4,
    0xc3, 0xc3, 0xc3, 0x87, 0x87, 0x87, 0x53, 0x53, 0x53, 0x2d, 0x2d, 0x2d,
    0x14, 0x14, 0x14, 0x05, 0x05, 0x05, 0x00, 0x00, 0x00, 0x00, 0x00, 0x00,
    0x00, 0x00, 0x00, 0x00, 0x00, 0x00, 0x00, 0x00, 0x00, 0x00, 0x00, 0x00,
    0x03, 0x03, 0x03, 0x0f, 0x0f, 0x0f, 0x23, 0x23, 0x23, 0x45, 0x45, 0x45,
    0x75, 0x75, 0x75, 0xb1, 0xb1, 0xb1, 0xe8, 0xe8, 0xe8, 0xff, 0xff, 0xff,
    0xe1, 0xe1, 0xe1, 0x7f, 0x7f, 0x7f, 0x3f, 0x3f, 0x3f, 0xa9, 0xa9, 0xa9,
    0xff, 0xff, 0xff, 0xce, 0xce, 0xce, 0x7a, 0x7a, 0x7a, 0x83, 0x83, 0x83,
    0xa3, 0xa3, 0xa3, 0xcd, 0xcd, 0xcd, 0xec, 0xec, 0xec, 0xfb, 0xfb, 0xfb,
    0xff, 0xff, 0xff, 0xff, 0xff, 0xff, 0xff, 0xff, 0xff, 0xff, 0xff, 0xff,
    0x00, 0x00, 0xff, 0xff, 0xff, 0xff, 0xff, 0xff, 0xff, 0xff, 0xff, 0xfa,
    0xfa, 0xfa, 0xf1, 0xf1, 0xf1, 0xca, 0xca, 0xca, 0xde, 0xde, 0xde, 0xff,
    0xff, 0xff, 0x8c, 0x8c, 0x8c, 0x11, 0x11, 0x11, 0x00, 0x00, 0x00, 0x00,
    0x00, 0x00, 0x35, 0x35, 0x35, 0x7f, 0x7f, 0x7f, 0xc2, 0xc2, 0xc2, 0xee,
    0xee, 0xee, 0xfe, 0xfe, 0xfe, 0xfa, 0xfa, 0xfa, 0xeb, 0xeb, 0xeb, 0xd9,
    0xd9, 0xd9, 0xc7, 0xc7, 0xc7, 0xba, 0xba, 0xba, 0xb2, 0xb2, 0xb2, 0xa8,
    0xa8, 0xa8, 0xb1, 0xb1, 0xb1, 0xc2, 0xc2, 0xc2, 0xd3, 0xd3, 0xd3, 0xe6,
    0xe6, 0xe6, 0xf7, 0xf7, 0xf7, 0xff, 0xff, 0xff, 0xf5, 0xf5, 0xf5, 0xd3,
    0xd3, 0xd3, 0x96, 0x96, 0x96, 0x4b, 0x4b, 0x4b, 0x0c, 0x0c, 0x0c, 0x00,
    0x00, 0x00, 0x00, 0x00, 0x00, 0x00, 0x00, 0x00, 0x5d, 0x5d, 0x5d, 0xf1,
    0xf1, 0xf1, 0xeb, 0xeb, 0xeb, 0x86, 0x86, 0x86, 0x80, 0x80, 0x80, 0xa3,
    0xa3, 0xa3, 0xce, 0xce, 0xce, 0xee, 0xee, 0xee, 0xfc, 0xfc, 0xfc, 0xff,
    0xff, 0xff, 0xff, 0xff, 0xff, 0xff, 0xff, 0xff, 0x00, 0x00, 0xff, 0xff,
    0xff, 0xff, 0xff, 0xff, 0xfd, 0xfd, 0xfd, 0xf7, 0xf7, 0xf7, 0xd3, 0xd3,
    0xd3, 0xe7, 0xe7, 0xe7, 0xf4, 0xf4, 0xf4, 0x52, 0x52, 0x52, 0x00, 0x00,
    0x00, 0x00, 0x00, 0x00, 0x04, 0x04, 0x04, 0x00, 0x00, 0x00, 0x00, 0x00,
    0x00, 0x00, 0x00, 0x00, 0x00, 0x00, 0x00, 0x15, 0x15, 0x15, 0x3a, 0x3a,
    0x3a, 0x61, 0x61, 0x61, 0x84, 0x84, 0x84, 0xa0, 0xa0, 0xa0, 0xb4, 0xb4,
    0xb4, 0xc1, 0xc1, 0xc1, 0xca, 0xca, 0xca, 0xf3, 0xf3, 0xf3, 0xde, 0xde,
    0xde, 0xb9, 0xb9, 0xb9, 0xa8, 0xa8, 0xa8, 0x8e, 0x8e, 0x8e, 0x6d, 0x6d,
    0x6d, 0x46, 0x46, 0x46, 0x20, 0x20, 0x20, 0x01, 0x01, 0x01, 0x00, 0x00,
    0x00, 0x00, 0x00, 0x00, 0x00, 0x00, 0x00, 0x03, 0x03, 0x03, 0x03, 0x03,
    0x03, 0x02, 0x02, 0x02, 0x00, 0x00, 0x00, 0x2c, 0x2c, 0x2c, 0xd4, 0xd4,
    0xd4, 0xf6, 0xf6, 0xf6, 0x8a, 0x8a, 0x8a, 0x80, 0x80, 0x80, 0xa7, 0xa7,
    0xa7, 0xd6, 0xd6, 0xd6, 0xf4, 0xf4, 0xf4, 0xfe, 0xfe, 0xfe, 0xff, 0xff,
    0xff, 0xff, 0xff, 0xff, 0x00, 0x00, 0xff, 0xff, 0xff, 0xfe, 0xfe, 0xfe,
    0xfd, 0xfd, 0xfd, 0xe0, 0xe0, 0xe0, 0xe3, 0xe3, 0xe3, 0xf0, 0xf0, 0xf0,
    0x3a, 0x3a, 0x3a, 0x00, 0x00, 0x00, 0x04, 0x04, 0x04, 0x01, 0x01, 0x01,
    0x00, 0x00, 0x00, 0x01, 0x01, 0x01, 0x02, 0x02, 0x02, 0x04, 0x04, 0x04,
    0x01, 0x01, 0x01, 0x00, 0x00, 0x00, 0x00, 0x00, 0x00, 0x00, 0x00, 0x00,
    0x00, 0x00, 0x00, 0x00, 0x00, 0x00, 0x00, 0x00, 0x00, 0x00, 0x00, 0x00,
    0x07, 0x07, 0x07, 0xe4, 0xe4, 0xe4, 0x85, 0x85, 0x85, 0x00, 0x00, 0x00,
    0x00, 0x00, 0x00, 0x00, 0x00, 0x00, 0x00, 0x00, 0x00, 0x00, 0x00, 0x00,
    0x00, 0x00, 0x00, 0x00, 0x00, 0x00, 0x03, 0x03, 0x03, 0x03, 0x03, 0x03,
    0x01, 0x01, 0x01, 0x00, 0x00, 0x00, 0x00, 0x00, 0x00, 0x00, 0x00, 0x00,
    0x04, 0x04, 0x04, 0x00, 0x00, 0x00, 0x18, 0x18, 0x18, 0xca, 0xca, 0xca,
    0xf2, 0xf2, 0xf2, 0x81, 0x81, 0x81, 0x87, 0x87, 0x87, 0xb5, 0xb5, 0xb5,
    0xe3, 0xe3, 0xe3, 0xfa, 0xfa, 0xfa, 0xff, 0xff, 0xff, 0xff, 0xff, 0xff,
    0x00, 0x00, 0xff, 0xff, 0xff, 0xfe, 0xfe, 0xfe, 0xf9, 0xf9, 0xf9, 0xdc,
    0xdc, 0xdc, 0xff, 0xff, 0xff, 0x48, 0x48, 0x48, 0x00, 0x00, 0x00, 0x05,
    0x05, 0x05, 0x00, 0x00, 0x00, 0x00, 0x00, 0x00, 0x00, 0x00, 0x00, 0x00,
    0x00, 0x00, 0x00, 0x00, 0x00, 0x00, 0x00, 0x00, 0x00, 0x00, 0x00, 0x01,
    0x01, 0x01, 0x03, 0x03, 0x03, 0x04, 0x04, 0x04, 0x04, 0x04, 0x04, 0x03,
    0x03, 0x03, 0x03, 0x03, 0x03, 0x01, 0x01, 0x01, 0x0d, 0x0d, 0x0d, 0xe7,
    0xe7, 0xe7, 0x8a, 0x8a, 0x8a, 0x02, 0x02, 0x02, 0x07, 0x07, 0x07, 0x04,
    0x04, 0x04, 0x04, 0x04, 0x04, 0x03, 0x03, 0x03, 0x02, 0x02, 0x02, 0x01,
    0x01, 0x01, 0x00, 0x00, 0x00, 0x00, 0x00, 0x00, 0x00, 0x00, 0x00, 0x00,
    0x00, 0x00, 0x00, 0x00, 0x00, 0x00, 0x00, 0x00, 0x00, 0x00, 0x00, 0x04,
    0x04, 0x04, 0x00, 0x00, 0x00, 0x1a, 0x1a, 0x1a, 0xdd, 0xdd, 0xdd, 0xdd,
    0xdd, 0xdd, 0x76, 0x76, 0x76, 0x99, 0x99, 0x99, 0xcd, 0xcd, 0xcd, 0xf2,
    0xf2, 0xf2, 0xfe, 0xfe, 0xfe, 0xff, 0xff, 0xff, 0x00, 0x00, 0xff, 0xff,
    0xff, 0xff, 0xff, 0xff, 0xe3, 0xe3, 0xe3, 0xfe, 0xfe, 0xfe, 0x86, 0x86,
    0x86, 0x00, 0x00, 0x00, 0x05, 0x05, 0x05, 0x00, 0x00, 0x00, 0x00, 0x00,
    0x00, 0x00, 0x00, 0x00, 0x00, 0x00, 0x00, 0x00, 0x00, 0x00, 0x00, 0x00,
    0x00, 0x00, 0x00, 0x00, 0x00, 0x00, 0x00, 0x00, 0x00, 0x00, 0x00, 0x00,
    0x00, 0x00, 0x00, 0x00, 0x00, 0x00, 0x00, 0x00, 0x00, 0x00, 0x01, 0x01,
    0x01, 0x00, 0x00, 0x00, 0x0e, 0x0e, 0x0e, 0xe7, 0xe7, 0xe7, 0x8b, 0x8b,
    0x8b, 0x00, 0x00, 0x00, 0x04, 0x04, 0x04, 0x00, 0x00, 0x00, 0x00, 0x00,
    0x00, 0x00, 0x00, 0x00, 0x00, 0x00, 0x00, 0x00, 0x00, 0x00, 0x00, 0x00,
    0x00, 0x00, 0x00, 0x00, 0x00, 0x00, 0x00, 0x00, 0x00, 0x00, 0x00, 0x00,
    0x00, 0x00, 0x00, 0x00, 0x00, 0x00, 0x00, 0x00, 0x00, 0x00, 0x04, 0x04,
    0x04, 0x00, 0x00, 0x00, 0x3f, 0x3f, 0x3f, 0xff, 0xff, 0xff, 0xab, 0xab,
    0xab, 0x85, 0x85, 0x85, 0xb8, 0xb8, 0xb8, 0xe8, 0xe8, 0xe8, 0xfc, 0xfc,
    0xfc, 0xff, 0xff, 0xff, 0x00, 0x00, 0xff, 0xff, 0xff, 0xff, 0xff, 0xff,
    0xe9, 0xe9, 0xe9, 0xea, 0xea, 0xea, 0x16, 0x16, 0x16, 0x02, 0x02, 0x02,
    0x02, 0x02, 0x02, 0x00, 0x00, 0x00, 0x00, 0x00, 0x00, 0x00, 0x00, 0x00,
    0x00, 0x00, 0x00, 0x00, 0x00, 0x00, 0x00, 0x00, 0x00, 0x00, 0x00, 0x00,
    0x00, 0x00, 0x00, 0x00, 0x00, 0x00, 0x00, 0x00, 0x00, 0x00, 0x00, 0x00,
    0x00, 0x00, 0x00, 0x00, 0x00, 0x00, 0x01, 0x01, 0x01, 0x00, 0x00, 0x00,
    0x0a, 0x0a, 0x0a, 0xe5, 0xe5, 0xe5, 0x88, 0x88, 0x88, 0x01, 0x01, 0x01,
    0x04, 0x04, 0x04, 0x00, 0x00, 0x00, 0x00, 0x00, 0x00, 0x00, 0x00, 0x00,
    0x00, 0x00, 0x00, 0x00, 0x00, 0x00, 0x00, 0x00, 0x00, 0x00, 0x00, 0x00,
    0x00, 0x00, 0x00, 0x00, 0x00, 0x00, 0x00, 0x00, 0x00, 0x00, 0x00, 0x00,
    0x00, 0x00, 0x00, 0x00, 0x00, 0x00, 0x00, 0x00, 0x00, 0x04, 0x04, 0x04,
    0x00, 0x00, 0x00, 0xa1, 0xa1, 0xa1, 0xed, 0xed, 0xed, 0x7c, 0x7c, 0x7c,
    0xa8, 0xa8, 0xa8, 0xde, 0xde, 0xde, 0xfa, 0xfa, 0xfa, 0xff, 0xff, 0xff,
    0x00, 0x00, 0xff, 0xff, 0xff, 0xf5, 0xf5, 0xf5, 0xf3, 0xf3, 0xf3, 0xa3,
    0xa3, 0xa3, 0x01, 0x01, 0x01, 0x03, 0x03, 0x03, 0x00, 0x00, 0x00, 0x00,
    0x00, 0x00, 0x00, 0x00, 0x00, 0x00, 0x00, 0x00, 0x00, 0x00, 0x00, 0x00,
    0x00, 0x00, 0x00, 0x00, 0x00, 0x00, 0x00, 0x00, 0x00, 0x00, 0x00, 0x00,
    0x00, 0x00, 0x00, 0x00, 0x00, 0x00, 0x00, 0x00, 0x00, 0x00, 0x00, 0x00,
    0x00, 0x00, 0x02, 0x02, 0x02, 0x01, 0x01, 0x01, 0x26, 0x26, 0x26, 0xf3,
    0xf3, 0xf3, 0x99, 0x99, 0x99, 0x00, 0x00, 0x00, 0x03, 0x03, 0x03, 0x00,
    0x00, 0x00, 0x00, 0x00, 0x00, 0x00, 0x00, 0x00, 0x00, 0x00, 0x00, 0x00,
    0x00, 0x00, 0x00, 0x00, 0x00, 0x00, 0x00, 0x00, 0x00, 0x00, 0x00, 0x00,
    0x00, 0x00, 0x00, 0x00, 0x00, 0x00, 0x00, 0x00, 0x00, 0x00, 0x00, 0x00,
    0x00, 0x00, 0x00, 0x00, 0x00, 0x03, 0x03, 0x03, 0x01, 0x01, 0x01, 0x3f,
    0x3f, 0x3f, 0xff, 0xff, 0xff, 0x9a, 0x9a, 0x9a, 0xa3, 0xa3, 0xa3, 0xd9,
    0xd9, 0xd9, 0xf8, 0xf8, 0xf8, 0xff, 0xff, 0xff, 0x00, 0x00, 0xff, 0xff,
    0xff, 0xf2, 0xf2, 0xf2, 0xf5, 0xf5, 0xf5, 0x75, 0x75, 0x75, 0x02, 0x02,
    0x02, 0x04, 0x04, 0x04, 0x00, 0x00, 0x00, 0x00, 0x00, 0x00, 0x00, 0x00,
    0x00, 0x00, 0x00, 0x00, 0x00, 0x00, 0x00, 0x00, 0x00, 0x00, 0x00, 0x00,
    0x00, 0x00, 0x00, 0x00, 0x00, 0x00, 0x00, 0x00, 0x00, 0x00, 0x00, 0x00,
    0x00, 0x00, 0x00, 0x00, 0x00, 0x00, 0x00, 0x00, 0x00, 0x00, 0x04, 0x04,
    0x04, 0x00, 0x00, 0x00, 0x9e, 0x9e, 0x9e, 0xff, 0xff, 0xff, 0xde, 0xde,
    0xde, 0x1a, 0x1a, 0x1a, 0x01, 0x01, 0x01, 0x02, 0x02, 0x02, 0x00, 0x00,
    0x00, 0x00, 0x00, 0x00, 0x00, 0x00, 0x00, 0x00, 0x00, 0x00, 0x00, 0x00,
    0x00, 0x00, 0x00, 0x00, 0x00, 0x00, 0x00, 0x00, 0x00, 0x00, 0x00, 0x00,
    0x00, 0x00, 0x00, 0x00, 0x00, 0x00, 0x00, 0x00, 0x00, 0x00, 0x00, 0x00,
    0x00, 0x01, 0x01, 0x01, 0x00, 0x00, 0x00, 0x14, 0x14, 0x14, 0xec, 0xec,
    0xec, 0xb5, 0xb5, 0xb5, 0xa3, 0xa3, 0xa3, 0xd9, 0xd9, 0xd9, 0xf8, 0xf8,
    0xf8, 0xff, 0xff, 0xff, 0x00, 0x00, 0xff, 0xff, 0xff, 0xf3, 0xf3, 0xf3,
    0xf6, 0xf6, 0xf6, 0x73, 0x73, 0x73, 0x02, 0x02, 0x02, 0x04, 0x04, 0x04,
    0x00, 0x00, 0x00, 0x00, 0x00, 0x00, 0x00, 0x00, 0x00, 0x00, 0x00, 0x00,
    0x00, 0x00, 0x00, 0x00, 0x00, 0x00, 0x00, 0x00, 0x00, 0x00, 0x00, 0x00,
    0x00, 0x00, 0x00, 0x00, 0x00, 0x00, 0x00, 0x00, 0x00, 0x00, 0x00, 0x00,
    0x00, 0x00, 0x00, 0x04, 0x04, 0x04, 0x00, 0x00, 0x00, 0x4d, 0x4d, 0x4d,
    0xfc, 0xfc, 0xfc, 0xa2, 0xa2, 0xa2, 0xee, 0xee, 0xee, 0x8a, 0x8a, 0x8a,
    0x00, 0x00, 0x00, 0x04, 0x04, 0x04, 0x00, 0x00, 0x00, 0x00, 0x00, 0x00,
    0x00, 0x00, 0x00, 0x00, 0x00, 0x00, 0x00, 0x00, 0x00, 0x00, 0x00, 0x00,
    0x00, 0x00, 0x00, 0x00, 0x00, 0x00, 0x00, 0x00, 0x00, 0x00, 0x00, 0x00,
    0x00, 0x00, 0x00, 0x00, 0x00, 0x00, 0x00, 0x00, 0x00, 0x01, 0x01, 0x01,
    0x00, 0x00, 0x00, 0x0c, 0x0c, 0x0c, 0xe4, 0xe4, 0xe4, 0xbd, 0xbd, 0xbd,
    0xaa, 0xaa, 0xaa, 0xde, 0xde, 0xde, 0xf9, 0xf9, 0xf9, 0xff, 0xff, 0xff,
    0x00, 0x00, 0xff, 0xff, 0xff, 0xf8, 0xf8, 0xf8, 0xf6, 0xf6, 0xf6, 0x9c,
    0x9c, 0x9c, 0x01, 0x01, 0x01, 0x03, 0x03, 0x03, 0x00, 0x00, 0x00, 0x00,
    0x00, 0x00, 0x00, 0x00, 0x00, 0x00, 0x00, 0x00, 0x00, 0x00, 0x00, 0x00,
    0x00, 0x00, 0x00, 0x00, 0x00, 0x00, 0x00, 0x00, 0x00, 0x00, 0x00, 0x00,
    0x00, 0x00, 0x00, 0x00, 0x00, 0x00, 0x00, 0x00, 0x04, 0x04, 0x04, 0x00,
    0x00, 0x00, 0x21, 0x21, 0x21, 0xe8, 0xe8, 0xe8, 0xca, 0xca, 0xca, 0x05,
    0x05, 0x05, 0x94, 0x94, 0x94, 0xfb, 0xfb, 0xfb, 0x30, 0x30, 0x30, 0x00,
    0x00, 0x00, 0x04, 0x04, 0x04, 0x00, 0x00, 0x00, 0x00, 0x00, 0x00, 0x00,
    0x00, 0x00, 0x00, 0x00, 0x00, 0x00, 0x00, 0x00, 0x00, 0x00, 0x00, 0x00,
    0x00, 0x00, 0x00, 0x00, 0x00, 0x00, 0x00, 0x00, 0x00, 0x00, 0x00, 0x00,
    0x00, 0x00, 0x00, 0x00, 0x00, 0x02, 0x02, 0x02, 0x01, 0x01, 0x01, 0x1f,
    0x1f, 0x1f, 0xf4, 0xf4, 0xf4, 0xb6, 0xb6, 0xb6, 0xbc, 0xbc, 0xbc, 0xe8,
    0xe8, 0xe8, 0xfc, 0xfc, 0xfc, 0xff, 0xff, 0xff, 0x00, 0x00, 0xff, 0xff,
    0xff, 0xff, 0xff, 0xff, 0xef, 0xef, 0xef, 0xe2, 0xe2, 0xe2, 0x10, 0x10,
    0x10, 0x01, 0x01, 0x01, 0x01, 0x01, 0x01, 0x00, 0x00, 0x00, 0x00, 0x00,
    0x00, 0x00, 0x00, 0x00, 0x00, 0x00, 0x00, 0x00, 0x00, 0x00, 0x00, 0x00,
    0x00, 0x00, 0x00, 0x00, 0x00, 0x00, 0x00, 0x00, 0x00, 0x00, 0x00, 0x00,
    0x00, 0x04, 0x04, 0x04, 0x00, 0x00, 0x00, 0x17, 0x17, 0x17, 0xcf, 0xcf,
    0xcf, 0xeb, 0xeb, 0xeb, 0x2a, 0x2a, 0x2a, 0x00, 0x00, 0x00, 0x18, 0x18,
    0x18, 0xde, 0xde, 0xde, 0xd3, 0xd3, 0xd3, 0x11, 0x11, 0x11, 0x00, 0x00,
    0x00, 0x03, 0x03, 0x03, 0x00, 0x00, 0x00, 0x00, 0x00, 0x00, 0x00, 0x00,
    0x00, 0x00, 0x00, 0x00, 0x00, 0x00, 0x00, 0x00, 0x00, 0x00, 0x00, 0x00,
    0x00, 0x00, 0x00, 0x00, 0x00, 0x00, 0x00, 0x00, 0x00, 0x00, 0x00, 0x00,
    0x00, 0x04, 0x04, 0x04, 0x00, 0x00, 0x00, 0x5f, 0x5f, 0x5f, 0xff, 0xff,
    0xff, 0xaa, 0xaa, 0xaa, 0xd2, 0xd2, 0xd2, 0xf2, 0xf2, 0xf2, 0xfe, 0xfe,
    0xfe, 0xff, 0xff, 0xff, 0x00, 0x00, 0xfe, 0xfe, 0xfe, 0xff, 0xff, 0xff,
    0xf0, 0xf0, 0xf0, 0xff, 0xff, 0xff, 0x6b, 0x6b, 0x6b, 0x00, 0x00, 0x00,
    0x05, 0x05, 0x05, 0x00, 0x00, 0x00, 0x00, 0x00, 0x00, 0x00, 0x00, 0x00,
    0x00, 0x00, 0x00, 0x00, 0x00, 0x00, 0x00, 0x00, 0x00, 0x00, 0x00, 0x00,
    0x00, 0x00, 0x00, 0x02, 0x02, 0x02, 0x03, 0x03, 0x03, 0x00, 0x00, 0x00,
    0x23, 0x23, 0x23, 0xca, 0xca, 0xca, 0xf0, 0xf0, 0xf0, 0x41, 0x41, 0x41,
    0x00, 0x00, 0x00, 0x05, 0x05, 0x05, 0x00, 0x00, 0x00, 0x3d, 0x3d, 0x3d,
    0xf9, 0xf9, 0xf9, 0xbe, 0xbe, 0xbe, 0x11, 0x11, 0x11, 0x00, 0x00, 0x00,
    0x04, 0x04, 0x04, 0x01, 0x01, 0x01, 0x00, 0x00, 0x00, 0x00, 0x00, 0x00,
    0x00, 0x00, 0x00, 0x00, 0x00, 0x00, 0x00, 0x00, 0x00, 0x00, 0x00, 0x00,
    0x00, 0x00, 0x00, 0x00, 0x00, 0x00, 0x03, 0x03, 0x03, 0x00, 0x00, 0x00,
    0x10, 0x10, 0x10, 0xd8, 0xd8, 0xd8, 0xde, 0xde, 0xde, 0xb9, 0xb9, 0xb9,
    0xe5, 0xe5, 0xe5, 0xf9, 0xf9, 0xf9, 0xff, 0xff, 0xff, 0xff, 0xff, 0xff,
    0x00, 0x00, 0xff, 0xff, 0xff, 0xff, 0xff, 0xff, 0xfd, 0xfd, 0xfd, 0xeb,
    0xeb, 0xeb, 0xec, 0xec, 0xec, 0x23, 0x23, 0x23, 0x00, 0x00, 0x00, 0x05,
    0x05, 0x05, 0x02, 0x02, 0x02, 0x01, 0x01, 0x01, 0x01, 0x01, 0x01, 0x01,
    0x01, 0x01, 0x02, 0x02, 0x02, 0x03, 0x03, 0x03, 0x03, 0x03, 0x03, 0x00,
    0x00, 0x00, 0x01, 0x01, 0x01, 0x4c, 0x4c, 0x4c, 0xdb, 0xdb, 0xdb, 0xff,
    0xff, 0xff, 0x6d, 0x6d, 0x6d, 0x00, 0x00, 0x00, 0x05, 0x05, 0x05, 0x00,
    0x00, 0x00, 0x03, 0x03, 0x03, 0x00, 0x00, 0x00, 0x53, 0x53, 0x53, 0xf4,
    0xf4, 0xf4, 0xc5, 0xc5, 0xc5, 0x2c, 0x2c, 0x2c, 0x00, 0x00, 0x00, 0x00,
    0x00, 0x00, 0x03, 0x03, 0x03, 0x02, 0x02, 0x02, 0x01, 0x01, 0x01, 0x01,
    0x01, 0x01, 0x01, 0x01, 0x01, 0x01, 0x01, 0x01, 0x02, 0x02, 0x02, 0x04,
    0x04, 0x04, 0x00, 0x00, 0x00, 0x05, 0x05, 0x05, 0xaf, 0xaf, 0xaf, 0xfc,
    0xfc, 0xfc, 0xc0, 0xc0, 0xc0, 0xe2, 0xe2, 0xe2, 0xf6, 0xf6, 0xf6, 0xfe,
    0xfe, 0xfe, 0xff, 0xff, 0xff, 0xff, 0xff, 0xff, 0x00, 0x00, 0xff, 0xff,
    0xff, 0xff, 0xff, 0xff, 0xff, 0xff, 0xff, 0xf6, 0xf6, 0xf6, 0xf2, 0xf2,
    0xf2, 0xd3, 0xd3, 0xd3, 0x29, 0x29, 0x29, 0x00, 0x00, 0x00, 0x00, 0x00,
    0x00, 0x00, 0x00, 0x00, 0x00, 0x00, 0x00, 0x00, 0x00, 0x00, 0x00, 0x00,
    0x00, 0x00, 0x00, 0x00, 0x01, 0x01, 0x01, 0x28, 0x28, 0x28, 0x9b, 0x9b,
    0x9b, 0xff, 0xff, 0xff, 0xe2, 0xe2, 0xe2, 0xf2, 0xf2, 0xf2, 0x5a, 0x5a,
    0x5a, 0x03, 0x03, 0x03, 0x04, 0x04, 0x04, 0x00, 0x00, 0x00, 0x00, 0x00,
    0x00, 0x02, 0x02, 0x02, 0x00, 0x00, 0x00, 0xb5, 0xb5, 0xb5, 0xff, 0xff,
    0xff, 0xee, 0xee, 0xee, 0x72, 0x72, 0x72, 0x10, 0x10, 0x10, 0x01, 0x01,
    0x01, 0x00, 0x00, 0x00, 0x00, 0x00, 0x00, 0x00, 0x00, 0x00, 0x00, 0x00,
    0x00, 0x00, 0x00, 0x00, 0x00, 0x00, 0x00, 0x00, 0x00, 0x00, 0x22, 0x22,
    0x22, 0xb5, 0xb5, 0xb5, 0xff, 0xff, 0xff, 0xcb, 0xcb, 0xcb, 0xe5, 0xe5,
    0xe5, 0xf3, 0xf3, 0xf3, 0xfd, 0xfd, 0xfd, 0xff, 0xff, 0xff, 0xff, 0xff,
    0xff, 0xff, 0xff, 0xff, 0x00, 0x00, 0xff, 0xff, 0xff, 0xff, 0xff, 0xff,
    0xfe, 0xfe, 0xfe, 0xff, 0xff, 0xff, 0xf2, 0xf2, 0xf2, 0xf6, 0xf6, 0xf6,
    0xef, 0xef, 0xef, 0x7c, 0x7c, 0x7c, 0x2c, 0x2c, 0x2c, 0x0c, 0x0c, 0x0c,
    0x03, 0x03, 0x03, 0x09, 0x09, 0x09, 0x1f, 0x1f, 0x1f, 0x50, 0x50, 0x50,
    0xa2, 0xa2, 0xa2, 0xf5, 0xf5, 0xf5, 0xf8, 0xf8, 0xf8, 0xdf, 0xdf, 0xdf,
    0xd7, 0xd7, 0xd7, 0xf5, 0xf5, 0xf5, 0x8a, 0x8a, 0x8a, 0x01, 0x01, 0x01,
    0x04, 0x04, 0x04, 0x00, 0x00, 0x00, 0x01, 0x01, 0x01, 0x02, 0x02, 0x02,
    0x11, 0x11, 0x11, 0xe3, 0xe3, 0xe3, 0xce, 0xce, 0xce, 0xd4, 0xd4, 0xd4,
    0xff, 0xff, 0xff, 0xdd, 0xdd, 0xdd, 0x80, 0x80, 0x80, 0x3a, 0x3a, 0x3a,
    0x14, 0x14, 0x14, 0x04, 0x04, 0x04, 0x03, 0x03, 0x03, 0x11, 0x11, 0x11,
    0x36, 0x36, 0x36, 0x84, 0x84, 0x84, 0xed, 0xed, 0xed, 0xf5, 0xf5, 0xf5,
    0xd5, 0xd5, 0xd5, 0xeb, 0xeb, 0xeb, 0xf5, 0xf5, 0xf5, 0xfc, 0xfc, 0xfc,
    0xff, 0xff, 0xff, 0xff, 0xff, 0xff, 0xff, 0xff, 0xff, 0xff, 0xff, 0xff,
    0x00, 0x00, 0xff, 0xff, 0xff, 0xff, 0xff, 0xff, 0xff, 0xff, 0xff, 0xff,
    0xff, 0xff, 0xff, 0xff, 0xff, 0xf6, 0xf6, 0xf6, 0xf3, 0xf3, 0xf3, 0xfc,
    0xfc, 0xfc, 0xf9, 0xf9, 0xf9, 0xdf, 0xdf, 0xdf, 0xd2, 0xd2, 0xd2, 0xdb,
    0xdb, 0xdb, 0xf2, 0xf2, 0xf2, 0xff, 0xff, 0xff, 0xf7, 0xf7, 0xf7, 0xea,
    0xea, 0xea, 0xe6, 0xe6, 0xe6, 0xfa, 0xfa, 0xfa, 0xff, 0xff, 0xff, 0xed,
    0xed, 0xed, 0xea, 0xea, 0xea, 0x1a, 0x1a, 0x1a, 0x00, 0x00, 0x00, 0x06,
    0x06, 0x06, 0x06, 0x06, 0x06, 0x00, 0x00, 0x00, 0x72, 0x72, 0x72, 0xff,
    0xff, 0xff, 0xaf, 0xaf, 0xaf, 0xdb, 0xdb, 0xdb, 0xee, 0xee, 0xee, 0xf4,
    0xf4, 0xf4, 0xf9, 0xf9, 0xf9, 0xfe, 0xfe, 0xfe, 0xe9, 0xe9, 0xe9, 0xd5,
    0xd5, 0xd5, 0xd3, 0xd3, 0xd3, 0xe5, 0xe5, 0xe5, 0xfd, 0xfd, 0xfd, 0xf8,
    0xf8, 0xf8, 0xea, 0xea, 0xea, 0xe2, 0xe2, 0xe2, 0xfa, 0xfa, 0xfa, 0xfa,
    0xfa, 0xfa, 0xfd, 0xfd, 0xfd, 0xff, 0xff, 0xff, 0xff, 0xff, 0xff, 0xff,
    0xff, 0xff, 0xff, 0xff, 0xff, 0xff, 0xff, 0xff, 0x00, 0x00, 0xff, 0xff,
    0xff, 0xff, 0xff, 0xff, 0xff, 0xff, 0xff, 0xff, 0xff, 0xff, 0xfe, 0xfe,
    0xfe, 0xff, 0xff, 0xff, 0xff, 0xff, 0xff, 0xf5, 0xf5, 0xf5, 0xf4, 0xf4,
    0xf4, 0xf3, 0xf3, 0xf3, 0xf4, 0xf4, 0xf4, 0xf2, 0xf2, 0xf2, 0xef, 0xef,
    0xef, 0xec, 0xec, 0xec, 0xef, 0xef, 0xef, 0xff, 0xff, 0xff, 0xff, 0xff,
    0xff, 0xfd, 0xfd, 0xfd, 0xff, 0xff, 0xff, 0xf5, 0xf5, 0xf5, 0xf6, 0xf6,
    0xf6, 0xb5, 0xb5, 0xb5, 0x0e, 0x0e, 0x0e, 0x00, 0x00, 0x00, 0x00, 0x00,
    0x00, 0x42, 0x42, 0x42, 0xf8, 0xf8, 0xf8, 0xcf, 0xcf, 0xcf, 0xc0, 0xc0,
    0xc0, 0xea, 0xea, 0xea, 0xff, 0xff, 0xff, 0xff, 0xff, 0xff, 0xf7, 0xf7,
    0xf7, 0xf3, 0xf3, 0xf3, 0xf3, 0xf3, 0xf3, 0xf3, 0xf3, 0xf3, 0xf2, 0xf2,
    0xf2, 0xf1, 0xf1, 0xf1, 0xee, 0xee, 0xee, 0xed, 0xed, 0xed, 0xfc, 0xfc,
    0xfc, 0xff, 0xff, 0xff, 0xfd, 0xfd, 0xfd, 0xfe, 0xfe, 0xfe, 0xff, 0xff,
    0xff, 0xff, 0xff, 0xff, 0xff, 0xff, 0xff, 0xff, 0xff, 0xff, 0xff, 0xff,
    0xff, 0xff, 0xff, 0xff, 0x00, 0x00, 0xff, 0xff, 0xff, 0xff, 0xff, 0xff,
    0xff, 0xff, 0xff, 0xff, 0xff, 0xff, 0xff, 0xff, 0xff, 0xff, 0xff, 0xff,
    0xff, 0xff, 0xff, 0xff, 0xff, 0xff, 0xff, 0xff, 0xff, 0xff, 0xff, 0xff,
    0xff, 0xff, 0xff, 0xff, 0xff, 0xff, 0xff, 0xff, 0xff, 0xff, 0xff, 0xff,
    0xff, 0xff, 0xff, 0xff, 0xff, 0xff, 0xff, 0xff, 0xff, 0xff, 0xff, 0xff,
    0xfe, 0xfe, 0xfe, 0xff, 0xff, 0xff, 0xea, 0xea, 0xea, 0xfa, 0xfa, 0xfa,
    0xc8, 0xc8, 0xc8, 0x7d, 0x7d, 0x7d, 0x93, 0x93, 0x93, 0xed, 0xed, 0xed,
    0xdb, 0xdb, 0xdb, 0xa3, 0xa3, 0xa3, 0xd3, 0xd3, 0xd3, 0xf1, 0xf1, 0xf1,
    0xfc, 0xfc, 0xfc, 0xfe, 0xfe, 0xfe, 0xff, 0xff, 0xff, 0xff, 0xff, 0xff,
    0xff, 0xff, 0xff, 0xff, 0xff, 0xff, 0xff, 0xff, 0xff, 0xff, 0xff, 0xff,
    0xff, 0xff, 0xff, 0xff, 0xff, 0xff, 0xff, 0xff, 0xff, 0xff, 0xff, 0xff,
    0xff, 0xff, 0xff, 0xff, 0xff, 0xff, 0xff, 0xff, 0xff, 0xff, 0xff, 0xff,
    0xff, 0xff, 0xff, 0xff, 0xff, 0xff, 0xff, 0xff, 0xff, 0xff, 0xff, 0xff,
    0x00, 0x00, 0xff, 0xff, 0xff, 0xff, 0xff, 0xff, 0xff, 0xff, 0xff, 0xff,
    0xff, 0xff, 0xff, 0xff, 0xff, 0xff, 0xff, 0xff, 0xff, 0xff, 0xff, 0xff,
    0xff, 0xff, 0xff, 0xff, 0xff, 0xff, 0xff, 0xff, 0xff, 0xff, 0xff, 0xff,
    0xff, 0xff, 0xff, 0xff, 0xff, 0xff, 0xff, 0xff, 0xff, 0xff, 0xff, 0xff,
    0xff, 0xff, 0xff, 0xff, 0xff, 0xfe, 0xfe, 0xfe, 0xfa, 0xfa, 0xfa, 0xf0,
    0xf0, 0xf0, 0xe6, 0xe6, 0xe6, 0xdd, 0xdd, 0xdd, 0xf4, 0xf4, 0xf4, 0xec,
    0xec, 0xec, 0xe9, 0xe9, 0xe9, 0xf6, 0xf6, 0xf6, 0x9b, 0x9b, 0x9b, 0x97,
    0x97, 0x97, 0xbf, 0xbf, 0xbf, 0xda, 0xda, 0xda, 0xed, 0xed, 0xed, 0xf9,
    0xf9, 0xf9, 0xfe, 0xfe, 0xfe, 0xff, 0xff, 0xff, 0xff, 0xff, 0xff, 0xff,
    0xff, 0xff, 0xff, 0xff, 0xff, 0xff, 0xff, 0xff, 0xff, 0xff, 0xff, 0xff,
    0xff, 0xff, 0xff, 0xff, 0xff, 0xff, 0xff, 0xff, 0xff, 0xff, 0xff, 0xff,
    0xff, 0xff, 0xff, 0xff, 0xff, 0xff, 0xff, 0xff, 0xff, 0xff, 0xff, 0xff,
    0xff, 0xff, 0xff, 0xff, 0xff, 0xff, 0xff, 0xff, 0x00, 0x00, 0xff, 0xff,
    0xff, 0xff, 0xff, 0xff, 0xff, 0xff, 0xff, 0xff, 0xff, 0xff, 0xff, 0xff,
    0xff, 0xff, 0xff, 0xff, 0xff, 0xff, 0xff, 0xff, 0xff, 0xff, 0xff, 0xff,
    0xff, 0xff, 0xff, 0xff, 0xff, 0xff, 0xff, 0xff, 0xff, 0xff, 0xff, 0xff,
    0xff, 0xff, 0xff, 0xff, 0xff, 0xff, 0xff, 0xff, 0xff, 0xff, 0xff, 0xff,
    0xff, 0xfc, 0xfc, 0xfc, 0xf1, 0xf1, 0xf1, 0xd6, 0xd6, 0xd6, 0xb5, 0xb5,
    0xb5, 0xd7, 0xd7, 0xd7, 0xc8, 0xc8, 0xc8, 0x15, 0x15, 0x15, 0x3c, 0x3c,
    0x3c, 0xf9, 0xf9, 0xf9, 0x8f, 0x8f, 0x8f, 0x80, 0x80, 0x80, 0x91, 0x91,
    0x91, 0xa9, 0xa9, 0xa9, 0xca, 0xca, 0xca, 0xea, 0xea, 0xea, 0xfb, 0xfb,
    0xfb, 0xff, 0xff, 0xff, 0xff, 0xff, 0xff, 0xff, 0xff, 0xff, 0xff, 0xff,
    0xff, 0xff, 0xff, 0xff, 0xff, 0xff, 0xff, 0xff, 0xff, 0xff, 0xff, 0xff,
    0xff, 0xff, 0xff, 0xff, 0xff, 0xff, 0xff, 0xff, 0xff, 0xff, 0xff, 0xff,
    0xff, 0xff, 0xff, 0xff, 0xff, 0xff, 0xff, 0xff, 0xff, 0xff, 0xff, 0xff,
    0xff, 0xff, 0xff, 0xff, 0x00, 0x00, 0xff, 0xff, 0xff, 0xff, 0xff, 0xff,
    0xff, 0xff, 0xff, 0xff, 0xff, 0xff, 0xff, 0xff, 0xff, 0xff, 0xff, 0xff,
    0xff, 0xff, 0xff, 0xff, 0xff, 0xff, 0xff, 0xff, 0xff, 0xff, 0xff, 0xff,
    0xff, 0xff, 0xff, 0xff, 0xff, 0xff, 0xff, 0xff, 0xff, 0xff, 0xff, 0xff,
    0xff, 0xff, 0xff, 0xff, 0xff, 0xff, 0xff, 0xff, 0xff, 0xff, 0xff, 0xff,
    0xdf, 0xdf, 0xdf, 0xd7, 0xd7, 0xd7, 0xc7, 0xc7, 0xc7, 0xeb, 0xeb, 0xeb,
    0xc5, 0xc5, 0xc5, 0x01, 0x01, 0x01, 0x2e, 0x2e, 0x2e, 0xfa, 0xfa, 0xfa,
    0xd0, 0xd0, 0xd0, 0xc2, 0xc2, 0xc2, 0x97, 0x97, 0x97, 0x7f, 0x7f, 0x7f,
    0xa5, 0xa5, 0xa5, 0xd7, 0xd7, 0xd7, 0xf6, 0xf6, 0xf6, 0xfe, 0xfe, 0xfe,
    0xff, 0xff, 0xff, 0xff, 0xff, 0xff, 0xff, 0xff, 0xff, 0xff, 0xff, 0xff,
    0xff, 0xff, 0xff, 0xff, 0xff, 0xff, 0xff, 0xff, 0xff, 0xff, 0xff, 0xff,
    0xff, 0xff, 0xff, 0xff, 0xff, 0xff, 0xff, 0xff, 0xff, 0xff, 0xff, 0xff,
    0xff, 0xff, 0xff, 0xff, 0xff, 0xff, 0xff, 0xff, 0xff, 0xff, 0xff, 0xff,
    0x00, 0x00, 0xff, 0xff, 0xff, 0xff, 0xff, 0xff, 0xff, 0xff, 0xff, 0xff,
    0xff, 0xff, 0xff, 0xff, 0xff, 0xff, 0xff, 0xff, 0xff, 0xff, 0xff, 0xff,
    0xff, 0xff, 0xff, 0xff, 0xff, 0xff, 0xff, 0xff, 0xff, 0xff, 0xff, 0xff,
    0xff, 0xff, 0xff, 0xff, 0xff, 0xff, 0xff, 0xff, 0xff, 0xff, 0xff, 0xff,
    0xff, 0xff, 0xff, 0xff, 0xff, 0xf8, 0xf8, 0xf8, 0xe6, 0xe6, 0xe6, 0xf9,
    0xf9, 0xf9, 0xdd, 0xdd, 0xdd, 0xdd, 0xdd, 0xdd, 0xa8, 0xa8, 0xa8, 0x01,
    0x01, 0x01, 0x2a, 0x2a, 0x2a, 0xc7, 0xc7, 0xc7, 0xd1, 0xd1, 0xd1, 0xe5,
    0xe5, 0xe5, 0xfd, 0xfd, 0xfd, 0xb3, 0xb3, 0xb3, 0x97, 0x97, 0x97, 0xcf,
    0xcf, 0xcf, 0xf4, 0xf4, 0xf4, 0xfe, 0xfe, 0xfe, 0xff, 0xff, 0xff, 0xff,
    0xff, 0xff, 0xff, 0xff, 0xff, 0xff, 0xff, 0xff, 0xff, 0xff, 0xff, 0xff,
    0xff, 0xff, 0xff, 0xff, 0xff, 0xff, 0xff, 0xff, 0xff, 0xff, 0xff, 0xff,
    0xff, 0xff, 0xff, 0xff, 0xff, 0xff, 0xff, 0xff, 0xff, 0xff, 0xff, 0xff,
    0xff, 0xff, 0xff, 0xff, 0xff, 0xff, 0xff, 0xff, 0x00, 0x00, 0xff, 0xff,
    0xff, 0xff, 0xff, 0xff, 0xff, 0xff, 0xff, 0xff, 0xff, 0xff, 0xff, 0xff,
    0xff, 0xff, 0xff, 0xff, 0xff, 0xff, 0xff, 0xff, 0xff, 0xff, 0xff, 0xff,
    0xff, 0xff, 0xff, 0xff, 0xff, 0xff, 0xff, 0xff, 0xff, 0xff, 0xff, 0xff,
    0xff, 0xff, 0xff, 0xff, 0xff, 0xff, 0xff, 0xff, 0xff, 0xff, 0xff, 0xff,
    0xff, 0xf1, 0xf1, 0xf1, 0xfe, 0xfe, 0xfe, 0x66, 0x66, 0x66, 0x02, 0x02,
    0x02, 0x05, 0x05, 0x05, 0x01, 0x01, 0x01, 0x00, 0x00, 0x00, 0x00, 0x00,
    0x00, 0x00, 0x00, 0x00, 0x01, 0x01, 0x01, 0x06, 0x06, 0x06, 0xc8, 0xc8,
    0xc8, 0xdb, 0xdb, 0xdb, 0x9e, 0x9e, 0x9e, 0xd4, 0xd4, 0xd4, 0xf6, 0xf6,
    0xf6, 0xfe, 0xfe, 0xfe, 0xff, 0xff, 0xff, 0xff, 0xff, 0xff, 0xff, 0xff,
    0xff, 0xff, 0xff, 0xff, 0xff, 0xff, 0xff, 0xff, 0xff, 0xff, 0xff, 0xff,
    0xff, 0xff, 0xff, 0xff, 0xff, 0xff, 0xff, 0xff, 0xff, 0xff, 0xff, 0xff,
    0xff, 0xff, 0xff, 0xff, 0xff, 0xff, 0xff, 0xff, 0xff, 0xff, 0xff, 0xff,
    0xff, 0xff, 0xff, 0xff, 0x00, 0x00, 0xff, 0xff, 0xff, 0xff, 0xff, 0xff,
    0xff, 0xff, 0xff, 0xff, 0xff, 0xff, 0xff, 0xff, 0xff, 0xff, 0xff, 0xff,
    0xff, 0xff, 0xff, 0xff, 0xff, 0xff, 0xff, 0xff, 0xff, 0xff, 0xff, 0xff,
    0xff, 0xff, 0xff, 0xff, 0xff, 0xff, 0xff, 0xff, 0xff, 0xff, 0xff, 0xff,
    0xff, 0xff, 0xff, 0xff, 0xff, 0xff, 0xff, 0xff, 0xff, 0xf5, 0xf5, 0xf5,
    0xfe, 0xfe, 0xfe, 0x86, 0x86, 0x86, 0x1b, 0x1b, 0x1b, 0x1f, 0x1f, 0x1f,
    0x15, 0x15, 0x15, 0x00, 0x00, 0x00, 0x06, 0x06, 0x06, 0x21, 0x21, 0x21,
    0x22, 0x22, 0x22, 0x2c, 0x2c, 0x2c, 0xd5, 0xd5, 0xd5, 0xda, 0xda, 0xda,
    0xc1, 0xc1, 0xc1, 0xe5, 0xe5, 0xe5, 0xfa, 0xfa, 0xfa, 0xff, 0xff, 0xff,
    0xff, 0xff, 0xff, 0xff, 0xff, 0xff, 0xff, 0xff, 0xff, 0xff, 0xff, 0xff,
    0xff, 0xff, 0xff, 0xff, 0xff, 0xff, 0xff, 0xff, 0xff, 0xff, 0xff, 0xff,
    0xff, 0xff, 0xff, 0xff, 0xff, 0xff, 0xff, 0xff, 0xff, 0xff, 0xff, 0xff,
    0xff, 0xff, 0xff, 0xff, 0xff, 0xff, 0xff, 0xff, 0xff, 0xff, 0xff, 0xff,
    0x00, 0x00, 0xff, 0xff, 0xff, 0xff, 0xff, 0xff, 0xff, 0xff, 0xff, 0xff,
    0xff, 0xff, 0xff, 0xff, 0xff, 0xff, 0xff, 0xff, 0xff, 0xff, 0xff, 0xff,
    0xff, 0xff, 0xff, 0xff, 0xff, 0xff, 0xff, 0xff, 0xff, 0xff, 0xff, 0xff,
    0xff, 0xff, 0xff, 0xff, 0xff, 0xff, 0xff, 0xff, 0xff, 0xff, 0xff, 0xff,
    0xff, 0xff, 0xff, 0xff, 0xff, 0xfd, 0xfd, 0xfd, 0xec, 0xec, 0xec, 0xff,
    0xff, 0xff, 0xf0, 0xf0, 0xf0, 0xf0, 0xf0, 0xf0, 0xb8, 0xb8, 0xb8, 0x00,
    0x00, 0x00, 0x31, 0x31, 0x31, 0xe9, 0xe9, 0xe9, 0xee, 0xee, 0xee, 0xfc,
    0xfc, 0xfc, 0xf2, 0xf2, 0xf2, 0xdb, 0xdb, 0xdb, 0xea, 0xea, 0xea, 0xf6,
    0xf6, 0xf6, 0xfd, 0xfd, 0xfd, 0xff, 0xff, 0xff, 0xff, 0xff, 0xff, 0xff,
    0xff, 0xff, 0xff, 0xff, 0xff, 0xff, 0xff, 0xff, 0xff, 0xff, 0xff, 0xff,
    0xff, 0xff, 0xff, 0xff, 0xff, 0xff, 0xff, 0xff, 0xff, 0xff, 0xff, 0xff,
    0xff, 0xff, 0xff, 0xff, 0xff, 0xff, 0xff, 0xff, 0xff, 0xff, 0xff, 0xff,
    0xff, 0xff, 0xff, 0xff, 0xff, 0xff, 0xff, 0xff, 0x00, 0x00, 0xff, 0xff,
    0xff, 0xff, 0xff, 0xff, 0xff, 0xff, 0xff, 0xff, 0xff, 0xff, 0xff, 0xff,
    0xff, 0xff, 0xff, 0xff, 0xff, 0xff, 0xff, 0xff, 0xff, 0xff, 0xff, 0xff,
    0xff, 0xff, 0xff, 0xff, 0xff, 0xff, 0xff, 0xff, 0xff, 0xff, 0xff, 0xff,
    0xff, 0xff, 0xff, 0xff, 0xff, 0xff, 0xff, 0xff, 0xff, 0xff, 0xff, 0xff,
    0xff, 0xff, 0xff, 0xff, 0xfe, 0xfe, 0xfe, 0xf3, 0xf3, 0xf3, 0xf4, 0xf4,
    0xf4, 0xf3, 0xf3, 0xf3, 0xc0, 0xc0, 0xc0, 0x03, 0x03, 0x03, 0x2e, 0x2e,
    0x2e, 0xf4, 0xf4, 0xf4, 0xc4, 0xc4, 0xc4, 0xcf, 0xcf, 0xcf, 0xdd, 0xdd,
    0xdd, 0xfc, 0xfc, 0xfc, 0xf9, 0xf9, 0xf9, 0xfd, 0xfd, 0xfd, 0xff, 0xff,
    0xff, 0xff, 0xff, 0xff, 0xff, 0xff, 0xff, 0xff, 0xff, 0xff, 0xff, 0xff,
    0xff, 0xff, 0xff, 0xff, 0xff, 0xff, 0xff, 0xff, 0xff, 0xff, 0xff, 0xff,
    0xff, 0xff, 0xff, 0xff, 0xff, 0xff, 0xff, 0xff, 0xff, 0xff, 0xff, 0xff,
    0xff, 0xff, 0xff, 0xff, 0xff, 0xff, 0xff, 0xff, 0xff, 0xff, 0xff, 0xff,
    0xff, 0xff, 0xff, 0xff, 0x00, 0x00, 0xff, 0xff, 0xff, 0xff, 0xff, 0xff,
    0xff, 0xff, 0xff, 0xff, 0xff, 0xff, 0xff, 0xff, 0xff, 0xff, 0xff, 0xff,
    0xff, 0xff, 0xff, 0xff, 0xff, 0xff, 0xff, 0xff, 0xff, 0xff, 0xff, 0xff,
    0xff, 0xff, 0xff, 0xff, 0xff, 0xff, 0xff, 0xff, 0xff, 0xff, 0xff, 0xff,
    0xff, 0xff, 0xff, 0xff, 0xff, 0xff, 0xff, 0xff, 0xff, 0xfe, 0xfe, 0xfe,
    0xff, 0xff, 0xff, 0xff, 0xff, 0xff, 0xff, 0xff, 0xff, 0xf0, 0xf0, 0xf0,
    0xd8, 0xd8, 0xd8, 0x04, 0x04, 0x04, 0x40, 0x40, 0x40, 0xff, 0xff, 0xff,
    0xb0, 0xb0, 0xb0, 0xdd, 0xdd, 0xdd, 0xf4, 0xf4, 0xf4, 0xfc, 0xfc, 0xfc,
    0xff, 0xff, 0xff, 0xff, 0xff, 0xff, 0xff, 0xff, 0xff, 0xff, 0xff, 0xff,
    0xff, 0xff, 0xff, 0xff, 0xff, 0xff, 0xff, 0xff, 0xff, 0xff, 0xff, 0xff,
    0xff, 0xff, 0xff, 0xff, 0xff, 0xff, 0xff, 0xff, 0xff, 0xff, 0xff, 0xff,
    0xff, 0xff, 0xff, 0xff, 0xff, 0xff, 0xff, 0xff, 0xff, 0xff, 0xff, 0xff,
    0xff, 0xff, 0xff, 0xff, 0xff, 0xff, 0xff, 0xff, 0xff, 0xff, 0xff, 0xff,
    0x00, 0x00, 0xff, 0xff, 0xff, 0xff, 0xff, 0xff, 0xff, 0xff, 0xff, 0xff,
    0xff, 0xff, 0xff, 0xff, 0xff, 0xff, 0xff, 0xff, 0xff, 0xff, 0xff, 0xff,
    0xff, 0xff, 0xff, 0xff, 0xff, 0xff, 0xff, 0xff, 0xff, 0xff, 0xff, 0xff,
    0xff, 0xff, 0xff, 0xff, 0xff, 0xff, 0xff, 0xff, 0xff, 0xff, 0xff, 0xff,
    0xff, 0xff, 0xff, 0xff, 0xff, 0xff, 0xff, 0xff, 0xff, 0xff, 0xff, 0xff,
    0xff, 0xff, 0xff, 0xff, 0xff, 0xf0, 0xf0, 0xf0, 0xfe, 0xfe, 0xfe, 0x91,
    0x91, 0x91, 0xcc, 0xcc, 0xcc, 0xe8, 0xe8, 0xe8, 0xca, 0xca, 0xca, 0xea,
    0xea, 0xea, 0xf9, 0xf9, 0xf9, 0xff, 0xff, 0xff, 0xff, 0xff, 0xff, 0xff,
    0xff, 0xff, 0xff, 0xff, 0xff, 0xff, 0xff, 0xff, 0xff, 0xff, 0xff, 0xff,
    0xff, 0xff, 0xff, 0xff, 0xff, 0xff, 0xff, 0xff, 0xff, 0xff, 0xff, 0xff,
    0xff, 0xff, 0xff, 0xff, 0xff, 0xff, 0xff, 0xff, 0xff, 0xff, 0xff, 0xff,
    0xff, 0xff, 0xff, 0xff, 0xff, 0xff, 0xff, 0xff, 0xff, 0xff, 0xff, 0xff,
    0xff, 0xff, 0xff, 0xff, 0xff, 0xff, 0xff, 0xff, 0x00, 0x00, 0xff, 0xff,
    0xff, 0xff, 0xff, 0xff, 0xff, 0xff, 0xff, 0xff, 0xff, 0xff, 0xff, 0xff,
    0xff, 0xff, 0xff, 0xff, 0xff, 0xff, 0xff, 0xff, 0xff, 0xff, 0xff, 0xff,
    0xff, 0xff, 0xff, 0xff, 0xff, 0xff, 0xff, 0xff, 0xff, 0xff, 0xff, 0xff,
    0xff, 0xff, 0xff, 0xff, 0xff, 0xff, 0xff, 0xff, 0xff, 0xff, 0xff, 0xff,
    0xff, 0xff, 0xff, 0xff, 0xff, 0xff, 0xff, 0xff, 0xff, 0xff, 0xff, 0xff,
    0xff, 0xff, 0xff, 0xff, 0xea, 0xea, 0xea, 0xff, 0xff, 0xff, 0xf1, 0xf1,
    0xf1, 0xdd, 0xdd, 0xdd, 0xf4, 0xf4, 0xf4, 0xf6, 0xf6, 0xf6, 0xfe, 0xfe,
    0xfe, 0xff, 0xff, 0xff, 0xff, 0xff, 0xff, 0xff, 0xff, 0xff, 0xff, 0xff,
    0xff, 0xff, 0xff, 0xff, 0xff, 0xff, 0xff, 0xff, 0xff, 0xff, 0xff, 0xff,
    0xff, 0xff, 0xff, 0xff, 0xff, 0xff, 0xff, 0xff, 0xff, 0xff, 0xff, 0xff,
    0xff, 0xff, 0xff, 0xff, 0xff, 0xff, 0xff, 0xff, 0xff, 0xff, 0xff, 0xff,
    0xff, 0xff, 0xff, 0xff, 0xff, 0xff, 0xff, 0xff, 0xff, 0xff, 0xff, 0xff,
    0xff, 0xff, 0xff, 0xff, 0x00, 0x00, 0xff, 0xff, 0xff, 0xff, 0xff, 0xff,
    0xff, 0xff, 0xff, 0xff, 0xff, 0xff, 0xff, 0xff, 0xff, 0xff, 0xff, 0xff,
    0xff, 0xff, 0xff, 0xff, 0xff, 0xff, 0xff, 0xff, 0xff, 0xff, 0xff, 0xff,
    0xff, 0xff, 0xff, 0xff, 0xff, 0xff, 0xff, 0xff, 0xff, 0xff, 0xff, 0xff,
    0xff, 0xff, 0xff, 0xff, 0xff, 0xff, 0xff, 0xff, 0xff, 0xff, 0xff, 0xff,
    0xff, 0xff, 0xff, 0xff, 0xff, 0xff, 0xff, 0xff, 0xff, 0xff, 0xff, 0xff,
    0xfe, 0xfe, 0xfe, 0xf9, 0xf9, 0xf9, 0xf3, 0xf3, 0xf3, 0xfe, 0xfe, 0xfe,
    0xfa, 0xfa, 0xfa, 0xfe, 0xfe, 0xfe, 0xff, 0xff, 0xff, 0xff, 0xff, 0xff,
    0xff, 0xff, 0xff, 0xff, 0xff, 0xff, 0xff, 0xff, 0xff, 0xff, 0xff, 0xff,
    0xff, 0xff, 0xff, 0xff, 0xff, 0xff, 0xff, 0xff, 0xff, 0xff, 0xff, 0xff,
    0xff, 0xff, 0xff, 0xff, 0xff, 0xff, 0xff, 0xff, 0xff, 0xff, 0xff, 0xff,
    0xff, 0xff, 0xff, 0xff, 0xff, 0xff, 0xff, 0xff, 0xff, 0xff, 0xff, 0xff,
    0xff, 0xff, 0xff, 0xff, 0xff, 0xff, 0xff, 0xff, 0xff, 0xff, 0xff, 0xff,
    0x00, 0x00, 0xff, 0xff, 0xff, 0xff, 0xff, 0xff, 0xff, 0xff, 0xff, 0xff,
    0xff, 0xff, 0xff, 0xff, 0xff, 0xff, 0xff, 0xff, 0xff, 0xff, 0xff, 0xff,
    0xff, 0xff, 0xff, 0xff, 0xff, 0xff, 0xff, 0xff, 0xff, 0xff, 0xff, 0xff,
    0xff, 0xff, 0xff, 0xff, 0xff, 0xff, 0xff, 0xff, 0xff, 0xff, 0xff, 0xff,
    0xff, 0xff, 0xff, 0xff, 0xff, 0xff, 0xff, 0xff, 0xff, 0xff, 0xff, 0xff,
    0xff, 0xff, 0xff, 0xff, 0xff, 0xff, 0xff, 0xff, 0xff, 0xff, 0xff, 0xff,
    0xff, 0xff, 0xff, 0xff, 0xff, 0xff, 0xff, 0xff, 0xff, 0xff, 0xff, 0xff,
    0xff, 0xff, 0xff, 0xff, 0xff, 0xff, 0xff, 0xff, 0xff, 0xff, 0xff, 0xff,
    0xff, 0xff, 0xff, 0xff, 0xff, 0xff, 0xff, 0xff, 0xff, 0xff, 0xff, 0xff,
    0xff, 0xff, 0xff, 0xff, 0xff, 0xff, 0xff, 0xff, 0xff, 0xff, 0xff, 0xff,
    0xff, 0xff, 0xff, 0xff, 0xff, 0xff, 0xff, 0xff, 0xff, 0xff, 0xff, 0xff,
    0xff, 0xff, 0xff, 0xff, 0xff, 0xff, 0xff, 0xff, 0xff, 0xff, 0xff, 0xff,
    0xff, 0xff, 0xff, 0xff, 0xff, 0xff, 0xff, 0xff, 0x00, 0x00
};
static const unsigned int black_king_bmp_len = 7654;

/* black_knight.bmp (7654 bytes) */
static const unsigned char black_knight_bmp[] = {
    0x42, 0x4d, 0xe6, 0x1d, 0x00, 0x00, 0x00, 0x00, 0x00, 0x00, 0x36, 0x00,
    0x00, 0x00, 0x28, 0x00, 0x00, 0x00, 0x32, 0x00, 0x00, 0x00, 0x32, 0x00,
    0x00, 0x00, 0x01, 0x00, 0x18, 0x00, 0x00, 0x00, 0x00, 0x00, 0xb0, 0x1d,
    0x00, 0x00, 0xc4, 0x0e, 0x00, 0x00, 0xc4, 0x0e, 0x00, 0x00, 0x00, 0x00,
    0x00, 0x00, 0x00, 0x00, 0x00, 0x00, 0xff, 0xff, 0xff, 0xff, 0xff, 0xff,
    0xff, 0xff, 0xff, 0xff, 0xff, 0xff, 0xff, 0xff, 0xff, 0xff, 0xff, 0xff,
    0xff, 0xff, 0xff, 0xff, 0xff, 0xff, 0xff, 0xff, 0xff, 0xff, 0xff, 0xff,
    0xff, 0xff, 0xff, 0xff, 0xff, 0xff, 0xff, 0xff, 0xff, 0xff, 0xff, 0xff,
    0xff, 0xff, 0xff, 0xff, 0xff, 0xff, 0xff, 0xff, 0xff, 0xff, 0xff, 0xff,
    0xff, 0xff, 0xff, 0xff, 0xff, 0xff, 0xff, 0xff, 0xff, 0xff, 0xff, 0xff,
    0xff, 0xff, 0xff, 0xff, 0xff, 0xff, 0xff, 0xff, 0xff, 0xff, 0xff, 0xff,
    0xff, 0xff, 0xff, 0xff, 0xff, 0xff, 0xff, 0xff, 0xff, 0xff, 0xff, 0xff,
    0xff, 0xff, 0xff, 0xff, 0xff, 0xff, 0xff, 0xff, 0xff, 0xff, 0xff, 0xff,
    0xff, 0xff, 0xff, 0xff, 0xff, 0xff, 0xff, 0xff, 0xff, 0xff, 0xff, 0xff,
    0xff, 0xff, 0xff, 0xff, 0xff, 0xff, 0xff, 0xff, 0xff, 0xff, 0xff, 0xff,
    0xff, 0xff, 0xff, 0xff, 0xff, 0xff, 0xff, 0xff, 0xff, 0xff, 0xff, 0xff,
    0xff, 0xff, 0xff, 0xff, 0xff, 0xff, 0xff, 0xff, 0xff, 0xff, 0xff, 0xff,
    0x00, 0x00, 0xff, 0xff, 0xff, 0xff, 0xff, 0xff, 0xff, 0xff, 0xff, 0xff,
    0xff, 0xff, 0xff, 0xff, 0xff, 0xff, 0xff, 0xff, 0xff, 0xff, 0xff, 0xff,
    0xff, 0xff, 0xff, 0xff, 0xff, 0xff, 0xff, 0xff, 0xfe, 0xfe, 0xfe, 0xfc,
    0xfc, 0xfc, 0xfa, 0xfa, 0xfa, 0xf9, 0xf9, 0xf9, 0xf9, 0xf9, 0xf9, 0xf9,
    0xf9, 0xf9, 0xf9, 0xf9, 0xf9, 0xf9, 0xf9, 0xf9, 0xf9, 0xf9, 0xf9, 0xf9,
    0xf9, 0xf9, 0xf9, 0xf9, 0xf9, 0xf9, 0xf9, 0xf9, 0xf9, 0xf9, 0xf9, 0xf9,
    0xf9, 0xf9, 0xf9, 0xf9, 0xf9, 0xf9, 0xf9, 0xf9, 0xf9, 0xf9, 0xf9, 0xf9,
    0xf9, 0xf9, 0xf9, 0xf9, 0xf9, 0xf9, 0xf9, 0xf9, 0xf9, 0xf9, 0xf9, 0xf9,
    0xf9, 0xf9, 0xf9, 0xf9, 0xf9, 0xf9, 0xf9, 0xf9, 0xf9, 0xf9, 0xf9, 0xf9,
    0xf9, 0xf9, 0xf9, 0xf9, 0xf9, 0xf9, 0xf9, 0xf9, 0xf9, 0xf9, 0xf9, 0xf9,
    0xf9, 0xf9, 0xf9, 0xf9, 0xf9, 0xf9, 0xf9, 0xf9, 0xf9, 0xf9, 0xf9, 0xf9,
    0xf9, 0xf9, 0xfa, 0xfa, 0xfa, 0xfb, 0xfb, 0xfb, 0xfd, 0xfd, 0xfd, 0xfe,
    0xfe, 0xfe, 0xff, 0xff, 0xff, 0xff, 0xff, 0xff, 0x00, 0x00, 0xff, 0xff,
    0xff, 0xff, 0xff, 0xff, 0xff, 0xff, 0xff, 0xff, 0xff, 0xff, 0xff, 0xff,
    0xff, 0xff, 0xff, 0xff, 0xff, 0xff, 0xff, 0xff, 0xff, 0xff, 0xff, 0xff,
    0xff, 0xfd, 0xfd, 0xfd, 0xf7, 0xf7, 0xf7, 0xee, 0xee, 0xee, 0xe5, 0xe5,
    0xe5, 0xe1, 0xe1, 0xe1, 0xe0, 0xe0, 0xe0, 0xdf, 0xdf, 0xdf, 0xdf, 0xdf,
    0xdf, 0xdf, 0xdf, 0xdf, 0xdf, 0xdf, 0xdf, 0xdf, 0xdf, 0xdf, 0xdf, 0xdf,
    0xdf, 0xdf, 0xdf, 0xdf, 0xdf, 0xdf, 0xdf, 0xdf, 0xdf, 0xdf, 0xdf, 0xdf,
    0xdf, 0xdf, 0xdf, 0xdf, 0xdf, 0xdf, 0xdf, 0xdf, 0xdf, 0xdf, 0xdf, 0xdf,
    0xdf, 0xdf, 0xdf, 0xdf, 0xdf, 0xdf, 0xdf, 0xdf, 0xdf, 0xdf, 0xdf, 0xdf,
    0xdf, 0xdf, 0xdf, 0xdf, 0xdf, 0xdf, 0xdf, 0xdf, 0xdf, 0xdf, 0xdf, 0xdf,
    0xdf, 0xdf, 0xdf, 0xdf, 0xdf, 0xdf, 0xdf, 0xdf, 0xdf, 0xdf, 0xdf, 0xdf,
    0xdf, 0xdf, 0xdf, 0xdf, 0xdf, 0xdf, 0xdf, 0xe0, 0xe0, 0xe0, 0xe3, 0xe3,
    0xe3, 0xea, 0xea, 0xea, 0xf3, 0xf3, 0xf3, 0xfb, 0xfb, 0xfb, 0xfe, 0xfe,
    0xfe, 0xff, 0xff, 0xff, 0x00, 0x00, 0xff, 0xff, 0xff, 0xff, 0xff, 0xff,
    0xff, 0xff, 0xff, 0xff, 0xff, 0xff, 0xff, 0xff, 0xff, 0xff, 0xff, 0xff,
    0xff, 0xff, 0xff, 0xff, 0xff, 0xff, 0xfe, 0xfe, 0xfe, 0xf9, 0xf9, 0xf9,
    0xf1, 0xf1, 0xf1, 0xd8, 0xd8, 0xd8, 0xc0, 0xc0, 0xc0, 0xb3, 0xb3, 0xb3,
    0xb0, 0xb0, 0xb0, 0xb0, 0xb0, 0xb0, 0xb0, 0xb0, 0xb0, 0xb0, 0xb0, 0xb0,
    0xb0, 0xb0, 0xb0, 0xb0, 0xb0, 0xb0, 0xb0, 0xb0, 0xb0, 0xb0, 0xb0, 0xb0,
    0xb0, 0xb0, 0xb0, 0xb0, 0xb0, 0xb0, 0xb0, 0xb0, 0xb0, 0xb0, 0xb0, 0xb0,
    0xb0, 0xb0, 0xb0, 0xb0, 0xb0, 0xb0, 0xb0, 0xb0, 0xb0, 0xb0, 0xb0, 0xb0,
    0xb0, 0xb0, 0xb0, 0xb0, 0xb0, 0xb0, 0xb0, 0xb0, 0xb0, 0xb0, 0xb0, 0xb0,
    0xb0, 0xb0, 0xb0, 0xb0, 0xb0, 0xb0, 0xb0, 0xb0, 0xb0, 0xb0, 0xb0, 0xb0,
    0xb0, 0xb0, 0xb0, 0xb0, 0xb0, 0xb0, 0xb0, 0xb0, 0xb0, 0xb0, 0xb0, 0xb0,
    0xb0, 0xb0, 0xb0, 0xb1, 0xb1, 0xb1, 0xb5, 0xb5, 0xb5, 0xc5, 0xc5, 0xc5,
    0xdf, 0xdf, 0xdf, 0xf4, 0xf4, 0xf4, 0xfd, 0xfd, 0xfd, 0xff, 0xff, 0xff,
    0x00, 0x00, 0xff, 0xff, 0xff, 0xff, 0xff, 0xff, 0xff, 0xff, 0xff, 0xff,
    0xff, 0xff, 0xff, 0xff, 0xff, 0xff, 0xff, 0xff, 0xff, 0xff, 0xff, 0xff,
    0xff, 0xff, 0xfe, 0xfe, 0xfe, 0xf7, 0xf7, 0xf7, 0xde, 0xde, 0xde, 0xbf,
    0xbf, 0xbf, 0x9e, 0x9e, 0x9e, 0x91, 0x91, 0x91, 0x8d, 0x8d, 0x8d, 0x8d,
    0x8d, 0x8d, 0x8d, 0x8d, 0x8d, 0x8d, 0x8d, 0x8d, 0x8d, 0x8d, 0x8d, 0x8d,
    0x8d, 0x8d, 0x8d, 0x8d, 0x8d, 0x8d, 0x8d, 0x8d, 0x8d, 0x8d, 0x8d, 0x8d,
    0x8d, 0x8d, 0x8d, 0x8d, 0x8d, 0x8d, 0x8d, 0x8d, 0x8d, 0x8d, 0x8d, 0x8d,
    0x8d, 0x8d, 0x8d, 0x8d, 0x8d, 0x8d, 0x8d, 0x8d, 0x8d, 0x8d, 0x8d, 0x8d,
    0x8d, 0x8d, 0x8d, 0x8d, 0x8d, 0x8d, 0x8d, 0x8d, 0x8d, 0x8d, 0x8d, 0x8d,
    0x8d, 0x8d, 0x8d, 0x8d, 0x8d, 0x8d, 0x8d, 0x8d, 0x8d, 0x8d, 0x8d, 0x8d,
    0x8d, 0x8d, 0x8d, 0x8d, 0x8d, 0x8d, 0x8d, 0x8d, 0x8d, 0x8d, 0x8d, 0x93,
    0x93, 0x93, 0x88, 0x88, 0x88, 0xa1, 0xa1, 0xa1, 0xc9, 0xc9, 0xc9, 0xeb,
    0xeb, 0xeb, 0xfb, 0xfb, 0xfb, 0xff, 0xff, 0xff, 0x00, 0x00, 0xff, 0xff,
    0xff, 0xff, 0xff, 0xff, 0xff, 0xff, 0xff, 0xff, 0xff, 0xff, 0xff, 0xff,
    0xff, 0xff, 0xff, 0xff, 0xff, 0xff, 0xff, 0xfe, 0xfe, 0xfe, 0xff, 0xff,
    0xff, 0xf2, 0xf2, 0xf2, 0xed, 0xed, 0xed, 0xef, 0xef, 0xef, 0xfa, 0xfa,
    0xfa, 0xfa, 0xfa, 0xfa, 0xfb, 0xfb, 0xfb, 0xfb, 0xfb, 0xfb, 0xfb, 0xfb,
    0xfb, 0xfb, 0xfb, 0xfb, 0xfb, 0xfb, 0xfb, 0xfb, 0xfb, 0xfb, 0xfb, 0xfb,
    0xfb, 0xfb, 0xfb, 0xfb, 0xfb, 0xfb, 0xfb, 0xfb, 0xfb, 0xfb, 0xfb, 0xfb,
    0xfb, 0xfb, 0xfb, 0xfb, 0xfb, 0xfb, 0xfb, 0xfb, 0xfb, 0xfb, 0xfb, 0xfb,
    0xfb, 0xfb, 0xfb, 0xfb, 0xfb, 0xfb, 0xfb, 0xfb, 0xfb, 0xfb, 0xfb, 0xfb,
    0xfb, 0xfb, 0xfb, 0xfb, 0xfb, 0xfb, 0xfb, 0xfb, 0xfb, 0xfb, 0xfb, 0xfb,
    0xfb, 0xfb, 0xfb, 0xfb, 0xfc, 0xfc, 0xfc, 0xfb, 0xfb, 0xfb, 0xfa, 0xfa,
    0xfa, 0xfb, 0xfb, 0xfb, 0xf4, 0xf4, 0xf4, 0xf7, 0xf7, 0xf7, 0xb4, 0xb4,
    0xb4, 0x92, 0x92, 0x92, 0xbe, 0xbe, 0xbe, 0xe6, 0xe6, 0xe6, 0xfa, 0xfa,
    0xfa, 0xff, 0xff, 0xff, 0x00, 0x00, 0xff, 0xff, 0xff, 0xff, 0xff, 0xff,
    0xff, 0xff, 0xff, 0xff, 0xff, 0xff, 0xff, 0xff, 0xff, 0xff, 0xff, 0xff,
    0xff, 0xff, 0xff, 0xff, 0xff, 0xff, 0xff, 0xff, 0xff, 0xf0, 0xf0, 0xf0,
    0xfa, 0xfa, 0xfa, 0xc3, 0xc3, 0xc3, 0x82, 0x82, 0x82, 0x83, 0x83, 0x83,
    0x82, 0x82, 0x82, 0x82, 0x82, 0x82, 0x82, 0x82, 0x82, 0x82, 0x82, 0x82,
    0x82, 0x82, 0x82, 0x82, 0x82, 0x82, 0x82, 0x82, 0x82, 0x82, 0x82, 0x82,
    0x82, 0x82, 0x82, 0x82, 0x82, 0x82, 0x82, 0x82, 0x82, 0x82, 0x82, 0x82,
    0x82, 0x82, 0x82, 0x82, 0x82, 0x82, 0x82, 0x82, 0x82, 0x82, 0x82, 0x82,
    0x82, 0x82, 0x82, 0x82, 0x82, 0x82, 0x82, 0x82, 0x82, 0x82, 0x82, 0x82,
    0x82, 0x82, 0x82, 0x82, 0x82, 0x82, 0x82, 0x82, 0x82, 0x82, 0x82, 0x82,
    0x7c, 0x7c, 0x7c, 0x80, 0x80, 0x80, 0x83, 0x83, 0x83, 0x82, 0x82, 0x82,
    0x98, 0x98, 0x98, 0xf7, 0xf7, 0xf7, 0xc2, 0xc2, 0xc2, 0x8c, 0x8c, 0x8c,
    0xbb, 0xbb, 0xbb, 0xe4, 0xe4, 0xe4, 0xfa, 0xfa, 0xfa, 0xff, 0xff, 0xff,
    0x00, 0x00, 0xff, 0xff, 0xff, 0xff, 0xff, 0xff, 0xff, 0xff, 0xff, 0xff,
    0xff, 0xff, 0xff, 0xff, 0xff, 0xff, 0xff, 0xff, 0xff, 0xff, 0xff, 0xff,
    0xff, 0xff, 0xff, 0xff, 0xff, 0xf2, 0xf2, 0xf2, 0xf7, 0xf7, 0xf7, 0xa6,
    0xa6, 0xa6, 0x00, 0x00, 0x00, 0x00, 0x00, 0x00, 0x00, 0x00, 0x00, 0x00,
    0x00, 0x00, 0x00, 0x00, 0x00, 0x00, 0x00, 0x00, 0x00, 0x00, 0x00, 0x00,
    0x00, 0x00, 0x00, 0x00, 0x00, 0x00, 0x00, 0x00, 0x00, 0x00, 0x00, 0x00,
    0x00, 0x00, 0x00, 0x00, 0x00, 0x00, 0x00, 0x00, 0x00, 0x00, 0x00, 0x00,
    0x00, 0x00, 0x00, 0x00, 0x00, 0x00, 0x00, 0x00, 0x00, 0x00, 0x00, 0x00,
    0x00, 0x00, 0x00, 0x00, 0x00, 0x00, 0x00, 0x00, 0x00, 0x00, 0x00, 0x00,
    0x00, 0x00, 0x00, 0x00, 0x00, 0x00, 0x00, 0x00, 0x0f, 0x0f, 0x0f, 0x00,
    0x00, 0x00, 0x00, 0x00, 0x00, 0x00, 0x00, 0x00, 0x25, 0x25, 0x25, 0xfa,
    0xfa, 0xfa, 0xc1, 0xc1, 0xc1, 0x8b, 0x8b, 0x8b, 0xba, 0xba, 0xba, 0xe4,
    0xe4, 0xe4, 0xfa, 0xfa, 0xfa, 0xff, 0xff, 0xff, 0x00, 0x00, 0xff, 0xff,
    0xff, 0xff, 0xff, 0xff, 0xff, 0xff, 0xff, 0xff, 0xff, 0xff, 0xff, 0xff,
    0xff, 0xff, 0xff, 0xff, 0xff, 0xff, 0xff, 0xff, 0xff, 0xff, 0xff, 0xff,
    0xff, 0xf9, 0xf9, 0xf9, 0xe9, 0xe9, 0xe9, 0xe0, 0xe0, 0xe0, 0x15, 0x15,
    0x15, 0x05, 0x05, 0x05, 0x05, 0x05, 0x05, 0x04, 0x04, 0x04, 0x04, 0x04,
    0x04, 0x04, 0x04, 0x04, 0x04, 0x04, 0x04, 0x04, 0x04, 0x04, 0x04, 0x04,
    0x04, 0x04, 0x04, 0x04, 0x04, 0x04, 0x04, 0x04, 0x04, 0x04, 0x04, 0x04,
    0x04, 0x04, 0x04, 0x04, 0x04, 0x04, 0x04, 0x04, 0x04, 0x04, 0x04, 0x04,
    0x04, 0x04, 0x04, 0x04, 0x04, 0x04, 0x04, 0x04, 0x04, 0x04, 0x04, 0x04,
    0x04, 0x04, 0x04, 0x04, 0x04, 0x04, 0x04, 0x05, 0x05, 0x05, 0x04, 0x04,
    0x04, 0x23, 0x23, 0x23, 0xf2, 0xf2, 0xf2, 0x98, 0x98, 0x98, 0x04, 0x04,
    0x04, 0x04, 0x04, 0x04, 0x34, 0x34, 0x34, 0xfa, 0xfa, 0xfa, 0xc2, 0xc2,
    0xc2, 0x8c, 0x8c, 0x8c, 0xba, 0xba, 0xba, 0xe4, 0xe4, 0xe4, 0xfa, 0xfa,
    0xfa, 0xff, 0xff, 0xff, 0x00, 0x00, 0xff, 0xff, 0xff, 0xff, 0xff, 0xff,
    0xff, 0xff, 0xff, 0xff, 0xff, 0xff, 0xff, 0xff, 0xff, 0xff, 0xff, 0xff,
    0xff, 0xff, 0xff, 0xff, 0xff, 0xff, 0xff, 0xff, 0xff, 0xff, 0xff, 0xff,
    0xe9, 0xe9, 0xe9, 0xff, 0xff, 0xff, 0x63, 0x63, 0x63, 0x00, 0x00, 0x00,
    0x04, 0x04, 0x04, 0x00, 0x00, 0x00, 0x00, 0x00, 0x00, 0x00, 0x00, 0x00,
    0x00, 0x00, 0x00, 0x00, 0x00, 0x00, 0x00, 0x00, 0x00, 0x00, 0x00, 0x00,
    0x00, 0x00, 0x00, 0x00, 0x00, 0x00, 0x00, 0x00, 0x00, 0x00, 0x00, 0x00,
    0x00, 0x00, 0x00, 0x00, 0x00, 0x00, 0x00, 0x00, 0x00, 0x00, 0x00, 0x00,
    0x00, 0x00, 0x00, 0x00, 0x00, 0x00, 0x00, 0x00, 0x00, 0x00, 0x00, 0x00,
    0x00, 0x00, 0x00, 0x02, 0x02, 0x02, 0x00, 0x00, 0x00, 0x2a, 0x2a, 0x2a,
    0xf7, 0xf7, 0xf7, 0xb2, 0xb2, 0xb2, 0x00, 0x00, 0x00, 0x00, 0x00, 0x00,
    0x31, 0x31, 0x31, 0xfa, 0xfa, 0xfa, 0xc2, 0xc2, 0xc2, 0x8c, 0x8c, 0x8c,
    0xbb, 0xbb, 0xbb, 0xe5, 0xe5, 0xe5, 0xfa, 0xfa, 0xfa, 0xff, 0xff, 0xff,
    0x00, 0x00, 0xff, 0xff, 0xff, 0xff, 0xff, 0xff, 0xff, 0xff, 0xff, 0xff,
    0xff, 0xff, 0xff, 0xff, 0xff, 0xff, 0xff, 0xff, 0xff, 0xff, 0xff, 0xff,
    0xff, 0xff, 0xfe, 0xfe, 0xfe, 0xff, 0xff, 0xff, 0xf6, 0xf6, 0xf6, 0xef,
    0xef, 0xef, 0xdb, 0xdb, 0xdb, 0x18, 0x18, 0x18, 0x00, 0x00, 0x00, 0x03,
    0x03, 0x03, 0x00, 0x00, 0x00, 0x00, 0x00, 0x00, 0x00, 0x00, 0x00, 0x00,
    0x00, 0x00, 0x00, 0x00, 0x00, 0x00, 0x00, 0x00, 0x00, 0x00, 0x00, 0x00,
    0x00, 0x00, 0x00, 0x00, 0x00, 0x00, 0x00, 0x00, 0x00, 0x00, 0x00, 0x00,
    0x00, 0x00, 0x00, 0x00, 0x00, 0x00, 0x00, 0x00, 0x00, 0x00, 0x00, 0x00,
    0x00, 0x00, 0x00, 0x00, 0x00, 0x00, 0x00, 0x00, 0x00, 0x00, 0x00, 0x02,
    0x02, 0x02, 0x00, 0x00, 0x00, 0x21, 0x21, 0x21, 0xef, 0xef, 0xef, 0xb5,
    0xb5, 0xb5, 0x00, 0x00, 0x00, 0x00, 0x00, 0x00, 0x34, 0x34, 0x34, 0xfb,
    0xfb, 0xfb, 0xc1, 0xc1, 0xc1, 0x8e, 0x8e, 0x8e, 0xbe, 0xbe, 0xbe, 0xe6,
    0xe6, 0xe6, 0xfa, 0xfa, 0xfa, 0xfe, 0xfe, 0xfe, 0x00, 0x00, 0xff, 0xff,
    0xff, 0xff, 0xff, 0xff, 0xff, 0xff, 0xff, 0xff, 0xff, 0xff, 0xff, 0xff,
    0xff, 0xff, 0xff, 0xff, 0xff, 0xff, 0xff, 0xff, 0xff, 0xff, 0xff, 0xff,
    0xff, 0xff, 0xff, 0xff, 0xff, 0xff, 0xff, 0xea, 0xea, 0xea, 0xff, 0xff,
    0xff, 0xb4, 0xb4, 0xb4, 0x08, 0x08, 0x08, 0x00, 0x00, 0x00, 0x03, 0x03,
    0x03, 0x00, 0x00, 0x00, 0x00, 0x00, 0x00, 0x00, 0x00, 0x00, 0x00, 0x00,
    0x00, 0x00, 0x00, 0x00, 0x00, 0x00, 0x00, 0x00, 0x00, 0x00, 0x00, 0x00,
    0x00, 0x00, 0x00, 0x00, 0x00, 0x00, 0x00, 0x00, 0x00, 0x00, 0x00, 0x00,
    0x00, 0x00, 0x00, 0x00, 0x00, 0x00, 0x00, 0x00, 0x00, 0x00, 0x00, 0x00,
    0x00, 0x00, 0x00, 0x00, 0x00, 0x00, 0x00, 0x02, 0x02, 0x02, 0x00, 0x00,
    0x00, 0x1e, 0x1e, 0x1e, 0xee, 0xee, 0xee, 0xba, 0xba, 0xba, 0x00, 0x00,
    0x00, 0x00, 0x00, 0x00, 0x38, 0x38, 0x38, 0xfd, 0xfd, 0xfd, 0xbe, 0xbe,
    0xbe, 0x91, 0x91, 0x91, 0xc0, 0xc0, 0xc0, 0xe8, 0xe8, 0xe8, 0xfb, 0xfb,
    0xfb, 0xff, 0xff, 0xff, 0x00, 0x00, 0xff, 0xff, 0xff, 0xff, 0xff, 0xff,
    0xff, 0xff, 0xff, 0xff, 0xff, 0xff, 0xff, 0xff, 0xff, 0xff, 0xff, 0xff,
    0xff, 0xff, 0xff, 0xff, 0xff, 0xff, 0xff, 0xff, 0xff, 0xff, 0xff, 0xff,
    0xfe, 0xfe, 0xfe, 0xff, 0xff, 0xff, 0xe8, 0xe8, 0xe8, 0xff, 0xff, 0xff,
    0xb2, 0xb2, 0xb2, 0x11, 0x11, 0x11, 0x00, 0x00, 0x00, 0x04, 0x04, 0x04,
    0x00, 0x00, 0x00, 0x00, 0x00, 0x00, 0x00, 0x00, 0x00, 0x00, 0x00, 0x00,
    0x00, 0x00, 0x00, 0x00, 0x00, 0x00, 0x00, 0x00, 0x00, 0x00, 0x00, 0x00,
    0x00, 0x00, 0x00, 0x00, 0x00, 0x00, 0x00, 0x00, 0x00, 0x00, 0x00, 0x00,
    0x00, 0x00, 0x00, 0x00, 0x00, 0x00, 0x00, 0x00, 0x00, 0x00, 0x00, 0x00,
    0x00, 0x00, 0x00, 0x02, 0x02, 0x02, 0x00, 0x00, 0x00, 0x1d, 0x1d, 0x1d,
    0xec, 0xec, 0xec, 0xbb, 0xbb, 0xbb, 0x00, 0x00, 0x00, 0x00, 0x00, 0x00,
    0x3f, 0x3f, 0x3f, 0xff, 0xff, 0xff, 0xb9, 0xb9, 0xb9, 0x94, 0x94, 0x94,
    0xc2, 0xc2, 0xc2, 0xe9, 0xe9, 0xe9, 0xfb, 0xfb, 0xfb, 0xff, 0xff, 0xff,
    0x00, 0x00, 0xff, 0xff, 0xff, 0xff, 0xff, 0xff, 0xff, 0xff, 0xff, 0xff,
    0xff, 0xff, 0xff, 0xff, 0xff, 0xff, 0xff, 0xff, 0xfe, 0xfe, 0xfe, 0xfe,
    0xfe, 0xfe, 0xfc, 0xfc, 0xfc, 0xf9, 0xf9, 0xf9, 0xf3, 0xf3, 0xf3, 0xf2,
    0xf2, 0xf2, 0xf3, 0xf3, 0xf3, 0xe4, 0xe4, 0xe4, 0xff, 0xff, 0xff, 0xca,
    0xca, 0xca, 0x30, 0x30, 0x30, 0x00, 0x00, 0x00, 0x02, 0x02, 0x02, 0x01,
    0x01, 0x01, 0x00, 0x00, 0x00, 0x00, 0x00, 0x00, 0x00, 0x00, 0x00, 0x00,
    0x00, 0x00, 0x00, 0x00, 0x00, 0x00, 0x00, 0x00, 0x00, 0x00, 0x00, 0x00,
    0x00, 0x00, 0x00, 0x00, 0x00, 0x00, 0x00, 0x00, 0x00, 0x00, 0x00, 0x00,
    0x00, 0x00, 0x00, 0x00, 0x00, 0x00, 0x00, 0x00, 0x00, 0x00, 0x00, 0x02,
    0x02, 0x02, 0x00, 0x00, 0x00, 0x1f, 0x1f, 0x1f, 0xee, 0xee, 0xee, 0xb8,
    0xb8, 0xb8, 0x00, 0x00, 0x00, 0x00, 0x00, 0x00, 0x47, 0x47, 0x47, 0xff,
    0xff, 0xff, 0xb5, 0xb5, 0xb5, 0x97, 0x97, 0x97, 0xc5, 0xc5, 0xc5, 0xeb,
    0xeb, 0xeb, 0xfb, 0xfb, 0xfb, 0xff, 0xff, 0xff, 0x00, 0x00, 0xff, 0xff,
    0xff, 0xff, 0xff, 0xff, 0xff, 0xff, 0xff, 0xff, 0xff, 0xff, 0xfe, 0xfe,
    0xfe, 0xfc, 0xfc, 0xfc, 0xf9, 0xf9, 0xf9, 0xf5, 0xf5, 0xf5, 0xee, 0xee,
    0xee, 0xe3, 0xe3, 0xe3, 0xd3, 0xd3, 0xd3, 0xc8, 0xc8, 0xc8, 0xcb, 0xcb,
    0xcb, 0xd5, 0xd5, 0xd5, 0xdc, 0xdc, 0xdc, 0xfd, 0xfd, 0xfd, 0xea, 0xea,
    0xea, 0x62, 0x62, 0x62, 0x00, 0x00, 0x00, 0x00, 0x00, 0x00, 0x03, 0x03,
    0x03, 0x00, 0x00, 0x00, 0x00, 0x00, 0x00, 0x00, 0x00, 0x00, 0x00, 0x00,
    0x00, 0x00, 0x00, 0x00, 0x00, 0x00, 0x00, 0x00, 0x00, 0x00, 0x00, 0x00,
    0x00, 0x00, 0x00, 0x00, 0x00, 0x00, 0x00, 0x00, 0x00, 0x00, 0x00, 0x00,
    0x00, 0x00, 0x00, 0x00, 0x00, 0x00, 0x00, 0x02, 0x02, 0x02, 0x00, 0x00,
    0x00, 0x23, 0x23, 0x23, 0xf1, 0xf1, 0xf1, 0xb3, 0xb3, 0xb3, 0x00, 0x00,
    0x00, 0x00, 0x00, 0x00, 0x52, 0x52, 0x52, 0xff, 0xff, 0xff, 0xaf, 0xaf,
    0xaf, 0x9b, 0x9b, 0x9b, 0xc9, 0xc9, 0xc9, 0xec, 0xec, 0xec, 0xfc, 0xfc,
    0xfc, 0xff, 0xff, 0xff, 0x00, 0x00, 0xff, 0xff, 0xff, 0xff, 0xff, 0xff,
    0xff, 0xff, 0xff, 0xfd, 0xfd, 0xfd, 0xf9, 0xf9, 0xf9, 0xf0, 0xf0, 0xf0,
    0xe4, 0xe4, 0xe4, 0xd6, 0xd6, 0xd6, 0xcd, 0xcd, 0xcd, 0xb9, 0xb9, 0xb9,
    0x9f, 0x9f, 0x9f, 0x95, 0x95, 0x95, 0x94, 0x94, 0x94, 0x9f, 0x9f, 0x9f,
    0xc2, 0xc2, 0xc2, 0xd4, 0xd4, 0xd4, 0xed, 0xed, 0xed, 0xff, 0xff, 0xff,
    0x9d, 0x9d, 0x9d, 0x11, 0x11, 0x11, 0x00, 0x00, 0x00, 0x03, 0x03, 0x03,
    0x00, 0x00, 0x00, 0x00, 0x00, 0x00, 0x00, 0x00, 0x00, 0x00, 0x00, 0x00,
    0x00, 0x00, 0x00, 0x00, 0x00, 0x00, 0x00, 0x00, 0x00, 0x00, 0x00, 0x00,
    0x00, 0x00, 0x00, 0x00, 0x00, 0x00, 0x00, 0x00, 0x00, 0x00, 0x00, 0x00,
    0x00, 0x00, 0x00, 0x02, 0x02, 0x02, 0x00, 0x00, 0x00, 0x2b, 0x2b, 0x2b,
    0xf7, 0xf7, 0xf7, 0xaa, 0xaa, 0xaa, 0x00, 0x00, 0x00, 0x00, 0x00, 0x00,
    0x62, 0x62, 0x62, 0xff, 0xff, 0xff, 0xa9, 0xa9, 0xa9, 0xa0, 0xa0, 0xa0,
    0xcd, 0xcd, 0xcd, 0xef, 0xef, 0xef, 0xfc, 0xfc, 0xfc, 0xff, 0xff, 0xff,
    0x00, 0x00, 0xff, 0xff, 0xff, 0xff, 0xff, 0xff, 0xfe, 0xfe, 0xfe, 0xf7,
    0xf7, 0xf7, 0xe9, 0xe9, 0xe9, 0xda, 0xda, 0xda, 0xbe, 0xbe, 0xbe, 0xab,
    0xab, 0xab, 0xaa, 0xaa, 0xaa, 0xd0, 0xd0, 0xd0, 0xe1, 0xe1, 0xe1, 0xcd,
    0xcd, 0xcd, 0x99, 0x99, 0x99, 0x76, 0x76, 0x76, 0x88, 0x88, 0x88, 0xb6,
    0xb6, 0xb6, 0xcf, 0xcf, 0xcf, 0xe3, 0xe3, 0xe3, 0xff, 0xff, 0xff, 0xca,
    0xca, 0xca, 0x2e, 0x2e, 0x2e, 0x00, 0x00, 0x00, 0x04, 0x04, 0x04, 0x00,
    0x00, 0x00, 0x00, 0x00, 0x00, 0x00, 0x00, 0x00, 0x00, 0x00, 0x00, 0x00,
    0x00, 0x00, 0x00, 0x00, 0x00, 0x00, 0x00, 0x00, 0x00, 0x00, 0x00, 0x00,
    0x00, 0x00, 0x00, 0x00, 0x00, 0x00, 0x00, 0x00, 0x00, 0x00, 0x00, 0x03,
    0x03, 0x03, 0x00, 0x00, 0x00, 0x37, 0x37, 0x37, 0xfd, 0xfd, 0xfd, 0x9c,
    0x9c, 0x9c, 0x00, 0x00, 0x00, 0x00, 0x00, 0x00, 0x74, 0x74, 0x74, 0xff,
    0xff, 0xff, 0xa1, 0xa1, 0xa1, 0xa4, 0xa4, 0xa4, 0xd1, 0xd1, 0xd1, 0xf1,
    0xf1, 0xf1, 0xfd, 0xfd, 0xfd, 0xff, 0xff, 0xff, 0x00, 0x00, 0xff, 0xff,
    0xff, 0xff, 0xff, 0xff, 0xf9, 0xf9, 0xf9, 0xf1, 0xf1, 0xf1, 0xce, 0xce,
    0xce, 0xc3, 0xc3, 0xc3, 0xbe, 0xbe, 0xbe, 0xb6, 0xb6, 0xb6, 0xe8, 0xe8,
    0xe8, 0xfa, 0xfa, 0xfa, 0xcc, 0xcc, 0xcc, 0xee, 0xee, 0xee, 0xff, 0xff,
    0xff, 0xb4, 0xb4, 0xb4, 0x6f, 0x6f, 0x6f, 0x83, 0x83, 0x83, 0xac, 0xac,
    0xac, 0xcf, 0xcf, 0xcf, 0xdf, 0xdf, 0xdf, 0xfd, 0xfd, 0xfd, 0xe4, 0xe4,
    0xe4, 0x43, 0x43, 0x43, 0x00, 0x00, 0x00, 0x03, 0x03, 0x03, 0x00, 0x00,
    0x00, 0x00, 0x00, 0x00, 0x00, 0x00, 0x00, 0x00, 0x00, 0x00, 0x00, 0x00,
    0x00, 0x00, 0x00, 0x00, 0x00, 0x00, 0x00, 0x00, 0x00, 0x00, 0x00, 0x00,
    0x00, 0x00, 0x00, 0x00, 0x00, 0x00, 0x00, 0x03, 0x03, 0x03, 0x00, 0x00,
    0x00, 0x47, 0x47, 0x47, 0xff, 0xff, 0xff, 0x8a, 0x8a, 0x8a, 0x00, 0x00,
    0x00, 0x00, 0x00, 0x00, 0x8c, 0x8c, 0x8c, 0xff, 0xff, 0xff, 0x9a, 0x9a,
    0x9a, 0xa9, 0xa9, 0xa9, 0xd6, 0xd6, 0xd6, 0xf3, 0xf3, 0xf3, 0xfe, 0xfe,
    0xfe, 0xff, 0xff, 0xff, 0x00, 0x00, 0xff, 0xff, 0xff, 0xfd, 0xfd, 0xfd,
    0xfa, 0xfa, 0xfa, 0xe2, 0xe2, 0xe2, 0xde, 0xde, 0xde, 0xff, 0xff, 0xff,
    0xff, 0xff, 0xff, 0xfc, 0xfc, 0xfc, 0xee, 0xee, 0xee, 0x5a, 0x5a, 0x5a,
    0x02, 0x02, 0x02, 0x2d, 0x2d, 0x2d, 0xbf, 0xbf, 0xbf, 0xff, 0xff, 0xff,
    0xbc, 0xbc, 0xbc, 0x6f, 0x6f, 0x6f, 0x80, 0x80, 0x80, 0xa3, 0xa3, 0xa3,
    0xd3, 0xd3, 0xd3, 0xdb, 0xdb, 0xdb, 0xf3, 0xf3, 0xf3, 0xec, 0xec, 0xec,
    0x42, 0x42, 0x42, 0x00, 0x00, 0x00, 0x03, 0x03, 0x03, 0x00, 0x00, 0x00,
    0x00, 0x00, 0x00, 0x00, 0x00, 0x00, 0x00, 0x00, 0x00, 0x00, 0x00, 0x00,
    0x00, 0x00, 0x00, 0x00, 0x00, 0x00, 0x00, 0x00, 0x00, 0x00, 0x00, 0x00,
    0x00, 0x00, 0x00, 0x04, 0x04, 0x04, 0x00, 0x00, 0x00, 0x5e, 0x5e, 0x5e,
    0xff, 0xff, 0xff, 0x73, 0x73, 0x73, 0x00, 0x00, 0x00, 0x00, 0x00, 0x00,
    0xa3, 0xa3, 0xa3, 0xfa, 0xfa, 0xfa, 0x93, 0x93, 0x93, 0xae, 0xae, 0xae,
    0xdb, 0xdb, 0xdb, 0xf5, 0xf5, 0xf5, 0xfe, 0xfe, 0xfe, 0xff, 0xff, 0xff,
    0x00, 0x00, 0xfe, 0xfe, 0xfe, 0xfe, 0xfe, 0xfe, 0xf3, 0xf3, 0xf3, 0xdf,
    0xdf, 0xdf, 0xff, 0xff, 0xff, 0xa6, 0xa6, 0xa6, 0x3e, 0x3e, 0x3e, 0x9a,
    0x9a, 0x9a, 0xfe, 0xfe, 0xfe, 0x95, 0x95, 0x95, 0x00, 0x00, 0x00, 0x00,
    0x00, 0x00, 0x0e, 0x0e, 0x0e, 0xb2, 0xb2, 0xb2, 0xff, 0xff, 0xff, 0xbf,
    0xbf, 0xbf, 0x72, 0x72, 0x72, 0x7f, 0x7f, 0x7f, 0x9a, 0x9a, 0x9a, 0xca,
    0xca, 0xca, 0xd3, 0xd3, 0xd3, 0xf4, 0xf4, 0xf4, 0xe3, 0xe3, 0xe3, 0x28,
    0x28, 0x28, 0x00, 0x00, 0x00, 0x02, 0x02, 0x02, 0x00, 0x00, 0x00, 0x00,
    0x00, 0x00, 0x00, 0x00, 0x00, 0x00, 0x00, 0x00, 0x00, 0x00, 0x00, 0x00,
    0x00, 0x00, 0x00, 0x00, 0x00, 0x00, 0x00, 0x00, 0x00, 0x00, 0x00, 0x04,
    0x04, 0x04, 0x00, 0x00, 0x00, 0x7a, 0x7a, 0x7a, 0xff, 0xff, 0xff, 0x58,
    0x58, 0x58, 0x00, 0x00, 0x00, 0x02, 0x02, 0x02, 0xbf, 0xbf, 0xbf, 0xeb,
    0xeb, 0xeb, 0x8d, 0x8d, 0x8d, 0xb4, 0xb4, 0xb4, 0xe0, 0xe0, 0xe0, 0xf7,
    0xf7, 0xf7, 0xfe, 0xfe, 0xfe, 0xff, 0xff, 0xff, 0x00, 0x00, 0xff, 0xff,
    0xff, 0xff, 0xff, 0xff, 0xe6, 0xe6, 0xe6, 0xff, 0xff, 0xff, 0xb2, 0xb2,
    0xb2, 0x01, 0x01, 0x01, 0x00, 0x00, 0x00, 0x02, 0x02, 0x02, 0xba, 0xba,
    0xba, 0xff, 0xff, 0xff, 0x5b, 0x5b, 0x5b, 0x01, 0x01, 0x01, 0x01, 0x01,
    0x01, 0x0c, 0x0c, 0x0c, 0xac, 0xac, 0xac, 0xff, 0xff, 0xff, 0xd2, 0xd2,
    0xd2, 0x7f, 0x7f, 0x7f, 0x7a, 0x7a, 0x7a, 0x8d, 0x8d, 0x8d, 0xba, 0xba,
    0xba, 0xca, 0xca, 0xca, 0xff, 0xff, 0xff, 0xbc, 0xbc, 0xbc, 0x06, 0x06,
    0x06, 0x02, 0x02, 0x02, 0x01, 0x01, 0x01, 0x00, 0x00, 0x00, 0x00, 0x00,
    0x00, 0x00, 0x00, 0x00, 0x00, 0x00, 0x00, 0x00, 0x00, 0x00, 0x00, 0x00,
    0x00, 0x00, 0x00, 0x00, 0x00, 0x00, 0x00, 0x03, 0x03, 0x03, 0x00, 0x00,
    0x00, 0x9c, 0x9c, 0x9c, 0xfd, 0xfd, 0xfd, 0x3b, 0x3b, 0x3b, 0x00, 0x00,
    0x00, 0x11, 0x11, 0x11, 0xdb, 0xdb, 0xdb, 0xdd, 0xdd, 0xdd, 0x8a, 0x8a,
    0x8a, 0xbb, 0xbb, 0xbb, 0xe5, 0xe5, 0xe5, 0xfa, 0xfa, 0xfa, 0xff, 0xff,
    0xff, 0xff, 0xff, 0xff, 0x00, 0x00, 0xff, 0xff, 0xff, 0xff, 0xff, 0xff,
    0xe6, 0xe6, 0xe6, 0xfd, 0xfd, 0xfd, 0x43, 0x43, 0x43, 0x05, 0x05, 0x05,
    0x50, 0x50, 0x50, 0x11, 0x11, 0x11, 0x29, 0x29, 0x29, 0xf8, 0xf8, 0xf8,
    0xdb, 0xdb, 0xdb, 0x07, 0x07, 0x07, 0x03, 0x03, 0x03, 0x00, 0x00, 0x00,
    0x04, 0x04, 0x04, 0x89, 0x89, 0x89, 0xfe, 0xfe, 0xfe, 0xeb, 0xeb, 0xeb,
    0x9e, 0x9e, 0x9e, 0x6e, 0x6e, 0x6e, 0x81, 0x81, 0x81, 0xa1, 0xa1, 0xa1,
    0xd1, 0xd1, 0xd1, 0xff, 0xff, 0xff, 0x64, 0x64, 0x64, 0x00, 0x00, 0x00,
    0x03, 0x03, 0x03, 0x00, 0x00, 0x00, 0x00, 0x00, 0x00, 0x00, 0x00, 0x00,
    0x00, 0x00, 0x00, 0x00, 0x00, 0x00, 0x00, 0x00, 0x00, 0x00, 0x00, 0x00,
    0x00, 0x00, 0x00, 0x00, 0x00, 0x00, 0x01, 0x01, 0x01, 0xc1, 0xc1, 0xc1,
    0xeb, 0xeb, 0xeb, 0x1e, 0x1e, 0x1e, 0x00, 0x00, 0x00, 0x29, 0x29, 0x29,
    0xf4, 0xf4, 0xf4, 0xcc, 0xcc, 0xcc, 0x93, 0x93, 0x93, 0xc3, 0xc3, 0xc3,
    0xea, 0xea, 0xea, 0xfb, 0xfb, 0xfb, 0xff, 0xff, 0xff, 0xff, 0xff, 0xff,
    0x00, 0x00, 0xff, 0xff, 0xff, 0xff, 0xff, 0xff, 0xe9, 0xe9, 0xe9, 0xf4,
    0xf4, 0xf4, 0x14, 0x14, 0x14, 0x55, 0x55, 0x55, 0xff, 0xff, 0xff, 0x8c,
    0x8c, 0x8c, 0x00, 0x00, 0x00, 0x60, 0x60, 0x60, 0x69, 0x69, 0x69, 0x02,
    0x02, 0x02, 0x01, 0x01, 0x01, 0x02, 0x02, 0x02, 0x01, 0x01, 0x01, 0x00,
    0x00, 0x00, 0x54, 0x54, 0x54, 0xdc, 0xdc, 0xdc, 0xff, 0xff, 0xff, 0xc8,
    0xc8, 0xc8, 0x81, 0x81, 0x81, 0x7f, 0x7f, 0x7f, 0x95, 0x95, 0x95, 0xf1,
    0xf1, 0xf1, 0xce, 0xce, 0xce, 0x0a, 0x0a, 0x0a, 0x01, 0x01, 0x01, 0x01,
    0x01, 0x01, 0x00, 0x00, 0x00, 0x00, 0x00, 0x00, 0x00, 0x00, 0x00, 0x00,
    0x00, 0x00, 0x00, 0x00, 0x00, 0x00, 0x00, 0x00, 0x01, 0x01, 0x01, 0x00,
    0x00, 0x00, 0x17, 0x17, 0x17, 0xe6, 0xe6, 0xe6, 0xca, 0xca, 0xca, 0x06,
    0x06, 0x06, 0x00, 0x00, 0x00, 0x4c, 0x4c, 0x4c, 0xff, 0xff, 0xff, 0xb9,
    0xb9, 0xb9, 0xa1, 0xa1, 0xa1, 0xce, 0xce, 0xce, 0xef, 0xef, 0xef, 0xfd,
    0xfd, 0xfd, 0xff, 0xff, 0xff, 0xff, 0xff, 0xff, 0x00, 0x00, 0xff, 0xff,
    0xff, 0xff, 0xff, 0xff, 0xe9, 0xe9, 0xe9, 0xf8, 0xf8, 0xf8, 0x29, 0x29,
    0x29, 0x17, 0x17, 0x17, 0x7f, 0x7f, 0x7f, 0x2e, 0x2e, 0x2e, 0x01, 0x01,
    0x01, 0x00, 0x00, 0x00, 0x00, 0x00, 0x00, 0x00, 0x00, 0x00, 0x00, 0x00,
    0x00, 0x00, 0x00, 0x00, 0x01, 0x01, 0x01, 0x03, 0x03, 0x03, 0x00, 0x00,
    0x00, 0x1b, 0x1b, 0x1b, 0x9e, 0x9e, 0x9e, 0xff, 0xff, 0xff, 0xee, 0xee,
    0xee, 0xa7, 0xa7, 0xa7, 0x6f, 0x6f, 0x6f, 0xb9, 0xb9, 0xb9, 0xff, 0xff,
    0xff, 0x49, 0x49, 0x49, 0x00, 0x00, 0x00, 0x03, 0x03, 0x03, 0x00, 0x00,
    0x00, 0x00, 0x00, 0x00, 0x00, 0x00, 0x00, 0x00, 0x00, 0x00, 0x00, 0x00,
    0x00, 0x00, 0x00, 0x00, 0x03, 0x03, 0x03, 0x00, 0x00, 0x00, 0x40, 0x40,
    0x40, 0xfd, 0xfd, 0xfd, 0x9a, 0x9a, 0x9a, 0x00, 0x00, 0x00, 0x00, 0x00,
    0x00, 0x7a, 0x7a, 0x7a, 0xff, 0xff, 0xff, 0xa6, 0xa6, 0xa6, 0xad, 0xad,
    0xad, 0xd8, 0xd8, 0xd8, 0xf3, 0xf3, 0xf3, 0xfd, 0xfd, 0xfd, 0xff, 0xff,
    0xff, 0xff, 0xff, 0xff, 0x00, 0x00, 0xff, 0xff, 0xff, 0xff, 0xff, 0xff,
    0xea, 0xea, 0xea, 0xff, 0xff, 0xff, 0x62, 0x62, 0x62, 0x00, 0x00, 0x00,
    0x00, 0x00, 0x00, 0x00, 0x00, 0x00, 0x00, 0x00, 0x00, 0x03, 0x03, 0x03,
    0x03, 0x03, 0x03, 0x00, 0x00, 0x00, 0x00, 0x00, 0x00, 0x00, 0x00, 0x00,
    0x00, 0x00, 0x00, 0x00, 0x00, 0x00, 0x03, 0x03, 0x03, 0x00, 0x00, 0x00,
    0x00, 0x00, 0x00, 0x50, 0x50, 0x50, 0xd4, 0xd4, 0xd4, 0xff, 0xff, 0xff,
    0xc0, 0xc0, 0xc0, 0xa1, 0xa1, 0xa1, 0xf9, 0xf9, 0xf9, 0x8f, 0x8f, 0x8f,
    0x00, 0x00, 0x00, 0x03, 0x03, 0x03, 0x00, 0x00, 0x00, 0x00, 0x00, 0x00,
    0x00, 0x00, 0x00, 0x00, 0x00, 0x00, 0x00, 0x00, 0x00, 0x00, 0x00, 0x00,
    0x04, 0x04, 0x04, 0x00, 0x00, 0x00, 0x7b, 0x7b, 0x7b, 0xff, 0xff, 0xff,
    0x61, 0x61, 0x61, 0x00, 0x00, 0x00, 0x00, 0x00, 0x00, 0xad, 0xad, 0xad,
    0xf8, 0xf8, 0xf8, 0x97, 0x97, 0x97, 0xb8, 0xb8, 0xb8, 0xe0, 0xe0, 0xe0,
    0xf7, 0xf7, 0xf7, 0xfe, 0xfe, 0xfe, 0xff, 0xff, 0xff, 0xff, 0xff, 0xff,
    0x00, 0x00, 0xff, 0xff, 0xff, 0xff, 0xff, 0xff, 0xf3, 0xf3, 0xf3, 0xf7,
    0xf7, 0xf7, 0xc0, 0xc0, 0xc0, 0x03, 0x03, 0x03, 0x06, 0x06, 0x06, 0x02,
    0x02, 0x02, 0x00, 0x00, 0x00, 0x00, 0x00, 0x00, 0x00, 0x00, 0x00, 0x00,
    0x00, 0x00, 0x00, 0x00, 0x00, 0x00, 0x00, 0x00, 0x00, 0x00, 0x00, 0x00,
    0x00, 0x00, 0x00, 0x00, 0x00, 0x01, 0x01, 0x01, 0x03, 0x03, 0x03, 0x00,
    0x00, 0x00, 0x14, 0x14, 0x14, 0x97, 0x97, 0x97, 0xff, 0xff, 0xff, 0xe5,
    0xe5, 0xe5, 0xeb, 0xeb, 0xeb, 0xc0, 0xc0, 0xc0, 0x03, 0x03, 0x03, 0x01,
    0x01, 0x01, 0x00, 0x00, 0x00, 0x00, 0x00, 0x00, 0x00, 0x00, 0x00, 0x00,
    0x00, 0x00, 0x00, 0x00, 0x00, 0x00, 0x00, 0x00, 0x01, 0x01, 0x01, 0x02,
    0x02, 0x02, 0xbd, 0xbd, 0xbd, 0xf2, 0xf2, 0xf2, 0x28, 0x28, 0x28, 0x00,
    0x00, 0x00, 0x14, 0x14, 0x14, 0xdf, 0xdf, 0xdf, 0xdd, 0xdd, 0xdd, 0x92,
    0x92, 0x92, 0xc2, 0xc2, 0xc2, 0xe9, 0xe9, 0xe9, 0xfa, 0xfa, 0xfa, 0xff,
    0xff, 0xff, 0xff, 0xff, 0xff, 0xff, 0xff, 0xff, 0x00, 0x00, 0xff, 0xff,
    0xff, 0xff, 0xff, 0xff, 0xfe, 0xfe, 0xfe, 0xe6, 0xe6, 0xe6, 0xff, 0xff,
    0xff, 0x79, 0x79, 0x79, 0x00, 0x00, 0x00, 0x04, 0x04, 0x04, 0x00, 0x00,
    0x00, 0x00, 0x00, 0x00, 0x00, 0x00, 0x00, 0x00, 0x00, 0x00, 0x00, 0x00,
    0x00, 0x00, 0x00, 0x00, 0x00, 0x00, 0x00, 0x00, 0x00, 0x00, 0x00, 0x00,
    0x00, 0x00, 0x00, 0x00, 0x00, 0x00, 0x00, 0x03, 0x03, 0x03, 0x00, 0x00,
    0x00, 0x00, 0x00, 0x00, 0x5f, 0x5f, 0x5f, 0xe8, 0xe8, 0xe8, 0xef, 0xef,
    0xef, 0xd7, 0xd7, 0xd7, 0x0a, 0x0a, 0x0a, 0x00, 0x00, 0x00, 0x01, 0x01,
    0x01, 0x00, 0x00, 0x00, 0x00, 0x00, 0x00, 0x00, 0x00, 0x00, 0x00, 0x00,
    0x00, 0x03, 0x03, 0x03, 0x01, 0x01, 0x01, 0x2c, 0x2c, 0x2c, 0xf3, 0xf3,
    0xf3, 0xbb, 0xbb, 0xbb, 0x03, 0x03, 0x03, 0x00, 0x00, 0x00, 0x45, 0x45,
    0x45, 0xfd, 0xfd, 0xfd, 0xc1, 0xc1, 0xc1, 0xa4, 0xa4, 0xa4, 0xd1, 0xd1,
    0xd1, 0xf0, 0xf0, 0xf0, 0xfd, 0xfd, 0xfd, 0xff, 0xff, 0xff, 0xff, 0xff,
    0xff, 0xff, 0xff, 0xff, 0x00, 0x00, 0xff, 0xff, 0xff, 0xff, 0xff, 0xff,
    0xff, 0xff, 0xff, 0xfa, 0xfa, 0xfa, 0xea, 0xea, 0xea, 0xf9, 0xf9, 0xf9,
    0x50, 0x50, 0x50, 0x00, 0x00, 0x00, 0x03, 0x03, 0x03, 0x00, 0x00, 0x00,
    0x00, 0x00, 0x00, 0x00, 0x00, 0x00, 0x00, 0x00, 0x00, 0x00, 0x00, 0x00,
    0x00, 0x00, 0x00, 0x00, 0x00, 0x00, 0x00, 0x00, 0x00, 0x00, 0x00, 0x00,
    0x00, 0x00, 0x00, 0x00, 0x00, 0x00, 0x01, 0x01, 0x01, 0x03, 0x03, 0x03,
    0x00, 0x00, 0x00, 0x38, 0x38, 0x38, 0xd6, 0xd6, 0xd6, 0xf8, 0xf8, 0xf8,
    0x82, 0x82, 0x82, 0x06, 0x06, 0x06, 0x02, 0x02, 0x02, 0x00, 0x00, 0x00,
    0x00, 0x00, 0x00, 0x00, 0x00, 0x00, 0x00, 0x00, 0x00, 0x03, 0x03, 0x03,
    0x00, 0x00, 0x00, 0x7f, 0x7f, 0x7f, 0xff, 0xff, 0xff, 0x6b, 0x6b, 0x6b,
    0x00, 0x00, 0x00, 0x00, 0x00, 0x00, 0x8c, 0x8c, 0x8c, 0xff, 0xff, 0xff,
    0xa9, 0xa9, 0xa9, 0xb8, 0xb8, 0xb8, 0xdf, 0xdf, 0xdf, 0xf6, 0xf6, 0xf6,
    0xfe, 0xfe, 0xfe, 0xff, 0xff, 0xff, 0xff, 0xff, 0xff, 0xff, 0xff, 0xff,
    0x00, 0x00, 0xff, 0xff, 0xff, 0xff, 0xff, 0xff, 0xff, 0xff, 0xff, 0xff,
    0xff, 0xff, 0xf3, 0xf3, 0xf3, 0xef, 0xef, 0xef, 0xe5, 0xe5, 0xe5, 0x24,
    0x24, 0x24, 0x00, 0x00, 0x00, 0x02, 0x02, 0x02, 0x00, 0x00, 0x00, 0x00,
    0x00, 0x00, 0x00, 0x00, 0x00, 0x00, 0x00, 0x00, 0x00, 0x00, 0x00, 0x00,
    0x00, 0x00, 0x00, 0x00, 0x00, 0x00, 0x00, 0x00, 0x00, 0x00, 0x00, 0x00,
    0x00, 0x00, 0x00, 0x00, 0x00, 0x00, 0x00, 0x00, 0x04, 0x04, 0x04, 0x00,
    0x00, 0x00, 0x23, 0x23, 0x23, 0xd0, 0xd0, 0xd0, 0xf5, 0xf5, 0xf5, 0x1d,
    0x1d, 0x1d, 0x00, 0x00, 0x00, 0x02, 0x02, 0x02, 0x00, 0x00, 0x00, 0x00,
    0x00, 0x00, 0x01, 0x01, 0x01, 0x01, 0x01, 0x01, 0x10, 0x10, 0x10, 0xd8,
    0xd8, 0xd8, 0xe5, 0xe5, 0xe5, 0x1b, 0x1b, 0x1b, 0x00, 0x00, 0x00, 0x0c,
    0x0c, 0x0c, 0xd4, 0xd4, 0xd4, 0xe7, 0xe7, 0xe7, 0x9a, 0x9a, 0x9a, 0xc6,
    0xc6, 0xc6, 0xe9, 0xe9, 0xe9, 0xfa, 0xfa, 0xfa, 0xff, 0xff, 0xff, 0xff,
    0xff, 0xff, 0xff, 0xff, 0xff, 0xff, 0xff, 0xff, 0x00, 0x00, 0xff, 0xff,
    0xff, 0xff, 0xff, 0xff, 0xff, 0xff, 0xff, 0xff, 0xff, 0xff, 0xff, 0xff,
    0xff, 0xeb, 0xeb, 0xeb, 0xff, 0xff, 0xff, 0xb8, 0xb8, 0xb8, 0x04, 0x04,
    0x04, 0x03, 0x03, 0x03, 0x01, 0x01, 0x01, 0x00, 0x00, 0x00, 0x00, 0x00,
    0x00, 0x00, 0x00, 0x00, 0x00, 0x00, 0x00, 0x00, 0x00, 0x00, 0x00, 0x00,
    0x00, 0x00, 0x00, 0x00, 0x00, 0x00, 0x00, 0x00, 0x00, 0x00, 0x00, 0x00,
    0x00, 0x00, 0x00, 0x00, 0x00, 0x00, 0x00, 0x03, 0x03, 0x03, 0x00, 0x00,
    0x00, 0x16, 0x16, 0x16, 0x32, 0x32, 0x32, 0x00, 0x00, 0x00, 0x00, 0x00,
    0x00, 0x00, 0x00, 0x00, 0x00, 0x00, 0x00, 0x00, 0x00, 0x00, 0x04, 0x04,
    0x04, 0x00, 0x00, 0x00, 0x6d, 0x6d, 0x6d, 0xff, 0xff, 0xff, 0x8c, 0x8c,
    0x8c, 0x00, 0x00, 0x00, 0x00, 0x00, 0x00, 0x4f, 0x4f, 0x4f, 0xfe, 0xfe,
    0xfe, 0xc4, 0xc4, 0xc4, 0xac, 0xac, 0xac, 0xd5, 0xd5, 0xd5, 0xf2, 0xf2,
    0xf2, 0xfd, 0xfd, 0xfd, 0xff, 0xff, 0xff, 0xff, 0xff, 0xff, 0xff, 0xff,
    0xff, 0xff, 0xff, 0xff, 0x00, 0x00, 0xff, 0xff, 0xff, 0xff, 0xff, 0xff,
    0xff, 0xff, 0xff, 0xff, 0xff, 0xff, 0xff, 0xff, 0xff, 0xfe, 0xfe, 0xfe,
    0xe6, 0xe6, 0xe6, 0xff, 0xff, 0xff, 0x7a, 0x7a, 0x7a, 0x00, 0x00, 0x00,
    0x04, 0x04, 0x04, 0x00, 0x00, 0x00, 0x00, 0x00, 0x00, 0x00, 0x00, 0x00,
    0x00, 0x00, 0x00, 0x00, 0x00, 0x00, 0x00, 0x00, 0x00, 0x00, 0x00, 0x00,
    0x00, 0x00, 0x00, 0x00, 0x00, 0x00, 0x00, 0x00, 0x00, 0x00, 0x00, 0x00,
    0x00, 0x00, 0x00, 0x00, 0x00, 0x00, 0x02, 0x02, 0x02, 0x00, 0x00, 0x00,
    0x00, 0x00, 0x00, 0x00, 0x00, 0x00, 0x00, 0x00, 0x00, 0x00, 0x00, 0x00,
    0x00, 0x00, 0x00, 0x02, 0x02, 0x02, 0x01, 0x01, 0x01, 0x18, 0x18, 0x18,
    0xdd, 0xdd, 0xdd, 0xe8, 0xe8, 0xe8, 0x22, 0x22, 0x22, 0x01, 0x01, 0x01,
    0x00, 0x00, 0x00, 0xaf, 0xaf, 0xaf, 0xfb, 0xfb, 0xfb, 0xa8, 0xa8, 0xa8,
    0xc4, 0xc4, 0xc4, 0xe6, 0xe6, 0xe6, 0xf9, 0xf9, 0xf9, 0xfe, 0xfe, 0xfe,
    0xff, 0xff, 0xff, 0xff, 0xff, 0xff, 0xff, 0xff, 0xff, 0xff, 0xff, 0xff,
    0x00, 0x00, 0xff, 0xff, 0xff, 0xff, 0xff, 0xff, 0xff, 0xff, 0xff, 0xff,
    0xff, 0xff, 0xff, 0xff, 0xff, 0xff, 0xff, 0xff, 0xf9, 0xf9, 0xf9, 0xe9,
    0xe9, 0xe9, 0xf3, 0xf3, 0xf3, 0x3a, 0x3a, 0x3a, 0x00, 0x00, 0x00, 0x03,
    0x03, 0x03, 0x00, 0x00, 0x00, 0x00, 0x00, 0x00, 0x01, 0x01, 0x01, 0x00,
    0x00, 0x00, 0x00, 0x00, 0x00, 0x00, 0x00, 0x00, 0x00, 0x00, 0x00, 0x00,
    0x00, 0x00, 0x00, 0x00, 0x00, 0x00, 0x00, 0x00, 0x00, 0x00, 0x00, 0x00,
    0x00, 0x00, 0x00, 0x00, 0x00, 0x01, 0x01, 0x01, 0x02, 0x02, 0x02, 0x00,
    0x00, 0x00, 0x00, 0x00, 0x00, 0x00, 0x00, 0x00, 0x00, 0x00, 0x00, 0x04,
    0x04, 0x04, 0x00, 0x00, 0x00, 0x9b, 0x9b, 0x9b, 0xff, 0xff, 0xff, 0x78,
    0x78, 0x78, 0x00, 0x00, 0x00, 0x00, 0x00, 0x00, 0x3c, 0x3c, 0x3c, 0xf7,
    0xf7, 0xf7, 0xd1, 0xd1, 0xd1, 0xa8, 0xa8, 0xa8, 0xd3, 0xd3, 0xd3, 0xf0,
    0xf0, 0xf0, 0xfc, 0xfc, 0xfc, 0xff, 0xff, 0xff, 0xff, 0xff, 0xff, 0xff,
    0xff, 0xff, 0xff, 0xff, 0xff, 0xff, 0xff, 0xff, 0x00, 0x00, 0xff, 0xff,
    0xff, 0xff, 0xff, 0xff, 0xff, 0xff, 0xff, 0xff, 0xff, 0xff, 0xff, 0xff,
    0xff, 0xff, 0xff, 0xff, 0xff, 0xff, 0xff, 0xf0, 0xf0, 0xf0, 0xfa, 0xfa,
    0xfa, 0xce, 0xce, 0xce, 0x0f, 0x0f, 0x0f, 0x01, 0x01, 0x01, 0x01, 0x01,
    0x01, 0x01, 0x01, 0x01, 0x00, 0x00, 0x00, 0x01, 0x01, 0x01, 0x01, 0x01,
    0x01, 0x00, 0x00, 0x00, 0x00, 0x00, 0x00, 0x00, 0x00, 0x00, 0x00, 0x00,
    0x00, 0x00, 0x00, 0x00, 0x00, 0x00, 0x00, 0x00, 0x00, 0x00, 0x00, 0x00,
    0x00, 0x00, 0x00, 0x00, 0x00, 0x00, 0x00, 0x00, 0x00, 0x00, 0x00, 0x00,
    0x00, 0x00, 0x00, 0x00, 0x05, 0x05, 0x05, 0x00, 0x00, 0x00, 0x63, 0x63,
    0x63, 0xfe, 0xfe, 0xfe, 0xc1, 0xc1, 0xc1, 0x09, 0x09, 0x09, 0x02, 0x02,
    0x02, 0x01, 0x01, 0x01, 0xb4, 0xb4, 0xb4, 0xfd, 0xfd, 0xfd, 0xaf, 0xaf,
    0xaf, 0xc8, 0xc8, 0xc8, 0xe6, 0xe6, 0xe6, 0xf8, 0xf8, 0xf8, 0xfe, 0xfe,
    0xfe, 0xff, 0xff, 0xff, 0xff, 0xff, 0xff, 0xff, 0xff, 0xff, 0xff, 0xff,
    0xff, 0xff, 0xff, 0xff, 0x00, 0x00, 0xff, 0xff, 0xff, 0xff, 0xff, 0xff,
    0xff, 0xff, 0xff, 0xff, 0xff, 0xff, 0xff, 0xff, 0xff, 0xff, 0xff, 0xff,
    0xff, 0xff, 0xff, 0xff, 0xff, 0xff, 0xe6, 0xe6, 0xe6, 0xff, 0xff, 0xff,
    0x93, 0x93, 0x93, 0x00, 0x00, 0x00, 0x02, 0x02, 0x02, 0x00, 0x00, 0x00,
    0x0a, 0x0a, 0x0a, 0x00, 0x00, 0x00, 0x00, 0x00, 0x00, 0x01, 0x01, 0x01,
    0x00, 0x00, 0x00, 0x00, 0x00, 0x00, 0x00, 0x00, 0x00, 0x00, 0x00, 0x00,
    0x00, 0x00, 0x00, 0x00, 0x00, 0x00, 0x00, 0x00, 0x00, 0x00, 0x00, 0x00,
    0x00, 0x00, 0x00, 0x00, 0x00, 0x00, 0x01, 0x01, 0x01, 0x04, 0x04, 0x04,
    0x00, 0x00, 0x00, 0x4c, 0x4c, 0x4c, 0xf2, 0xf2, 0xf2, 0xe5, 0xe5, 0xe5,
    0x2b, 0x2b, 0x2b, 0x00, 0x00, 0x00, 0x00, 0x00, 0x00, 0x5c, 0x5c, 0x5c,
    0xff, 0xff, 0xff, 0xcf, 0xcf, 0xcf, 0xb4, 0xb4, 0xb4, 0xda, 0xda, 0xda,
    0xf2, 0xf2, 0xf2, 0xfd, 0xfd, 0xfd, 0xff, 0xff, 0xff, 0xff, 0xff, 0xff,
    0xff, 0xff, 0xff, 0xff, 0xff, 0xff, 0xff, 0xff, 0xff, 0xff, 0xff, 0xff,
    0x00, 0x00, 0xff, 0xff, 0xff, 0xff, 0xff, 0xff, 0xff, 0xff, 0xff, 0xff,
    0xff, 0xff, 0xff, 0xff, 0xff, 0xff, 0xff, 0xff, 0xff, 0xff, 0xff, 0xff,
    0xff, 0xff, 0xfb, 0xfb, 0xfb, 0xe7, 0xe7, 0xe7, 0xf5, 0xf5, 0xf5, 0x35,
    0x35, 0x35, 0x00, 0x00, 0x00, 0x2b, 0x2b, 0x2b, 0xd9, 0xd9, 0xd9, 0xa1,
    0xa1, 0xa1, 0x12, 0x12, 0x12, 0x00, 0x00, 0x00, 0x01, 0x01, 0x01, 0x00,
    0x00, 0x00, 0x00, 0x00, 0x00, 0x00, 0x00, 0x00, 0x00, 0x00, 0x00, 0x00,
    0x00, 0x00, 0x00, 0x00, 0x00, 0x00, 0x00, 0x00, 0x01, 0x01, 0x01, 0x04,
    0x04, 0x04, 0x00, 0x00, 0x00, 0x00, 0x00, 0x00, 0x56, 0x56, 0x56, 0xef,
    0xef, 0xef, 0xf0, 0xf0, 0xf0, 0x46, 0x46, 0x46, 0x00, 0x00, 0x00, 0x00,
    0x00, 0x00, 0x20, 0x20, 0x20, 0xe2, 0xe2, 0xe2, 0xed, 0xed, 0xed, 0xb2,
    0xb2, 0xb2, 0xd4, 0xd4, 0xd4, 0xed, 0xed, 0xed, 0xfa, 0xfa, 0xfa, 0xff,
    0xff, 0xff, 0xff, 0xff, 0xff, 0xff, 0xff, 0xff, 0xff, 0xff, 0xff, 0xff,
    0xff, 0xff, 0xff, 0xff, 0xff, 0xff, 0xff, 0xff, 0x00, 0x00, 0xff, 0xff,
    0xff, 0xff, 0xff, 0xff, 0xff, 0xff, 0xff, 0xff, 0xff, 0xff, 0xff, 0xff,
    0xff, 0xff, 0xff, 0xff, 0xff, 0xff, 0xff, 0xff, 0xff, 0xff, 0xff, 0xff,
    0xff, 0xeb, 0xeb, 0xeb, 0xff, 0xff, 0xff, 0x76, 0x76, 0x76, 0x00, 0x00,
    0x00, 0x24, 0x24, 0x24, 0xe8, 0xe8, 0xe8, 0xfb, 0xfb, 0xfb, 0xb8, 0xb8,
    0xb8, 0x0a, 0x0a, 0x0a, 0x01, 0x01, 0x01, 0x01, 0x01, 0x01, 0x00, 0x00,
    0x00, 0x00, 0x00, 0x00, 0x00, 0x00, 0x00, 0x00, 0x00, 0x00, 0x00, 0x00,
    0x00, 0x00, 0x00, 0x00, 0x00, 0x00, 0x00, 0x00, 0x00, 0x00, 0x0d, 0x0d,
    0x0d, 0x84, 0x84, 0x84, 0xfb, 0xfb, 0xfb, 0xe9, 0xe9, 0xe9, 0x49, 0x49,
    0x49, 0x00, 0x00, 0x00, 0x03, 0x03, 0x03, 0x09, 0x09, 0x09, 0xbc, 0xbc,
    0xbc, 0xff, 0xff, 0xff, 0xc0, 0xc0, 0xc0, 0xcf, 0xcf, 0xcf, 0xe7, 0xe7,
    0xe7, 0xf8, 0xf8, 0xf8, 0xfe, 0xfe, 0xfe, 0xff, 0xff, 0xff, 0xff, 0xff,
    0xff, 0xff, 0xff, 0xff, 0xff, 0xff, 0xff, 0xff, 0xff, 0xff, 0xff, 0xff,
    0xff, 0xff, 0xff, 0xff, 0x00, 0x00, 0xff, 0xff, 0xff, 0xff, 0xff, 0xff,
    0xff, 0xff, 0xff, 0xff, 0xff, 0xff, 0xff, 0xff, 0xff, 0xff, 0xff, 0xff,
    0xff, 0xff, 0xff, 0xfe, 0xfe, 0xfe, 0xff, 0xff, 0xff, 0xf4, 0xf4, 0xf4,
    0xf8, 0xf8, 0xf8, 0xbb, 0xbb, 0xbb, 0x00, 0x00, 0x00, 0x00, 0x00, 0x00,
    0x6c, 0x6c, 0x6c, 0xf5, 0xf5, 0xf5, 0xfc, 0xfc, 0xfc, 0x7b, 0x7b, 0x7b,
    0x00, 0x00, 0x00, 0x03, 0x03, 0x03, 0x00, 0x00, 0x00, 0x00, 0x00, 0x00,
    0x00, 0x00, 0x00, 0x00, 0x00, 0x00, 0x01, 0x01, 0x01, 0x00, 0x00, 0x00,
    0x08, 0x08, 0x08, 0x5b, 0x5b, 0x5b, 0xce, 0xce, 0xce, 0xff, 0xff, 0xff,
    0xc7, 0xc7, 0xc7, 0x32, 0x32, 0x32, 0x00, 0x00, 0x00, 0x02, 0x02, 0x02,
    0x04, 0x04, 0x04, 0xa5, 0xa5, 0xa5, 0xff, 0xff, 0xff, 0xcf, 0xcf, 0xcf,
    0xc6, 0xc6, 0xc6, 0xe5, 0xe5, 0xe5, 0xf6, 0xf6, 0xf6, 0xfd, 0xfd, 0xfd,
    0xff, 0xff, 0xff, 0xff, 0xff, 0xff, 0xff, 0xff, 0xff, 0xff, 0xff, 0xff,
    0xff, 0xff, 0xff, 0xff, 0xff, 0xff, 0xff, 0xff, 0xff, 0xff, 0xff, 0xff,
    0x00, 0x00, 0xff, 0xff, 0xff, 0xff, 0xff, 0xff, 0xff, 0xff, 0xff, 0xff,
    0xff, 0xff, 0xff, 0xff, 0xff, 0xff, 0xff, 0xff, 0xff, 0xff, 0xff, 0xff,
    0xff, 0xff, 0xff, 0xff, 0xff, 0xfd, 0xfd, 0xfd, 0xe6, 0xe6, 0xe6, 0xff,
    0xff, 0xff, 0x8a, 0x8a, 0x8a, 0x00, 0x00, 0x00, 0x00, 0x00, 0x00, 0x72,
    0x72, 0x72, 0xf0, 0xf0, 0xf0, 0xa0, 0xa0, 0xa0, 0x00, 0x00, 0x00, 0x03,
    0x03, 0x03, 0x00, 0x00, 0x00, 0x00, 0x00, 0x00, 0x00, 0x00, 0x00, 0x01,
    0x01, 0x01, 0x01, 0x01, 0x01, 0x08, 0x08, 0x08, 0xc3, 0xc3, 0xc3, 0xff,
    0xff, 0xff, 0xe9, 0xe9, 0xe9, 0x7f, 0x7f, 0x7f, 0x0d, 0x0d, 0x0d, 0x00,
    0x00, 0x00, 0x00, 0x00, 0x00, 0x0e, 0x0e, 0x0e, 0xa8, 0xa8, 0xa8, 0xff,
    0xff, 0xff, 0xd5, 0xd5, 0xd5, 0xc9, 0xc9, 0xc9, 0xe6, 0xe6, 0xe6, 0xf4,
    0xf4, 0xf4, 0xfd, 0xfd, 0xfd, 0xff, 0xff, 0xff, 0xff, 0xff, 0xff, 0xff,
    0xff, 0xff, 0xff, 0xff, 0xff, 0xff, 0xff, 0xff, 0xff, 0xff, 0xff, 0xff,
    0xff, 0xff, 0xff, 0xff, 0xff, 0xff, 0xff, 0xff, 0x00, 0x00, 0xff, 0xff,
    0xff, 0xff, 0xff, 0xff, 0xff, 0xff, 0xff, 0xff, 0xff, 0xff, 0xff, 0xff,
    0xff, 0xff, 0xff, 0xff, 0xff, 0xff, 0xff, 0xff, 0xff, 0xff, 0xff, 0xff,
    0xff, 0xff, 0xff, 0xff, 0xfb, 0xfb, 0xfb, 0xea, 0xea, 0xea, 0xff, 0xff,
    0xff, 0xad, 0xad, 0xad, 0x25, 0x25, 0x25, 0x00, 0x00, 0x00, 0x1b, 0x1b,
    0x1b, 0x12, 0x12, 0x12, 0x01, 0x01, 0x01, 0x01, 0x01, 0x01, 0x00, 0x00,
    0x00, 0x00, 0x00, 0x00, 0x00, 0x00, 0x00, 0x00, 0x00, 0x00, 0x01, 0x01,
    0x01, 0x04, 0x04, 0x04, 0x81, 0x81, 0x81, 0x86, 0x86, 0x86, 0x22, 0x22,
    0x22, 0x00, 0x00, 0x00, 0x00, 0x00, 0x00, 0x00, 0x00, 0x00, 0x31, 0x31,
    0x31, 0xc5, 0xc5, 0xc5, 0xff, 0xff, 0xff, 0xd8, 0xd8, 0xd8, 0xcf, 0xcf,
    0xcf, 0xe9, 0xe9, 0xe9, 0xf5, 0xf5, 0xf5, 0xfc, 0xfc, 0xfc, 0xff, 0xff,
    0xff, 0xff, 0xff, 0xff, 0xff, 0xff, 0xff, 0xff, 0xff, 0xff, 0xff, 0xff,
    0xff, 0xff, 0xff, 0xff, 0xff, 0xff, 0xff, 0xff, 0xff, 0xff, 0xff, 0xff,
    0xff, 0xff, 0xff, 0xff, 0x00, 0x00, 0xff, 0xff, 0xff, 0xff, 0xff, 0xff,
    0xff, 0xff, 0xff, 0xff, 0xff, 0xff, 0xff, 0xff, 0xff, 0xff, 0xff, 0xff,
    0xff, 0xff, 0xff, 0xff, 0xff, 0xff, 0xff, 0xff, 0xff, 0xfe, 0xfe, 0xfe,
    0xff, 0xff, 0xff, 0xfa, 0xfa, 0xfa, 0xec, 0xec, 0xec, 0xff, 0xff, 0xff,
    0xe5, 0xe5, 0xe5, 0x74, 0x74, 0x74, 0x05, 0x05, 0x05, 0x00, 0x00, 0x00,
    0x00, 0x00, 0x00, 0x03, 0x03, 0x03, 0x01, 0x01, 0x01, 0x00, 0x00, 0x00,
    0x00, 0x00, 0x00, 0x00, 0x00, 0x00, 0x00, 0x00, 0x00, 0x00, 0x00, 0x00,
    0x00, 0x00, 0x00, 0x00, 0x00, 0x00, 0x00, 0x00, 0x00, 0x00, 0x00, 0x00,
    0x12, 0x12, 0x12, 0x7b, 0x7b, 0x7b, 0xed, 0xed, 0xed, 0xfd, 0xfd, 0xfd,
    0xd8, 0xd8, 0xd8, 0xd8, 0xd8, 0xd8, 0xee, 0xee, 0xee, 0xf7, 0xf7, 0xf7,
    0xfd, 0xfd, 0xfd, 0xff, 0xff, 0xff, 0xff, 0xff, 0xff, 0xff, 0xff, 0xff,
    0xff, 0xff, 0xff, 0xff, 0xff, 0xff, 0xff, 0xff, 0xff, 0xff, 0xff, 0xff,
    0xff, 0xff, 0xff, 0xff, 0xff, 0xff, 0xff, 0xff, 0xff, 0xff, 0xff, 0xff,
    0x00, 0x00, 0xff, 0xff, 0xff, 0xff, 0xff, 0xff, 0xff, 0xff, 0xff, 0xff,
    0xff, 0xff, 0xff, 0xff, 0xff, 0xff, 0xff, 0xff, 0xff, 0xff, 0xff, 0xff,
    0xff, 0xff, 0xff, 0xff, 0xff, 0xff, 0xff, 0xff, 0xff, 0xff, 0xff, 0xff,
    0xff, 0xff, 0xff, 0xff, 0xff, 0xf1, 0xf1, 0xf1, 0xee, 0xee, 0xee, 0xff,
    0xff, 0xff, 0xca, 0xca, 0xca, 0x5c, 0x5c, 0x5c, 0x04, 0x04, 0x04, 0x00,
    0x00, 0x00, 0x00, 0x00, 0x00, 0x03, 0x03, 0x03, 0x01, 0x01, 0x01, 0x00,
    0x00, 0x00, 0x00, 0x00, 0x00, 0x00, 0x00, 0x00, 0x00, 0x00, 0x00, 0x00,
    0x00, 0x00, 0x21, 0x21, 0x21, 0x74, 0x74, 0x74, 0xd6, 0xd6, 0xd6, 0xff,
    0xff, 0xff, 0xe7, 0xe7, 0xe7, 0xd9, 0xd9, 0xd9, 0xeb, 0xeb, 0xeb, 0xf3,
    0xf3, 0xf3, 0xf9, 0xf9, 0xf9, 0xfe, 0xfe, 0xfe, 0xff, 0xff, 0xff, 0xff,
    0xff, 0xff, 0xff, 0xff, 0xff, 0xff, 0xff, 0xff, 0xff, 0xff, 0xff, 0xff,
    0xff, 0xff, 0xff, 0xff, 0xff, 0xff, 0xff, 0xff, 0xff, 0xff, 0xff, 0xff,
    0xff, 0xff, 0xff, 0xff, 0xff, 0xff, 0xff, 0xff, 0x00, 0x00, 0xff, 0xff,
    0xff, 0xff, 0xff, 0xff, 0xff, 0xff, 0xff, 0xff, 0xff, 0xff, 0xff, 0xff,
    0xff, 0xff, 0xff, 0xff, 0xff, 0xff, 0xff, 0xff, 0xff, 0xff, 0xff, 0xff,
    0xff, 0xff, 0xff, 0xff, 0xff, 0xff, 0xff, 0xff, 0xff, 0xff, 0xff, 0xff,
    0xff, 0xff, 0xff, 0xff, 0xf9, 0xf9, 0xf9, 0xe9, 0xe9, 0xe9, 0xf5, 0xf5,
    0xf5, 0xfa, 0xfa, 0xfa, 0xc5, 0xc5, 0xc5, 0x58, 0x58, 0x58, 0x09, 0x09,
    0x09, 0x00, 0x00, 0x00, 0x00, 0x00, 0x00, 0x01, 0x01, 0x01, 0x01, 0x01,
    0x01, 0x08, 0x08, 0x08, 0x63, 0x63, 0x63, 0xa8, 0xa8, 0xa8, 0xea, 0xea,
    0xea, 0xff, 0xff, 0xff, 0xec, 0xec, 0xec, 0xe0, 0xe0, 0xe0, 0xe3, 0xe3,
    0xe3, 0xfa, 0xfa, 0xfa, 0xf8, 0xf8, 0xf8, 0xfc, 0xfc, 0xfc, 0xfe, 0xfe,
    0xfe, 0xff, 0xff, 0xff, 0xff, 0xff, 0xff, 0xff, 0xff, 0xff, 0xff, 0xff,
    0xff, 0xff, 0xff, 0xff, 0xff, 0xff, 0xff, 0xff, 0xff, 0xff, 0xff, 0xff,
    0xff, 0xff, 0xff, 0xff, 0xff, 0xff, 0xff, 0xff, 0xff, 0xff, 0xff, 0xff,
    0xff, 0xff, 0xff, 0xff, 0x00, 0x00, 0xff, 0xff, 0xff, 0xff, 0xff, 0xff,
    0xff, 0xff, 0xff, 0xff, 0xff, 0xff, 0xff, 0xff, 0xff, 0xff, 0xff, 0xff,
    0xff, 0xff, 0xff, 0xff, 0xff, 0xff, 0xff, 0xff, 0xff, 0xff, 0xff, 0xff,
    0xff, 0xff, 0xff, 0xff, 0xff, 0xff, 0xff, 0xff, 0xff, 0xff, 0xff, 0xff,
    0xff, 0xff, 0xff, 0xef, 0xef, 0xef, 0xf9, 0xf9, 0xf9, 0xc9, 0xc9, 0xc9,
    0xe5, 0xe5, 0xe5, 0xff, 0xff, 0xff, 0xd0, 0xd0, 0xd0, 0x78, 0x78, 0x78,
    0x0b, 0x0b, 0x0b, 0x04, 0x04, 0x04, 0x00, 0x00, 0x00, 0x32, 0x32, 0x32,
    0xfa, 0xfa, 0xfa, 0xf2, 0xf2, 0xf2, 0xd8, 0xd8, 0xd8, 0xcb, 0xcb, 0xcb,
    0xdb, 0xdb, 0xdb, 0xfb, 0xfb, 0xfb, 0xfb, 0xfb, 0xfb, 0xfc, 0xfc, 0xfc,
    0xfe, 0xfe, 0xfe, 0xff, 0xff, 0xff, 0xff, 0xff, 0xff, 0xff, 0xff, 0xff,
    0xff, 0xff, 0xff, 0xff, 0xff, 0xff, 0xff, 0xff, 0xff, 0xff, 0xff, 0xff,
    0xff, 0xff, 0xff, 0xff, 0xff, 0xff, 0xff, 0xff, 0xff, 0xff, 0xff, 0xff,
    0xff, 0xff, 0xff, 0xff, 0xff, 0xff, 0xff, 0xff, 0xff, 0xff, 0xff, 0xff,
    0x00, 0x00, 0xff, 0xff, 0xff, 0xff, 0xff, 0xff, 0xff, 0xff, 0xff, 0xff,
    0xff, 0xff, 0xff, 0xff, 0xff, 0xff, 0xff, 0xff, 0xff, 0xff, 0xff, 0xff,
    0xff, 0xff, 0xff, 0xff, 0xff, 0xff, 0xff, 0xff, 0xff, 0xff, 0xff, 0xff,
    0xff, 0xff, 0xff, 0xff, 0xff, 0xff, 0xff, 0xff, 0xff, 0xff, 0xff, 0xf6,
    0xf6, 0xf6, 0xf2, 0xf2, 0xf2, 0xb3, 0xb3, 0xb3, 0x1f, 0x1f, 0x1f, 0x88,
    0x88, 0x88, 0xd9, 0xd9, 0xd9, 0xff, 0xff, 0xff, 0x95, 0x95, 0x95, 0x00,
    0x00, 0x00, 0x03, 0x03, 0x03, 0x3d, 0x3d, 0x3d, 0xfa, 0xfa, 0xfa, 0xbe,
    0xbe, 0xbe, 0x99, 0x99, 0x99, 0xcd, 0xcd, 0xcd, 0xed, 0xed, 0xed, 0xfa,
    0xfa, 0xfa, 0xfe, 0xfe, 0xfe, 0xff, 0xff, 0xff, 0xff, 0xff, 0xff, 0xff,
    0xff, 0xff, 0xff, 0xff, 0xff, 0xff, 0xff, 0xff, 0xff, 0xff, 0xff, 0xff,
    0xff, 0xff, 0xff, 0xff, 0xff, 0xff, 0xff, 0xff, 0xff, 0xff, 0xff, 0xff,
    0xff, 0xff, 0xff, 0xff, 0xff, 0xff, 0xff, 0xff, 0xff, 0xff, 0xff, 0xff,
    0xff, 0xff, 0xff, 0xff, 0xff, 0xff, 0xff, 0xff, 0x00, 0x00, 0xff, 0xff,
    0xff, 0xff, 0xff, 0xff, 0xff, 0xff, 0xff, 0xff, 0xff, 0xff, 0xff, 0xff,
    0xff, 0xff, 0xff, 0xff, 0xff, 0xff, 0xff, 0xff, 0xff, 0xff, 0xff, 0xff,
    0xff, 0xff, 0xff, 0xff, 0xff, 0xff, 0xff, 0xff, 0xff, 0xff, 0xff, 0xff,
    0xff, 0xff, 0xff, 0xff, 0xff, 0xff, 0xff, 0xff, 0xff, 0xff, 0xe8, 0xe8,
    0xe8, 0xfc, 0xfc, 0xfc, 0x37, 0x37, 0x37, 0x00, 0x00, 0x00, 0x36, 0x36,
    0x36, 0xe6, 0xe6, 0xe6, 0xf3, 0xf3, 0xf3, 0x67, 0x67, 0x67, 0x00, 0x00,
    0x00, 0x4f, 0x4f, 0x4f, 0xff, 0xff, 0xff, 0xb6, 0xb6, 0xb6, 0xa9, 0xa9,
    0xa9, 0xd2, 0xd2, 0xd2, 0xf1, 0xf1, 0xf1, 0xfd, 0xfd, 0xfd, 0xff, 0xff,
    0xff, 0xff, 0xff, 0xff, 0xff, 0xff, 0xff, 0xff, 0xff, 0xff, 0xff, 0xff,
    0xff, 0xff, 0xff, 0xff, 0xff, 0xff, 0xff, 0xff, 0xff, 0xff, 0xff, 0xff,
    0xff, 0xff, 0xff, 0xff, 0xff, 0xff, 0xff, 0xff, 0xff, 0xff, 0xff, 0xff,
    0xff, 0xff, 0xff, 0xff, 0xff, 0xff, 0xff, 0xff, 0xff, 0xff, 0xff, 0xff,
    0xff, 0xff, 0xff, 0xff, 0x00, 0x00, 0xff, 0xff, 0xff, 0xff, 0xff, 0xff,
    0xff, 0xff, 0xff, 0xff, 0xff, 0xff, 0xff, 0xff, 0xff, 0xff, 0xff, 0xff,
    0xff, 0xff, 0xff, 0xff, 0xff, 0xff, 0xff, 0xff, 0xff, 0xff, 0xff, 0xff,
    0xff, 0xff, 0xff, 0xff, 0xff, 0xff, 0xff, 0xff, 0xff, 0xff, 0xff, 0xff,
    0xff, 0xff, 0xff, 0xff, 0xff, 0xff, 0xf3, 0xf3, 0xf3, 0xfa, 0xfa, 0xfa,
    0xb6, 0xb6, 0xb6, 0x23, 0x23, 0x23, 0xb8, 0xb8, 0xb8, 0xf2, 0xf2, 0xf2,
    0xe4, 0xe4, 0xe4, 0xf9, 0xf9, 0xf9, 0x5f, 0x5f, 0x5f, 0x7f, 0x7f, 0x7f,
    0xff, 0xff, 0xff, 0xb7, 0xb7, 0xb7, 0xc4, 0xc4, 0xc4, 0xe1, 0xe1, 0xe1,
    0xf6, 0xf6, 0xf6, 0xfe, 0xfe, 0xfe, 0xff, 0xff, 0xff, 0xff, 0xff, 0xff,
    0xff, 0xff, 0xff, 0xff, 0xff, 0xff, 0xff, 0xff, 0xff, 0xff, 0xff, 0xff,
    0xff, 0xff, 0xff, 0xff, 0xff, 0xff, 0xff, 0xff, 0xff, 0xff, 0xff, 0xff,
    0xff, 0xff, 0xff, 0xff, 0xff, 0xff, 0xff, 0xff, 0xff, 0xff, 0xff, 0xff,
    0xff, 0xff, 0xff, 0xff, 0xff, 0xff, 0xff, 0xff, 0xff, 0xff, 0xff, 0xff,
    0x00, 0x00, 0xff, 0xff, 0xff, 0xff, 0xff, 0xff, 0xff, 0xff, 0xff, 0xff,
    0xff, 0xff, 0xff, 0xff, 0xff, 0xff, 0xff, 0xff, 0xff, 0xff, 0xff, 0xff,
    0xff, 0xff, 0xff, 0xff, 0xff, 0xff, 0xff, 0xff, 0xff, 0xff, 0xff, 0xff,
    0xff, 0xff, 0xff, 0xff, 0xff, 0xff, 0xff, 0xff, 0xff, 0xff, 0xff, 0xfe,
    0xfe, 0xfe, 0xff, 0xff, 0xff, 0xeb, 0xeb, 0xeb, 0xff, 0xff, 0xff, 0xe1,
    0xe1, 0xe1, 0xff, 0xff, 0xff, 0xda, 0xda, 0xda, 0xde, 0xde, 0xde, 0xed,
    0xed, 0xed, 0xfe, 0xfe, 0xfe, 0xec, 0xec, 0xec, 0xec, 0xec, 0xec, 0xcb,
    0xcb, 0xcb, 0xe0, 0xe0, 0xe0, 0xf0, 0xf0, 0xf0, 0xfb, 0xfb, 0xfb, 0xff,
    0xff, 0xff, 0xff, 0xff, 0xff, 0xff, 0xff, 0xff, 0xff, 0xff, 0xff, 0xff,
    0xff, 0xff, 0xff, 0xff, 0xff, 0xff, 0xff, 0xff, 0xff, 0xff, 0xff, 0xff,
    0xff, 0xff, 0xff, 0xff, 0xff, 0xff, 0xff, 0xff, 0xff, 0xff, 0xff, 0xff,
    0xff, 0xff, 0xff, 0xff, 0xff, 0xff, 0xff, 0xff, 0xff, 0xff, 0xff, 0xff,
    0xff, 0xff, 0xff, 0xff, 0xff, 0xff, 0xff, 0xff, 0x00, 0x00, 0xff, 0xff,
    0xff, 0xff, 0xff, 0xff, 0xff, 0xff, 0xff, 0xff, 0xff, 0xff, 0xff, 0xff,
    0xff, 0xff, 0xff, 0xff, 0xff, 0xff, 0xff, 0xff, 0xff, 0xff, 0xff, 0xff,
    0xff, 0xff, 0xff, 0xff, 0xff, 0xff, 0xff, 0xff, 0xff, 0xff, 0xff, 0xff,
    0xff, 0xff, 0xff, 0xff, 0xff, 0xff, 0xff, 0xff, 0xff, 0xff, 0xff, 0xff,
    0xff, 0xfc, 0xfc, 0xfc, 0xef, 0xef, 0xef, 0xf6, 0xf6, 0xf6, 0xea, 0xea,
    0xea, 0xf3, 0xf3, 0xf3, 0xff, 0xff, 0xff, 0xf5, 0xf5, 0xf5, 0xed, 0xed,
    0xed, 0xf4, 0xf4, 0xf4, 0xe8, 0xe8, 0xe8, 0xf4, 0xf4, 0xf4, 0xf2, 0xf2,
    0xf2, 0xfa, 0xfa, 0xfa, 0xfe, 0xfe, 0xfe, 0xff, 0xff, 0xff, 0xff, 0xff,
    0xff, 0xff, 0xff, 0xff, 0xff, 0xff, 0xff, 0xff, 0xff, 0xff, 0xff, 0xff,
    0xff, 0xff, 0xff, 0xff, 0xff, 0xff, 0xff, 0xff, 0xff, 0xff, 0xff, 0xff,
    0xff, 0xff, 0xff, 0xff, 0xff, 0xff, 0xff, 0xff, 0xff, 0xff, 0xff, 0xff,
    0xff, 0xff, 0xff, 0xff, 0xff, 0xff, 0xff, 0xff, 0xff, 0xff, 0xff, 0xff,
    0xff, 0xff, 0xff, 0xff, 0x00, 0x00, 0xff, 0xff, 0xff, 0xff, 0xff, 0xff,
    0xff, 0xff, 0xff, 0xff, 0xff, 0xff, 0xff, 0xff, 0xff, 0xff, 0xff, 0xff,
    0xff, 0xff, 0xff, 0xff, 0xff, 0xff, 0xff, 0xff, 0xff, 0xff, 0xff, 0xff,
    0xff, 0xff, 0xff, 0xff, 0xff, 0xff, 0xff, 0xff, 0xff, 0xff, 0xff, 0xff,
    0xff, 0xff, 0xff, 0xff, 0xff, 0xff, 0xff, 0xff, 0xff, 0xff, 0xff, 0xff,
    0xff, 0xff, 0xff, 0xff, 0xff, 0xff, 0xff, 0xff, 0xff, 0xfd, 0xfd, 0xfd,
    0xfd, 0xfd, 0xfd, 0xff, 0xff, 0xff, 0xff, 0xff, 0xff, 0xfb, 0xfb, 0xfb,
    0xff, 0xff, 0xff, 0xfc, 0xfc, 0xfc, 0xfd, 0xfd, 0xfd, 0xfe, 0xfe, 0xfe,
    0xff, 0xff, 0xff, 0xff, 0xff, 0xff, 0xff, 0xff, 0xff, 0xff, 0xff, 0xff,
    0xff, 0xff, 0xff, 0xff, 0xff, 0xff, 0xff, 0xff, 0xff, 0xff, 0xff, 0xff,
    0xff, 0xff, 0xff, 0xff, 0xff, 0xff, 0xff, 0xff, 0xff, 0xff, 0xff, 0xff,
    0xff, 0xff, 0xff, 0xff, 0xff, 0xff, 0xff, 0xff, 0xff, 0xff, 0xff, 0xff,
    0xff, 0xff, 0xff, 0xff, 0xff, 0xff, 0xff, 0xff, 0xff, 0xff, 0xff, 0xff,
    0x00, 0x00, 0xff, 0xff, 0xff, 0xff, 0xff, 0xff, 0xff, 0xff, 0xff, 0xff,
    0xff, 0xff, 0xff, 0xff, 0xff, 0xff, 0xff, 0xff, 0xff, 0xff, 0xff, 0xff,
    0xff, 0xff, 0xff, 0xff, 0xff, 0xff, 0xff, 0xff, 0xff, 0xff, 0xff, 0xff,
    0xff, 0xff, 0xff, 0xff, 0xff, 0xff, 0xff, 0xff, 0xff, 0xff, 0xff, 0xff,
    0xff, 0xff, 0xff, 0xff, 0xff, 0xff, 0xff, 0xff, 0xff, 0xff, 0xff, 0xff,
    0xff, 0xff, 0xff, 0xff, 0xff, 0xfe, 0xfe, 0xfe, 0xff, 0xff, 0xff, 0xff,
    0xff, 0xff, 0xff, 0xff, 0xff, 0xff, 0xff, 0xff, 0xfe, 0xfe, 0xfe, 0xff,
    0xff, 0xff, 0xff, 0xff, 0xff, 0xff, 0xff, 0xff, 0xff, 0xff, 0xff, 0xff,
    0xff, 0xff, 0xff, 0xff, 0xff, 0xff, 0xff, 0xff, 0xff, 0xff, 0xff, 0xff,
    0xff, 0xff, 0xff, 0xff, 0xff, 0xff, 0xff, 0xff, 0xff, 0xff, 0xff, 0xff,
    0xff, 0xff, 0xff, 0xff, 0xff, 0xff, 0xff, 0xff, 0xff, 0xff, 0xff, 0xff,
    0xff, 0xff, 0xff, 0xff, 0xff, 0xff, 0xff, 0xff, 0xff, 0xff, 0xff, 0xff,
    0xff, 0xff, 0xff, 0xff, 0xff, 0xff, 0xff, 0xff, 0x00, 0x00
};
static const unsigned int black_knight_bmp_len = 7654;

/* black_pawn.bmp (7654 bytes) */
static const unsigned char black_pawn_bmp[] = {
    0x42, 0x4d, 0xe6, 0x1d, 0x00, 0x00, 0x00, 0x00, 0x00, 0x00, 0x36, 0x00,
    0x00, 0x00, 0x28, 0x00, 0x00, 0x00, 0x32, 0x00, 0x00, 0x00, 0x32, 0x00,
    0x00, 0x00, 0x01, 0x00, 0x18, 0x00, 0x00, 0x00, 0x00, 0x00, 0xb0, 0x1d,
    0x00, 0x00, 0xc4, 0x0e, 0x00, 0x00, 0xc4, 0x0e, 0x00, 0x00, 0x00, 0x00,
    0x00, 0x00, 0x00, 0x00, 0x00, 0x00, 0xff, 0xff, 0xff, 0xff, 0xff, 0xff,
    0xff, 0xff, 0xff, 0xff, 0xff, 0xff, 0xff, 0xff, 0xff, 0xff, 0xff, 0xff,
    0xff, 0xff, 0xff, 0xff, 0xff, 0xff, 0xff, 0xff, 0xff, 0xff, 0xff, 0xff,
    0xff, 0xff, 0xff, 0xff, 0xff, 0xff, 0xff, 0xff, 0xff, 0xff, 0xff, 0xff,
    0xff, 0xff, 0xff, 0xff, 0xff, 0xff, 0xff, 0xff, 0xff, 0xff, 0xff, 0xff,
    0xff, 0xff, 0xff, 0xff, 0xff, 0xff, 0xff, 0xff, 0xff, 0xff, 0xff, 0xff,
    0xff, 0xff, 0xff, 0xff, 0xff, 0xff, 0xff, 0xff, 0xff, 0xff, 0xff, 0xff,
    0xff, 0xff, 0xff, 0xff, 0xff, 0xff, 0xff, 0xff, 0xff, 0xff, 0xff, 0xff,
    0xff, 0xff, 0xff, 0xff, 0xff, 0xff, 0xff, 0xff, 0xff, 0xff, 0xff, 0xff,
    0xff, 0xff, 0xff, 0xff, 0xff, 0xff, 0xff, 0xff, 0xff, 0xff, 0xff, 0xff,
    0xff, 0xff, 0xff, 0xff, 0xff, 0xff, 0xff, 0xff, 0xff, 0xff, 0xff, 0xff,
    0xff, 0xff, 0xff, 0xff, 0xff, 0xff, 0xff, 0xff, 0xff, 0xff, 0xff, 0xff,
    0xff, 0xff, 0xff, 0xff, 0xff, 0xff, 0xff, 0xff, 0xff, 0xff, 0xff, 0xff,
    0x00, 0x00, 0xff, 0xff, 0xff, 0xff, 0xff, 0xff, 0xff, 0xff, 0xff, 0xfe,
    0xfe, 0xfe, 0xfd, 0xfd, 0xfd, 0xfb, 0xfb, 0xfb, 0xfb, 0xfb, 0xfb, 0xfa,
    0xfa, 0xfa, 0xfa, 0xfa, 0xfa, 0xfa, 0xfa, 0xfa, 0xfa, 0xfa, 0xfa, 0xfa,
    0xfa, 0xfa, 0xfa, 0xfa, 0xfa, 0xfa, 0xfa, 0xfa, 0xfa, 0xfa, 0xfa, 0xfa,
    0xfa, 0xfa, 0xfa, 0xfa, 0xfa, 0xfa, 0xfa, 0xfa, 0xfa, 0xfa, 0xfa, 0xfa,
    0xfa, 0xfa, 0xfa, 0xfa, 0xfa, 0xfa, 0xfa, 0xfa, 0xfa, 0xfa, 0xfa, 0xfa,
    0xfa, 0xfa, 0xfa, 0xfa, 0xfa, 0xfa, 0xfa, 0xfa, 0xfa, 0xfa, 0xfa, 0xfa,
    0xfa, 0xfa, 0xfa, 0xfa, 0xfa, 0xfa, 0xfa, 0xfa, 0xfa, 0xfa, 0xfa, 0xfa,
    0xfa, 0xfa, 0xfa, 0xfa, 0xfa, 0xfa, 0xfa, 0xfa, 0xfa, 0xfa, 0xfa, 0xfa,
    0xfa, 0xfa, 0xfa, 0xfa, 0xfa, 0xfa, 0xfa, 0xfa, 0xfa, 0xfa, 0xfa, 0xfa,
    0xfa, 0xfa, 0xfa, 0xfa, 0xfa, 0xfa, 0xfa, 0xfa, 0xfa, 0xfa, 0xfa, 0xfb,
    0xfb, 0xfb, 0xfb, 0xfb, 0xfb, 0xfd, 0xfd, 0xfd, 0xfe, 0xfe, 0xfe, 0xff,
    0xff, 0xff, 0xff, 0xff, 0xff, 0xff, 0xff, 0xff, 0x00, 0x00, 0xff, 0xff,
    0xff, 0xff, 0xff, 0xff, 0xfd, 0xfd, 0xfd, 0xf9, 0xf9, 0xf9, 0xf4, 0xf4,
    0xf4, 0xee, 0xee, 0xee, 0xe9, 0xe9, 0xe9, 0xe8, 0xe8, 0xe8, 0xe7, 0xe7,
    0xe7, 0xe6, 0xe6, 0xe6, 0xe6, 0xe6, 0xe6, 0xe6, 0xe6, 0xe6, 0xe6, 0xe6,
    0xe6, 0xe6, 0xe6, 0xe6, 0xe6, 0xe6, 0xe6, 0xe6, 0xe6, 0xe6, 0xe6, 0xe6,
    0xe6, 0xe6, 0xe6, 0xe6, 0xe6, 0xe6, 0xe6, 0xe6, 0xe6, 0xe6, 0xe6, 0xe6,
    0xe6, 0xe6, 0xe6, 0xe6, 0xe6, 0xe6, 0xe6, 0xe6, 0xe6, 0xe6, 0xe6, 0xe6,
    0xe6, 0xe6, 0xe6, 0xe6, 0xe6, 0xe6, 0xe6, 0xe6, 0xe6, 0xe6, 0xe6, 0xe6,
    0xe6, 0xe6, 0xe6, 0xe6, 0xe6, 0xe6, 0xe6, 0xe6, 0xe6, 0xe6, 0xe6, 0xe6,
    0xe6, 0xe6, 0xe6, 0xe6, 0xe6, 0xe6, 0xe6, 0xe6, 0xe6, 0xe6, 0xe6, 0xe6,
    0xe6, 0xe6, 0xe6, 0xe6, 0xe6, 0xe6, 0xe6, 0xe6, 0xe6, 0xe6, 0xe6, 0xe6,
    0xe6, 0xe7, 0xe7, 0xe7, 0xe8, 0xe8, 0xe8, 0xea, 0xea, 0xea, 0xee, 0xee,
    0xee, 0xf4, 0xf4, 0xf4, 0xf9, 0xf9, 0xf9, 0xfd, 0xfd, 0xfd, 0xff, 0xff,
    0xff, 0xff, 0xff, 0xff, 0x00, 0x00, 0xff, 0xff, 0xff, 0xfe, 0xfe, 0xfe,
    0xfa, 0xfa, 0xfa, 0xf0, 0xf0, 0xf0, 0xe3, 0xe3, 0xe3, 0xd4, 0xd4, 0xd4,
    0xc9, 0xc9, 0xc9, 0xc4, 0xc4, 0xc4, 0xc2, 0xc2, 0xc2, 0xc2, 0xc2, 0xc2,
    0xc2, 0xc2, 0xc2, 0xc2, 0xc2, 0xc2, 0xc2, 0xc2, 0xc2, 0xc2, 0xc2, 0xc2,
    0xc2, 0xc2, 0xc2, 0xc2, 0xc2, 0xc2, 0xc2, 0xc2, 0xc2, 0xc2, 0xc2, 0xc2,
    0xc2, 0xc2, 0xc2, 0xc2, 0xc2, 0xc2, 0xc2, 0xc2, 0xc2, 0xc2, 0xc2, 0xc2,
    0xc2, 0xc2, 0xc2, 0xc2, 0xc2, 0xc2, 0xc2, 0xc2, 0xc2, 0xc2, 0xc2, 0xc2,
    0xc2, 0xc2, 0xc2, 0xc2, 0xc2, 0xc2, 0xc2, 0xc2, 0xc2, 0xc2, 0xc2, 0xc2,
    0xc2, 0xc2, 0xc2, 0xc2, 0xc2, 0xc2, 0xc2, 0xc2, 0xc2, 0xc2, 0xc2, 0xc2,
    0xc2, 0xc2, 0xc2, 0xc2, 0xc2, 0xc2, 0xc2, 0xc2, 0xc2, 0xc2, 0xc2, 0xc2,
    0xc2, 0xc2, 0xc2, 0xc2, 0xc2, 0xc2, 0xc2, 0xc2, 0xc2, 0xc2, 0xc2, 0xc2,
    0xc4, 0xc4, 0xc4, 0xc8, 0xc8, 0xc8, 0xd3, 0xd3, 0xd3, 0xe2, 0xe2, 0xe2,
    0xf0, 0xf0, 0xf0, 0xfa, 0xfa, 0xfa, 0xfe, 0xfe, 0xfe, 0xff, 0xff, 0xff,
    0x00, 0x00, 0xff, 0xff, 0xff, 0xfd, 0xfd, 0xfd, 0xfa, 0xfa, 0xfa, 0xf4,
    0xf4, 0xf4, 0xd8, 0xd8, 0xd8, 0xba, 0xba, 0xba, 0xa4, 0xa4, 0xa4, 0x9a,
    0x9a, 0x9a, 0x97, 0x97, 0x97, 0x96, 0x96, 0x96, 0x96, 0x96, 0x96, 0x96,
    0x96, 0x96, 0x96, 0x96, 0x96, 0x96, 0x96, 0x96, 0x96, 0x96, 0x96, 0x96,
    0x96, 0x96, 0x96, 0x96, 0x96, 0x96, 0x96, 0x96, 0x96, 0x96, 0x96, 0x96,
    0x96, 0x96, 0x96, 0x96, 0x96, 0x96, 0x96, 0x96, 0x96, 0x96, 0x96, 0x96,
    0x96, 0x96, 0x96, 0x96, 0x96, 0x96, 0x96, 0x96, 0x96, 0x96, 0x96, 0x96,
    0x96, 0x96, 0x96, 0x96, 0x96, 0x96, 0x96, 0x96, 0x96, 0x96, 0x96, 0x96,
    0x96, 0x96, 0x96, 0x96, 0x96, 0x96, 0x96, 0x96, 0x96, 0x96, 0x96, 0x96,
    0x96, 0x96, 0x96, 0x96, 0x96, 0x96, 0x96, 0x96, 0x96, 0x96, 0x96, 0x96,
    0x96, 0x96, 0x96, 0x96, 0x96, 0x97, 0x97, 0x97, 0x9a, 0x9a, 0x9a, 0xa0,
    0xa0, 0xa0, 0xb0, 0xb0, 0xb0, 0xcb, 0xcb, 0xcb, 0xe5, 0xe5, 0xe5, 0xf6,
    0xf6, 0xf6, 0xfd, 0xfd, 0xfd, 0xff, 0xff, 0xff, 0x00, 0x00, 0xff, 0xff,
    0xff, 0xfe, 0xfe, 0xfe, 0xf2, 0xf2, 0xf2, 0xe6, 0xe6, 0xe6, 0xd3, 0xd3,
    0xd3, 0xbe, 0xbe, 0xbe, 0xb2, 0xb2, 0xb2, 0xab, 0xab, 0xab, 0xaa, 0xaa,
    0xaa, 0xaa, 0xaa, 0xaa, 0xaa, 0xaa, 0xaa, 0xaa, 0xaa, 0xaa, 0xaa, 0xaa,
    0xaa, 0xaa, 0xaa, 0xaa, 0xaa, 0xaa, 0xaa, 0xaa, 0xaa, 0xaa, 0xaa, 0xaa,
    0xaa, 0xaa, 0xaa, 0xaa, 0xaa, 0xaa, 0xaa, 0xaa, 0xaa, 0xaa, 0xaa, 0xaa,
    0xaa, 0xaa, 0xaa, 0xaa, 0xaa, 0xaa, 0xaa, 0xaa, 0xaa, 0xaa, 0xaa, 0xaa,
    0xaa, 0xaa, 0xaa, 0xaa, 0xaa, 0xaa, 0xaa, 0xaa, 0xaa, 0xaa, 0xaa, 0xaa,
    0xaa, 0xaa, 0xaa, 0xaa, 0xaa, 0xaa, 0xaa, 0xaa, 0xaa, 0xaa, 0xaa, 0xaa,
    0xaa, 0xaa, 0xaa, 0xaa, 0xaa, 0xaa, 0xaa, 0xaa, 0xaa, 0xaa, 0xaa, 0xaa,
    0xaa, 0xaa, 0xaa, 0xaa, 0xaa, 0xaa, 0xaa, 0xaa, 0xaa, 0xaa, 0xaa, 0xaa,
    0xaa, 0xac, 0xac, 0xac, 0xb8, 0xb8, 0xb8, 0x97, 0x97, 0x97, 0x9d, 0x9d,
    0x9d, 0xbd, 0xbd, 0xbd, 0xde, 0xde, 0xde, 0xf4, 0xf4, 0xf4, 0xfc, 0xfc,
    0xfc, 0xff, 0xff, 0xff, 0x00, 0x00, 0xff, 0xff, 0xff, 0xff, 0xff, 0xff,
    0xf0, 0xf0, 0xf0, 0xff, 0xff, 0xff, 0xf4, 0xf4, 0xf4, 0xff, 0xff, 0xff,
    0xff, 0xff, 0xff, 0xff, 0xff, 0xff, 0xff, 0xff, 0xff, 0xff, 0xff, 0xff,
    0xff, 0xff, 0xff, 0xff, 0xff, 0xff, 0xff, 0xff, 0xff, 0xff, 0xff, 0xff,
    0xff, 0xff, 0xff, 0xff, 0xff, 0xff, 0xff, 0xff, 0xff, 0xff, 0xff, 0xff,
    0xff, 0xff, 0xff, 0xff, 0xff, 0xff, 0xff, 0xff, 0xff, 0xff, 0xff, 0xff,
    0xff, 0xff, 0xff, 0xff, 0xff, 0xff, 0xff, 0xff, 0xff, 0xff, 0xff, 0xff,
    0xff, 0xff, 0xff, 0xff, 0xff, 0xff, 0xff, 0xff, 0xff, 0xff, 0xff, 0xff,
    0xff, 0xff, 0xff, 0xff, 0xff, 0xff, 0xff, 0xff, 0xff, 0xff, 0xff, 0xff,
    0xff, 0xff, 0xff, 0xff, 0xff, 0xff, 0xff, 0xff, 0xff, 0xff, 0xff, 0xff,
    0xff, 0xff, 0xff, 0xff, 0xff, 0xff, 0xff, 0xff, 0xff, 0xf4, 0xf4, 0xf4,
    0xff, 0xff, 0xff, 0xab, 0xab, 0xab, 0x99, 0x99, 0x99, 0xba, 0xba, 0xba,
    0xdc, 0xdc, 0xdc, 0xf3, 0xf3, 0xf3, 0xfc, 0xfc, 0xfc, 0xff, 0xff, 0xff,
    0x00, 0x00, 0xff, 0xff, 0xff, 0xff, 0xff, 0xff, 0xf1, 0xf1, 0xf1, 0xed,
    0xed, 0xed, 0xe7, 0xe7, 0xe7, 0x87, 0x87, 0x87, 0x6f, 0x6f, 0x6f, 0x70,
    0x70, 0x70, 0x6f, 0x6f, 0x6f, 0x6f, 0x6f, 0x6f, 0x6f, 0x6f, 0x6f, 0x6f,
    0x6f, 0x6f, 0x6f, 0x6f, 0x6f, 0x6f, 0x6f, 0x6f, 0x6f, 0x6f, 0x6f, 0x6f,
    0x6f, 0x6f, 0x6f, 0x6f, 0x6f, 0x6f, 0x6f, 0x6f, 0x6f, 0x6f, 0x6f, 0x6f,
    0x6f, 0x6f, 0x6f, 0x6f, 0x6f, 0x6f, 0x6f, 0x6f, 0x6f, 0x6f, 0x6f, 0x6f,
    0x6f, 0x6f, 0x6f, 0x6f, 0x6f, 0x6f, 0x6f, 0x6f, 0x6f, 0x6f, 0x6f, 0x6f,
    0x6f, 0x6f, 0x6f, 0x6f, 0x6f, 0x6f, 0x6f, 0x6f, 0x6f, 0x6f, 0x6f, 0x6f,
    0x6f, 0x6f, 0x6f, 0x6f, 0x6f, 0x6f, 0x6f, 0x6f, 0x6f, 0x6f, 0x6f, 0x6f,
    0x6f, 0x6f, 0x6f, 0x6f, 0x6f, 0x6f, 0x6f, 0x6f, 0x70, 0x70, 0x70, 0x6f,
    0x6f, 0x6f, 0x76, 0x76, 0x76, 0xda, 0xda, 0xda, 0xf5, 0xf5, 0xf5, 0xa4,
    0xa4, 0xa4, 0x9a, 0x9a, 0x9a, 0xbd, 0xbd, 0xbd, 0xde, 0xde, 0xde, 0xf5,
    0xf5, 0xf5, 0xfd, 0xfd, 0xfd, 0xff, 0xff, 0xff, 0x00, 0x00, 0xff, 0xff,
    0xff, 0xff, 0xff, 0xff, 0xf3, 0xf3, 0xf3, 0xe7, 0xe7, 0xe7, 0xef, 0xef,
    0xef, 0x2c, 0x2c, 0x2c, 0x00, 0x00, 0x00, 0x00, 0x00, 0x00, 0x00, 0x00,
    0x00, 0x00, 0x00, 0x00, 0x00, 0x00, 0x00, 0x00, 0x00, 0x00, 0x00, 0x00,
    0x00, 0x00, 0x00, 0x00, 0x00, 0x00, 0x00, 0x00, 0x00, 0x00, 0x00, 0x00,
    0x00, 0x00, 0x00, 0x00, 0x00, 0x00, 0x00, 0x00, 0x00, 0x00, 0x00, 0x00,
    0x00, 0x00, 0x00, 0x00, 0x00, 0x00, 0x00, 0x00, 0x00, 0x00, 0x00, 0x00,
    0x00, 0x00, 0x00, 0x00, 0x00, 0x00, 0x00, 0x00, 0x00, 0x00, 0x00, 0x00,
    0x00, 0x00, 0x00, 0x00, 0x00, 0x00, 0x00, 0x00, 0x00, 0x00, 0x00, 0x00,
    0x00, 0x00, 0x00, 0x00, 0x00, 0x00, 0x00, 0x00, 0x00, 0x00, 0x00, 0x00,
    0x00, 0x00, 0x00, 0x00, 0x00, 0x00, 0x00, 0x00, 0x00, 0x00, 0x07, 0x07,
    0x07, 0xd9, 0xd9, 0xd9, 0xf7, 0xf7, 0xf7, 0x9e, 0x9e, 0x9e, 0xa0, 0xa0,
    0xa0, 0xc2, 0xc2, 0xc2, 0xe2, 0xe2, 0xe2, 0xf6, 0xf6, 0xf6, 0xfe, 0xfe,
    0xfe, 0xff, 0xff, 0xff, 0x00, 0x00, 0xfe, 0xfe, 0xfe, 0xff, 0xff, 0xff,
    0xf5, 0xf5, 0xf5, 0xe1, 0xe1, 0xe1, 0xf8, 0xf8, 0xf8, 0x58, 0x58, 0x58,
    0x04, 0x04, 0x04, 0x07, 0x07, 0x07, 0x04, 0x04, 0x04, 0x04, 0x04, 0x04,
    0x04, 0x04, 0x04, 0x04, 0x04, 0x04, 0x04, 0x04, 0x04, 0x04, 0x04, 0x04,
    0x04, 0x04, 0x04, 0x04, 0x04, 0x04, 0x04, 0x04, 0x04, 0x04, 0x04, 0x04,
    0x04, 0x04, 0x04, 0x04, 0x04, 0x04, 0x04, 0x04, 0x04, 0x04, 0x04, 0x04,
    0x04, 0x04, 0x04, 0x04, 0x04, 0x04, 0x04, 0x04, 0x04, 0x04, 0x04, 0x04,
    0x04, 0x04, 0x04, 0x04, 0x04, 0x04, 0x04, 0x04, 0x04, 0x04, 0x04, 0x04,
    0x04, 0x04, 0x04, 0x04, 0x04, 0x04, 0x04, 0x04, 0x04, 0x04, 0x04, 0x04,
    0x04, 0x04, 0x04, 0x04, 0x04, 0x04, 0x04, 0x04, 0x04, 0x04, 0x04, 0x04,
    0x06, 0x06, 0x06, 0x04, 0x04, 0x04, 0x31, 0x31, 0x31, 0xe9, 0xe9, 0xe9,
    0xee, 0xee, 0xee, 0x97, 0x97, 0x97, 0xa6, 0xa6, 0xa6, 0xca, 0xca, 0xca,
    0xe7, 0xe7, 0xe7, 0xf8, 0xf8, 0xf8, 0xfe, 0xfe, 0xfe, 0xff, 0xff, 0xff,
    0x00, 0x00, 0xfe, 0xfe, 0xfe, 0xff, 0xff, 0xff, 0xfb, 0xfb, 0xfb, 0xe4,
    0xe4, 0xe4, 0xfe, 0xfe, 0xfe, 0x7d, 0x7d, 0x7d, 0x00, 0x00, 0x00, 0x04,
    0x04, 0x04, 0x00, 0x00, 0x00, 0x00, 0x00, 0x00, 0x00, 0x00, 0x00, 0x00,
    0x00, 0x00, 0x00, 0x00, 0x00, 0x00, 0x00, 0x00, 0x00, 0x00, 0x00, 0x00,
    0x00, 0x00, 0x00, 0x00, 0x00, 0x00, 0x00, 0x00, 0x00, 0x00, 0x00, 0x00,
    0x00, 0x00, 0x00, 0x00, 0x00, 0x00, 0x00, 0x00, 0x00, 0x00, 0x00, 0x00,
    0x00, 0x00, 0x00, 0x00, 0x00, 0x00, 0x00, 0x00, 0x00, 0x00, 0x00, 0x00,
    0x00, 0x00, 0x00, 0x00, 0x00, 0x00, 0x00, 0x00, 0x00, 0x00, 0x00, 0x00,
    0x00, 0x00, 0x00, 0x00, 0x00, 0x00, 0x00, 0x00, 0x00, 0x00, 0x00, 0x00,
    0x00, 0x00, 0x00, 0x00, 0x00, 0x00, 0x00, 0x00, 0x04, 0x04, 0x04, 0x00,
    0x00, 0x00, 0x52, 0x52, 0x52, 0xf7, 0xf7, 0xf7, 0xdd, 0xdd, 0xdd, 0x90,
    0x90, 0x90, 0xae, 0xae, 0xae, 0xd2, 0xd2, 0xd2, 0xec, 0xec, 0xec, 0xfa,
    0xfa, 0xfa, 0xfe, 0xfe, 0xfe, 0xff, 0xff, 0xff, 0x00, 0x00, 0xff, 0xff,
    0xff, 0xff, 0xff, 0xff, 0xff, 0xff, 0xff, 0xe8, 0xe8, 0xe8, 0xff, 0xff,
    0xff, 0xb1, 0xb1, 0xb1, 0x00, 0x00, 0x00, 0x01, 0x01, 0x01, 0x00, 0x00,
    0x00, 0x00, 0x00, 0x00, 0x00, 0x00, 0x00, 0x00, 0x00, 0x00, 0x00, 0x00,
    0x00, 0x00, 0x00, 0x00, 0x00, 0x00, 0x00, 0x00, 0x00, 0x00, 0x00, 0x00,
    0x00, 0x00, 0x00, 0x00, 0x00, 0x00, 0x00, 0x00, 0x00, 0x00, 0x00, 0x00,
    0x00, 0x00, 0x00, 0x00, 0x00, 0x00, 0x00, 0x00, 0x00, 0x00, 0x00, 0x00,
    0x00, 0x00, 0x00, 0x00, 0x00, 0x00, 0x00, 0x00, 0x00, 0x00, 0x00, 0x00,
    0x00, 0x00, 0x00, 0x00, 0x00, 0x00, 0x00, 0x00, 0x00, 0x00, 0x00, 0x00,
    0x00, 0x00, 0x00, 0x00, 0x00, 0x00, 0x00, 0x00, 0x00, 0x00, 0x00, 0x00,
    0x00, 0x00, 0x00, 0x00, 0x04, 0x04, 0x04, 0x00, 0x00, 0x00, 0x87, 0x87,
    0x87, 0xff, 0xff, 0xff, 0xce, 0xce, 0xce, 0x91, 0x91, 0x91, 0xb8, 0xb8,
    0xb8, 0xda, 0xda, 0xda, 0xf2, 0xf2, 0xf2, 0xfc, 0xfc, 0xfc, 0xff, 0xff,
    0xff, 0xff, 0xff, 0xff, 0x00, 0x00, 0xff, 0xff, 0xff, 0xff, 0xff, 0xff,
    0xff, 0xff, 0xff, 0xf0, 0xf0, 0xf0, 0xf7, 0xf7, 0xf7, 0xe0, 0xe0, 0xe0,
    0x1b, 0x1b, 0x1b, 0x00, 0x00, 0x00, 0x02, 0x02, 0x02, 0x00, 0x00, 0x00,
    0x00, 0x00, 0x00, 0x00, 0x00, 0x00, 0x00, 0x00, 0x00, 0x00, 0x00, 0x00,
    0x00, 0x00, 0x00, 0x00, 0x00, 0x00, 0x00, 0x00, 0x00, 0x00, 0x00, 0x00,
    0x00, 0x00, 0x00, 0x00, 0x00, 0x00, 0x00, 0x00, 0x00, 0x00, 0x00, 0x00,
    0x00, 0x00, 0x00, 0x00, 0x00, 0x00, 0x00, 0x00, 0x00, 0x00, 0x00, 0x00,
    0x00, 0x00, 0x00, 0x00, 0x00, 0x00, 0x00, 0x00, 0x00, 0x00, 0x00, 0x00,
    0x00, 0x00, 0x00, 0x00, 0x00, 0x00, 0x00, 0x00, 0x00, 0x00, 0x00, 0x00,
    0x00, 0x00, 0x00, 0x00, 0x00, 0x00, 0x00, 0x00, 0x00, 0x00, 0x00, 0x00,
    0x01, 0x01, 0x01, 0x05, 0x05, 0x05, 0xc3, 0xc3, 0xc3, 0xfd, 0xfd, 0xfd,
    0xba, 0xba, 0xba, 0xa5, 0xa5, 0xa5, 0xc7, 0xc7, 0xc7, 0xe4, 0xe4, 0xe4,
    0xf6, 0xf6, 0xf6, 0xfd, 0xfd, 0xfd, 0xff, 0xff, 0xff, 0xff, 0xff, 0xff,
    0x00, 0x00, 0xff, 0xff, 0xff, 0xff, 0xff, 0xff, 0xff, 0xff, 0xff, 0xf8,
    0xf8, 0xf8, 0xe4, 0xe4, 0xe4, 0xf8, 0xf8, 0xf8, 0x68, 0x68, 0x68, 0x00,
    0x00, 0x00, 0x04, 0x04, 0x04, 0x00, 0x00, 0x00, 0x00, 0x00, 0x00, 0x00,
    0x00, 0x00, 0x00, 0x00, 0x00, 0x00, 0x00, 0x00, 0x00, 0x00, 0x00, 0x00,
    0x00, 0x00, 0x00, 0x00, 0x00, 0x00, 0x00, 0x00, 0x00, 0x00, 0x00, 0x00,
    0x00, 0x00, 0x00, 0x00, 0x00, 0x00, 0x00, 0x00, 0x00, 0x00, 0x00, 0x00,
    0x00, 0x00, 0x00, 0x00, 0x00, 0x00, 0x00, 0x00, 0x00, 0x00, 0x00, 0x00,
    0x00, 0x00, 0x00, 0x00, 0x00, 0x00, 0x00, 0x00, 0x00, 0x00, 0x00, 0x00,
    0x00, 0x00, 0x00, 0x00, 0x00, 0x00, 0x00, 0x00, 0x00, 0x00, 0x00, 0x00,
    0x00, 0x00, 0x00, 0x00, 0x00, 0x03, 0x03, 0x03, 0x01, 0x01, 0x01, 0x3d,
    0x3d, 0x3d, 0xee, 0xee, 0xee, 0xee, 0xee, 0xee, 0xa1, 0xa1, 0xa1, 0xb5,
    0xb5, 0xb5, 0xd5, 0xd5, 0xd5, 0xed, 0xed, 0xed, 0xfa, 0xfa, 0xfa, 0xfe,
    0xfe, 0xfe, 0xff, 0xff, 0xff, 0xff, 0xff, 0xff, 0x00, 0x00, 0xff, 0xff,
    0xff, 0xff, 0xff, 0xff, 0xff, 0xff, 0xff, 0xff, 0xff, 0xff, 0xe8, 0xe8,
    0xe8, 0xfc, 0xfc, 0xfc, 0xc6, 0xc6, 0xc6, 0x05, 0x05, 0x05, 0x02, 0x02,
    0x02, 0x01, 0x01, 0x01, 0x00, 0x00, 0x00, 0x00, 0x00, 0x00, 0x00, 0x00,
    0x00, 0x00, 0x00, 0x00, 0x00, 0x00, 0x00, 0x00, 0x00, 0x00, 0x00, 0x00,
    0x00, 0x00, 0x00, 0x00, 0x00, 0x00, 0x00, 0x00, 0x00, 0x00, 0x00, 0x00,
    0x00, 0x00, 0x00, 0x00, 0x00, 0x00, 0x00, 0x00, 0x00, 0x00, 0x00, 0x00,
    0x00, 0x00, 0x00, 0x00, 0x00, 0x00, 0x00, 0x00, 0x00, 0x00, 0x00, 0x00,
    0x00, 0x00, 0x00, 0x00, 0x00, 0x00, 0x00, 0x00, 0x00, 0x00, 0x00, 0x00,
    0x00, 0x00, 0x00, 0x00, 0x00, 0x00, 0x00, 0x00, 0x00, 0x00, 0x00, 0x00,
    0x00, 0x03, 0x03, 0x03, 0x00, 0x00, 0x00, 0x9e, 0x9e, 0x9e, 0xfc, 0xfc,
    0xfc, 0xd2, 0xd2, 0xd2, 0x9e, 0x9e, 0x9e, 0xc2, 0xc2, 0xc2, 0xe1, 0xe1,
    0xe1, 0xf4, 0xf4, 0xf4, 0xfc, 0xfc, 0xfc, 0xff, 0xff, 0xff, 0xff, 0xff,
    0xff, 0xff, 0xff, 0xff, 0x00, 0x00, 0xff, 0xff, 0xff, 0xff, 0xff, 0xff,
    0xff, 0xff, 0xff, 0xff, 0xff, 0xff, 0xf5, 0xf5, 0xf5, 0xeb, 0xeb, 0xeb,
    0xf6, 0xf6, 0xf6, 0x5d, 0x5d, 0x5d, 0x00, 0x00, 0x00, 0x04, 0x04, 0x04,
    0x00, 0x00, 0x00, 0x00, 0x00, 0x00, 0x00, 0x00, 0x00, 0x00, 0x00, 0x00,
    0x00, 0x00, 0x00, 0x00, 0x00, 0x00, 0x00, 0x00, 0x00, 0x00, 0x00, 0x00,
    0x00, 0x00, 0x00, 0x00, 0x00, 0x00, 0x00, 0x00, 0x00, 0x00, 0x00, 0x00,
    0x00, 0x00, 0x00, 0x00, 0x00, 0x00, 0x00, 0x00, 0x00, 0x00, 0x00, 0x00,
    0x00, 0x00, 0x00, 0x00, 0x00, 0x00, 0x00, 0x00, 0x00, 0x00, 0x00, 0x00,
    0x00, 0x00, 0x00, 0x00, 0x00, 0x00, 0x00, 0x00, 0x00, 0x00, 0x00, 0x00,
    0x00, 0x00, 0x00, 0x00, 0x00, 0x00, 0x03, 0x03, 0x03, 0x00, 0x00, 0x00,
    0x34, 0x34, 0x34, 0xea, 0xea, 0xea, 0xf5, 0xf5, 0xf5, 0xb3, 0xb3, 0xb3,
    0xb9, 0xb9, 0xb9, 0xd4, 0xd4, 0xd4, 0xed, 0xed, 0xed, 0xfa, 0xfa, 0xfa,
    0xfe, 0xfe, 0xfe, 0xff, 0xff, 0xff, 0xff, 0xff, 0xff, 0xff, 0xff, 0xff,
    0x00, 0x00, 0xff, 0xff, 0xff, 0xff, 0xff, 0xff, 0xff, 0xff, 0xff, 0xfe,
    0xfe, 0xfe, 0xff, 0xff, 0xff, 0xe9, 0xe9, 0xe9, 0xf9, 0xf9, 0xf9, 0xd7,
    0xd7, 0xd7, 0x14, 0x14, 0x14, 0x01, 0x01, 0x01, 0x02, 0x02, 0x02, 0x00,
    0x00, 0x00, 0x00, 0x00, 0x00, 0x00, 0x00, 0x00, 0x00, 0x00, 0x00, 0x00,
    0x00, 0x00, 0x00, 0x00, 0x00, 0x00, 0x00, 0x00, 0x00, 0x00, 0x00, 0x00,
    0x00, 0x00, 0x00, 0x00, 0x00, 0x00, 0x00, 0x00, 0x00, 0x00, 0x00, 0x00,
    0x00, 0x00, 0x00, 0x00, 0x00, 0x00, 0x00, 0x00, 0x00, 0x00, 0x00, 0x00,
    0x00, 0x00, 0x00, 0x00, 0x00, 0x00, 0x00, 0x00, 0x00, 0x00, 0x00, 0x00,
    0x00, 0x00, 0x00, 0x00, 0x00, 0x00, 0x00, 0x00, 0x00, 0x00, 0x00, 0x01,
    0x01, 0x01, 0x03, 0x03, 0x03, 0x02, 0x02, 0x02, 0xb6, 0xb6, 0xb6, 0xf9,
    0xf9, 0xf9, 0xd5, 0xd5, 0xd5, 0xaa, 0xaa, 0xaa, 0xca, 0xca, 0xca, 0xe5,
    0xe5, 0xe5, 0xf6, 0xf6, 0xf6, 0xfd, 0xfd, 0xfd, 0xff, 0xff, 0xff, 0xff,
    0xff, 0xff, 0xff, 0xff, 0xff, 0xff, 0xff, 0xff, 0x00, 0x00, 0xff, 0xff,
    0xff, 0xff, 0xff, 0xff, 0xff, 0xff, 0xff, 0xff, 0xff, 0xff, 0xff, 0xff,
    0xff, 0xfa, 0xfa, 0xfa, 0xe7, 0xe7, 0xe7, 0xf8, 0xf8, 0xf8, 0xa0, 0xa0,
    0xa0, 0x00, 0x00, 0x00, 0x04, 0x04, 0x04, 0x01, 0x01, 0x01, 0x00, 0x00,
    0x00, 0x00, 0x00, 0x00, 0x00, 0x00, 0x00, 0x00, 0x00, 0x00, 0x00, 0x00,
    0x00, 0x00, 0x00, 0x00, 0x00, 0x00, 0x00, 0x00, 0x00, 0x00, 0x00, 0x00,
    0x00, 0x00, 0x00, 0x00, 0x00, 0x00, 0x00, 0x00, 0x00, 0x00, 0x00, 0x00,
    0x00, 0x00, 0x00, 0x00, 0x00, 0x00, 0x00, 0x00, 0x00, 0x00, 0x00, 0x00,
    0x00, 0x00, 0x00, 0x00, 0x00, 0x00, 0x00, 0x00, 0x00, 0x00, 0x00, 0x00,
    0x00, 0x00, 0x00, 0x00, 0x00, 0x00, 0x00, 0x05, 0x05, 0x05, 0x00, 0x00,
    0x00, 0x78, 0x78, 0x78, 0xf6, 0xf6, 0xf6, 0xee, 0xee, 0xee, 0xb3, 0xb3,
    0xb3, 0xc7, 0xc7, 0xc7, 0xde, 0xde, 0xde, 0xf1, 0xf1, 0xf1, 0xfb, 0xfb,
    0xfb, 0xfe, 0xfe, 0xfe, 0xff, 0xff, 0xff, 0xff, 0xff, 0xff, 0xff, 0xff,
    0xff, 0xff, 0xff, 0xff, 0x00, 0x00, 0xff, 0xff, 0xff, 0xff, 0xff, 0xff,
    0xff, 0xff, 0xff, 0xff, 0xff, 0xff, 0xff, 0xff, 0xff, 0xff, 0xff, 0xff,
    0xf2, 0xf2, 0xf2, 0xf3, 0xf3, 0xf3, 0xf7, 0xf7, 0xf7, 0x79, 0x79, 0x79,
    0x00, 0x00, 0x00, 0x04, 0x04, 0x04, 0x01, 0x01, 0x01, 0x00, 0x00, 0x00,
    0x00, 0x00, 0x00, 0x00, 0x00, 0x00, 0x00, 0x00, 0x00, 0x00, 0x00, 0x00,
    0x00, 0x00, 0x00, 0x00, 0x00, 0x00, 0x00, 0x00, 0x00, 0x00, 0x00, 0x00,
    0x00, 0x00, 0x00, 0x00, 0x00, 0x00, 0x00, 0x00, 0x00, 0x00, 0x00, 0x00,
    0x00, 0x00, 0x00, 0x00, 0x00, 0x00, 0x00, 0x00, 0x00, 0x00, 0x00, 0x00,
    0x00, 0x00, 0x00, 0x00, 0x00, 0x00, 0x00, 0x00, 0x00, 0x00, 0x00, 0x00,
    0x05, 0x05, 0x05, 0x00, 0x00, 0x00, 0x52, 0x52, 0x52, 0xee, 0xee, 0xee,
    0xf8, 0xf8, 0xf8, 0xc4, 0xc4, 0xc4, 0xc3, 0xc3, 0xc3, 0xd9, 0xd9, 0xd9,
    0xed, 0xed, 0xed, 0xf9, 0xf9, 0xf9, 0xfe, 0xfe, 0xfe, 0xff, 0xff, 0xff,
    0xff, 0xff, 0xff, 0xff, 0xff, 0xff, 0xff, 0xff, 0xff, 0xff, 0xff, 0xff,
    0x00, 0x00, 0xff, 0xff, 0xff, 0xff, 0xff, 0xff, 0xff, 0xff, 0xff, 0xff,
    0xff, 0xff, 0xff, 0xff, 0xff, 0xfe, 0xfe, 0xfe, 0xff, 0xff, 0xff, 0xee,
    0xee, 0xee, 0xf7, 0xf7, 0xf7, 0xf4, 0xf4, 0xf4, 0x70, 0x70, 0x70, 0x00,
    0x00, 0x00, 0x01, 0x01, 0x01, 0x03, 0x03, 0x03, 0x00, 0x00, 0x00, 0x00,
    0x00, 0x00, 0x00, 0x00, 0x00, 0x00, 0x00, 0x00, 0x00, 0x00, 0x00, 0x00,
    0x00, 0x00, 0x00, 0x00, 0x00, 0x00, 0x00, 0x00, 0x00, 0x00, 0x00, 0x00,
    0x00, 0x00, 0x00, 0x00, 0x00, 0x00, 0x00, 0x00, 0x00, 0x00, 0x00, 0x00,
    0x00, 0x00, 0x00, 0x00, 0x00, 0x00, 0x00, 0x00, 0x00, 0x00, 0x00, 0x00,
    0x00, 0x00, 0x02, 0x02, 0x02, 0x03, 0x03, 0x03, 0x00, 0x00, 0x00, 0x4d,
    0x4d, 0x4d, 0xe9, 0xe9, 0xe9, 0xf8, 0xf8, 0xf8, 0xd2, 0xd2, 0xd2, 0xbe,
    0xbe, 0xbe, 0xda, 0xda, 0xda, 0xec, 0xec, 0xec, 0xf8, 0xf8, 0xf8, 0xfd,
    0xfd, 0xfd, 0xff, 0xff, 0xff, 0xff, 0xff, 0xff, 0xff, 0xff, 0xff, 0xff,
    0xff, 0xff, 0xff, 0xff, 0xff, 0xff, 0xff, 0xff, 0x00, 0x00, 0xff, 0xff,
    0xff, 0xff, 0xff, 0xff, 0xff, 0xff, 0xff, 0xff, 0xff, 0xff, 0xff, 0xff,
    0xff, 0xff, 0xff, 0xff, 0xff, 0xff, 0xff, 0xff, 0xff, 0xff, 0xed, 0xed,
    0xed, 0xf8, 0xf8, 0xf8, 0xf4, 0xf4, 0xf4, 0x86, 0x86, 0x86, 0x03, 0x03,
    0x03, 0x00, 0x00, 0x00, 0x04, 0x04, 0x04, 0x02, 0x02, 0x02, 0x00, 0x00,
    0x00, 0x00, 0x00, 0x00, 0x00, 0x00, 0x00, 0x00, 0x00, 0x00, 0x00, 0x00,
    0x00, 0x00, 0x00, 0x00, 0x00, 0x00, 0x00, 0x00, 0x00, 0x00, 0x00, 0x00,
    0x00, 0x00, 0x00, 0x00, 0x00, 0x00, 0x00, 0x00, 0x00, 0x00, 0x00, 0x00,
    0x00, 0x00, 0x00, 0x00, 0x01, 0x01, 0x01, 0x04, 0x04, 0x04, 0x00, 0x00,
    0x00, 0x00, 0x00, 0x00, 0x67, 0x67, 0x67, 0xec, 0xec, 0xec, 0xf9, 0xf9,
    0xf9, 0xd8, 0xd8, 0xd8, 0xc3, 0xc3, 0xc3, 0xdb, 0xdb, 0xdb, 0xeb, 0xeb,
    0xeb, 0xf8, 0xf8, 0xf8, 0xfd, 0xfd, 0xfd, 0xff, 0xff, 0xff, 0xff, 0xff,
    0xff, 0xff, 0xff, 0xff, 0xff, 0xff, 0xff, 0xff, 0xff, 0xff, 0xff, 0xff,
    0xff, 0xff, 0xff, 0xff, 0x00, 0x00, 0xff, 0xff, 0xff, 0xff, 0xff, 0xff,
    0xff, 0xff, 0xff, 0xff, 0xff, 0xff, 0xff, 0xff, 0xff, 0xff, 0xff, 0xff,
    0xff, 0xff, 0xff, 0xff, 0xff, 0xff, 0xff, 0xff, 0xff, 0xef, 0xef, 0xef,
    0xf4, 0xf4, 0xf4, 0xf8, 0xf8, 0xf8, 0xb7, 0xb7, 0xb7, 0x31, 0x31, 0x31,
    0x00, 0x00, 0x00, 0x00, 0x00, 0x00, 0x01, 0x01, 0x01, 0x04, 0x04, 0x04,
    0x02, 0x02, 0x02, 0x00, 0x00, 0x00, 0x00, 0x00, 0x00, 0x00, 0x00, 0x00,
    0x00, 0x00, 0x00, 0x00, 0x00, 0x00, 0x00, 0x00, 0x00, 0x00, 0x00, 0x00,
    0x00, 0x00, 0x00, 0x01, 0x01, 0x01, 0x04, 0x04, 0x04, 0x02, 0x02, 0x02,
    0x00, 0x00, 0x00, 0x00, 0x00, 0x00, 0x1e, 0x1e, 0x1e, 0x9b, 0x9b, 0x9b,
    0xf3, 0xf3, 0xf3, 0xf8, 0xf8, 0xf8, 0xd8, 0xd8, 0xd8, 0xcb, 0xcb, 0xcb,
    0xe0, 0xe0, 0xe0, 0xed, 0xed, 0xed, 0xf8, 0xf8, 0xf8, 0xfd, 0xfd, 0xfd,
    0xfe, 0xfe, 0xfe, 0xff, 0xff, 0xff, 0xff, 0xff, 0xff, 0xff, 0xff, 0xff,
    0xff, 0xff, 0xff, 0xff, 0xff, 0xff, 0xff, 0xff, 0xff, 0xff, 0xff, 0xff,
    0x00, 0x00, 0xff, 0xff, 0xff, 0xff, 0xff, 0xff, 0xff, 0xff, 0xff, 0xff,
    0xff, 0xff, 0xff, 0xff, 0xff, 0xff, 0xff, 0xff, 0xff, 0xff, 0xff, 0xff,
    0xff, 0xff, 0xff, 0xff, 0xff, 0xff, 0xff, 0xff, 0xf4, 0xf4, 0xf4, 0xe9,
    0xe9, 0xe9, 0xff, 0xff, 0xff, 0xe7, 0xe7, 0xe7, 0x8f, 0x8f, 0x8f, 0x2e,
    0x2e, 0x2e, 0x00, 0x00, 0x00, 0x00, 0x00, 0x00, 0x00, 0x00, 0x00, 0x00,
    0x00, 0x00, 0x00, 0x00, 0x00, 0x00, 0x00, 0x00, 0x00, 0x00, 0x00, 0x00,
    0x00, 0x00, 0x00, 0x00, 0x00, 0x00, 0x00, 0x00, 0x00, 0x00, 0x00, 0x00,
    0x00, 0x00, 0x00, 0x00, 0x00, 0x00, 0x00, 0x00, 0x21, 0x21, 0x21, 0x7a,
    0x7a, 0x7a, 0xdb, 0xdb, 0xdb, 0xff, 0xff, 0xff, 0xeb, 0xeb, 0xeb, 0xcf,
    0xcf, 0xcf, 0xcb, 0xcb, 0xcb, 0xe5, 0xe5, 0xe5, 0xf1, 0xf1, 0xf1, 0xf9,
    0xf9, 0xf9, 0xfd, 0xfd, 0xfd, 0xff, 0xff, 0xff, 0xff, 0xff, 0xff, 0xff,
    0xff, 0xff, 0xff, 0xff, 0xff, 0xff, 0xff, 0xff, 0xff, 0xff, 0xff, 0xff,
    0xff, 0xff, 0xff, 0xff, 0xff, 0xff, 0xff, 0xff, 0x00, 0x00, 0xff, 0xff,
    0xff, 0xff, 0xff, 0xff, 0xff, 0xff, 0xff, 0xff, 0xff, 0xff, 0xff, 0xff,
    0xff, 0xff, 0xff, 0xff, 0xff, 0xff, 0xff, 0xff, 0xff, 0xff, 0xfe, 0xfe,
    0xfe, 0xff, 0xff, 0xff, 0xff, 0xff, 0xff, 0xf8, 0xf8, 0xf8, 0xea, 0xea,
    0xea, 0xeb, 0xeb, 0xeb, 0xf5, 0xf5, 0xf5, 0xe7, 0xe7, 0xe7, 0xb4, 0xb4,
    0xb4, 0x8a, 0x8a, 0x8a, 0x31, 0x31, 0x31, 0x01, 0x01, 0x01, 0x01, 0x01,
    0x01, 0x00, 0x00, 0x00, 0x00, 0x00, 0x00, 0x00, 0x00, 0x00, 0x00, 0x00,
    0x00, 0x01, 0x01, 0x01, 0x01, 0x01, 0x01, 0x20, 0x20, 0x20, 0x7e, 0x7e,
    0x7e, 0xac, 0xac, 0xac, 0xdf, 0xdf, 0xdf, 0xf5, 0xf5, 0xf5, 0xf0, 0xf0,
    0xf0, 0xcf, 0xcf, 0xcf, 0xa9, 0xa9, 0xa9, 0xbe, 0xbe, 0xbe, 0xd7, 0xd7,
    0xd7, 0xed, 0xed, 0xed, 0xf9, 0xf9, 0xf9, 0xfe, 0xfe, 0xfe, 0xff, 0xff,
    0xff, 0xff, 0xff, 0xff, 0xff, 0xff, 0xff, 0xff, 0xff, 0xff, 0xff, 0xff,
    0xff, 0xff, 0xff, 0xff, 0xff, 0xff, 0xff, 0xff, 0xff, 0xff, 0xff, 0xff,
    0xff, 0xff, 0xff, 0xff, 0x00, 0x00, 0xff, 0xff, 0xff, 0xff, 0xff, 0xff,
    0xff, 0xff, 0xff, 0xff, 0xff, 0xff, 0xff, 0xff, 0xff, 0xff, 0xff, 0xff,
    0xff, 0xff, 0xff, 0xff, 0xff, 0xff, 0xff, 0xff, 0xff, 0xff, 0xff, 0xff,
    0xfe, 0xfe, 0xfe, 0xff, 0xff, 0xff, 0xfc, 0xfc, 0xfc, 0xd8, 0xd8, 0xd8,
    0xe7, 0xe7, 0xe7, 0xe8, 0xe8, 0xe8, 0xfd, 0xfd, 0xfd, 0xaf, 0xaf, 0xaf,
    0x28, 0x28, 0x28, 0x01, 0x01, 0x01, 0x01, 0x01, 0x01, 0x00, 0x00, 0x00,
    0x00, 0x00, 0x00, 0x00, 0x00, 0x00, 0x00, 0x00, 0x00, 0x01, 0x01, 0x01,
    0x01, 0x01, 0x01, 0x17, 0x17, 0x17, 0x94, 0x94, 0x94, 0xf8, 0xf8, 0xf8,
    0xeb, 0xeb, 0xeb, 0xea, 0xea, 0xea, 0xa4, 0xa4, 0xa4, 0x75, 0x75, 0x75,
    0x8e, 0x8e, 0x8e, 0xad, 0xad, 0xad, 0xd0, 0xd0, 0xd0, 0xeb, 0xeb, 0xeb,
    0xf9, 0xf9, 0xf9, 0xfe, 0xfe, 0xfe, 0xff, 0xff, 0xff, 0xff, 0xff, 0xff,
    0xff, 0xff, 0xff, 0xff, 0xff, 0xff, 0xff, 0xff, 0xff, 0xff, 0xff, 0xff,
    0xff, 0xff, 0xff, 0xff, 0xff, 0xff, 0xff, 0xff, 0xff, 0xff, 0xff, 0xff,
    0x00, 0x00, 0xff, 0xff, 0xff, 0xff, 0xff, 0xff, 0xff, 0xff, 0xff, 0xff,
    0xff, 0xff, 0xff, 0xff, 0xff, 0xff, 0xff, 0xff, 0xff, 0xff, 0xff, 0xff,
    0xff, 0xff, 0xff, 0xff, 0xff, 0xff, 0xff, 0xff, 0xfc, 0xfc, 0xfc, 0xf9,
    0xf9, 0xf9, 0xe5, 0xe5, 0xe5, 0xdf, 0xdf, 0xdf, 0xf1, 0xf1, 0xf1, 0xe5,
    0xe5, 0xe5, 0x56, 0x56, 0x56, 0x00, 0x00, 0x00, 0x00, 0x00, 0x00, 0x00,
    0x00, 0x00, 0x00, 0x00, 0x00, 0x00, 0x00, 0x00, 0x00, 0x00, 0x00, 0x00,
    0x00, 0x00, 0x00, 0x00, 0x00, 0x00, 0x00, 0x00, 0x00, 0x00, 0x00, 0x00,
    0x00, 0x00, 0x00, 0x00, 0x00, 0x3a, 0x3a, 0x3a, 0xd2, 0xd2, 0xd2, 0xf2,
    0xf2, 0xf2, 0xd5, 0xd5, 0xd5, 0x7a, 0x7a, 0x7a, 0x7e, 0x7e, 0x7e, 0x9a,
    0x9a, 0x9a, 0xc0, 0xc0, 0xc0, 0xe1, 0xe1, 0xe1, 0xf4, 0xf4, 0xf4, 0xfc,
    0xfc, 0xfc, 0xff, 0xff, 0xff, 0xff, 0xff, 0xff, 0xff, 0xff, 0xff, 0xff,
    0xff, 0xff, 0xff, 0xff, 0xff, 0xff, 0xff, 0xff, 0xff, 0xff, 0xff, 0xff,
    0xff, 0xff, 0xff, 0xff, 0xff, 0xff, 0xff, 0xff, 0x00, 0x00, 0xff, 0xff,
    0xff, 0xff, 0xff, 0xff, 0xff, 0xff, 0xff, 0xff, 0xff, 0xff, 0xff, 0xff,
    0xff, 0xff, 0xff, 0xff, 0xff, 0xff, 0xff, 0xff, 0xff, 0xff, 0xff, 0xff,
    0xff, 0xfe, 0xfe, 0xfe, 0xfc, 0xfc, 0xfc, 0xfb, 0xfb, 0xfb, 0xdf, 0xdf,
    0xdf, 0xfd, 0xfd, 0xfd, 0xe8, 0xe8, 0xe8, 0x40, 0x40, 0x40, 0x00, 0x00,
    0x00, 0x04, 0x04, 0x04, 0x01, 0x01, 0x01, 0x00, 0x00, 0x00, 0x00, 0x00,
    0x00, 0x00, 0x00, 0x00, 0x00, 0x00, 0x00, 0x00, 0x00, 0x00, 0x00, 0x00,
    0x00, 0x00, 0x00, 0x00, 0x00, 0x00, 0x00, 0x01, 0x01, 0x01, 0x04, 0x04,
    0x04, 0x00, 0x00, 0x00, 0x22, 0x22, 0x22, 0xd4, 0xd4, 0xd4, 0xfc, 0xfc,
    0xfc, 0xc7, 0xc7, 0xc7, 0x72, 0x72, 0x72, 0x8b, 0x8b, 0x8b, 0xaf, 0xaf,
    0xaf, 0xd6, 0xd6, 0xd6, 0xef, 0xef, 0xef, 0xfb, 0xfb, 0xfb, 0xfe, 0xfe,
    0xfe, 0xff, 0xff, 0xff, 0xff, 0xff, 0xff, 0xff, 0xff, 0xff, 0xff, 0xff,
    0xff, 0xff, 0xff, 0xff, 0xff, 0xff, 0xff, 0xff, 0xff, 0xff, 0xff, 0xff,
    0xff, 0xff, 0xff, 0xff, 0x00, 0x00, 0xff, 0xff, 0xff, 0xff, 0xff, 0xff,
    0xff, 0xff, 0xff, 0xff, 0xff, 0xff, 0xff, 0xff, 0xff, 0xff, 0xff, 0xff,
    0xff, 0xff, 0xff, 0xff, 0xff, 0xff, 0xff, 0xff, 0xff, 0xfe, 0xfe, 0xfe,
    0xfe, 0xfe, 0xfe, 0xe9, 0xe9, 0xe9, 0xe9, 0xe9, 0xe9, 0xf6, 0xf6, 0xf6,
    0x6c, 0x6c, 0x6c, 0x00, 0x00, 0x00, 0x06, 0x06, 0x06, 0x00, 0x00, 0x00,
    0x00, 0x00, 0x00, 0x00, 0x00, 0x00, 0x00, 0x00, 0x00, 0x00, 0x00, 0x00,
    0x00, 0x00, 0x00, 0x00, 0x00, 0x00, 0x00, 0x00, 0x00, 0x00, 0x00, 0x00,
    0x00, 0x00, 0x00, 0x00, 0x00, 0x00, 0x00, 0x00, 0x00, 0x05, 0x05, 0x05,
    0x00, 0x00, 0x00, 0x42, 0x42, 0x42, 0xec, 0xec, 0xec, 0xf5, 0xf5, 0xf5,
    0x95, 0x95, 0x95, 0x85, 0x85, 0x85, 0xa5, 0xa5, 0xa5, 0xcc, 0xcc, 0xcc,
    0xea, 0xea, 0xea, 0xf9, 0xf9, 0xf9, 0xfe, 0xfe, 0xfe, 0xff, 0xff, 0xff,
    0xff, 0xff, 0xff, 0xff, 0xff, 0xff, 0xff, 0xff, 0xff, 0xff, 0xff, 0xff,
    0xff, 0xff, 0xff, 0xff, 0xff, 0xff, 0xff, 0xff, 0xff, 0xff, 0xff, 0xff,
    0x00, 0x00, 0xff, 0xff, 0xff, 0xff, 0xff, 0xff, 0xff, 0xff, 0xff, 0xff,
    0xff, 0xff, 0xff, 0xff, 0xff, 0xff, 0xff, 0xff, 0xff, 0xff, 0xff, 0xff,
    0xff, 0xff, 0xff, 0xff, 0xff, 0xfe, 0xfe, 0xfe, 0xff, 0xff, 0xff, 0xe8,
    0xe8, 0xe8, 0xfc, 0xfc, 0xfc, 0xce, 0xce, 0xce, 0x08, 0x08, 0x08, 0x02,
    0x02, 0x02, 0x01, 0x01, 0x01, 0x00, 0x00, 0x00, 0x00, 0x00, 0x00, 0x00,
    0x00, 0x00, 0x00, 0x00, 0x00, 0x00, 0x00, 0x00, 0x00, 0x00, 0x00, 0x00,
    0x00, 0x00, 0x00, 0x00, 0x00, 0x00, 0x00, 0x00, 0x00, 0x00, 0x00, 0x00,
    0x00, 0x00, 0x00, 0x00, 0x00, 0x00, 0x00, 0x00, 0x03, 0x03, 0x03, 0x00,
    0x00, 0x00, 0xa8, 0xa8, 0xa8, 0xff, 0xff, 0xff, 0xc4, 0xc4, 0xc4, 0x7d,
    0x7d, 0x7d, 0x9e, 0x9e, 0x9e, 0xc6, 0xc6, 0xc6, 0xe6, 0xe6, 0xe6, 0xf7,
    0xf7, 0xf7, 0xfe, 0xfe, 0xfe, 0xff, 0xff, 0xff, 0xff, 0xff, 0xff, 0xff,
    0xff, 0xff, 0xff, 0xff, 0xff, 0xff, 0xff, 0xff, 0xff, 0xff, 0xff, 0xff,
    0xff, 0xff, 0xff, 0xff, 0xff, 0xff, 0xff, 0xff, 0x00, 0x00, 0xff, 0xff,
    0xff, 0xff, 0xff, 0xff, 0xff, 0xff, 0xff, 0xff, 0xff, 0xff, 0xff, 0xff,
    0xff, 0xff, 0xff, 0xff, 0xff, 0xff, 0xff, 0xff, 0xff, 0xff, 0xff, 0xff,
    0xff, 0xfe, 0xfe, 0xfe, 0xfb, 0xfb, 0xfb, 0xe3, 0xe3, 0xe3, 0xff, 0xff,
    0xff, 0x8d, 0x8d, 0x8d, 0x00, 0x00, 0x00, 0x03, 0x03, 0x03, 0x00, 0x00,
    0x00, 0x00, 0x00, 0x00, 0x00, 0x00, 0x00, 0x00, 0x00, 0x00, 0x00, 0x00,
    0x00, 0x00, 0x00, 0x00, 0x00, 0x00, 0x00, 0x00, 0x00, 0x00, 0x00, 0x00,
    0x00, 0x00, 0x00, 0x00, 0x00, 0x00, 0x00, 0x00, 0x00, 0x00, 0x00, 0x00,
    0x00, 0x00, 0x00, 0x00, 0x04, 0x04, 0x04, 0x01, 0x01, 0x01, 0x61, 0x61,
    0x61, 0xfa, 0xfa, 0xfa, 0xd9, 0xd9, 0xd9, 0x7f, 0x7f, 0x7f, 0x9e, 0x9e,
    0x9e, 0xc6, 0xc6, 0xc6, 0xe6, 0xe6, 0xe6, 0xf7, 0xf7, 0xf7, 0xfe, 0xfe,
    0xfe, 0xff, 0xff, 0xff, 0xff, 0xff, 0xff, 0xff, 0xff, 0xff, 0xff, 0xff,
    0xff, 0xff, 0xff, 0xff, 0xff, 0xff, 0xff, 0xff, 0xff, 0xff, 0xff, 0xff,
    0xff, 0xff, 0xff, 0xff, 0x00, 0x00, 0xff, 0xff, 0xff, 0xff, 0xff, 0xff,
    0xff, 0xff, 0xff, 0xff, 0xff, 0xff, 0xff, 0xff, 0xff, 0xff, 0xff, 0xff,
    0xff, 0xff, 0xff, 0xff, 0xff, 0xff, 0xff, 0xff, 0xff, 0xff, 0xff, 0xff,
    0xf7, 0xf7, 0xf7, 0xe4, 0xe4, 0xe4, 0xfd, 0xfd, 0xfd, 0x6d, 0x6d, 0x6d,
    0x01, 0x01, 0x01, 0x04, 0x04, 0x04, 0x00, 0x00, 0x00, 0x00, 0x00, 0x00,
    0x00, 0x00, 0x00, 0x00, 0x00, 0x00, 0x00, 0x00, 0x00, 0x00, 0x00, 0x00,
    0x00, 0x00, 0x00, 0x00, 0x00, 0x00, 0x00, 0x00, 0x00, 0x00, 0x00, 0x00,
    0x00, 0x00, 0x00, 0x00, 0x00, 0x00, 0x00, 0x00, 0x00, 0x00, 0x00, 0x00,
    0x03, 0x03, 0x03, 0x00, 0x00, 0x00, 0x43, 0x43, 0x43, 0xf3, 0xf3, 0xf3,
    0xe1, 0xe1, 0xe1, 0x8b, 0x8b, 0x8b, 0xa4, 0xa4, 0xa4, 0xca, 0xca, 0xca,
    0xe8, 0xe8, 0xe8, 0xf8, 0xf8, 0xf8, 0xfe, 0xfe, 0xfe, 0xff, 0xff, 0xff,
    0xff, 0xff, 0xff, 0xff, 0xff, 0xff, 0xff, 0xff, 0xff, 0xff, 0xff, 0xff,
    0xff, 0xff, 0xff, 0xff, 0xff, 0xff, 0xff, 0xff, 0xff, 0xff, 0xff, 0xff,
    0x00, 0x00, 0xff, 0xff, 0xff, 0xff, 0xff, 0xff, 0xff, 0xff, 0xff, 0xff,
    0xff, 0xff, 0xff, 0xff, 0xff, 0xff, 0xff, 0xff, 0xff, 0xff, 0xff, 0xff,
    0xff, 0xff, 0xff, 0xff, 0xff, 0xff, 0xff, 0xff, 0xfa, 0xfa, 0xfa, 0xe3,
    0xe3, 0xe3, 0xfe, 0xfe, 0xfe, 0x74, 0x74, 0x74, 0x01, 0x01, 0x01, 0x04,
    0x04, 0x04, 0x00, 0x00, 0x00, 0x00, 0x00, 0x00, 0x00, 0x00, 0x00, 0x00,
    0x00, 0x00, 0x00, 0x00, 0x00, 0x00, 0x00, 0x00, 0x00, 0x00, 0x00, 0x00,
    0x00, 0x00, 0x00, 0x00, 0x00, 0x00, 0x00, 0x00, 0x00, 0x00, 0x00, 0x00,
    0x00, 0x00, 0x00, 0x00, 0x00, 0x00, 0x00, 0x00, 0x03, 0x03, 0x03, 0x01,
    0x01, 0x01, 0x49, 0x49, 0x49, 0xf5, 0xf5, 0xf5, 0xdf, 0xdf, 0xdf, 0x91,
    0x91, 0x91, 0xad, 0xad, 0xad, 0xd3, 0xd3, 0xd3, 0xec, 0xec, 0xec, 0xfa,
    0xfa, 0xfa, 0xfe, 0xfe, 0xfe, 0xff, 0xff, 0xff, 0xff, 0xff, 0xff, 0xff,
    0xff, 0xff, 0xff, 0xff, 0xff, 0xff, 0xff, 0xff, 0xff, 0xff, 0xff, 0xff,
    0xff, 0xff, 0xff, 0xff, 0xff, 0xff, 0xff, 0xff, 0x00, 0x00, 0xff, 0xff,
    0xff, 0xff, 0xff, 0xff, 0xff, 0xff, 0xff, 0xff, 0xff, 0xff, 0xff, 0xff,
    0xff, 0xff, 0xff, 0xff, 0xff, 0xff, 0xff, 0xff, 0xff, 0xff, 0xff, 0xff,
    0xff, 0xff, 0xff, 0xff, 0xff, 0xff, 0xff, 0xe7, 0xe7, 0xe7, 0xff, 0xff,
    0xff, 0xa3, 0xa3, 0xa3, 0x00, 0x00, 0x00, 0x03, 0x03, 0x03, 0x00, 0x00,
    0x00, 0x00, 0x00, 0x00, 0x00, 0x00, 0x00, 0x00, 0x00, 0x00, 0x00, 0x00,
    0x00, 0x00, 0x00, 0x00, 0x00, 0x00, 0x00, 0x00, 0x00, 0x00, 0x00, 0x00,
    0x00, 0x00, 0x00, 0x00, 0x00, 0x00, 0x00, 0x00, 0x00, 0x00, 0x00, 0x00,
    0x00, 0x00, 0x00, 0x00, 0x04, 0x04, 0x04, 0x00, 0x00, 0x00, 0x78, 0x78,
    0x78, 0xfd, 0xfd, 0xfd, 0xd5, 0xd5, 0xd5, 0x95, 0x95, 0x95, 0xba, 0xba,
    0xba, 0xdd, 0xdd, 0xdd, 0xf2, 0xf2, 0xf2, 0xfc, 0xfc, 0xfc, 0xff, 0xff,
    0xff, 0xff, 0xff, 0xff, 0xff, 0xff, 0xff, 0xff, 0xff, 0xff, 0xff, 0xff,
    0xff, 0xff, 0xff, 0xff, 0xff, 0xff, 0xff, 0xff, 0xff, 0xff, 0xff, 0xff,
    0xff, 0xff, 0xff, 0xff, 0x00, 0x00, 0xff, 0xff, 0xff, 0xff, 0xff, 0xff,
    0xff, 0xff, 0xff, 0xff, 0xff, 0xff, 0xff, 0xff, 0xff, 0xff, 0xff, 0xff,
    0xff, 0xff, 0xff, 0xff, 0xff, 0xff, 0xff, 0xff, 0xff, 0xff, 0xff, 0xff,
    0xff, 0xff, 0xff, 0xf0, 0xf0, 0xf0, 0xf8, 0xf8, 0xf8, 0xe3, 0xe3, 0xe3,
    0x20, 0x20, 0x20, 0x00, 0x00, 0x00, 0x03, 0x03, 0x03, 0x00, 0x00, 0x00,
    0x00, 0x00, 0x00, 0x00, 0x00, 0x00, 0x00, 0x00, 0x00, 0x00, 0x00, 0x00,
    0x00, 0x00, 0x00, 0x00, 0x00, 0x00, 0x00, 0x00, 0x00, 0x00, 0x00, 0x00,
    0x00, 0x00, 0x00, 0x00, 0x00, 0x00, 0x00, 0x00, 0x00, 0x01, 0x01, 0x01,
    0x03, 0x03, 0x03, 0x07, 0x07, 0x07, 0xc8, 0xc8, 0xc8, 0xfc, 0xfc, 0xfc,
    0xc2, 0xc2, 0xc2, 0xaf, 0xaf, 0xaf, 0xcd, 0xcd, 0xcd, 0xe8, 0xe8, 0xe8,
    0xf8, 0xf8, 0xf8, 0xfd, 0xfd, 0xfd, 0xff, 0xff, 0xff, 0xff, 0xff, 0xff,
    0xff, 0xff, 0xff, 0xff, 0xff, 0xff, 0xff, 0xff, 0xff, 0xff, 0xff, 0xff,
    0xff, 0xff, 0xff, 0xff, 0xff, 0xff, 0xff, 0xff, 0xff, 0xff, 0xff, 0xff,
    0x00, 0x00, 0xff, 0xff, 0xff, 0xff, 0xff, 0xff, 0xff, 0xff, 0xff, 0xff,
    0xff, 0xff, 0xff, 0xff, 0xff, 0xff, 0xff, 0xff, 0xff, 0xff, 0xff, 0xff,
    0xff, 0xff, 0xff, 0xff, 0xff, 0xff, 0xff, 0xff, 0xff, 0xff, 0xff, 0xfa,
    0xfa, 0xfa, 0xe4, 0xe4, 0xe4, 0xf9, 0xf9, 0xf9, 0xa6, 0xa6, 0xa6, 0x00,
    0x00, 0x00, 0x02, 0x02, 0x02, 0x02, 0x02, 0x02, 0x00, 0x00, 0x00, 0x00,
    0x00, 0x00, 0x00, 0x00, 0x00, 0x00, 0x00, 0x00, 0x00, 0x00, 0x00, 0x00,
    0x00, 0x00, 0x00, 0x00, 0x00, 0x00, 0x00, 0x00, 0x00, 0x00, 0x00, 0x00,
    0x00, 0x00, 0x01, 0x01, 0x01, 0x05, 0x05, 0x05, 0x00, 0x00, 0x00, 0x7d,
    0x7d, 0x7d, 0xf5, 0xf5, 0xf5, 0xe9, 0xe9, 0xe9, 0xaf, 0xaf, 0xaf, 0xc7,
    0xc7, 0xc7, 0xe0, 0xe0, 0xe0, 0xf3, 0xf3, 0xf3, 0xfc, 0xfc, 0xfc, 0xfe,
    0xfe, 0xfe, 0xff, 0xff, 0xff, 0xff, 0xff, 0xff, 0xff, 0xff, 0xff, 0xff,
    0xff, 0xff, 0xff, 0xff, 0xff, 0xff, 0xff, 0xff, 0xff, 0xff, 0xff, 0xff,
    0xff, 0xff, 0xff, 0xff, 0xff, 0xff, 0xff, 0xff, 0x00, 0x00, 0xff, 0xff,
    0xff, 0xff, 0xff, 0xff, 0xff, 0xff, 0xff, 0xff, 0xff, 0xff, 0xff, 0xff,
    0xff, 0xff, 0xff, 0xff, 0xff, 0xff, 0xff, 0xff, 0xff, 0xff, 0xff, 0xff,
    0xff, 0xff, 0xff, 0xff, 0xff, 0xff, 0xff, 0xff, 0xff, 0xff, 0xf3, 0xf3,
    0xf3, 0xf4, 0xf4, 0xf4, 0xf5, 0xf5, 0xf5, 0x88, 0x88, 0x88, 0x00, 0x00,
    0x00, 0x00, 0x00, 0x00, 0x04, 0x04, 0x04, 0x01, 0x01, 0x01, 0x00, 0x00,
    0x00, 0x00, 0x00, 0x00, 0x00, 0x00, 0x00, 0x00, 0x00, 0x00, 0x00, 0x00,
    0x00, 0x00, 0x00, 0x00, 0x00, 0x00, 0x00, 0x04, 0x04, 0x04, 0x00, 0x00,
    0x00, 0x00, 0x00, 0x00, 0x65, 0x65, 0x65, 0xee, 0xee, 0xee, 0xfa, 0xfa,
    0xfa, 0xc6, 0xc6, 0xc6, 0xc6, 0xc6, 0xc6, 0xdb, 0xdb, 0xdb, 0xee, 0xee,
    0xee, 0xfa, 0xfa, 0xfa, 0xfe, 0xfe, 0xfe, 0xff, 0xff, 0xff, 0xff, 0xff,
    0xff, 0xff, 0xff, 0xff, 0xff, 0xff, 0xff, 0xff, 0xff, 0xff, 0xff, 0xff,
    0xff, 0xff, 0xff, 0xff, 0xff, 0xff, 0xff, 0xff, 0xff, 0xff, 0xff, 0xff,
    0xff, 0xff, 0xff, 0xff, 0x00, 0x00, 0xff, 0xff, 0xff, 0xff, 0xff, 0xff,
    0xff, 0xff, 0xff, 0xff, 0xff, 0xff, 0xff, 0xff, 0xff, 0xff, 0xff, 0xff,
    0xff, 0xff, 0xff, 0xff, 0xff, 0xff, 0xff, 0xff, 0xff, 0xff, 0xff, 0xff,
    0xff, 0xff, 0xff, 0xff, 0xff, 0xff, 0xff, 0xff, 0xff, 0xef, 0xef, 0xef,
    0xf6, 0xf6, 0xf6, 0xf5, 0xf5, 0xf5, 0xa8, 0xa8, 0xa8, 0x25, 0x25, 0x25,
    0x00, 0x00, 0x00, 0x00, 0x00, 0x00, 0x00, 0x00, 0x00, 0x00, 0x00, 0x00,
    0x00, 0x00, 0x00, 0x00, 0x00, 0x00, 0x00, 0x00, 0x00, 0x00, 0x00, 0x00,
    0x00, 0x00, 0x00, 0x00, 0x00, 0x00, 0x14, 0x14, 0x14, 0x8d, 0x8d, 0x8d,
    0xf1, 0xf1, 0xf1, 0xfa, 0xfa, 0xfa, 0xce, 0xce, 0xce, 0xbc, 0xbc, 0xbc,
    0xda, 0xda, 0xda, 0xed, 0xed, 0xed, 0xf8, 0xf8, 0xf8, 0xfd, 0xfd, 0xfd,
    0xff, 0xff, 0xff, 0xff, 0xff, 0xff, 0xff, 0xff, 0xff, 0xff, 0xff, 0xff,
    0xff, 0xff, 0xff, 0xff, 0xff, 0xff, 0xff, 0xff, 0xff, 0xff, 0xff, 0xff,
    0xff, 0xff, 0xff, 0xff, 0xff, 0xff, 0xff, 0xff, 0xff, 0xff, 0xff, 0xff,
    0x00, 0x00, 0xff, 0xff, 0xff, 0xff, 0xff, 0xff, 0xff, 0xff, 0xff, 0xff,
    0xff, 0xff, 0xff, 0xff, 0xff, 0xff, 0xff, 0xff, 0xff, 0xff, 0xff, 0xff,
    0xff, 0xff, 0xff, 0xff, 0xff, 0xff, 0xff, 0xff, 0xff, 0xff, 0xff, 0xff,
    0xff, 0xff, 0xff, 0xff, 0xff, 0xff, 0xff, 0xff, 0xf1, 0xf1, 0xf1, 0xea,
    0xea, 0xea, 0xf5, 0xf5, 0xf5, 0xdf, 0xdf, 0xdf, 0x92, 0x92, 0x92, 0x22,
    0x22, 0x22, 0x01, 0x01, 0x01, 0x01, 0x01, 0x01, 0x00, 0x00, 0x00, 0x00,
    0x00, 0x00, 0x01, 0x01, 0x01, 0x01, 0x01, 0x01, 0x12, 0x12, 0x12, 0x7f,
    0x7f, 0x7f, 0xd4, 0xd4, 0xd4, 0xf4, 0xf4, 0xf4, 0xed, 0xed, 0xed, 0xbe,
    0xbe, 0xbe, 0xa5, 0xa5, 0xa5, 0xcb, 0xcb, 0xcb, 0xe6, 0xe6, 0xe6, 0xf7,
    0xf7, 0xf7, 0xfd, 0xfd, 0xfd, 0xff, 0xff, 0xff, 0xff, 0xff, 0xff, 0xff,
    0xff, 0xff, 0xff, 0xff, 0xff, 0xff, 0xff, 0xff, 0xff, 0xff, 0xff, 0xff,
    0xff, 0xff, 0xff, 0xff, 0xff, 0xff, 0xff, 0xff, 0xff, 0xff, 0xff, 0xff,
    0xff, 0xff, 0xff, 0xff, 0xff, 0xff, 0xff, 0xff, 0x00, 0x00, 0xff, 0xff,
    0xff, 0xff, 0xff, 0xff, 0xff, 0xff, 0xff, 0xff, 0xff, 0xff, 0xff, 0xff,
    0xff, 0xff, 0xff, 0xff, 0xff, 0xff, 0xff, 0xff, 0xff, 0xff, 0xff, 0xff,
    0xff, 0xff, 0xff, 0xff, 0xff, 0xff, 0xff, 0xff, 0xff, 0xff, 0xff, 0xff,
    0xff, 0xfe, 0xfe, 0xfe, 0xff, 0xff, 0xff, 0xe9, 0xe9, 0xe9, 0xe5, 0xe5,
    0xe5, 0xef, 0xef, 0xef, 0xdb, 0xdb, 0xdb, 0x23, 0x23, 0x23, 0x01, 0x01,
    0x01, 0x02, 0x02, 0x02, 0x00, 0x00, 0x00, 0x00, 0x00, 0x00, 0x01, 0x01,
    0x01, 0x02, 0x02, 0x02, 0x0f, 0x0f, 0x0f, 0xbb, 0xbb, 0xbb, 0xf5, 0xf5,
    0xf5, 0xea, 0xea, 0xea, 0x9f, 0x9f, 0x9f, 0x89, 0x89, 0x89, 0xa6, 0xa6,
    0xa6, 0xcd, 0xcd, 0xcd, 0xea, 0xea, 0xea, 0xf9, 0xf9, 0xf9, 0xfe, 0xfe,
    0xfe, 0xff, 0xff, 0xff, 0xff, 0xff, 0xff, 0xff, 0xff, 0xff, 0xff, 0xff,
    0xff, 0xff, 0xff, 0xff, 0xff, 0xff, 0xff, 0xff, 0xff, 0xff, 0xff, 0xff,
    0xff, 0xff, 0xff, 0xff, 0xff, 0xff, 0xff, 0xff, 0xff, 0xff, 0xff, 0xff,
    0xff, 0xff, 0xff, 0xff, 0x00, 0x00, 0xff, 0xff, 0xff, 0xff, 0xff, 0xff,
    0xff, 0xff, 0xff, 0xff, 0xff, 0xff, 0xff, 0xff, 0xff, 0xff, 0xff, 0xff,
    0xff, 0xff, 0xff, 0xff, 0xff, 0xff, 0xff, 0xff, 0xff, 0xff, 0xff, 0xff,
    0xff, 0xff, 0xff, 0xff, 0xff, 0xff, 0xff, 0xff, 0xff, 0xfe, 0xfe, 0xfe,
    0xfe, 0xfe, 0xfe, 0xea, 0xea, 0xea, 0xf3, 0xf3, 0xf3, 0xe7, 0xe7, 0xe7,
    0x2a, 0x2a, 0x2a, 0x00, 0x00, 0x00, 0x02, 0x02, 0x02, 0x00, 0x00, 0x00,
    0x00, 0x00, 0x00, 0x00, 0x00, 0x00, 0x00, 0x00, 0x00, 0x02, 0x02, 0x02,
    0x00, 0x00, 0x00, 0x0d, 0x0d, 0x0d, 0xd0, 0xd0, 0xd0, 0xfa, 0xfa, 0xfa,
    0xad, 0xad, 0xad, 0x85, 0x85, 0x85, 0xa5, 0xa5, 0xa5, 0xcd, 0xcd, 0xcd,
    0xea, 0xea, 0xea, 0xf9, 0xf9, 0xf9, 0xfe, 0xfe, 0xfe, 0xff, 0xff, 0xff,
    0xff, 0xff, 0xff, 0xff, 0xff, 0xff, 0xff, 0xff, 0xff, 0xff, 0xff, 0xff,
    0xff, 0xff, 0xff, 0xff, 0xff, 0xff, 0xff, 0xff, 0xff, 0xff, 0xff, 0xff,
    0xff, 0xff, 0xff, 0xff, 0xff, 0xff, 0xff, 0xff, 0xff, 0xff, 0xff, 0xff,
    0x00, 0x00, 0xff, 0xff, 0xff, 0xff, 0xff, 0xff, 0xff, 0xff, 0xff, 0xff,
    0xff, 0xff, 0xff, 0xff, 0xff, 0xff, 0xff, 0xff, 0xff, 0xff, 0xff, 0xff,
    0xff, 0xff, 0xff, 0xff, 0xff, 0xff, 0xff, 0xff, 0xff, 0xff, 0xff, 0xff,
    0xff, 0xff, 0xff, 0xff, 0xff, 0xfe, 0xfe, 0xfe, 0xff, 0xff, 0xff, 0xe7,
    0xe7, 0xe7, 0xff, 0xff, 0xff, 0xa7, 0xa7, 0xa7, 0x00, 0x00, 0x00, 0x03,
    0x03, 0x03, 0x00, 0x00, 0x00, 0x00, 0x00, 0x00, 0x00, 0x00, 0x00, 0x00,
    0x00, 0x00, 0x00, 0x00, 0x00, 0x00, 0x00, 0x00, 0x04, 0x04, 0x04, 0x00,
    0x00, 0x00, 0x7d, 0x7d, 0x7d, 0xff, 0xff, 0xff, 0xd3, 0xd3, 0xd3, 0x83,
    0x83, 0x83, 0xa7, 0xa7, 0xa7, 0xd0, 0xd0, 0xd0, 0xec, 0xec, 0xec, 0xfa,
    0xfa, 0xfa, 0xfe, 0xfe, 0xfe, 0xff, 0xff, 0xff, 0xff, 0xff, 0xff, 0xff,
    0xff, 0xff, 0xff, 0xff, 0xff, 0xff, 0xff, 0xff, 0xff, 0xff, 0xff, 0xff,
    0xff, 0xff, 0xff, 0xff, 0xff, 0xff, 0xff, 0xff, 0xff, 0xff, 0xff, 0xff,
    0xff, 0xff, 0xff, 0xff, 0xff, 0xff, 0xff, 0xff, 0x00, 0x00, 0xff, 0xff,
    0xff, 0xff, 0xff, 0xff, 0xff, 0xff, 0xff, 0xff, 0xff, 0xff, 0xff, 0xff,
    0xff, 0xff, 0xff, 0xff, 0xff, 0xff, 0xff, 0xff, 0xff, 0xff, 0xff, 0xff,
    0xff, 0xff, 0xff, 0xff, 0xff, 0xff, 0xff, 0xff, 0xff, 0xff, 0xff, 0xff,
    0xff, 0xff, 0xff, 0xff, 0xff, 0xff, 0xff, 0xe6, 0xe6, 0xe6, 0xff, 0xff,
    0xff, 0x90, 0x90, 0x90, 0x02, 0x02, 0x02, 0x03, 0x03, 0x03, 0x00, 0x00,
    0x00, 0x00, 0x00, 0x00, 0x00, 0x00, 0x00, 0x00, 0x00, 0x00, 0x00, 0x00,
    0x00, 0x00, 0x00, 0x00, 0x04, 0x04, 0x04, 0x03, 0x03, 0x03, 0x65, 0x65,
    0x65, 0xfc, 0xfc, 0xfc, 0xd5, 0xd5, 0xd5, 0x8d, 0x8d, 0x8d, 0xb2, 0xb2,
    0xb2, 0xd7, 0xd7, 0xd7, 0xf0, 0xf0, 0xf0, 0xfb, 0xfb, 0xfb, 0xfe, 0xfe,
    0xfe, 0xff, 0xff, 0xff, 0xff, 0xff, 0xff, 0xff, 0xff, 0xff, 0xff, 0xff,
    0xff, 0xff, 0xff, 0xff, 0xff, 0xff, 0xff, 0xff, 0xff, 0xff, 0xff, 0xff,
    0xff, 0xff, 0xff, 0xff, 0xff, 0xff, 0xff, 0xff, 0xff, 0xff, 0xff, 0xff,
    0xff, 0xff, 0xff, 0xff, 0x00, 0x00, 0xff, 0xff, 0xff, 0xff, 0xff, 0xff,
    0xff, 0xff, 0xff, 0xff, 0xff, 0xff, 0xff, 0xff, 0xff, 0xff, 0xff, 0xff,
    0xff, 0xff, 0xff, 0xff, 0xff, 0xff, 0xff, 0xff, 0xff, 0xff, 0xff, 0xff,
    0xff, 0xff, 0xff, 0xff, 0xff, 0xff, 0xff, 0xff, 0xff, 0xfe, 0xfe, 0xfe,
    0xff, 0xff, 0xff, 0xeb, 0xeb, 0xeb, 0xfd, 0xfd, 0xfd, 0xbd, 0xbd, 0xbd,
    0x00, 0x00, 0x00, 0x04, 0x04, 0x04, 0x01, 0x01, 0x01, 0x00, 0x00, 0x00,
    0x00, 0x00, 0x00, 0x00, 0x00, 0x00, 0x00, 0x00, 0x00, 0x00, 0x00, 0x00,
    0x06, 0x06, 0x06, 0x00, 0x00, 0x00, 0x95, 0x95, 0x95, 0xff, 0xff, 0xff,
    0xcf, 0xcf, 0xcf, 0xa1, 0xa1, 0xa1, 0xc3, 0xc3, 0xc3, 0xe2, 0xe2, 0xe2,
    0xf5, 0xf5, 0xf5, 0xfd, 0xfd, 0xfd, 0xff, 0xff, 0xff, 0xff, 0xff, 0xff,
    0xff, 0xff, 0xff, 0xff, 0xff, 0xff, 0xff, 0xff, 0xff, 0xff, 0xff, 0xff,
    0xff, 0xff, 0xff, 0xff, 0xff, 0xff, 0xff, 0xff, 0xff, 0xff, 0xff, 0xff,
    0xff, 0xff, 0xff, 0xff, 0xff, 0xff, 0xff, 0xff, 0xff, 0xff, 0xff, 0xff,
    0x00, 0x00, 0xff, 0xff, 0xff, 0xff, 0xff, 0xff, 0xff, 0xff, 0xff, 0xff,
    0xff, 0xff, 0xff, 0xff, 0xff, 0xff, 0xff, 0xff, 0xff, 0xff, 0xff, 0xff,
    0xff, 0xff, 0xff, 0xff, 0xff, 0xff, 0xff, 0xff, 0xff, 0xff, 0xff, 0xff,
    0xff, 0xff, 0xff, 0xff, 0xff, 0xff, 0xff, 0xff, 0xff, 0xff, 0xff, 0xf4,
    0xf4, 0xf4, 0xf2, 0xf2, 0xf2, 0xf2, 0xf2, 0xf2, 0x63, 0x63, 0x63, 0x00,
    0x00, 0x00, 0x00, 0x00, 0x00, 0x03, 0x03, 0x03, 0x04, 0x04, 0x04, 0x04,
    0x04, 0x04, 0x04, 0x04, 0x04, 0x01, 0x01, 0x01, 0x00, 0x00, 0x00, 0x3c,
    0x3c, 0x3c, 0xe6, 0xe6, 0xe6, 0xfa, 0xfa, 0xfa, 0xbe, 0xbe, 0xbe, 0xc4,
    0xc4, 0xc4, 0xd9, 0xd9, 0xd9, 0xef, 0xef, 0xef, 0xfa, 0xfa, 0xfa, 0xfe,
    0xfe, 0xfe, 0xff, 0xff, 0xff, 0xff, 0xff, 0xff, 0xff, 0xff, 0xff, 0xff,
    0xff, 0xff, 0xff, 0xff, 0xff, 0xff, 0xff, 0xff, 0xff, 0xff, 0xff, 0xff,
    0xff, 0xff, 0xff, 0xff, 0xff, 0xff, 0xff, 0xff, 0xff, 0xff, 0xff, 0xff,
    0xff, 0xff, 0xff, 0xff, 0xff, 0xff, 0xff, 0xff, 0x00, 0x00, 0xff, 0xff,
    0xff, 0xff, 0xff, 0xff, 0xff, 0xff, 0xff, 0xff, 0xff, 0xff, 0xff, 0xff,
    0xff, 0xff, 0xff, 0xff, 0xff, 0xff, 0xff, 0xff, 0xff, 0xff, 0xff, 0xff,
    0xff, 0xff, 0xff, 0xff, 0xff, 0xff, 0xff, 0xff, 0xff, 0xff, 0xff, 0xff,
    0xff, 0xff, 0xff, 0xff, 0xff, 0xff, 0xff, 0xff, 0xff, 0xff, 0xea, 0xea,
    0xea, 0xfc, 0xfc, 0xfc, 0xec, 0xec, 0xec, 0x72, 0x72, 0x72, 0x0b, 0x0b,
    0x0b, 0x00, 0x00, 0x00, 0x00, 0x00, 0x00, 0x00, 0x00, 0x00, 0x00, 0x00,
    0x00, 0x03, 0x03, 0x03, 0x57, 0x57, 0x57, 0xdf, 0xdf, 0xdf, 0xfb, 0xfb,
    0xfb, 0xda, 0xda, 0xda, 0xc2, 0xc2, 0xc2, 0xd8, 0xd8, 0xd8, 0xeb, 0xeb,
    0xeb, 0xf7, 0xf7, 0xf7, 0xfd, 0xfd, 0xfd, 0xff, 0xff, 0xff, 0xff, 0xff,
    0xff, 0xff, 0xff, 0xff, 0xff, 0xff, 0xff, 0xff, 0xff, 0xff, 0xff, 0xff,
    0xff, 0xff, 0xff, 0xff, 0xff, 0xff, 0xff, 0xff, 0xff, 0xff, 0xff, 0xff,
    0xff, 0xff, 0xff, 0xff, 0xff, 0xff, 0xff, 0xff, 0xff, 0xff, 0xff, 0xff,
    0xff, 0xff, 0xff, 0xff, 0x00, 0x00, 0xff, 0xff, 0xff, 0xff, 0xff, 0xff,
    0xff, 0xff, 0xff, 0xff, 0xff, 0xff, 0xff, 0xff, 0xff, 0xff, 0xff, 0xff,
    0xff, 0xff, 0xff, 0xff, 0xff, 0xff, 0xff, 0xff, 0xff, 0xff, 0xff, 0xff,
    0xff, 0xff, 0xff, 0xff, 0xff, 0xff, 0xff, 0xff, 0xff, 0xff, 0xff, 0xff,
    0xff, 0xff, 0xff, 0xff, 0xff, 0xff, 0xfd, 0xfd, 0xfd, 0xee, 0xee, 0xee,
    0xf9, 0xf9, 0xf9, 0xfb, 0xfb, 0xfb, 0xcb, 0xcb, 0xcb, 0x8d, 0x8d, 0x8d,
    0x67, 0x67, 0x67, 0x64, 0x64, 0x64, 0x84, 0x84, 0x84, 0xc0, 0xc0, 0xc0,
    0xf6, 0xf6, 0xf6, 0xfc, 0xfc, 0xfc, 0xe2, 0xe2, 0xe2, 0xd3, 0xd3, 0xd3,
    0xe3, 0xe3, 0xe3, 0xed, 0xed, 0xed, 0xf7, 0xf7, 0xf7, 0xfd, 0xfd, 0xfd,
    0xff, 0xff, 0xff, 0xff, 0xff, 0xff, 0xff, 0xff, 0xff, 0xff, 0xff, 0xff,
    0xff, 0xff, 0xff, 0xff, 0xff, 0xff, 0xff, 0xff, 0xff, 0xff, 0xff, 0xff,
    0xff, 0xff, 0xff, 0xff, 0xff, 0xff, 0xff, 0xff, 0xff, 0xff, 0xff, 0xff,
    0xff, 0xff, 0xff, 0xff, 0xff, 0xff, 0xff, 0xff, 0xff, 0xff, 0xff, 0xff,
    0x00, 0x00, 0xff, 0xff, 0xff, 0xff, 0xff, 0xff, 0xff, 0xff, 0xff, 0xff,
    0xff, 0xff, 0xff, 0xff, 0xff, 0xff, 0xff, 0xff, 0xff, 0xff, 0xff, 0xff,
    0xff, 0xff, 0xff, 0xff, 0xff, 0xff, 0xff, 0xff, 0xff, 0xff, 0xff, 0xff,
    0xff, 0xff, 0xff, 0xff, 0xff, 0xff, 0xff, 0xff, 0xff, 0xff, 0xff, 0xff,
    0xff, 0xff, 0xff, 0xff, 0xff, 0xff, 0xff, 0xff, 0xf5, 0xf5, 0xf5, 0xea,
    0xea, 0xea, 0xf6, 0xf6, 0xf6, 0xff, 0xff, 0xff, 0xff, 0xff, 0xff, 0xff,
    0xff, 0xff, 0xff, 0xff, 0xff, 0xfb, 0xfb, 0xfb, 0xe8, 0xe8, 0xe8, 0xe6,
    0xe6, 0xe6, 0xe3, 0xe3, 0xe3, 0xf1, 0xf1, 0xf1, 0xf4, 0xf4, 0xf4, 0xfa,
    0xfa, 0xfa, 0xfd, 0xfd, 0xfd, 0xff, 0xff, 0xff, 0xff, 0xff, 0xff, 0xff,
    0xff, 0xff, 0xff, 0xff, 0xff, 0xff, 0xff, 0xff, 0xff, 0xff, 0xff, 0xff,
    0xff, 0xff, 0xff, 0xff, 0xff, 0xff, 0xff, 0xff, 0xff, 0xff, 0xff, 0xff,
    0xff, 0xff, 0xff, 0xff, 0xff, 0xff, 0xff, 0xff, 0xff, 0xff, 0xff, 0xff,
    0xff, 0xff, 0xff, 0xff, 0xff, 0xff, 0xff, 0xff, 0x00, 0x00, 0xff, 0xff,
    0xff, 0xff, 0xff, 0xff, 0xff, 0xff, 0xff, 0xff, 0xff, 0xff, 0xff, 0xff,
    0xff, 0xff, 0xff, 0xff, 0xff, 0xff, 0xff, 0xff, 0xff, 0xff, 0xff, 0xff,
    0xff, 0xff, 0xff, 0xff, 0xff, 0xff, 0xff, 0xff, 0xff, 0xff, 0xff, 0xff,
    0xff, 0xff, 0xff, 0xff, 0xff, 0xff, 0xff, 0xff, 0xff, 0xff, 0xff, 0xff,
    0xff, 0xff, 0xff, 0xff, 0xff, 0xff, 0xff, 0xfc, 0xfc, 0xfc, 0xf6, 0xf6,
    0xf6, 0xf0, 0xf0, 0xf0, 0xea, 0xea, 0xea, 0xe9, 0xe9, 0xe9, 0xeb, 0xeb,
    0xeb, 0xee, 0xee, 0xee, 0xf0, 0xf0, 0xf0, 0xff, 0xff, 0xff, 0xf8, 0xf8,
    0xf8, 0xf9, 0xf9, 0xf9, 0xfd, 0xfd, 0xfd, 0xfe, 0xfe, 0xfe, 0xff, 0xff,
    0xff, 0xff, 0xff, 0xff, 0xff, 0xff, 0xff, 0xff, 0xff, 0xff, 0xff, 0xff,
    0xff, 0xff, 0xff, 0xff, 0xff, 0xff, 0xff, 0xff, 0xff, 0xff, 0xff, 0xff,
    0xff, 0xff, 0xff, 0xff, 0xff, 0xff, 0xff, 0xff, 0xff, 0xff, 0xff, 0xff,
    0xff, 0xff, 0xff, 0xff, 0xff, 0xff, 0xff, 0xff, 0xff, 0xff, 0xff, 0xff,
    0xff, 0xff, 0xff, 0xff, 0x00, 0x00, 0xff, 0xff, 0xff, 0xff, 0xff, 0xff,
    0xff, 0xff, 0xff, 0xff, 0xff, 0xff, 0xff, 0xff, 0xff, 0xff, 0xff, 0xff,
    0xff, 0xff, 0xff, 0xff, 0xff, 0xff, 0xff, 0xff, 0xff, 0xff, 0xff, 0xff,
    0xff, 0xff, 0xff, 0xff, 0xff, 0xff, 0xff, 0xff, 0xff, 0xff, 0xff, 0xff,
    0xff, 0xff, 0xff, 0xff, 0xff, 0xff, 0xff, 0xff, 0xff, 0xff, 0xff, 0xff,
    0xff, 0xff, 0xff, 0xff, 0xff, 0xff, 0xff, 0xff, 0xff, 0xff, 0xff, 0xff,
    0xff, 0xff, 0xff, 0xff, 0xff, 0xff, 0xff, 0xff, 0xff, 0xff, 0xff, 0xff,
    0xff, 0xff, 0xff, 0xfd, 0xfd, 0xfd, 0xfe, 0xfe, 0xfe, 0xff, 0xff, 0xff,
    0xff, 0xff, 0xff, 0xff, 0xff, 0xff, 0xff, 0xff, 0xff, 0xff, 0xff, 0xff,
    0xff, 0xff, 0xff, 0xff, 0xff, 0xff, 0xff, 0xff, 0xff, 0xff, 0xff, 0xff,
    0xff, 0xff, 0xff, 0xff, 0xff, 0xff, 0xff, 0xff, 0xff, 0xff, 0xff, 0xff,
    0xff, 0xff, 0xff, 0xff, 0xff, 0xff, 0xff, 0xff, 0xff, 0xff, 0xff, 0xff,
    0xff, 0xff, 0xff, 0xff, 0xff, 0xff, 0xff, 0xff, 0xff, 0xff, 0xff, 0xff,
    0x00, 0x00, 0xff, 0xff, 0xff, 0xff, 0xff, 0xff, 0xff, 0xff, 0xff, 0xff,
    0xff, 0xff, 0xff, 0xff, 0xff, 0xff, 0xff, 0xff, 0xff, 0xff, 0xff, 0xff,
    0xff, 0xff, 0xff, 0xff, 0xff, 0xff, 0xff, 0xff, 0xff, 0xff, 0xff, 0xff,
    0xff, 0xff, 0xff, 0xff, 0xff, 0xff, 0xff, 0xff, 0xff, 0xff, 0xff, 0xff,
    0xff, 0xff, 0xff, 0xff, 0xff, 0xff, 0xff, 0xff, 0xff, 0xff, 0xff, 0xff,
    0xff, 0xff, 0xff, 0xff, 0xff, 0xff, 0xff, 0xff, 0xff, 0xff, 0xff, 0xff,
    0xff, 0xff, 0xff, 0xff, 0xff, 0xff, 0xff, 0xff, 0xff, 0xff, 0xff, 0xff,
    0xff, 0xff, 0xff, 0xff, 0xff, 0xff, 0xff, 0xff, 0xff, 0xff, 0xff, 0xff,
    0xff, 0xff, 0xff, 0xff, 0xff, 0xff, 0xff, 0xff, 0xff, 0xff, 0xff, 0xff,
    0xff, 0xff, 0xff, 0xff, 0xff, 0xff, 0xff, 0xff, 0xff, 0xff, 0xff, 0xff,
    0xff, 0xff, 0xff, 0xff, 0xff, 0xff, 0xff, 0xff, 0xff, 0xff, 0xff, 0xff,
    0xff, 0xff, 0xff, 0xff, 0xff, 0xff, 0xff, 0xff, 0xff, 0xff, 0xff, 0xff,
    0xff, 0xff, 0xff, 0xff, 0xff, 0xff, 0xff, 0xff, 0x00, 0x00
};
static const unsigned int black_pawn_bmp_len = 7654;

/* black_queen.bmp (7654 bytes) */
static const unsigned char black_queen_bmp[] = {
    0x42, 0x4d, 0xe6, 0x1d, 0x00, 0x00, 0x00, 0x00, 0x00, 0x00, 0x36, 0x00,
    0x00, 0x00, 0x28, 0x00, 0x00, 0x00, 0x32, 0x00, 0x00, 0x00, 0x32, 0x00,
    0x00, 0x00, 0x01, 0x00, 0x18, 0x00, 0x00, 0x00, 0x00, 0x00, 0xb0, 0x1d,
    0x00, 0x00, 0xc4, 0x0e, 0x00, 0x00, 0xc4, 0x0e, 0x00, 0x00, 0x00, 0x00,
    0x00, 0x00, 0x00, 0x00, 0x00, 0x00, 0xff, 0xff, 0xff, 0xff, 0xff, 0xff,
    0xff, 0xff, 0xff, 0xff, 0xff, 0xff, 0xff, 0xff, 0xff, 0xff, 0xff, 0xff,
    0xff, 0xff, 0xff, 0xff, 0xff, 0xff, 0xff, 0xff, 0xff, 0xff, 0xff, 0xff,
    0xff, 0xff, 0xff, 0xff, 0xff, 0xff, 0xff, 0xff, 0xff, 0xff, 0xff, 0xff,
    0xff, 0xff, 0xff, 0xff, 0xff, 0xff, 0xff, 0xff, 0xff, 0xff, 0xff, 0xff,
    0xff, 0xff, 0xff, 0xff, 0xff, 0xff, 0xff, 0xff, 0xff, 0xff, 0xff, 0xff,
    0xff, 0xff, 0xff, 0xff, 0xff, 0xff, 0xff, 0xff, 0xff, 0xff, 0xff, 0xff,
    0xff, 0xff, 0xff, 0xff, 0xff, 0xff, 0xff, 0xff, 0xff, 0xff, 0xff, 0xff,
    0xff, 0xff, 0xff, 0xff, 0xff, 0xff, 0xff, 0xff, 0xff, 0xff, 0xff, 0xff,
    0xff, 0xff, 0xff, 0xff, 0xff, 0xff, 0xff, 0xff, 0xff, 0xff, 0xff, 0xff,
    0xff, 0xff, 0xff, 0xff, 0xff, 0xff, 0xff, 0xff, 0xff, 0xff, 0xff, 0xff,
    0xff, 0xff, 0xff, 0xff, 0xff, 0xff, 0xff, 0xff, 0xff, 0xff, 0xff, 0xff,
    0xff, 0xff, 0xff, 0xff, 0xff, 0xff, 0xff, 0xff, 0xff, 0xff, 0xff, 0xff,
    0x00, 0x00, 0xff, 0xff, 0xff, 0xff, 0xff, 0xff, 0xff, 0xff, 0xff, 0xff,
    0xff, 0xff, 0xff, 0xff, 0xff, 0xff, 0xff, 0xff, 0xff, 0xff, 0xff, 0xff,
    0xff, 0xff, 0xff, 0xff, 0xff, 0xff, 0xff, 0xff, 0xff, 0xff, 0xff, 0xfe,
    0xfe, 0xfe, 0xfe, 0xfe, 0xfe, 0xfe, 0xfe, 0xfe, 0xfd, 0xfd, 0xfd, 0xfd,
    0xfd, 0xfd, 0xfc, 0xfc, 0xfc, 0xfb, 0xfb, 0xfb, 0xfb, 0xfb, 0xfb, 0xfa,
    0xfa, 0xfa, 0xfa, 0xfa, 0xfa, 0xf9, 0xf9, 0xf9, 0xf9, 0xf9, 0xf9, 0xf9,
    0xf9, 0xf9, 0xf9, 0xf9, 0xf9, 0xf9, 0xf9, 0xf9, 0xf9, 0xf9, 0xf9, 0xf9,
    0xf9, 0xf9, 0xf9, 0xf9, 0xf9, 0xfa, 0xfa, 0xfa, 0xfa, 0xfa, 0xfa, 0xfb,
    0xfb, 0xfb, 0xfb, 0xfb, 0xfb, 0xfc, 0xfc, 0xfc, 0xfd, 0xfd, 0xfd, 0xfd,
    0xfd, 0xfd, 0xfe, 0xfe, 0xfe, 0xfe, 0xfe, 0xfe, 0xfe, 0xfe, 0xfe, 0xff,
    0xff, 0xff, 0xff, 0xff, 0xff, 0xff, 0xff, 0xff, 0xff, 0xff, 0xff, 0xff,
    0xff, 0xff, 0xff, 0xff, 0xff, 0xff, 0xff, 0xff, 0xff, 0xff, 0xff, 0xff,
    0xff, 0xff, 0xff, 0xff, 0xff, 0xff, 0xff, 0xff, 0x00, 0x00, 0xff, 0xff,
    0xff, 0xff, 0xff, 0xff, 0xff, 0xff, 0xff, 0xff, 0xff, 0xff, 0xff, 0xff,
    0xff, 0xff, 0xff, 0xff, 0xff, 0xff, 0xff, 0xff, 0xff, 0xff, 0xff, 0xff,
    0xff, 0xfe, 0xfe, 0xfe, 0xfb, 0xfb, 0xfb, 0xf8, 0xf8, 0xf8, 0xf4, 0xf4,
    0xf4, 0xf1, 0xf1, 0xf1, 0xef, 0xef, 0xef, 0xec, 0xec, 0xec, 0xea, 0xea,
    0xea, 0xe7, 0xe7, 0xe7, 0xe6, 0xe6, 0xe6, 0xe3, 0xe3, 0xe3, 0xe1, 0xe1,
    0xe1, 0xe0, 0xe0, 0xe0, 0xdf, 0xdf, 0xdf, 0xdf, 0xdf, 0xdf, 0xdf, 0xdf,
    0xdf, 0xdf, 0xdf, 0xdf, 0xdf, 0xdf, 0xdf, 0xe0, 0xe0, 0xe0, 0xe0, 0xe0,
    0xe0, 0xe1, 0xe1, 0xe1, 0xe3, 0xe3, 0xe3, 0xe5, 0xe5, 0xe5, 0xe6, 0xe6,
    0xe6, 0xe9, 0xe9, 0xe9, 0xec, 0xec, 0xec, 0xef, 0xef, 0xef, 0xf2, 0xf2,
    0xf2, 0xf5, 0xf5, 0xf5, 0xf8, 0xf8, 0xf8, 0xfc, 0xfc, 0xfc, 0xfe, 0xfe,
    0xfe, 0xff, 0xff, 0xff, 0xff, 0xff, 0xff, 0xff, 0xff, 0xff, 0xff, 0xff,
    0xff, 0xff, 0xff, 0xff, 0xff, 0xff, 0xff, 0xff, 0xff, 0xff, 0xff, 0xff,
    0xff, 0xff, 0xff, 0xff, 0x00, 0x00, 0xff, 0xff, 0xff, 0xff, 0xff, 0xff,
    0xff, 0xff, 0xff, 0xff, 0xff, 0xff, 0xff, 0xff, 0xff, 0xff, 0xff, 0xff,
    0xff, 0xff, 0xff, 0xff, 0xff, 0xff, 0xfe, 0xfe, 0xfe, 0xf8, 0xf8, 0xf8,
    0xed, 0xed, 0xed, 0xdf, 0xdf, 0xdf, 0xd4, 0xd4, 0xd4, 0xcd, 0xcd, 0xcd,
    0xc6, 0xc6, 0xc6, 0xc1, 0xc1, 0xc1, 0xbd, 0xbd, 0xbd, 0xba, 0xba, 0xba,
    0xb7, 0xb7, 0xb7, 0xb4, 0xb4, 0xb4, 0xb2, 0xb2, 0xb2, 0xb0, 0xb0, 0xb0,
    0xb0, 0xb0, 0xb0, 0xb0, 0xb0, 0xb0, 0xb0, 0xb0, 0xb0, 0xaf, 0xaf, 0xaf,
    0xaf, 0xaf, 0xaf, 0xaf, 0xaf, 0xaf, 0xaf, 0xaf, 0xaf, 0xb0, 0xb0, 0xb0,
    0xb2, 0xb2, 0xb2, 0xb4, 0xb4, 0xb4, 0xb7, 0xb7, 0xb7, 0xbd, 0xbd, 0xbd,
    0xc2, 0xc2, 0xc2, 0xc8, 0xc8, 0xc8, 0xcf, 0xcf, 0xcf, 0xd4, 0xd4, 0xd4,
    0xde, 0xde, 0xde, 0xed, 0xed, 0xed, 0xf9, 0xf9, 0xf9, 0xff, 0xff, 0xff,
    0xff, 0xff, 0xff, 0xff, 0xff, 0xff, 0xff, 0xff, 0xff, 0xff, 0xff, 0xff,
    0xff, 0xff, 0xff, 0xff, 0xff, 0xff, 0xff, 0xff, 0xff, 0xff, 0xff, 0xff,
    0x00, 0x00, 0xff, 0xff, 0xff, 0xff, 0xff, 0xff, 0xff, 0xff, 0xff, 0xff,
    0xff, 0xff, 0xff, 0xff, 0xff, 0xff, 0xff, 0xff, 0xff, 0xff, 0xff, 0xff,
    0xff, 0xff, 0xfc, 0xfc, 0xfc, 0xf4, 0xf4, 0xf4, 0xd9, 0xd9, 0xd9, 0xb7,
    0xb7, 0xb7, 0xa4, 0xa4, 0xa4, 0x99, 0x99, 0x99, 0x8f, 0x8f, 0x8f, 0x87,
    0x87, 0x87, 0x87, 0x87, 0x87, 0x88, 0x88, 0x88, 0x89, 0x89, 0x89, 0x8a,
    0x8a, 0x8a, 0x8a, 0x8a, 0x8a, 0x8c, 0x8c, 0x8c, 0x8d, 0x8d, 0x8d, 0x8e,
    0x8e, 0x8e, 0x8e, 0x8e, 0x8e, 0x8c, 0x8c, 0x8c, 0x8b, 0x8b, 0x8b, 0x88,
    0x88, 0x88, 0x85, 0x85, 0x85, 0x83, 0x83, 0x83, 0x81, 0x81, 0x81, 0x7f,
    0x7f, 0x7f, 0x82, 0x82, 0x82, 0x88, 0x88, 0x88, 0x8f, 0x8f, 0x8f, 0x95,
    0x95, 0x95, 0x9b, 0x9b, 0x9b, 0xa2, 0xa2, 0xa2, 0xb1, 0xb1, 0xb1, 0xd2,
    0xd2, 0xd2, 0xf0, 0xf0, 0xf0, 0xfd, 0xfd, 0xfd, 0xff, 0xff, 0xff, 0xff,
    0xff, 0xff, 0xff, 0xff, 0xff, 0xff, 0xff, 0xff, 0xff, 0xff, 0xff, 0xff,
    0xff, 0xff, 0xff, 0xff, 0xff, 0xff, 0xff, 0xff, 0x00, 0x00, 0xff, 0xff,
    0xff, 0xff, 0xff, 0xff, 0xff, 0xff, 0xff, 0xff, 0xff, 0xff, 0xff, 0xff,
    0xff, 0xff, 0xff, 0xff, 0xff, 0xff, 0xff, 0xff, 0xff, 0xff, 0xfc, 0xfc,
    0xfc, 0xe6, 0xe6, 0xe6, 0xc9, 0xc9, 0xc9, 0xb7, 0xb7, 0xb7, 0xbc, 0xbc,
    0xbc, 0xc8, 0xc8, 0xc8, 0xd3, 0xd3, 0xd3, 0xdd, 0xdd, 0xdd, 0xe6, 0xe6,
    0xe6, 0xeb, 0xeb, 0xeb, 0xf0, 0xf0, 0xf0, 0xf5, 0xf5, 0xf5, 0xf9, 0xf9,
    0xf9, 0xfb, 0xfb, 0xfb, 0xfc, 0xfc, 0xfc, 0xfd, 0xfd, 0xfd, 0xfd, 0xfd,
    0xfd, 0xfc, 0xfc, 0xfc, 0xfa, 0xfa, 0xfa, 0xf7, 0xf7, 0xf7, 0xf2, 0xf2,
    0xf2, 0xed, 0xed, 0xed, 0xe9, 0xe9, 0xe9, 0xe1, 0xe1, 0xe1, 0xd6, 0xd6,
    0xd6, 0xca, 0xca, 0xca, 0xbd, 0xbd, 0xbd, 0xab, 0xab, 0xab, 0x9d, 0x9d,
    0x9d, 0x8e, 0x8e, 0x8e, 0x8a, 0x8a, 0x8a, 0xb8, 0xb8, 0xb8, 0xe7, 0xe7,
    0xe7, 0xfc, 0xfc, 0xfc, 0xff, 0xff, 0xff, 0xff, 0xff, 0xff, 0xff, 0xff,
    0xff, 0xff, 0xff, 0xff, 0xff, 0xff, 0xff, 0xff, 0xff, 0xff, 0xff, 0xff,
    0xff, 0xff, 0xff, 0xff, 0x00, 0x00, 0xff, 0xff, 0xff, 0xff, 0xff, 0xff,
    0xff, 0xff, 0xff, 0xff, 0xff, 0xff, 0xff, 0xff, 0xff, 0xff, 0xff, 0xff,
    0xff, 0xff, 0xff, 0xff, 0xff, 0xff, 0xfa, 0xfa, 0xfa, 0xe6, 0xe6, 0xe6,
    0xff, 0xff, 0xff, 0xff, 0xff, 0xff, 0xf7, 0xf7, 0xf7, 0xe8, 0xe8, 0xe8,
    0xd7, 0xd7, 0xd7, 0xc5, 0xc5, 0xc5, 0xb4, 0xb4, 0xb4, 0xa5, 0xa5, 0xa5,
    0x98, 0x98, 0x98, 0x8d, 0x8d, 0x8d, 0x85, 0x85, 0x85, 0x7f, 0x7f, 0x7f,
    0x7c, 0x7c, 0x7c, 0x7a, 0x7a, 0x7a, 0x7a, 0x7a, 0x7a, 0x7e, 0x7e, 0x7e,
    0x82, 0x82, 0x82, 0x89, 0x89, 0x89, 0x93, 0x93, 0x93, 0xa0, 0xa0, 0xa0,
    0xae, 0xae, 0xae, 0xbe, 0xbe, 0xbe, 0xd0, 0xd0, 0xd0, 0xe2, 0xe2, 0xe2,
    0xf2, 0xf2, 0xf2, 0xfe, 0xfe, 0xfe, 0xff, 0xff, 0xff, 0xf2, 0xf2, 0xf2,
    0x92, 0x92, 0x92, 0xb0, 0xb0, 0xb0, 0xe4, 0xe4, 0xe4, 0xfb, 0xfb, 0xfb,
    0xff, 0xff, 0xff, 0xff, 0xff, 0xff, 0xff, 0xff, 0xff, 0xff, 0xff, 0xff,
    0xff, 0xff, 0xff, 0xff, 0xff, 0xff, 0xff, 0xff, 0xff, 0xff, 0xff, 0xff,
    0x00, 0x00, 0xff, 0xff, 0xff, 0xff, 0xff, 0xff, 0xff, 0xff, 0xff, 0xff,
    0xff, 0xff, 0xff, 0xff, 0xff, 0xff, 0xff, 0xff, 0xff, 0xff, 0xff, 0xff,
    0xff, 0xff, 0xf4, 0xf4, 0xf4, 0xee, 0xee, 0xee, 0xb5, 0xb5, 0xb5, 0x3f,
    0x3f, 0x3f, 0x28, 0x28, 0x28, 0x14, 0x14, 0x14, 0x06, 0x06, 0x06, 0x01,
    0x01, 0x01, 0x01, 0x01, 0x01, 0x00, 0x00, 0x00, 0x00, 0x00, 0x00, 0x00,
    0x00, 0x00, 0x00, 0x00, 0x00, 0x00, 0x00, 0x00, 0x00, 0x00, 0x00, 0x00,
    0x00, 0x00, 0x00, 0x00, 0x00, 0x00, 0x00, 0x00, 0x00, 0x00, 0x00, 0x00,
    0x00, 0x00, 0x00, 0x00, 0x00, 0x00, 0x00, 0x00, 0x01, 0x01, 0x01, 0x01,
    0x01, 0x01, 0x02, 0x02, 0x02, 0x0e, 0x0e, 0x0e, 0x21, 0x21, 0x21, 0x35,
    0x35, 0x35, 0x74, 0x74, 0x74, 0xfa, 0xfa, 0xfa, 0x9d, 0x9d, 0x9d, 0xaf,
    0xaf, 0xaf, 0xe2, 0xe2, 0xe2, 0xfb, 0xfb, 0xfb, 0xff, 0xff, 0xff, 0xff,
    0xff, 0xff, 0xff, 0xff, 0xff, 0xff, 0xff, 0xff, 0xff, 0xff, 0xff, 0xff,
    0xff, 0xff, 0xff, 0xff, 0xff, 0xff, 0xff, 0xff, 0x00, 0x00, 0xff, 0xff,
    0xff, 0xff, 0xff, 0xff, 0xff, 0xff, 0xff, 0xff, 0xff, 0xff, 0xff, 0xff,
    0xff, 0xff, 0xff, 0xff, 0xff, 0xff, 0xff, 0xff, 0xff, 0xff, 0xf4, 0xf4,
    0xf4, 0xf6, 0xf6, 0xf6, 0x8b, 0x8b, 0x8b, 0x01, 0x01, 0x01, 0x00, 0x00,
    0x00, 0x00, 0x00, 0x00, 0x00, 0x00, 0x00, 0x00, 0x00, 0x00, 0x02, 0x02,
    0x02, 0x03, 0x03, 0x03, 0x03, 0x03, 0x03, 0x03, 0x03, 0x03, 0x04, 0x04,
    0x04, 0x04, 0x04, 0x04, 0x04, 0x04, 0x04, 0x04, 0x04, 0x04, 0x04, 0x04,
    0x04, 0x04, 0x04, 0x04, 0x04, 0x04, 0x04, 0x04, 0x04, 0x04, 0x03, 0x03,
    0x03, 0x03, 0x03, 0x03, 0x02, 0x02, 0x02, 0x01, 0x01, 0x01, 0x00, 0x00,
    0x00, 0x00, 0x00, 0x00, 0x00, 0x00, 0x00, 0x00, 0x00, 0x00, 0x2c, 0x2c,
    0x2c, 0xfe, 0xfe, 0xfe, 0xa0, 0xa0, 0xa0, 0xb2, 0xb2, 0xb2, 0xe4, 0xe4,
    0xe4, 0xfb, 0xfb, 0xfb, 0xff, 0xff, 0xff, 0xff, 0xff, 0xff, 0xff, 0xff,
    0xff, 0xff, 0xff, 0xff, 0xff, 0xff, 0xff, 0xff, 0xff, 0xff, 0xff, 0xff,
    0xff, 0xff, 0xff, 0xff, 0x00, 0x00, 0xff, 0xff, 0xff, 0xff, 0xff, 0xff,
    0xff, 0xff, 0xff, 0xff, 0xff, 0xff, 0xff, 0xff, 0xff, 0xff, 0xff, 0xff,
    0xff, 0xff, 0xff, 0xff, 0xff, 0xff, 0xf5, 0xf5, 0xf5, 0xf6, 0xf6, 0xf6,
    0x99, 0x99, 0x99, 0x05, 0x05, 0x05, 0x05, 0x05, 0x05, 0x01, 0x01, 0x01,
    0x01, 0x01, 0x01, 0x00, 0x00, 0x00, 0x00, 0x00, 0x00, 0x00, 0x00, 0x00,
    0x00, 0x00, 0x00, 0x00, 0x00, 0x00, 0x00, 0x00, 0x00, 0x00, 0x00, 0x00,
    0x00, 0x00, 0x00, 0x00, 0x00, 0x00, 0x00, 0x00, 0x00, 0x00, 0x00, 0x00,
    0x00, 0x00, 0x00, 0x00, 0x00, 0x00, 0x00, 0x00, 0x00, 0x00, 0x00, 0x00,
    0x00, 0x00, 0x00, 0x00, 0x00, 0x00, 0x01, 0x01, 0x01, 0x01, 0x01, 0x01,
    0x05, 0x05, 0x05, 0x03, 0x03, 0x03, 0x40, 0x40, 0x40, 0xfe, 0xfe, 0xfe,
    0xa1, 0xa1, 0xa1, 0xba, 0xba, 0xba, 0xe8, 0xe8, 0xe8, 0xfc, 0xfc, 0xfc,
    0xff, 0xff, 0xff, 0xff, 0xff, 0xff, 0xff, 0xff, 0xff, 0xff, 0xff, 0xff,
    0xff, 0xff, 0xff, 0xff, 0xff, 0xff, 0xff, 0xff, 0xff, 0xff, 0xff, 0xff,
    0x00, 0x00, 0xff, 0xff, 0xff, 0xff, 0xff, 0xff, 0xff, 0xff, 0xff, 0xff,
    0xff, 0xff, 0xff, 0xff, 0xff, 0xff, 0xff, 0xff, 0xfe, 0xfe, 0xfe, 0xff,
    0xff, 0xff, 0xfb, 0xfb, 0xfb, 0xf5, 0xf5, 0xf5, 0xb1, 0xb1, 0xb1, 0x02,
    0x02, 0x02, 0x06, 0x06, 0x06, 0x03, 0x03, 0x03, 0x03, 0x03, 0x03, 0x02,
    0x02, 0x02, 0x01, 0x01, 0x01, 0x01, 0x01, 0x01, 0x01, 0x01, 0x01, 0x00,
    0x00, 0x00, 0x00, 0x00, 0x00, 0x00, 0x00, 0x00, 0x00, 0x00, 0x00, 0x00,
    0x00, 0x00, 0x00, 0x00, 0x00, 0x00, 0x00, 0x00, 0x00, 0x00, 0x00, 0x00,
    0x00, 0x00, 0x00, 0x00, 0x00, 0x01, 0x01, 0x01, 0x01, 0x01, 0x01, 0x02,
    0x02, 0x02, 0x02, 0x02, 0x02, 0x03, 0x03, 0x03, 0x07, 0x07, 0x07, 0x03,
    0x03, 0x03, 0x53, 0x53, 0x53, 0xff, 0xff, 0xff, 0xa0, 0xa0, 0xa0, 0xc7,
    0xc7, 0xc7, 0xef, 0xef, 0xef, 0xfd, 0xfd, 0xfd, 0xff, 0xff, 0xff, 0xff,
    0xff, 0xff, 0xff, 0xff, 0xff, 0xff, 0xff, 0xff, 0xff, 0xff, 0xff, 0xff,
    0xff, 0xff, 0xff, 0xff, 0xff, 0xff, 0xff, 0xff, 0x00, 0x00, 0xff, 0xff,
    0xff, 0xff, 0xff, 0xff, 0xff, 0xff, 0xff, 0xff, 0xff, 0xff, 0xff, 0xff,
    0xff, 0xff, 0xff, 0xff, 0xff, 0xff, 0xff, 0xff, 0xff, 0xff, 0xff, 0xff,
    0xff, 0xef, 0xef, 0xef, 0xe4, 0xe4, 0xe4, 0x0a, 0x0a, 0x0a, 0x00, 0x00,
    0x00, 0x00, 0x00, 0x00, 0x00, 0x00, 0x00, 0x00, 0x00, 0x00, 0x00, 0x00,
    0x00, 0x00, 0x00, 0x00, 0x00, 0x00, 0x00, 0x00, 0x00, 0x00, 0x01, 0x01,
    0x01, 0x02, 0x02, 0x02, 0x02, 0x02, 0x02, 0x02, 0x02, 0x02, 0x02, 0x02,
    0x02, 0x02, 0x02, 0x02, 0x01, 0x01, 0x01, 0x00, 0x00, 0x00, 0x00, 0x00,
    0x00, 0x00, 0x00, 0x00, 0x00, 0x00, 0x00, 0x00, 0x00, 0x00, 0x00, 0x00,
    0x00, 0x00, 0x00, 0x00, 0x00, 0x00, 0x00, 0x00, 0x00, 0x00, 0x90, 0x90,
    0x90, 0xf0, 0xf0, 0xf0, 0xa2, 0xa2, 0xa2, 0xd7, 0xd7, 0xd7, 0xf5, 0xf5,
    0xf5, 0xfe, 0xfe, 0xfe, 0xff, 0xff, 0xff, 0xff, 0xff, 0xff, 0xff, 0xff,
    0xff, 0xff, 0xff, 0xff, 0xff, 0xff, 0xff, 0xff, 0xff, 0xff, 0xff, 0xff,
    0xff, 0xff, 0xff, 0xff, 0x00, 0x00, 0xff, 0xff, 0xff, 0xff, 0xff, 0xff,
    0xff, 0xff, 0xff, 0xff, 0xff, 0xff, 0xff, 0xff, 0xff, 0xff, 0xff, 0xff,
    0xff, 0xff, 0xff, 0xfe, 0xfe, 0xfe, 0xff, 0xff, 0xff, 0xf2, 0xf2, 0xf2,
    0xfb, 0xfb, 0xfb, 0xae, 0xae, 0xae, 0x75, 0x75, 0x75, 0x53, 0x53, 0x53,
    0x37, 0x37, 0x37, 0x23, 0x23, 0x23, 0x14, 0x14, 0x14, 0x09, 0x09, 0x09,
    0x02, 0x02, 0x02, 0x00, 0x00, 0x00, 0x00, 0x00, 0x00, 0x00, 0x00, 0x00,
    0x00, 0x00, 0x00, 0x00, 0x00, 0x00, 0x00, 0x00, 0x00, 0x00, 0x00, 0x00,
    0x00, 0x00, 0x00, 0x00, 0x00, 0x00, 0x00, 0x00, 0x00, 0x06, 0x06, 0x06,
    0x0f, 0x0f, 0x0f, 0x1d, 0x1d, 0x1d, 0x2f, 0x2f, 0x2f, 0x47, 0x47, 0x47,
    0x67, 0x67, 0x67, 0x8d, 0x8d, 0x8d, 0xef, 0xef, 0xef, 0xcd, 0xcd, 0xcd,
    0xb7, 0xb7, 0xb7, 0xe5, 0xe5, 0xe5, 0xfa, 0xfa, 0xfa, 0xff, 0xff, 0xff,
    0xff, 0xff, 0xff, 0xff, 0xff, 0xff, 0xff, 0xff, 0xff, 0xff, 0xff, 0xff,
    0xff, 0xff, 0xff, 0xff, 0xff, 0xff, 0xff, 0xff, 0xff, 0xff, 0xff, 0xff,
    0x00, 0x00, 0xff, 0xff, 0xff, 0xff, 0xff, 0xff, 0xff, 0xff, 0xff, 0xff,
    0xff, 0xff, 0xff, 0xff, 0xff, 0xff, 0xff, 0xff, 0xff, 0xff, 0xff, 0xff,
    0xff, 0xff, 0xff, 0xff, 0xff, 0xfd, 0xfd, 0xfd, 0xe6, 0xe6, 0xe6, 0xfb,
    0xfb, 0xfb, 0xfd, 0xfd, 0xfd, 0xff, 0xff, 0xff, 0xff, 0xff, 0xff, 0xf6,
    0xf6, 0xf6, 0xea, 0xea, 0xea, 0xdd, 0xdd, 0xdd, 0xd1, 0xd1, 0xd1, 0xc6,
    0xc6, 0xc6, 0xbc, 0xbc, 0xbc, 0xb6, 0xb6, 0xb6, 0xb1, 0xb1, 0xb1, 0xb0,
    0xb0, 0xb0, 0xb1, 0xb1, 0xb1, 0xb4, 0xb4, 0xb4, 0xba, 0xba, 0xba, 0xc2,
    0xc2, 0xc2, 0xcc, 0xcc, 0xcc, 0xd8, 0xd8, 0xd8, 0xe5, 0xe5, 0xe5, 0xf2,
    0xf2, 0xf2, 0xfd, 0xfd, 0xfd, 0xff, 0xff, 0xff, 0xff, 0xff, 0xff, 0xf6,
    0xf6, 0xf6, 0xe7, 0xe7, 0xe7, 0x98, 0x98, 0x98, 0xc3, 0xc3, 0xc3, 0xed,
    0xed, 0xed, 0xfd, 0xfd, 0xfd, 0xff, 0xff, 0xff, 0xff, 0xff, 0xff, 0xff,
    0xff, 0xff, 0xff, 0xff, 0xff, 0xff, 0xff, 0xff, 0xff, 0xff, 0xff, 0xff,
    0xff, 0xff, 0xff, 0xff, 0xff, 0xff, 0xff, 0xff, 0x00, 0x00, 0xff, 0xff,
    0xff, 0xff, 0xff, 0xff, 0xff, 0xff, 0xff, 0xff, 0xff, 0xff, 0xff, 0xff,
    0xff, 0xff, 0xff, 0xff, 0xff, 0xff, 0xff, 0xff, 0xff, 0xff, 0xff, 0xff,
    0xff, 0xff, 0xff, 0xff, 0xea, 0xea, 0xea, 0xf7, 0xf7, 0xf7, 0x5c, 0x5c,
    0x5c, 0x54, 0x54, 0x54, 0x74, 0x74, 0x74, 0x8c, 0x8c, 0x8c, 0xa2, 0xa2,
    0xa2, 0xb4, 0xb4, 0xb4, 0xc3, 0xc3, 0xc3, 0xce, 0xce, 0xce, 0xd6, 0xd6,
    0xd6, 0xdb, 0xdb, 0xdb, 0xdf, 0xdf, 0xdf, 0xdf, 0xdf, 0xdf, 0xdf, 0xdf,
    0xdf, 0xdd, 0xdd, 0xdd, 0xd8, 0xd8, 0xd8, 0xd1, 0xd1, 0xd1, 0xc7, 0xc7,
    0xc7, 0xba, 0xba, 0xba, 0xa9, 0xa9, 0xa9, 0x95, 0x95, 0x95, 0x7d, 0x7d,
    0x7d, 0x62, 0x62, 0x62, 0x41, 0x41, 0x41, 0xc7, 0xc7, 0xc7, 0xd3, 0xd3,
    0xd3, 0x83, 0x83, 0x83, 0xb9, 0xb9, 0xb9, 0xe8, 0xe8, 0xe8, 0xfc, 0xfc,
    0xfc, 0xff, 0xff, 0xff, 0xff, 0xff, 0xff, 0xff, 0xff, 0xff, 0xff, 0xff,
    0xff, 0xff, 0xff, 0xff, 0xff, 0xff, 0xff, 0xff, 0xff, 0xff, 0xff, 0xff,
    0xff, 0xff, 0xff, 0xff, 0x00, 0x00, 0xff, 0xff, 0xff, 0xff, 0xff, 0xff,
    0xff, 0xff, 0xff, 0xff, 0xff, 0xff, 0xff, 0xff, 0xff, 0xff, 0xff, 0xff,
    0xff, 0xff, 0xff, 0xff, 0xff, 0xff, 0xfd, 0xfd, 0xfd, 0xff, 0xff, 0xff,
    0xd9, 0xd9, 0xd9, 0xff, 0xff, 0xff, 0x3c, 0x3c, 0x3c, 0x00, 0x00, 0x00,
    0x00, 0x00, 0x00, 0x00, 0x00, 0x00, 0x00, 0x00, 0x00, 0x00, 0x00, 0x00,
    0x00, 0x00, 0x00, 0x03, 0x03, 0x03, 0x07, 0x07, 0x07, 0x0a, 0x0a, 0x0a,
    0x0c, 0x0c, 0x0c, 0x0d, 0x0d, 0x0d, 0x0c, 0x0c, 0x0c, 0x0b, 0x0b, 0x0b,
    0x08, 0x08, 0x08, 0x04, 0x04, 0x04, 0x00, 0x00, 0x00, 0x00, 0x00, 0x00,
    0x00, 0x00, 0x00, 0x00, 0x00, 0x00, 0x00, 0x00, 0x00, 0x00, 0x00, 0x00,
    0x01, 0x01, 0x01, 0xd8, 0xd8, 0xd8, 0xc3, 0xc3, 0xc3, 0x7a, 0x7a, 0x7a,
    0xa5, 0xa5, 0xa5, 0xd7, 0xd7, 0xd7, 0xf5, 0xf5, 0xf5, 0xfd, 0xfd, 0xfd,
    0xff, 0xff, 0xff, 0xff, 0xff, 0xff, 0xff, 0xff, 0xff, 0xff, 0xff, 0xff,
    0xff, 0xff, 0xff, 0xff, 0xff, 0xff, 0xff, 0xff, 0xff, 0xff, 0xff, 0xff,
    0x00, 0x00, 0xff, 0xff, 0xff, 0xff, 0xff, 0xff, 0xff, 0xff, 0xff, 0xff,
    0xff, 0xff, 0xff, 0xff, 0xff, 0xff, 0xff, 0xff, 0xff, 0xff, 0xff, 0xfe,
    0xfe, 0xfe, 0xf9, 0xf9, 0xf9, 0xe7, 0xe7, 0xe7, 0xda, 0xda, 0xda, 0xed,
    0xed, 0xed, 0x20, 0x20, 0x20, 0x00, 0x00, 0x00, 0x00, 0x00, 0x00, 0x00,
    0x00, 0x00, 0x00, 0x00, 0x00, 0x00, 0x00, 0x00, 0x00, 0x00, 0x00, 0x00,
    0x00, 0x00, 0x00, 0x00, 0x00, 0x00, 0x00, 0x00, 0x00, 0x00, 0x00, 0x00,
    0x00, 0x00, 0x00, 0x00, 0x00, 0x00, 0x00, 0x00, 0x00, 0x00, 0x00, 0x00,
    0x00, 0x00, 0x00, 0x00, 0x00, 0x00, 0x00, 0x00, 0x00, 0x00, 0x00, 0x00,
    0x00, 0x00, 0x00, 0x00, 0x00, 0x00, 0x00, 0x00, 0x00, 0x00, 0x00, 0xa9,
    0xa9, 0xa9, 0xea, 0xea, 0xea, 0x76, 0x76, 0x76, 0x8c, 0x8c, 0x8c, 0xba,
    0xba, 0xba, 0xe4, 0xe4, 0xe4, 0xf8, 0xf8, 0xf8, 0xfe, 0xfe, 0xfe, 0xff,
    0xff, 0xff, 0xff, 0xff, 0xff, 0xff, 0xff, 0xff, 0xff, 0xff, 0xff, 0xff,
    0xff, 0xff, 0xff, 0xff, 0xff, 0xff, 0xff, 0xff, 0x00, 0x00, 0xff, 0xff,
    0xff, 0xff, 0xff, 0xff, 0xff, 0xff, 0xff, 0xff, 0xff, 0xff, 0xff, 0xff,
    0xff, 0xff, 0xff, 0xff, 0xff, 0xff, 0xff, 0xfa, 0xfa, 0xfa, 0xf4, 0xf4,
    0xf4, 0xcc, 0xcc, 0xcc, 0xf9, 0xf9, 0xf9, 0xea, 0xea, 0xea, 0xb5, 0xb5,
    0xb5, 0x98, 0x98, 0x98, 0x7f, 0x7f, 0x7f, 0x6b, 0x6b, 0x6b, 0x5a, 0x5a,
    0x5a, 0x4d, 0x4d, 0x4d, 0x43, 0x43, 0x43, 0x3c, 0x3c, 0x3c, 0x36, 0x36,
    0x36, 0x32, 0x32, 0x32, 0x30, 0x30, 0x30, 0x2f, 0x2f, 0x2f, 0x2f, 0x2f,
    0x2f, 0x31, 0x31, 0x31, 0x34, 0x34, 0x34, 0x3a, 0x3a, 0x3a, 0x40, 0x40,
    0x40, 0x49, 0x49, 0x49, 0x55, 0x55, 0x55, 0x64, 0x64, 0x64, 0x77, 0x77,
    0x77, 0x8f, 0x8f, 0x8f, 0xab, 0xab, 0xab, 0xd5, 0xd5, 0xd5, 0xff, 0xff,
    0xff, 0xb7, 0xb7, 0xb7, 0x76, 0x76, 0x76, 0x98, 0x98, 0x98, 0xc5, 0xc5,
    0xc5, 0xe9, 0xe9, 0xe9, 0xfa, 0xfa, 0xfa, 0xff, 0xff, 0xff, 0xff, 0xff,
    0xff, 0xff, 0xff, 0xff, 0xff, 0xff, 0xff, 0xff, 0xff, 0xff, 0xff, 0xff,
    0xff, 0xff, 0xff, 0xff, 0x00, 0x00, 0xff, 0xff, 0xff, 0xff, 0xff, 0xff,
    0xff, 0xff, 0xff, 0xff, 0xff, 0xff, 0xff, 0xff, 0xff, 0xff, 0xff, 0xff,
    0xfd, 0xfd, 0xfd, 0xf5, 0xf5, 0xf5, 0xd0, 0xd0, 0xd0, 0xe5, 0xe5, 0xe5,
    0xe3, 0xe3, 0xe3, 0xb4, 0xb4, 0xb4, 0xdf, 0xdf, 0xdf, 0xf1, 0xf1, 0xf1,
    0xfc, 0xfc, 0xfc, 0xff, 0xff, 0xff, 0xff, 0xff, 0xff, 0xff, 0xff, 0xff,
    0xff, 0xff, 0xff, 0xff, 0xff, 0xff, 0xff, 0xff, 0xff, 0xfe, 0xfe, 0xfe,
    0xfd, 0xfd, 0xfd, 0xfd, 0xfd, 0xfd, 0xfd, 0xfd, 0xfd, 0xfe, 0xfe, 0xfe,
    0xff, 0xff, 0xff, 0xff, 0xff, 0xff, 0xff, 0xff, 0xff, 0xff, 0xff, 0xff,
    0xff, 0xff, 0xff, 0xff, 0xff, 0xff, 0xfe, 0xfe, 0xfe, 0xf5, 0xf5, 0xf5,
    0xe7, 0xe7, 0xe7, 0xc3, 0xc3, 0xc3, 0xc1, 0xc1, 0xc1, 0xf7, 0xf7, 0xf7,
    0x8b, 0x8b, 0x8b, 0x7e, 0x7e, 0x7e, 0xa1, 0xa1, 0xa1, 0xd0, 0xd0, 0xd0,
    0xf1, 0xf1, 0xf1, 0xfd, 0xfd, 0xfd, 0xff, 0xff, 0xff, 0xff, 0xff, 0xff,
    0xff, 0xff, 0xff, 0xff, 0xff, 0xff, 0xff, 0xff, 0xff, 0xff, 0xff, 0xff,
    0x00, 0x00, 0xff, 0xff, 0xff, 0xff, 0xff, 0xff, 0xff, 0xff, 0xff, 0xff,
    0xff, 0xff, 0xff, 0xff, 0xff, 0xff, 0xff, 0xff, 0xfd, 0xfd, 0xfd, 0xe6,
    0xe6, 0xe6, 0xdd, 0xdd, 0xdd, 0xff, 0xff, 0xff, 0x53, 0x53, 0x53, 0x00,
    0x00, 0x00, 0x0c, 0x0c, 0x0c, 0x1b, 0x1b, 0x1b, 0x2c, 0x2c, 0x2c, 0x3c,
    0x3c, 0x3c, 0x4a, 0x4a, 0x4a, 0x57, 0x57, 0x57, 0x61, 0x61, 0x61, 0x6a,
    0x6a, 0x6a, 0x70, 0x70, 0x70, 0x75, 0x75, 0x75, 0x78, 0x78, 0x78, 0x79,
    0x79, 0x79, 0x79, 0x79, 0x79, 0x76, 0x76, 0x76, 0x72, 0x72, 0x72, 0x6c,
    0x6c, 0x6c, 0x65, 0x65, 0x65, 0x5b, 0x5b, 0x5b, 0x4f, 0x4f, 0x4f, 0x42,
    0x42, 0x42, 0x32, 0x32, 0x32, 0x22, 0x22, 0x22, 0x12, 0x12, 0x12, 0x00,
    0x00, 0x00, 0x13, 0x13, 0x13, 0xd4, 0xd4, 0xd4, 0xf1, 0xf1, 0xf1, 0x85,
    0x85, 0x85, 0x86, 0x86, 0x86, 0xb4, 0xb4, 0xb4, 0xe4, 0xe4, 0xe4, 0xfb,
    0xfb, 0xfb, 0xff, 0xff, 0xff, 0xff, 0xff, 0xff, 0xff, 0xff, 0xff, 0xff,
    0xff, 0xff, 0xff, 0xff, 0xff, 0xff, 0xff, 0xff, 0x00, 0x00, 0xff, 0xff,
    0xff, 0xff, 0xff, 0xff, 0xff, 0xff, 0xff, 0xff, 0xff, 0xff, 0xff, 0xff,
    0xff, 0xff, 0xff, 0xff, 0xfd, 0xfd, 0xfd, 0xdf, 0xdf, 0xdf, 0xff, 0xff,
    0xff, 0x75, 0x75, 0x75, 0x00, 0x00, 0x00, 0x06, 0x06, 0x06, 0x00, 0x00,
    0x00, 0x00, 0x00, 0x00, 0x00, 0x00, 0x00, 0x00, 0x00, 0x00, 0x00, 0x00,
    0x00, 0x00, 0x00, 0x00, 0x00, 0x00, 0x00, 0x00, 0x00, 0x00, 0x00, 0x00,
    0x00, 0x00, 0x00, 0x00, 0x00, 0x00, 0x00, 0x00, 0x00, 0x00, 0x00, 0x00,
    0x00, 0x00, 0x00, 0x00, 0x00, 0x00, 0x00, 0x00, 0x00, 0x00, 0x00, 0x00,
    0x00, 0x00, 0x00, 0x00, 0x00, 0x00, 0x00, 0x00, 0x00, 0x00, 0x00, 0x00,
    0x00, 0x00, 0x00, 0x00, 0x00, 0x00, 0x00, 0x05, 0x05, 0x05, 0x01, 0x01,
    0x01, 0x30, 0x30, 0x30, 0xe6, 0xe6, 0xe6, 0xe2, 0xe2, 0xe2, 0x7c, 0x7c,
    0x7c, 0xa1, 0xa1, 0xa1, 0xd7, 0xd7, 0xd7, 0xf7, 0xf7, 0xf7, 0xff, 0xff,
    0xff, 0xff, 0xff, 0xff, 0xff, 0xff, 0xff, 0xff, 0xff, 0xff, 0xff, 0xff,
    0xff, 0xff, 0xff, 0xff, 0x00, 0x00, 0xff, 0xff, 0xff, 0xff, 0xff, 0xff,
    0xff, 0xff, 0xff, 0xff, 0xff, 0xff, 0xff, 0xff, 0xff, 0xff, 0xff, 0xff,
    0xed, 0xed, 0xed, 0xf3, 0xf3, 0xf3, 0x96, 0x96, 0x96, 0x01, 0x01, 0x01,
    0x00, 0x00, 0x00, 0x00, 0x00, 0x00, 0x00, 0x00, 0x00, 0x00, 0x00, 0x00,
    0x00, 0x00, 0x00, 0x02, 0x02, 0x02, 0x04, 0x04, 0x04, 0x06, 0x06, 0x06,
    0x07, 0x07, 0x07, 0x07, 0x07, 0x07, 0x07, 0x07, 0x07, 0x08, 0x08, 0x08,
    0x08, 0x08, 0x08, 0x08, 0x08, 0x08, 0x08, 0x08, 0x08, 0x08, 0x08, 0x08,
    0x08, 0x08, 0x08, 0x07, 0x07, 0x07, 0x07, 0x07, 0x07, 0x06, 0x06, 0x06,
    0x05, 0x05, 0x05, 0x03, 0x03, 0x03, 0x00, 0x00, 0x00, 0x00, 0x00, 0x00,
    0x00, 0x00, 0x00, 0x00, 0x00, 0x00, 0x00, 0x00, 0x00, 0x00, 0x00, 0x00,
    0x3a, 0x3a, 0x3a, 0xfe, 0xfe, 0xfe, 0xa4, 0xa4, 0xa4, 0x98, 0x98, 0x98,
    0xcf, 0xcf, 0xcf, 0xf4, 0xf4, 0xf4, 0xfe, 0xfe, 0xfe, 0xff, 0xff, 0xff,
    0xff, 0xff, 0xff, 0xff, 0xff, 0xff, 0xff, 0xff, 0xff, 0xff, 0xff, 0xff,
    0x00, 0x00, 0xff, 0xff, 0xff, 0xff, 0xff, 0xff, 0xff, 0xff, 0xff, 0xff,
    0xff, 0xff, 0xff, 0xff, 0xff, 0xff, 0xff, 0xff, 0xec, 0xec, 0xec, 0xf5,
    0xf5, 0xf5, 0xc5, 0xc5, 0xc5, 0x95, 0x95, 0x95, 0x6e, 0x6e, 0x6e, 0x4b,
    0x4b, 0x4b, 0x32, 0x32, 0x32, 0x1d, 0x1d, 0x1d, 0x0b, 0x0b, 0x0b, 0x00,
    0x00, 0x00, 0x00, 0x00, 0x00, 0x00, 0x00, 0x00, 0x00, 0x00, 0x00, 0x00,
    0x00, 0x00, 0x00, 0x00, 0x00, 0x00, 0x00, 0x00, 0x00, 0x00, 0x00, 0x00,
    0x00, 0x00, 0x00, 0x00, 0x00, 0x00, 0x00, 0x00, 0x00, 0x00, 0x00, 0x00,
    0x00, 0x00, 0x00, 0x00, 0x00, 0x00, 0x00, 0x00, 0x00, 0x00, 0x00, 0x00,
    0x00, 0x00, 0x06, 0x06, 0x06, 0x16, 0x16, 0x16, 0x2a, 0x2a, 0x2a, 0x40,
    0x40, 0x40, 0x5e, 0x5e, 0x5e, 0x84, 0x84, 0x84, 0xa8, 0xa8, 0xa8, 0xf3,
    0xf3, 0xf3, 0xb9, 0xb9, 0xb9, 0x8f, 0x8f, 0x8f, 0xc6, 0xc6, 0xc6, 0xf0,
    0xf0, 0xf0, 0xfe, 0xfe, 0xfe, 0xff, 0xff, 0xff, 0xff, 0xff, 0xff, 0xff,
    0xff, 0xff, 0xff, 0xff, 0xff, 0xff, 0xff, 0xff, 0x00, 0x00, 0xff, 0xff,
    0xff, 0xff, 0xff, 0xff, 0xff, 0xff, 0xff, 0xff, 0xff, 0xff, 0xff, 0xff,
    0xff, 0xff, 0xff, 0xff, 0xeb, 0xeb, 0xeb, 0xf4, 0xf4, 0xf4, 0xdf, 0xdf,
    0xdf, 0xf4, 0xf4, 0xf4, 0xff, 0xff, 0xff, 0xff, 0xff, 0xff, 0xf0, 0xf0,
    0xf0, 0xe0, 0xe0, 0xe0, 0xdb, 0xdb, 0xdb, 0xcc, 0xcc, 0xcc, 0xb9, 0xb9,
    0xb9, 0xa8, 0xa8, 0xa8, 0x9a, 0x9a, 0x9a, 0x8c, 0x8c, 0x8c, 0x83, 0x83,
    0x83, 0x7c, 0x7c, 0x7c, 0x76, 0x76, 0x76, 0x75, 0x75, 0x75, 0x75, 0x75,
    0x75, 0x79, 0x79, 0x79, 0x80, 0x80, 0x80, 0x88, 0x88, 0x88, 0x94, 0x94,
    0x94, 0xa0, 0xa0, 0xa0, 0xb0, 0xb0, 0xb0, 0xc1, 0xc1, 0xc1, 0xd4, 0xd4,
    0xd4, 0xdd, 0xdd, 0xdd, 0xe7, 0xe7, 0xe7, 0xff, 0xff, 0xff, 0xff, 0xff,
    0xff, 0xff, 0xff, 0xff, 0xeb, 0xeb, 0xeb, 0xee, 0xee, 0xee, 0xc8, 0xc8,
    0xc8, 0x84, 0x84, 0x84, 0xbd, 0xbd, 0xbd, 0xec, 0xec, 0xec, 0xfd, 0xfd,
    0xfd, 0xff, 0xff, 0xff, 0xff, 0xff, 0xff, 0xff, 0xff, 0xff, 0xff, 0xff,
    0xff, 0xff, 0xff, 0xff, 0x00, 0x00, 0xff, 0xff, 0xff, 0xff, 0xff, 0xff,
    0xff, 0xff, 0xff, 0xff, 0xff, 0xff, 0xff, 0xff, 0xff, 0xff, 0xff, 0xff,
    0xea, 0xea, 0xea, 0xf0, 0xf0, 0xf0, 0x23, 0x23, 0x23, 0x1f, 0x1f, 0x1f,
    0x41, 0x41, 0x41, 0x5b, 0x5b, 0x5b, 0xca, 0xca, 0xca, 0xf0, 0xf0, 0xf0,
    0xc5, 0xc5, 0xc5, 0xc7, 0xc7, 0xc7, 0xda, 0xda, 0xda, 0xe6, 0xe6, 0xe6,
    0xee, 0xee, 0xee, 0xf4, 0xf4, 0xf4, 0xf6, 0xf6, 0xf6, 0xfb, 0xfb, 0xfb,
    0xfe, 0xfe, 0xfe, 0xff, 0xff, 0xff, 0xff, 0xff, 0xff, 0xfe, 0xfe, 0xfe,
    0xf8, 0xf8, 0xf8, 0xf5, 0xf5, 0xf5, 0xf4, 0xf4, 0xf4, 0xf2, 0xf2, 0xf2,
    0xea, 0xea, 0xea, 0xdf, 0xdf, 0xdf, 0xd1, 0xd1, 0xd1, 0xe3, 0xe3, 0xe3,
    0xeb, 0xeb, 0xeb, 0x96, 0x96, 0x96, 0x68, 0x68, 0x68, 0x46, 0x46, 0x46,
    0x1c, 0x1c, 0x1c, 0xa9, 0xa9, 0xa9, 0xe2, 0xe2, 0xe2, 0x7a, 0x7a, 0x7a,
    0xb3, 0xb3, 0xb3, 0xe7, 0xe7, 0xe7, 0xfc, 0xfc, 0xfc, 0xff, 0xff, 0xff,
    0xff, 0xff, 0xff, 0xff, 0xff, 0xff, 0xff, 0xff, 0xff, 0xff, 0xff, 0xff,
    0x00, 0x00, 0xff, 0xff, 0xff, 0xff, 0xff, 0xff, 0xff, 0xff, 0xff, 0xff,
    0xff, 0xff, 0xff, 0xff, 0xff, 0xff, 0xff, 0xff, 0xee, 0xee, 0xee, 0xd8,
    0xd8, 0xd8, 0x03, 0x03, 0x03, 0x00, 0x00, 0x00, 0x00, 0x00, 0x00, 0x23,
    0x23, 0x23, 0xe0, 0xe0, 0xe0, 0xf3, 0xf3, 0xf3, 0x3f, 0x3f, 0x3f, 0x00,
    0x00, 0x00, 0x0b, 0x0b, 0x0b, 0x10, 0x10, 0x10, 0x28, 0x28, 0x28, 0xda,
    0xda, 0xda, 0xdd, 0xdd, 0xdd, 0x3d, 0x3d, 0x3d, 0x30, 0x30, 0x30, 0x35,
    0x35, 0x35, 0x36, 0x36, 0x36, 0x32, 0x32, 0x32, 0xa4, 0xa4, 0xa4, 0xf7,
    0xf7, 0xf7, 0x72, 0x72, 0x72, 0x1f, 0x1f, 0x1f, 0x1a, 0x1a, 0x1a, 0x0e,
    0x0e, 0x0e, 0x0a, 0x0a, 0x0a, 0xc7, 0xc7, 0xc7, 0xfa, 0xfa, 0xfa, 0x75,
    0x75, 0x75, 0x00, 0x00, 0x00, 0x00, 0x00, 0x00, 0x00, 0x00, 0x00, 0x7e,
    0x7e, 0x7e, 0xf2, 0xf2, 0xf2, 0x7f, 0x7f, 0x7f, 0xac, 0xac, 0xac, 0xe2,
    0xe2, 0xe2, 0xfa, 0xfa, 0xfa, 0xff, 0xff, 0xff, 0xff, 0xff, 0xff, 0xff,
    0xff, 0xff, 0xff, 0xff, 0xff, 0xff, 0xff, 0xff, 0x00, 0x00, 0xff, 0xff,
    0xff, 0xff, 0xff, 0xff, 0xff, 0xff, 0xff, 0xff, 0xff, 0xff, 0xff, 0xff,
    0xff, 0xf7, 0xf7, 0xf7, 0xf1, 0xf1, 0xf1, 0xb7, 0xb7, 0xb7, 0x02, 0x02,
    0x02, 0x05, 0x05, 0x05, 0x04, 0x04, 0x04, 0xb8, 0xb8, 0xb8, 0xf6, 0xf6,
    0xf6, 0xef, 0xef, 0xef, 0x47, 0x47, 0x47, 0x00, 0x00, 0x00, 0x04, 0x04,
    0x04, 0x00, 0x00, 0x00, 0x4e, 0x4e, 0x4e, 0xf2, 0xf2, 0xf2, 0xe9, 0xe9,
    0xe9, 0x2a, 0x2a, 0x2a, 0x00, 0x00, 0x00, 0x00, 0x00, 0x00, 0x00, 0x00,
    0x00, 0x00, 0x00, 0x00, 0xb5, 0xb5, 0xb5, 0xfb, 0xfb, 0xfb, 0xa6, 0xa6,
    0xa6, 0x00, 0x00, 0x00, 0x00, 0x00, 0x00, 0x00, 0x00, 0x00, 0x05, 0x05,
    0x05, 0xc9, 0xc9, 0xc9, 0xf1, 0xf1, 0xf1, 0xee, 0xee, 0xee, 0x30, 0x30,
    0x30, 0x04, 0x04, 0x04, 0x02, 0x02, 0x02, 0x59, 0x59, 0x59, 0xfe, 0xfe,
    0xfe, 0x8a, 0x8a, 0x8a, 0xa5, 0xa5, 0xa5, 0xdc, 0xdc, 0xdc, 0xf8, 0xf8,
    0xf8, 0xff, 0xff, 0xff, 0xff, 0xff, 0xff, 0xff, 0xff, 0xff, 0xff, 0xff,
    0xff, 0xff, 0xff, 0xff, 0x00, 0x00, 0xff, 0xff, 0xff, 0xff, 0xff, 0xff,
    0xff, 0xff, 0xff, 0xff, 0xff, 0xff, 0xff, 0xff, 0xff, 0xee, 0xee, 0xee,
    0xf4, 0xf4, 0xf4, 0x91, 0x91, 0x91, 0x01, 0x01, 0x01, 0x00, 0x00, 0x00,
    0x57, 0x57, 0x57, 0xfa, 0xfa, 0xfa, 0xce, 0xce, 0xce, 0xf0, 0xf0, 0xf0,
    0x47, 0x47, 0x47, 0x00, 0x00, 0x00, 0x06, 0x06, 0x06, 0x00, 0x00, 0x00,
    0xa8, 0xa8, 0xa8, 0xf2, 0xf2, 0xf2, 0xf4, 0xf4, 0xf4, 0x5e, 0x5e, 0x5e,
    0x02, 0x02, 0x02, 0x07, 0x07, 0x07, 0x02, 0x02, 0x02, 0x15, 0x15, 0x15,
    0xda, 0xda, 0xda, 0xeb, 0xeb, 0xeb, 0xe9, 0xe9, 0xe9, 0x28, 0x28, 0x28,
    0x01, 0x01, 0x01, 0x02, 0x02, 0x02, 0x06, 0x06, 0x06, 0xd1, 0xd1, 0xd1,
    0xd6, 0xd6, 0xd6, 0xe9, 0xe9, 0xe9, 0xb2, 0xb2, 0xb2, 0x00, 0x00, 0x00,
    0x01, 0x01, 0x01, 0x38, 0x38, 0x38, 0xfe, 0xfe, 0xfe, 0x9a, 0x9a, 0x9a,
    0x9d, 0x9d, 0x9d, 0xd4, 0xd4, 0xd4, 0xf6, 0xf6, 0xf6, 0xfe, 0xfe, 0xfe,
    0xff, 0xff, 0xff, 0xff, 0xff, 0xff, 0xff, 0xff, 0xff, 0xff, 0xff, 0xff,
    0x00, 0x00, 0xff, 0xff, 0xff, 0xff, 0xff, 0xff, 0xff, 0xff, 0xff, 0xff,
    0xff, 0xff, 0xff, 0xff, 0xff, 0xec, 0xec, 0xec, 0xfa, 0xfa, 0xfa, 0x6c,
    0x6c, 0x6c, 0x01, 0x01, 0x01, 0x11, 0x11, 0x11, 0xdc, 0xdc, 0xdc, 0xdd,
    0xdd, 0xdd, 0xb1, 0xb1, 0xb1, 0xfb, 0xfb, 0xfb, 0x45, 0x45, 0x45, 0x00,
    0x00, 0x00, 0x00, 0x00, 0x00, 0x1c, 0x1c, 0x1c, 0xeb, 0xeb, 0xeb, 0xca,
    0xca, 0xca, 0xeb, 0xeb, 0xeb, 0x8b, 0x8b, 0x8b, 0x00, 0x00, 0x00, 0x06,
    0x06, 0x06, 0x00, 0x00, 0x00, 0x33, 0x33, 0x33, 0xf2, 0xf2, 0xf2, 0xbc,
    0xbc, 0xbc, 0xf1, 0xf1, 0xf1, 0x7a, 0x7a, 0x7a, 0x00, 0x00, 0x00, 0x02,
    0x02, 0x02, 0x04, 0x04, 0x04, 0xdc, 0xdc, 0xdc, 0xbd, 0xbd, 0xbd, 0xa8,
    0xa8, 0xa8, 0xff, 0xff, 0xff, 0x4f, 0x4f, 0x4f, 0x00, 0x00, 0x00, 0x1e,
    0x1e, 0x1e, 0xf2, 0xf2, 0xf2, 0xae, 0xae, 0xae, 0x95, 0x95, 0x95, 0xcc,
    0xcc, 0xcc, 0xf2, 0xf2, 0xf2, 0xfe, 0xfe, 0xfe, 0xff, 0xff, 0xff, 0xff,
    0xff, 0xff, 0xff, 0xff, 0xff, 0xff, 0xff, 0xff, 0x00, 0x00, 0xff, 0xff,
    0xff, 0xff, 0xff, 0xff, 0xff, 0xff, 0xff, 0xff, 0xff, 0xff, 0xff, 0xff,
    0xff, 0xea, 0xea, 0xea, 0xff, 0xff, 0xff, 0x4b, 0x4b, 0x4b, 0x00, 0x00,
    0x00, 0x83, 0x83, 0x83, 0xff, 0xff, 0xff, 0xb1, 0xb1, 0xb1, 0xc2, 0xc2,
    0xc2, 0xff, 0xff, 0xff, 0x44, 0x44, 0x44, 0x00, 0x00, 0x00, 0x00, 0x00,
    0x00, 0x68, 0x68, 0x68, 0xff, 0xff, 0xff, 0x9f, 0x9f, 0x9f, 0xe2, 0xe2,
    0xe2, 0xb9, 0xb9, 0xb9, 0x01, 0x01, 0x01, 0x05, 0x05, 0x05, 0x00, 0x00,
    0x00, 0x5a, 0x5a, 0x5a, 0xff, 0xff, 0xff, 0x95, 0x95, 0x95, 0xd9, 0xd9,
    0xd9, 0xd3, 0xd3, 0xd3, 0x06, 0x06, 0x06, 0x00, 0x00, 0x00, 0x05, 0x05,
    0x05, 0xda, 0xda, 0xda, 0xc3, 0xc3, 0xc3, 0x94, 0x94, 0x94, 0xea, 0xea,
    0xea, 0xd3, 0xd3, 0xd3, 0x0a, 0x0a, 0x0a, 0x07, 0x07, 0x07, 0xdb, 0xdb,
    0xdb, 0xc4, 0xc4, 0xc4, 0x8a, 0x8a, 0x8a, 0xc3, 0xc3, 0xc3, 0xee, 0xee,
    0xee, 0xfd, 0xfd, 0xfd, 0xff, 0xff, 0xff, 0xff, 0xff, 0xff, 0xff, 0xff,
    0xff, 0xff, 0xff, 0xff, 0x00, 0x00, 0xff, 0xff, 0xff, 0xff, 0xff, 0xff,
    0xff, 0xff, 0xff, 0xff, 0xff, 0xff, 0xff, 0xff, 0xff, 0xea, 0xea, 0xea,
    0xfb, 0xfb, 0xfb, 0x20, 0x20, 0x20, 0x1f, 0x1f, 0x1f, 0xf4, 0xf4, 0xf4,
    0xd0, 0xd0, 0xd0, 0xcb, 0xcb, 0xcb, 0xdb, 0xdb, 0xdb, 0xff, 0xff, 0xff,
    0x45, 0x45, 0x45, 0x00, 0x00, 0x00, 0x02, 0x02, 0x02, 0xbf, 0xbf, 0xbf,
    0xe2, 0xe2, 0xe2, 0xa8, 0xa8, 0xa8, 0xe0, 0xe0, 0xe0, 0xde, 0xde, 0xde,
    0x09, 0x09, 0x09, 0x01, 0x01, 0x01, 0x00, 0x00, 0x00, 0x86, 0x86, 0x86,
    0xf2, 0xf2, 0xf2, 0x90, 0x90, 0x90, 0xc6, 0xc6, 0xc6, 0xff, 0xff, 0xff,
    0x3e, 0x3e, 0x3e, 0x01, 0x01, 0x01, 0x07, 0x07, 0x07, 0xd9, 0xd9, 0xd9,
    0xc4, 0xc4, 0xc4, 0xa7, 0xa7, 0xa7, 0xcc, 0xcc, 0xcc, 0xff, 0xff, 0xff,
    0x77, 0x77, 0x77, 0x01, 0x01, 0x01, 0xbd, 0xbd, 0xbd, 0xd9, 0xd9, 0xd9,
    0x7e, 0x7e, 0x7e, 0xb8, 0xb8, 0xb8, 0xe9, 0xe9, 0xe9, 0xfd, 0xfd, 0xfd,
    0xff, 0xff, 0xff, 0xff, 0xff, 0xff, 0xff, 0xff, 0xff, 0xff, 0xff, 0xff,
    0x00, 0x00, 0xff, 0xff, 0xff, 0xff, 0xff, 0xff, 0xff, 0xff, 0xff, 0xff,
    0xff, 0xff, 0xff, 0xff, 0xff, 0xeb, 0xeb, 0xeb, 0xe8, 0xe8, 0xe8, 0x05,
    0x05, 0x05, 0xa5, 0xa5, 0xa5, 0xf5, 0xf5, 0xf5, 0xb0, 0xb0, 0xb0, 0xeb,
    0xeb, 0xeb, 0xe5, 0xe5, 0xe5, 0xfe, 0xfe, 0xfe, 0x48, 0x48, 0x48, 0x00,
    0x00, 0x00, 0x2d, 0x2d, 0x2d, 0xfa, 0xfa, 0xfa, 0xbb, 0xbb, 0xbb, 0xce,
    0xce, 0xce, 0xe1, 0xe1, 0xe1, 0xf7, 0xf7, 0xf7, 0x25, 0x25, 0x25, 0x00,
    0x00, 0x00, 0x01, 0x01, 0x01, 0xb5, 0xb5, 0xb5, 0xdf, 0xdf, 0xdf, 0x99,
    0x99, 0x99, 0xc8, 0xc8, 0xc8, 0xf6, 0xf6, 0xf6, 0x97, 0x97, 0x97, 0x01,
    0x01, 0x01, 0x07, 0x07, 0x07, 0xd9, 0xd9, 0xd9, 0xc5, 0xc5, 0xc5, 0x98,
    0x98, 0x98, 0xd5, 0xd5, 0xd5, 0xe8, 0xe8, 0xe8, 0xf0, 0xf0, 0xf0, 0x15,
    0x15, 0x15, 0x8b, 0x8b, 0x8b, 0xed, 0xed, 0xed, 0x7c, 0x7c, 0x7c, 0xaf,
    0xaf, 0xaf, 0xe3, 0xe3, 0xe3, 0xfa, 0xfa, 0xfa, 0xff, 0xff, 0xff, 0xff,
    0xff, 0xff, 0xff, 0xff, 0xff, 0xff, 0xff, 0xff, 0x00, 0x00, 0xff, 0xff,
    0xff, 0xff, 0xff, 0xff, 0xfe, 0xfe, 0xfe, 0xfc, 0xfc, 0xfc, 0xf7, 0xf7,
    0xf7, 0xf1, 0xf1, 0xf1, 0xb9, 0xb9, 0xb9, 0x47, 0x47, 0x47, 0xff, 0xff,
    0xff, 0xc2, 0xc2, 0xc2, 0xc9, 0xc9, 0xc9, 0xf7, 0xf7, 0xf7, 0xeb, 0xeb,
    0xeb, 0xfe, 0xfe, 0xfe, 0x49, 0x49, 0x49, 0x00, 0x00, 0x00, 0x80, 0x80,
    0x80, 0xfa, 0xfa, 0xfa, 0xa1, 0xa1, 0xa1, 0xde, 0xde, 0xde, 0xe6, 0xe6,
    0xe6, 0xff, 0xff, 0xff, 0x4a, 0x4a, 0x4a, 0x00, 0x00, 0x00, 0x0a, 0x0a,
    0x0a, 0xdc, 0xdc, 0xdc, 0xc7, 0xc7, 0xc7, 0xa2, 0xa2, 0xa2, 0xe3, 0xe3,
    0xe3, 0xeb, 0xeb, 0xeb, 0xe8, 0xe8, 0xe8, 0x11, 0x11, 0x11, 0x02, 0x02,
    0x02, 0xda, 0xda, 0xda, 0xc5, 0xc5, 0xc5, 0x96, 0x96, 0x96, 0xda, 0xda,
    0xda, 0xea, 0xea, 0xea, 0xfa, 0xfa, 0xfa, 0x8e, 0x8e, 0x8e, 0x5f, 0x5f,
    0x5f, 0xfb, 0xfb, 0xfb, 0x83, 0x83, 0x83, 0xa3, 0xa3, 0xa3, 0xd5, 0xd5,
    0xd5, 0xf3, 0xf3, 0xf3, 0xfc, 0xfc, 0xfc, 0xff, 0xff, 0xff, 0xff, 0xff,
    0xff, 0xff, 0xff, 0xff, 0x00, 0x00, 0xff, 0xff, 0xff, 0xff, 0xff, 0xff,
    0xfc, 0xfc, 0xfc, 0xf3, 0xf3, 0xf3, 0xd6, 0xd6, 0xd6, 0xec, 0xec, 0xec,
    0xaa, 0xaa, 0xaa, 0xc0, 0xc0, 0xc0, 0xea, 0xea, 0xea, 0xaf, 0xaf, 0xaf,
    0xdf, 0xdf, 0xdf, 0xff, 0xff, 0xff, 0xed, 0xed, 0xed, 0xff, 0xff, 0xff,
    0x44, 0x44, 0x44, 0x01, 0x01, 0x01, 0xd5, 0xd5, 0xd5, 0xd7, 0xd7, 0xd7,
    0xa7, 0xa7, 0xa7, 0xe5, 0xe5, 0xe5, 0xec, 0xec, 0xec, 0xf7, 0xf7, 0xf7,
    0x76, 0x76, 0x76, 0x00, 0x00, 0x00, 0x26, 0x26, 0x26, 0xf6, 0xf6, 0xf6,
    0xb2, 0xb2, 0xb2, 0xaf, 0xaf, 0xaf, 0xef, 0xef, 0xef, 0xeb, 0xeb, 0xeb,
    0xff, 0xff, 0xff, 0x5a, 0x5a, 0x5a, 0x02, 0x02, 0x02, 0xdc, 0xdc, 0xdc,
    0xc5, 0xc5, 0xc5, 0x99, 0x99, 0x99, 0xd0, 0xd0, 0xd0, 0xff, 0xff, 0xff,
    0xed, 0xed, 0xed, 0xf4, 0xf4, 0xf4, 0x8b, 0x8b, 0x8b, 0xf3, 0xf3, 0xf3,
    0x93, 0x93, 0x93, 0x90, 0x90, 0x90, 0xb8, 0xb8, 0xb8, 0xdb, 0xdb, 0xdb,
    0xf2, 0xf2, 0xf2, 0xfc, 0xfc, 0xfc, 0xff, 0xff, 0xff, 0xff, 0xff, 0xff,
    0x00, 0x00, 0xff, 0xff, 0xff, 0xfd, 0xfd, 0xfd, 0xf3, 0xf3, 0xf3, 0xe6,
    0xe6, 0xe6, 0xb2, 0xb2, 0xb2, 0xe2, 0xe2, 0xe2, 0xdc, 0xdc, 0xdc, 0xfa,
    0xfa, 0xfa, 0xaf, 0xaf, 0xaf, 0xc6, 0xc6, 0xc6, 0xec, 0xec, 0xec, 0xff,
    0xff, 0xff, 0xee, 0xee, 0xee, 0xff, 0xff, 0xff, 0x39, 0x39, 0x39, 0x2d,
    0x2d, 0x2d, 0xff, 0xff, 0xff, 0xb3, 0xb3, 0xb3, 0xc3, 0xc3, 0xc3, 0xec,
    0xec, 0xec, 0xf4, 0xf4, 0xf4, 0xf4, 0xf4, 0xf4, 0xa7, 0xa7, 0xa7, 0x02,
    0x02, 0x02, 0x4a, 0x4a, 0x4a, 0xff, 0xff, 0xff, 0xa0, 0xa0, 0xa0, 0xbc,
    0xbc, 0xbc, 0xeb, 0xeb, 0xeb, 0xf7, 0xf7, 0xf7, 0xf2, 0xf2, 0xf2, 0xb3,
    0xb3, 0xb3, 0x03, 0x03, 0x03, 0xda, 0xda, 0xda, 0xc5, 0xc5, 0xc5, 0x99,
    0x99, 0x99, 0xd1, 0xd1, 0xd1, 0xfa, 0xfa, 0xfa, 0xf9, 0xf9, 0xf9, 0xeb,
    0xeb, 0xeb, 0xe2, 0xe2, 0xe2, 0xf2, 0xf2, 0xf2, 0x9f, 0x9f, 0x9f, 0x7d,
    0x7d, 0x7d, 0x8d, 0x8d, 0x8d, 0xb3, 0xb3, 0xb3, 0xdb, 0xdb, 0xdb, 0xf5,
    0xf5, 0xf5, 0xfe, 0xfe, 0xfe, 0xff, 0xff, 0xff, 0x00, 0x00, 0xff, 0xff,
    0xff, 0xfc, 0xfc, 0xfc, 0xec, 0xec, 0xec, 0xcf, 0xcf, 0xcf, 0xe1, 0xe1,
    0xe1, 0xeb, 0xeb, 0xeb, 0xef, 0xef, 0xef, 0xc4, 0xc4, 0xc4, 0x8a, 0x8a,
    0x8a, 0xc1, 0xc1, 0xc1, 0xed, 0xed, 0xed, 0xff, 0xff, 0xff, 0xee, 0xee,
    0xee, 0xff, 0xff, 0xff, 0x36, 0x36, 0x36, 0x84, 0x84, 0x84, 0xf4, 0xf4,
    0xf4, 0x9f, 0x9f, 0x9f, 0xd3, 0xd3, 0xd3, 0xf5, 0xf5, 0xf5, 0xff, 0xff,
    0xff, 0xf1, 0xf1, 0xf1, 0xd2, 0xd2, 0xd2, 0x03, 0x03, 0x03, 0x72, 0x72,
    0x72, 0xf8, 0xf8, 0xf8, 0x94, 0x94, 0x94, 0xc5, 0xc5, 0xc5, 0xee, 0xee,
    0xee, 0xff, 0xff, 0xff, 0xee, 0xee, 0xee, 0xf6, 0xf6, 0xf6, 0x2a, 0x2a,
    0x2a, 0xd0, 0xd0, 0xd0, 0xc6, 0xc6, 0xc6, 0x98, 0x98, 0x98, 0xd1, 0xd1,
    0xd1, 0xf4, 0xf4, 0xf4, 0xff, 0xff, 0xff, 0xe9, 0xe9, 0xe9, 0xf1, 0xf1,
    0xf1, 0xe9, 0xe9, 0xe9, 0xe5, 0xe5, 0xe5, 0xb4, 0xb4, 0xb4, 0x79, 0x79,
    0x79, 0x8f, 0x8f, 0x8f, 0xbf, 0xbf, 0xbf, 0xea, 0xea, 0xea, 0xfc, 0xfc,
    0xfc, 0xff, 0xff, 0xff, 0x00, 0x00, 0xff, 0xff, 0xff, 0xff, 0xff, 0xff,
    0xe2, 0xe2, 0xe2, 0xff, 0xff, 0xff, 0xdd, 0xdd, 0xdd, 0xcd, 0xcd, 0xcd,
    0xfe, 0xfe, 0xfe, 0xb0, 0xb0, 0xb0, 0x84, 0x84, 0x84, 0xb9, 0xb9, 0xb9,
    0xe9, 0xe9, 0xe9, 0xff, 0xff, 0xff, 0xee, 0xee, 0xee, 0xfb, 0xfb, 0xfb,
    0x52, 0x52, 0x52, 0xd4, 0xd4, 0xd4, 0xd1, 0xd1, 0xd1, 0xb0, 0xb0, 0xb0,
    0xe1, 0xe1, 0xe1, 0xfa, 0xfa, 0xfa, 0xff, 0xff, 0xff, 0xf0, 0xf0, 0xf0,
    0xf1, 0xf1, 0xf1, 0x0c, 0x0c, 0x0c, 0x9c, 0x9c, 0x9c, 0xe9, 0xe9, 0xe9,
    0x90, 0x90, 0x90, 0xcd, 0xcd, 0xcd, 0xf3, 0xf3, 0xf3, 0xff, 0xff, 0xff,
    0xf3, 0xf3, 0xf3, 0xfb, 0xfb, 0xfb, 0x7d, 0x7d, 0x7d, 0xc7, 0xc7, 0xc7,
    0xc9, 0xc9, 0xc9, 0x94, 0x94, 0x94, 0xca, 0xca, 0xca, 0xf0, 0xf0, 0xf0,
    0xff, 0xff, 0xff, 0xe7, 0xe7, 0xe7, 0xf0, 0xf0, 0xf0, 0xe0, 0xe0, 0xe0,
    0xcc, 0xcc, 0xcc, 0xff, 0xff, 0xff, 0xca, 0xca, 0xca, 0x7d, 0x7d, 0x7d,
    0xab, 0xab, 0xab, 0xe0, 0xe0, 0xe0, 0xfa, 0xfa, 0xfa, 0xff, 0xff, 0xff,
    0x00, 0x00, 0xff, 0xff, 0xff, 0xf6, 0xf6, 0xf6, 0xed, 0xed, 0xed, 0xc3,
    0xc3, 0xc3, 0x15, 0x15, 0x15, 0x0d, 0x0d, 0x0d, 0xac, 0xac, 0xac, 0xed,
    0xed, 0xed, 0x89, 0x89, 0x89, 0xb8, 0xb8, 0xb8, 0xe9, 0xe9, 0xe9, 0xff,
    0xff, 0xff, 0xeb, 0xeb, 0xeb, 0xf0, 0xf0, 0xf0, 0x97, 0x97, 0x97, 0xf6,
    0xf6, 0xf6, 0xac, 0xac, 0xac, 0xc6, 0xc6, 0xc6, 0xee, 0xee, 0xee, 0xfd,
    0xfd, 0xfd, 0xff, 0xff, 0xff, 0xf0, 0xf0, 0xf0, 0xfe, 0xfe, 0xfe, 0x38,
    0x38, 0x38, 0xc0, 0xc0, 0xc0, 0xd4, 0xd4, 0xd4, 0x9e, 0x9e, 0x9e, 0xd6,
    0xd6, 0xd6, 0xf6, 0xf6, 0xf6, 0xfe, 0xfe, 0xfe, 0xfd, 0xfd, 0xfd, 0xed,
    0xed, 0xed, 0xd4, 0xd4, 0xd4, 0xdc, 0xdc, 0xdc, 0xc3, 0xc3, 0xc3, 0x8a,
    0x8a, 0x8a, 0xb5, 0xb5, 0xb5, 0xe0, 0xe0, 0xe0, 0xfa, 0xfa, 0xfa, 0xea,
    0xea, 0xea, 0xeb, 0xeb, 0xeb, 0x35, 0x35, 0x35, 0x05, 0x05, 0x05, 0x77,
    0x77, 0x77, 0xff, 0xff, 0xff, 0x9a, 0x9a, 0x9a, 0xac, 0xac, 0xac, 0xdf,
    0xdf, 0xdf, 0xfa, 0xfa, 0xfa, 0xff, 0xff, 0xff, 0x00, 0x00, 0xff, 0xff,
    0xff, 0xf2, 0xf2, 0xf2, 0xfa, 0xfa, 0xfa, 0x66, 0x66, 0x66, 0x00, 0x00,
    0x00, 0x00, 0x00, 0x00, 0x48, 0x48, 0x48, 0xff, 0xff, 0xff, 0xa3, 0xa3,
    0xa3, 0xc8, 0xc8, 0xc8, 0xeb, 0xeb, 0xeb, 0xfa, 0xfa, 0xfa, 0xda, 0xda,
    0xda, 0xf0, 0xf0, 0xf0, 0xe0, 0xe0, 0xe0, 0xe0, 0xe0, 0xe0, 0x91, 0x91,
    0x91, 0xc6, 0xc6, 0xc6, 0xef, 0xef, 0xef, 0xfd, 0xfd, 0xfd, 0xff, 0xff,
    0xff, 0xf1, 0xf1, 0xf1, 0xf7, 0xf7, 0xf7, 0x77, 0x77, 0x77, 0xdc, 0xdc,
    0xdc, 0xbe, 0xbe, 0xbe, 0xa9, 0xa9, 0xa9, 0xdd, 0xdd, 0xdd, 0xf8, 0xf8,
    0xf8, 0xff, 0xff, 0xff, 0xff, 0xff, 0xff, 0xea, 0xea, 0xea, 0xf4, 0xf4,
    0xf4, 0xf1, 0xf1, 0xf1, 0xb8, 0xb8, 0xb8, 0x7b, 0x7b, 0x7b, 0x93, 0x93,
    0x93, 0xc0, 0xc0, 0xc0, 0xe2, 0xe2, 0xe2, 0xf5, 0xf5, 0xf5, 0xac, 0xac,
    0xac, 0x02, 0x02, 0x02, 0x01, 0x01, 0x01, 0x12, 0x12, 0x12, 0xf4, 0xf4,
    0xf4, 0xb9, 0xb9, 0xb9, 0xbb, 0xbb, 0xbb, 0xe6, 0xe6, 0xe6, 0xfb, 0xfb,
    0xfb, 0xff, 0xff, 0xff, 0x00, 0x00, 0xff, 0xff, 0xff, 0xf8, 0xf8, 0xf8,
    0xf0, 0xf0, 0xf0, 0xa8, 0xa8, 0xa8, 0x02, 0x02, 0x02, 0x01, 0x01, 0x01,
    0x8f, 0x8f, 0x8f, 0xf8, 0xf8, 0xf8, 0xb2, 0xb2, 0xb2, 0xdc, 0xdc, 0xdc,
    0xee, 0xee, 0xee, 0xeb, 0xeb, 0xeb, 0xc5, 0xc5, 0xc5, 0xeb, 0xeb, 0xeb,
    0xf2, 0xf2, 0xf2, 0xb2, 0xb2, 0xb2, 0x89, 0x89, 0x89, 0xbb, 0xbb, 0xbb,
    0xe9, 0xe9, 0xe9, 0xfc, 0xfc, 0xfc, 0xff, 0xff, 0xff, 0xf0, 0xf0, 0xf0,
    0xe9, 0xe9, 0xe9, 0xc6, 0xc6, 0xc6, 0xef, 0xef, 0xef, 0xa6, 0xa6, 0xa6,
    0xa5, 0xa5, 0xa5, 0xd8, 0xd8, 0xd8, 0xf5, 0xf5, 0xf5, 0xfd, 0xfd, 0xfd,
    0xff, 0xff, 0xff, 0xe0, 0xe0, 0xe0, 0xe6, 0xe6, 0xe6, 0xf1, 0xf1, 0xf1,
    0xe8, 0xe8, 0xe8, 0x9e, 0x9e, 0x9e, 0x76, 0x76, 0x76, 0x9f, 0x9f, 0x9f,
    0xd9, 0xd9, 0xd9, 0xea, 0xea, 0xea, 0xdb, 0xdb, 0xdb, 0x17, 0x17, 0x17,
    0x00, 0x00, 0x00, 0x55, 0x55, 0x55, 0xff, 0xff, 0xff, 0xbd, 0xbd, 0xbd,
    0xd7, 0xd7, 0xd7, 0xf2, 0xf2, 0xf2, 0xfd, 0xfd, 0xfd, 0xff, 0xff, 0xff,
    0x00, 0x00, 0xff, 0xff, 0xff, 0xff, 0xff, 0xff, 0xee, 0xee, 0xee, 0xff,
    0xff, 0xff, 0xb2, 0xb2, 0xb2, 0xa9, 0xa9, 0xa9, 0xff, 0xff, 0xff, 0xd9,
    0xd9, 0xd9, 0xd9, 0xd9, 0xd9, 0xed, 0xed, 0xed, 0xf3, 0xf3, 0xf3, 0xd8,
    0xd8, 0xd8, 0xf4, 0xf4, 0xf4, 0xf5, 0xf5, 0xf5, 0xfb, 0xfb, 0xfb, 0xae,
    0xae, 0xae, 0x7a, 0x7a, 0x7a, 0xa9, 0xa9, 0xa9, 0xdd, 0xdd, 0xdd, 0xf8,
    0xf8, 0xf8, 0xfb, 0xfb, 0xfb, 0xed, 0xed, 0xed, 0xdd, 0xdd, 0xdd, 0xf0,
    0xf0, 0xf0, 0xe8, 0xe8, 0xe8, 0x81, 0x81, 0x81, 0x91, 0x91, 0x91, 0xc1,
    0xc1, 0xc1, 0xe9, 0xe9, 0xe9, 0xfc, 0xfc, 0xfc, 0xfa, 0xfa, 0xfa, 0xe2,
    0xe2, 0xe2, 0xf9, 0xf9, 0xf9, 0xbc, 0xbc, 0xbc, 0xcc, 0xcc, 0xcc, 0xff,
    0xff, 0xff, 0x9f, 0x9f, 0x9f, 0x8c, 0x8c, 0x8c, 0xd0, 0xd0, 0xd0, 0xe6,
    0xe6, 0xe6, 0xff, 0xff, 0xff, 0xcc, 0xcc, 0xcc, 0x9f, 0x9f, 0x9f, 0xf3,
    0xf3, 0xf3, 0xe5, 0xe5, 0xe5, 0xd2, 0xd2, 0xd2, 0xec, 0xec, 0xec, 0xf9,
    0xf9, 0xf9, 0xfe, 0xfe, 0xfe, 0xff, 0xff, 0xff, 0x00, 0x00, 0xff, 0xff,
    0xff, 0xfe, 0xfe, 0xfe, 0xfd, 0xfd, 0xfd, 0xee, 0xee, 0xee, 0xf7, 0xf7,
    0xf7, 0xf5, 0xf5, 0xf5, 0xe9, 0xe9, 0xe9, 0xe9, 0xe9, 0xe9, 0xf5, 0xf5,
    0xf5, 0xfd, 0xfd, 0xfd, 0xe8, 0xe8, 0xe8, 0xff, 0xff, 0xff, 0xba, 0xba,
    0xba, 0x6a, 0x6a, 0x6a, 0xb6, 0xb6, 0xb6, 0xfb, 0xfb, 0xfb, 0x91, 0x91,
    0x91, 0xa0, 0xa0, 0xa0, 0xd7, 0xd7, 0xd7, 0xf6, 0xf6, 0xf6, 0xfc, 0xfc,
    0xfc, 0xdc, 0xdc, 0xdc, 0xe5, 0xe5, 0xe5, 0xf6, 0xf6, 0xf6, 0xef, 0xef,
    0xef, 0x97, 0x97, 0x97, 0x7b, 0x7b, 0x7b, 0xa6, 0xa6, 0xa6, 0xd9, 0xd9,
    0xd9, 0xff, 0xff, 0xff, 0xef, 0xef, 0xef, 0xfb, 0xfb, 0xfb, 0x90, 0x90,
    0x90, 0x00, 0x00, 0x00, 0x0e, 0x0e, 0x0e, 0xc3, 0xc3, 0xc3, 0xe0, 0xe0,
    0xe0, 0x89, 0x89, 0x89, 0xc2, 0xc2, 0xc2, 0xf7, 0xf7, 0xf7, 0xf0, 0xf0,
    0xf0, 0xf4, 0xf4, 0xf4, 0xf8, 0xf8, 0xf8, 0xed, 0xed, 0xed, 0xe6, 0xe6,
    0xe6, 0xf6, 0xf6, 0xf6, 0xf9, 0xf9, 0xf9, 0xfe, 0xfe, 0xfe, 0xff, 0xff,
    0xff, 0xff, 0xff, 0xff, 0x00, 0x00, 0xff, 0xff, 0xff, 0xff, 0xff, 0xff,
    0xff, 0xff, 0xff, 0xff, 0xff, 0xff, 0xf8, 0xf8, 0xf8, 0xf5, 0xf5, 0xf5,
    0xff, 0xff, 0xff, 0xff, 0xff, 0xff, 0xfc, 0xfc, 0xfc, 0xff, 0xff, 0xff,
    0xee, 0xee, 0xee, 0xe9, 0xe9, 0xe9, 0x17, 0x17, 0x17, 0x00, 0x00, 0x00,
    0x15, 0x15, 0x15, 0xe9, 0xe9, 0xe9, 0xc1, 0xc1, 0xc1, 0xa5, 0xa5, 0xa5,
    0xd9, 0xd9, 0xd9, 0xfa, 0xfa, 0xfa, 0xf2, 0xf2, 0xf2, 0xe6, 0xe6, 0xe6,
    0xf3, 0xf3, 0xf3, 0xad, 0xad, 0xad, 0xd1, 0xd1, 0xd1, 0xfc, 0xfc, 0xfc,
    0x90, 0x90, 0x90, 0x98, 0x98, 0x98, 0xce, 0xce, 0xce, 0xff, 0xff, 0xff,
    0xef, 0xef, 0xef, 0xff, 0xff, 0xff, 0x38, 0x38, 0x38, 0x00, 0x00, 0x00,
    0x00, 0x00, 0x00, 0x77, 0x77, 0x77, 0xf3, 0xf3, 0xf3, 0x9d, 0x9d, 0x9d,
    0xd1, 0xd1, 0xd1, 0xf3, 0xf3, 0xf3, 0xff, 0xff, 0xff, 0xf9, 0xf9, 0xf9,
    0xf7, 0xf7, 0xf7, 0xfa, 0xfa, 0xfa, 0xff, 0xff, 0xff, 0xfb, 0xfb, 0xfb,
    0xff, 0xff, 0xff, 0xff, 0xff, 0xff, 0xff, 0xff, 0xff, 0xff, 0xff, 0xff,
    0x00, 0x00, 0xff, 0xff, 0xff, 0xff, 0xff, 0xff, 0xff, 0xff, 0xff, 0xff,
    0xff, 0xff, 0xff, 0xff, 0xff, 0xff, 0xff, 0xff, 0xff, 0xff, 0xff, 0xff,
    0xff, 0xff, 0xff, 0xff, 0xff, 0xff, 0xff, 0xff, 0xf1, 0xf1, 0xf1, 0xdd,
    0xdd, 0xdd, 0x03, 0x03, 0x03, 0x00, 0x00, 0x00, 0x02, 0x02, 0x02, 0xdc,
    0xdc, 0xdc, 0xd0, 0xd0, 0xd0, 0xba, 0xba, 0xba, 0xe4, 0xe4, 0xe4, 0xff,
    0xff, 0xff, 0xeb, 0xeb, 0xeb, 0xff, 0xff, 0xff, 0x62, 0x62, 0x62, 0x00,
    0x00, 0x00, 0x1e, 0x1e, 0x1e, 0xdf, 0xdf, 0xdf, 0xcd, 0xcd, 0xcd, 0x95,
    0x95, 0x95, 0xcd, 0xcd, 0xcd, 0xfd, 0xfd, 0xfd, 0xf4, 0xf4, 0xf4, 0xfb,
    0xfb, 0xfb, 0x8e, 0x8e, 0x8e, 0x02, 0x02, 0x02, 0x0d, 0x0d, 0x0d, 0xc3,
    0xc3, 0xc3, 0xe4, 0xe4, 0xe4, 0xb9, 0xb9, 0xb9, 0xe3, 0xe3, 0xe3, 0xf9,
    0xf9, 0xf9, 0xff, 0xff, 0xff, 0xff, 0xff, 0xff, 0xff, 0xff, 0xff, 0xff,
    0xff, 0xff, 0xff, 0xff, 0xff, 0xff, 0xff, 0xff, 0xff, 0xff, 0xff, 0xff,
    0xff, 0xff, 0xff, 0xff, 0xff, 0xff, 0xff, 0xff, 0x00, 0x00, 0xff, 0xff,
    0xff, 0xff, 0xff, 0xff, 0xff, 0xff, 0xff, 0xff, 0xff, 0xff, 0xff, 0xff,
    0xff, 0xff, 0xff, 0xff, 0xff, 0xff, 0xff, 0xff, 0xff, 0xff, 0xff, 0xff,
    0xff, 0xff, 0xff, 0xff, 0xf0, 0xf0, 0xf0, 0xff, 0xff, 0xff, 0x81, 0x81,
    0x81, 0x27, 0x27, 0x27, 0x7e, 0x7e, 0x7e, 0xff, 0xff, 0xff, 0xc5, 0xc5,
    0xc5, 0xde, 0xde, 0xde, 0xf3, 0xf3, 0xf3, 0xff, 0xff, 0xff, 0xef, 0xef,
    0xef, 0xf6, 0xf6, 0xf6, 0x14, 0x14, 0x14, 0x01, 0x01, 0x01, 0x01, 0x01,
    0x01, 0xaa, 0xaa, 0xaa, 0xe3, 0xe3, 0xe3, 0x9f, 0x9f, 0x9f, 0xd7, 0xd7,
    0xd7, 0xf7, 0xf7, 0xf7, 0xfe, 0xfe, 0xfe, 0xea, 0xea, 0xea, 0xff, 0xff,
    0xff, 0xbc, 0xbc, 0xbc, 0xcd, 0xcd, 0xcd, 0xff, 0xff, 0xff, 0xd3, 0xd3,
    0xd3, 0xe8, 0xe8, 0xe8, 0xf3, 0xf3, 0xf3, 0xfd, 0xfd, 0xfd, 0xff, 0xff,
    0xff, 0xff, 0xff, 0xff, 0xfe, 0xfe, 0xfe, 0xff, 0xff, 0xff, 0xff, 0xff,
    0xff, 0xff, 0xff, 0xff, 0xff, 0xff, 0xff, 0xff, 0xff, 0xff, 0xff, 0xff,
    0xff, 0xff, 0xff, 0xff, 0x00, 0x00, 0xff, 0xff, 0xff, 0xff, 0xff, 0xff,
    0xff, 0xff, 0xff, 0xff, 0xff, 0xff, 0xff, 0xff, 0xff, 0xff, 0xff, 0xff,
    0xff, 0xff, 0xff, 0xff, 0xff, 0xff, 0xff, 0xff, 0xff, 0xff, 0xff, 0xff,
    0xfd, 0xfd, 0xfd, 0xec, 0xec, 0xec, 0xff, 0xff, 0xff, 0xf4, 0xf4, 0xf4,
    0xff, 0xff, 0xff, 0xe2, 0xe2, 0xe2, 0xdf, 0xdf, 0xdf, 0xf0, 0xf0, 0xf0,
    0xfa, 0xfa, 0xfa, 0xff, 0xff, 0xff, 0xf0, 0xf0, 0xf0, 0xff, 0xff, 0xff,
    0x6f, 0x6f, 0x6f, 0x01, 0x01, 0x01, 0x29, 0x29, 0x29, 0xe6, 0xe6, 0xe6,
    0xd4, 0xd4, 0xd4, 0xc8, 0xc8, 0xc8, 0xe8, 0xe8, 0xe8, 0xfa, 0xfa, 0xfa,
    0xff, 0xff, 0xff, 0xfd, 0xfd, 0xfd, 0xf0, 0xf0, 0xf0, 0xf5, 0xf5, 0xf5,
    0xf4, 0xf4, 0xf4, 0xe7, 0xe7, 0xe7, 0xef, 0xef, 0xef, 0xf7, 0xf7, 0xf7,
    0xfc, 0xfc, 0xfc, 0xff, 0xff, 0xff, 0xff, 0xff, 0xff, 0xff, 0xff, 0xff,
    0xff, 0xff, 0xff, 0xff, 0xff, 0xff, 0xff, 0xff, 0xff, 0xff, 0xff, 0xff,
    0xff, 0xff, 0xff, 0xff, 0xff, 0xff, 0xff, 0xff, 0xff, 0xff, 0xff, 0xff,
    0x00, 0x00, 0xff, 0xff, 0xff, 0xff, 0xff, 0xff, 0xff, 0xff, 0xff, 0xff,
    0xff, 0xff, 0xff, 0xff, 0xff, 0xff, 0xff, 0xff, 0xff, 0xff, 0xff, 0xff,
    0xff, 0xff, 0xff, 0xff, 0xff, 0xff, 0xff, 0xff, 0xff, 0xff, 0xff, 0xfd,
    0xfd, 0xfd, 0xf2, 0xf2, 0xf2, 0xf3, 0xf3, 0xf3, 0xee, 0xee, 0xee, 0xf0,
    0xf0, 0xf0, 0xfa, 0xfa, 0xfa, 0xfb, 0xfb, 0xfb, 0xff, 0xff, 0xff, 0xff,
    0xff, 0xff, 0xfc, 0xfc, 0xfc, 0xe9, 0xe9, 0xe9, 0xff, 0xff, 0xff, 0xc2,
    0xc2, 0xc2, 0xe6, 0xe6, 0xe6, 0xf7, 0xf7, 0xf7, 0xd3, 0xd3, 0xd3, 0xec,
    0xec, 0xec, 0xf7, 0xf7, 0xf7, 0xfe, 0xfe, 0xfe, 0xff, 0xff, 0xff, 0xff,
    0xff, 0xff, 0xff, 0xff, 0xff, 0xf9, 0xf9, 0xf9, 0xf7, 0xf7, 0xf7, 0xff,
    0xff, 0xff, 0xfc, 0xfc, 0xfc, 0xfd, 0xfd, 0xfd, 0xff, 0xff, 0xff, 0xff,
    0xff, 0xff, 0xff, 0xff, 0xff, 0xff, 0xff, 0xff, 0xff, 0xff, 0xff, 0xff,
    0xff, 0xff, 0xff, 0xff, 0xff, 0xff, 0xff, 0xff, 0xff, 0xff, 0xff, 0xff,
    0xff, 0xff, 0xff, 0xff, 0xff, 0xff, 0xff, 0xff, 0x00, 0x00, 0xff, 0xff,
    0xff, 0xff, 0xff, 0xff, 0xff, 0xff, 0xff, 0xff, 0xff, 0xff, 0xff, 0xff,
    0xff, 0xff, 0xff, 0xff, 0xff, 0xff, 0xff, 0xff, 0xff, 0xff, 0xff, 0xff,
    0xff, 0xff, 0xff, 0xff, 0xff, 0xff, 0xff, 0xff, 0xff, 0xff, 0xff, 0xff,
    0xff, 0xff, 0xff, 0xff, 0xff, 0xff, 0xff, 0xff, 0xff, 0xff, 0xfe, 0xfe,
    0xfe, 0xff, 0xff, 0xff, 0xff, 0xff, 0xff, 0xfe, 0xfe, 0xfe, 0xff, 0xff,
    0xff, 0xfb, 0xfb, 0xfb, 0xf0, 0xf0, 0xf0, 0xf6, 0xf6, 0xf6, 0xf1, 0xf1,
    0xf1, 0xe8, 0xe8, 0xe8, 0xf7, 0xf7, 0xf7, 0xf7, 0xf7, 0xf7, 0xfd, 0xfd,
    0xfd, 0xff, 0xff, 0xff, 0xff, 0xff, 0xff, 0xff, 0xff, 0xff, 0xff, 0xff,
    0xff, 0xff, 0xff, 0xff, 0xff, 0xff, 0xff, 0xff, 0xff, 0xff, 0xff, 0xff,
    0xff, 0xff, 0xff, 0xff, 0xff, 0xff, 0xff, 0xff, 0xff, 0xff, 0xff, 0xff,
    0xff, 0xff, 0xff, 0xff, 0xff, 0xff, 0xff, 0xff, 0xff, 0xff, 0xff, 0xff,
    0xff, 0xff, 0xff, 0xff, 0xff, 0xff, 0xff, 0xff, 0xff, 0xff, 0xff, 0xff,
    0xff, 0xff, 0xff, 0xff, 0x00, 0x00, 0xff, 0xff, 0xff, 0xff, 0xff, 0xff,
    0xff, 0xff, 0xff, 0xff, 0xff, 0xff, 0xff, 0xff, 0xff, 0xff, 0xff, 0xff,
    0xff, 0xff, 0xff, 0xff, 0xff, 0xff, 0xff, 0xff, 0xff, 0xff, 0xff, 0xff,
    0xff, 0xff, 0xff, 0xff, 0xff, 0xff, 0xfe, 0xfe, 0xfe, 0xff, 0xff, 0xff,
    0xff, 0xff, 0xff, 0xff, 0xff, 0xff, 0xff, 0xff, 0xff, 0xff, 0xff, 0xff,
    0xff, 0xff, 0xff, 0xff, 0xff, 0xff, 0xff, 0xff, 0xff, 0xff, 0xff, 0xff,
    0xff, 0xff, 0xff, 0xfb, 0xfb, 0xfb, 0xfe, 0xfe, 0xfe, 0xff, 0xff, 0xff,
    0xfc, 0xfc, 0xfc, 0xfe, 0xfe, 0xfe, 0xff, 0xff, 0xff, 0xff, 0xff, 0xff,
    0xff, 0xff, 0xff, 0xff, 0xff, 0xff, 0xff, 0xff, 0xff, 0xff, 0xff, 0xff,
    0xff, 0xff, 0xff, 0xff, 0xff, 0xff, 0xff, 0xff, 0xff, 0xff, 0xff, 0xff,
    0xff, 0xff, 0xff, 0xff, 0xff, 0xff, 0xff, 0xff, 0xff, 0xff, 0xff, 0xff,
    0xff, 0xff, 0xff, 0xff, 0xff, 0xff, 0xff, 0xff, 0xff, 0xff, 0xff, 0xff,
    0xff, 0xff, 0xff, 0xff, 0xff, 0xff, 0xff, 0xff, 0xff, 0xff, 0xff, 0xff,
    0x00, 0x00, 0xff, 0xff, 0xff, 0xff, 0xff, 0xff, 0xff, 0xff, 0xff, 0xff,
    0xff, 0xff, 0xff, 0xff, 0xff, 0xff, 0xff, 0xff, 0xff, 0xff, 0xff, 0xff,
    0xff, 0xff, 0xff, 0xff, 0xff, 0xff, 0xff, 0xff, 0xff, 0xff, 0xff, 0xff,
    0xff, 0xff, 0xff, 0xff, 0xff, 0xff, 0xff, 0xff, 0xff, 0xff, 0xff, 0xff,
    0xff, 0xff, 0xff, 0xff, 0xff, 0xff, 0xff, 0xff, 0xff, 0xff, 0xff, 0xff,
    0xff, 0xff, 0xff, 0xff, 0xff, 0xfe, 0xfe, 0xfe, 0xff, 0xff, 0xff, 0xff,
    0xff, 0xff, 0xff, 0xff, 0xff, 0xff, 0xff, 0xff, 0xff, 0xff, 0xff, 0xff,
    0xff, 0xff, 0xff, 0xff, 0xff, 0xff, 0xff, 0xff, 0xff, 0xff, 0xff, 0xff,
    0xff, 0xff, 0xff, 0xff, 0xff, 0xff, 0xff, 0xff, 0xff, 0xff, 0xff, 0xff,
    0xff, 0xff, 0xff, 0xff, 0xff, 0xff, 0xff, 0xff, 0xff, 0xff, 0xff, 0xff,
    0xff, 0xff, 0xff, 0xff, 0xff, 0xff, 0xff, 0xff, 0xff, 0xff, 0xff, 0xff,
    0xff, 0xff, 0xff, 0xff, 0xff, 0xff, 0xff, 0xff, 0xff, 0xff, 0xff, 0xff,
    0xff, 0xff, 0xff, 0xff, 0xff, 0xff, 0xff, 0xff, 0x00, 0x00
};
static const unsigned int black_queen_bmp_len = 7654;

/* black_rook.bmp (7654 bytes) */
static const unsigned char black_rook_bmp[] = {
    0x42, 0x4d, 0xe6, 0x1d, 0x00, 0x00, 0x00, 0x00, 0x00, 0x00, 0x36, 0x00,
    0x00, 0x00, 0x28, 0x00, 0x00, 0x00, 0x32, 0x00, 0x00, 0x00, 0x32, 0x00,
    0x00, 0x00, 0x01, 0x00, 0x18, 0x00, 0x00, 0x00, 0x00, 0x00, 0xb0, 0x1d,
    0x00, 0x00, 0xc4, 0x0e, 0x00, 0x00, 0xc4, 0x0e, 0x00, 0x00, 0x00, 0x00,
    0x00, 0x00, 0x00, 0x00, 0x00, 0x00, 0xff, 0xff, 0xff, 0xff, 0xff, 0xff,
    0xff, 0xff, 0xff, 0xff, 0xff, 0xff, 0xff, 0xff, 0xff, 0xff, 0xff, 0xff,
    0xff, 0xff, 0xff, 0xff, 0xff, 0xff, 0xff, 0xff, 0xff, 0xff, 0xff, 0xff,
    0xff, 0xff, 0xff, 0xff, 0xff, 0xff, 0xff, 0xff, 0xff, 0xff, 0xff, 0xff,
    0xff, 0xff, 0xff, 0xff, 0xff, 0xff, 0xff, 0xff, 0xff, 0xff, 0xff, 0xff,
    0xff, 0xff, 0xff, 0xff, 0xff, 0xff, 0xff, 0xff, 0xff, 0xff, 0xff, 0xff,
    0xff, 0xff, 0xff, 0xff, 0xff, 0xff, 0xff, 0xff, 0xff, 0xff, 0xff, 0xff,
    0xff, 0xff, 0xff, 0xff, 0xff, 0xff, 0xff, 0xff, 0xff, 0xff, 0xff, 0xff,
    0xff, 0xff, 0xff, 0xff, 0xff, 0xff, 0xff, 0xff, 0xff, 0xff, 0xff, 0xff,
    0xff, 0xff, 0xff, 0xff, 0xff, 0xff, 0xff, 0xff, 0xff, 0xff, 0xff, 0xff,
    0xff, 0xff, 0xff, 0xff, 0xff, 0xff, 0xff, 0xff, 0xff, 0xff, 0xff, 0xff,
    0xff, 0xff, 0xff, 0xff, 0xff, 0xff, 0xff, 0xff, 0xff, 0xff, 0xff, 0xff,
    0xff, 0xff, 0xff, 0xff, 0xff, 0xff, 0xff, 0xff, 0xff, 0xff, 0xff, 0xff,
    0x00, 0x00, 0xff, 0xff, 0xff, 0xff, 0xff, 0xff, 0xff, 0xff, 0xff, 0xfe,
    0xfe, 0xfe, 0xfc, 0xfc, 0xfc, 0xfb, 0xfb, 0xfb, 0xfa, 0xfa, 0xfa, 0xfa,
    0xfa, 0xfa, 0xfa, 0xfa, 0xfa, 0xfa, 0xfa, 0xfa, 0xfa, 0xfa, 0xfa, 0xfa,
    0xfa, 0xfa, 0xfa, 0xfa, 0xfa, 0xfa, 0xfa, 0xfa, 0xfa, 0xfa, 0xfa, 0xfa,
    0xfa, 0xfa, 0xfa, 0xfa, 0xfa, 0xfa, 0xfa, 0xfa, 0xfa, 0xfa, 0xfa, 0xfa,
    0xfa, 0xfa, 0xfa, 0xfa, 0xfa, 0xfa, 0xfa, 0xfa, 0xfa, 0xfa, 0xfa, 0xfa,
    0xfa, 0xfa, 0xfa, 0xfa, 0xfa, 0xfa, 0xfa, 0xfa, 0xfa, 0xfa, 0xfa, 0xfa,
    0xfa, 0xfa, 0xfa, 0xfa, 0xfa, 0xfa, 0xfa, 0xfa, 0xfa, 0xfa, 0xfa, 0xfa,
    0xfa, 0xfa, 0xfa, 0xfa, 0xfa, 0xfa, 0xfa, 0xfa, 0xfa, 0xfa, 0xfa, 0xfa,
    0xfa, 0xfa, 0xfa, 0xfa, 0xfa, 0xfa, 0xfa, 0xfa, 0xfa, 0xfa, 0xfa, 0xfa,
    0xfa, 0xfa, 0xfa, 0xfa, 0xfa, 0xfa, 0xfa, 0xfa, 0xfa, 0xfa, 0xfa, 0xfa,
    0xfa, 0xfa, 0xfb, 0xfb, 0xfb, 0xfc, 0xfc, 0xfc, 0xfd, 0xfd, 0xfd, 0xff,
    0xff, 0xff, 0xff, 0xff, 0xff, 0xff, 0xff, 0xff, 0x00, 0x00, 0xff, 0xff,
    0xff, 0xff, 0xff, 0xff, 0xfc, 0xfc, 0xfc, 0xf7, 0xf7, 0xf7, 0xef, 0xef,
    0xef, 0xe8, 0xe8, 0xe8, 0xe5, 0xe5, 0xe5, 0xe4, 0xe4, 0xe4, 0xe4, 0xe4,
    0xe4, 0xe4, 0xe4, 0xe4, 0xe4, 0xe4, 0xe4, 0xe4, 0xe4, 0xe4, 0xe4, 0xe4,
    0xe4, 0xe4, 0xe4, 0xe4, 0xe4, 0xe4, 0xe4, 0xe4, 0xe4, 0xe4, 0xe4, 0xe4,
    0xe4, 0xe4, 0xe4, 0xe4, 0xe4, 0xe4, 0xe4, 0xe4, 0xe4, 0xe4, 0xe4, 0xe4,
    0xe4, 0xe4, 0xe4, 0xe4, 0xe4, 0xe4, 0xe4, 0xe4, 0xe4, 0xe4, 0xe4, 0xe4,
    0xe4, 0xe4, 0xe4, 0xe4, 0xe4, 0xe4, 0xe4, 0xe4, 0xe4, 0xe4, 0xe4, 0xe4,
    0xe4, 0xe4, 0xe4, 0xe4, 0xe4, 0xe4, 0xe4, 0xe4, 0xe4, 0xe4, 0xe4, 0xe4,
    0xe4, 0xe4, 0xe4, 0xe4, 0xe4, 0xe4, 0xe4, 0xe4, 0xe4, 0xe4, 0xe4, 0xe4,
    0xe4, 0xe4, 0xe4, 0xe4, 0xe4, 0xe4, 0xe4, 0xe4, 0xe4, 0xe4, 0xe4, 0xe4,
    0xe4, 0xe4, 0xe4, 0xe4, 0xe4, 0xe4, 0xe4, 0xe5, 0xe5, 0xe5, 0xe7, 0xe7,
    0xe7, 0xee, 0xee, 0xee, 0xf6, 0xf6, 0xf6, 0xfc, 0xfc, 0xfc, 0xff, 0xff,
    0xff, 0xff, 0xff, 0xff, 0x00, 0x00, 0xff, 0xff, 0xff, 0xfd, 0xfd, 0xfd,
    0xf6, 0xf6, 0xf6, 0xe8, 0xe8, 0xe8, 0xd1, 0xd1, 0xd1, 0xbf, 0xbf, 0xbf,
    0xb7, 0xb7, 0xb7, 0xb5, 0xb5, 0xb5, 0xb5, 0xb5, 0xb5, 0xb5, 0xb5, 0xb5,
    0xb5, 0xb5, 0xb5, 0xb5, 0xb5, 0xb5, 0xb5, 0xb5, 0xb5, 0xb5, 0xb5, 0xb5,
    0xb5, 0xb5, 0xb5, 0xb5, 0xb5, 0xb5, 0xb5, 0xb5, 0xb5, 0xb5, 0xb5, 0xb5,
    0xb5, 0xb5, 0xb5, 0xb5, 0xb5, 0xb5, 0xb5, 0xb5, 0xb5, 0xb5, 0xb5, 0xb5,
    0xb5, 0xb5, 0xb5, 0xb5, 0xb5, 0xb5, 0xb5, 0xb5, 0xb5, 0xb5, 0xb5, 0xb5,
    0xb5, 0xb5, 0xb5, 0xb5, 0xb5, 0xb5, 0xb5, 0xb5, 0xb5, 0xb5, 0xb5, 0xb5,
    0xb5, 0xb5, 0xb5, 0xb5, 0xb5, 0xb5, 0xb5, 0xb5, 0xb5, 0xb5, 0xb5, 0xb5,
    0xb5, 0xb5, 0xb5, 0xb5, 0xb5, 0xb5, 0xb5, 0xb5, 0xb5, 0xb5, 0xb5, 0xb5,
    0xb5, 0xb5, 0xb5, 0xb5, 0xb5, 0xb5, 0xb5, 0xb5, 0xb5, 0xb5, 0xb5, 0xb5,
    0xb5, 0xb5, 0xb5, 0xb7, 0xb7, 0xb7, 0xbf, 0xbf, 0xbf, 0xd0, 0xd0, 0xd0,
    0xe6, 0xe6, 0xe6, 0xf7, 0xf7, 0xf7, 0xfe, 0xfe, 0xfe, 0xff, 0xff, 0xff,
    0x00, 0x00, 0xff, 0xff, 0xff, 0xfc, 0xfc, 0xfc, 0xf6, 0xf6, 0xf6, 0xd3,
    0xd3, 0xd3, 0xae, 0xae, 0xae, 0x91, 0x91, 0x91, 0x84, 0x84, 0x84, 0x81,
    0x81, 0x81, 0x81, 0x81, 0x81, 0x81, 0x81, 0x81, 0x81, 0x81, 0x81, 0x81,
    0x81, 0x81, 0x81, 0x81, 0x81, 0x81, 0x81, 0x81, 0x81, 0x81, 0x81, 0x81,
    0x81, 0x81, 0x81, 0x81, 0x81, 0x81, 0x81, 0x81, 0x81, 0x81, 0x81, 0x81,
    0x81, 0x81, 0x81, 0x81, 0x81, 0x81, 0x81, 0x81, 0x81, 0x81, 0x81, 0x81,
    0x81, 0x81, 0x81, 0x81, 0x81, 0x81, 0x81, 0x81, 0x81, 0x81, 0x81, 0x81,
    0x81, 0x81, 0x81, 0x81, 0x81, 0x81, 0x81, 0x81, 0x81, 0x81, 0x81, 0x81,
    0x81, 0x81, 0x81, 0x81, 0x81, 0x81, 0x81, 0x81, 0x81, 0x81, 0x81, 0x81,
    0x81, 0x81, 0x81, 0x81, 0x81, 0x81, 0x81, 0x81, 0x81, 0x81, 0x81, 0x81,
    0x81, 0x81, 0x81, 0x81, 0x81, 0x81, 0x81, 0x81, 0x83, 0x83, 0x83, 0x84,
    0x84, 0x84, 0x94, 0x94, 0x94, 0xae, 0xae, 0xae, 0xd4, 0xd4, 0xd4, 0xf0,
    0xf0, 0xf0, 0xfc, 0xfc, 0xfc, 0xff, 0xff, 0xff, 0x00, 0x00, 0xff, 0xff,
    0xff, 0xff, 0xff, 0xff, 0xeb, 0xeb, 0xeb, 0xed, 0xed, 0xed, 0xe2, 0xe2,
    0xe2, 0xe0, 0xe0, 0xe0, 0xde, 0xde, 0xde, 0xde, 0xde, 0xde, 0xde, 0xde,
    0xde, 0xde, 0xde, 0xde, 0xde, 0xde, 0xde, 0xde, 0xde, 0xde, 0xde, 0xde,
    0xde, 0xde, 0xde, 0xde, 0xde, 0xde, 0xde, 0xde, 0xde, 0xde, 0xde, 0xde,
    0xde, 0xde, 0xde, 0xde, 0xde, 0xde, 0xde, 0xde, 0xde, 0xde, 0xde, 0xde,
    0xde, 0xde, 0xde, 0xde, 0xde, 0xde, 0xde, 0xde, 0xde, 0xde, 0xde, 0xde,
    0xde, 0xde, 0xde, 0xde, 0xde, 0xde, 0xde, 0xde, 0xde, 0xde, 0xde, 0xde,
    0xde, 0xde, 0xde, 0xde, 0xde, 0xde, 0xde, 0xde, 0xde, 0xde, 0xde, 0xde,
    0xde, 0xde, 0xde, 0xde, 0xde, 0xde, 0xde, 0xde, 0xde, 0xde, 0xde, 0xde,
    0xde, 0xde, 0xde, 0xde, 0xde, 0xde, 0xde, 0xde, 0xde, 0xde, 0xde, 0xde,
    0xde, 0xde, 0xde, 0xde, 0xda, 0xda, 0xda, 0xde, 0xde, 0xde, 0x9a, 0x9a,
    0x9a, 0xa0, 0xa0, 0xa0, 0xca, 0xca, 0xca, 0xec, 0xec, 0xec, 0xfb, 0xfb,
    0xfb, 0xff, 0xff, 0xff, 0x00, 0x00, 0xfe, 0xfe, 0xfe, 0xff, 0xff, 0xff,
    0xe9, 0xe9, 0xe9, 0xfe, 0xfe, 0xfe, 0xd4, 0xd4, 0xd4, 0xcd, 0xcd, 0xcd,
    0xce, 0xce, 0xce, 0xcd, 0xcd, 0xcd, 0xcd, 0xcd, 0xcd, 0xcd, 0xcd, 0xcd,
    0xcd, 0xcd, 0xcd, 0xcd, 0xcd, 0xcd, 0xcd, 0xcd, 0xcd, 0xcd, 0xcd, 0xcd,
    0xcd, 0xcd, 0xcd, 0xcd, 0xcd, 0xcd, 0xcd, 0xcd, 0xcd, 0xcd, 0xcd, 0xcd,
    0xcd, 0xcd, 0xcd, 0xcd, 0xcd, 0xcd, 0xcd, 0xcd, 0xcd, 0xcd, 0xcd, 0xcd,
    0xcd, 0xcd, 0xcd, 0xcd, 0xcd, 0xcd, 0xcd, 0xcd, 0xcd, 0xcd, 0xcd, 0xcd,
    0xcd, 0xcd, 0xcd, 0xcd, 0xcd, 0xcd, 0xcd, 0xcd, 0xcd, 0xcd, 0xcd, 0xcd,
    0xcd, 0xcd, 0xcd, 0xcd, 0xcd, 0xcd, 0xcd, 0xcd, 0xcd, 0xcd, 0xcd, 0xcd,
    0xcd, 0xcd, 0xcd, 0xcd, 0xcd, 0xcd, 0xcd, 0xcd, 0xcd, 0xcd, 0xcd, 0xcd,
    0xcd, 0xcd, 0xcd, 0xcd, 0xcd, 0xcd, 0xce, 0xce, 0xce, 0xcd, 0xcd, 0xcd,
    0xd8, 0xd8, 0xd8, 0xff, 0xff, 0xff, 0xb1, 0xb1, 0xb1, 0x9c, 0x9c, 0x9c,
    0xc8, 0xc8, 0xc8, 0xeb, 0xeb, 0xeb, 0xfb, 0xfb, 0xfb, 0xff, 0xff, 0xff,
    0x00, 0x00, 0xfe, 0xfe, 0xfe, 0xff, 0xff, 0xff, 0xe7, 0xe7, 0xe7, 0xfd,
    0xfd, 0xfd, 0x4e, 0x4e, 0x4e, 0x03, 0x03, 0x03, 0x06, 0x06, 0x06, 0x03,
    0x03, 0x03, 0x03, 0x03, 0x03, 0x03, 0x03, 0x03, 0x03, 0x03, 0x03, 0x03,
    0x03, 0x03, 0x03, 0x03, 0x03, 0x03, 0x03, 0x03, 0x03, 0x03, 0x03, 0x03,
    0x03, 0x03, 0x03, 0x03, 0x03, 0x03, 0x03, 0x03, 0x03, 0x03, 0x03, 0x03,
    0x03, 0x03, 0x03, 0x03, 0x03, 0x03, 0x03, 0x03, 0x03, 0x03, 0x03, 0x03,
    0x03, 0x03, 0x03, 0x03, 0x03, 0x03, 0x03, 0x03, 0x03, 0x03, 0x03, 0x03,
    0x03, 0x03, 0x03, 0x03, 0x03, 0x03, 0x03, 0x03, 0x03, 0x03, 0x03, 0x03,
    0x03, 0x03, 0x03, 0x03, 0x03, 0x03, 0x03, 0x03, 0x03, 0x03, 0x03, 0x03,
    0x03, 0x03, 0x03, 0x03, 0x03, 0x03, 0x03, 0x03, 0x03, 0x03, 0x03, 0x03,
    0x03, 0x03, 0x07, 0x07, 0x07, 0x03, 0x03, 0x03, 0x6e, 0x6e, 0x6e, 0xfd,
    0xfd, 0xfd, 0xab, 0xab, 0xab, 0xa0, 0xa0, 0xa0, 0xca, 0xca, 0xca, 0xec,
    0xec, 0xec, 0xfb, 0xfb, 0xfb, 0xff, 0xff, 0xff, 0x00, 0x00, 0xfe, 0xfe,
    0xfe, 0xff, 0xff, 0xff, 0xe7, 0xe7, 0xe7, 0xff, 0xff, 0xff, 0x49, 0x49,
    0x49, 0x01, 0x01, 0x01, 0x01, 0x01, 0x01, 0x00, 0x00, 0x00, 0x00, 0x00,
    0x00, 0x00, 0x00, 0x00, 0x00, 0x00, 0x00, 0x00, 0x00, 0x00, 0x00, 0x00,
    0x00, 0x00, 0x00, 0x00, 0x00, 0x00, 0x00, 0x00, 0x00, 0x00, 0x00, 0x00,
    0x00, 0x00, 0x00, 0x00, 0x00, 0x00, 0x00, 0x00, 0x00, 0x00, 0x00, 0x00,
    0x00, 0x00, 0x00, 0x00, 0x00, 0x00, 0x00, 0x00, 0x00, 0x00, 0x00, 0x00,
    0x00, 0x00, 0x00, 0x00, 0x00, 0x00, 0x00, 0x00, 0x00, 0x00, 0x00, 0x00,
    0x00, 0x00, 0x00, 0x00, 0x00, 0x00, 0x00, 0x00, 0x00, 0x00, 0x00, 0x00,
    0x00, 0x00, 0x00, 0x00, 0x00, 0x00, 0x00, 0x00, 0x00, 0x00, 0x00, 0x00,
    0x00, 0x00, 0x00, 0x00, 0x00, 0x00, 0x00, 0x00, 0x00, 0x00, 0x01, 0x01,
    0x01, 0x01, 0x01, 0x01, 0x6b, 0x6b, 0x6b, 0xff, 0xff, 0xff, 0xb8, 0xb8,
    0xb8, 0xb4, 0xb4, 0xb4, 0xd3, 0xd3, 0xd3, 0xef, 0xef, 0xef, 0xfc, 0xfc,
    0xfc, 0xff, 0xff, 0xff, 0x00, 0x00, 0xfe, 0xfe, 0xfe, 0xff, 0xff, 0xff,
    0xeb, 0xeb, 0xeb, 0xfc, 0xfc, 0xfc, 0xca, 0xca, 0xca, 0xbf, 0xbf, 0xbf,
    0xbf, 0xbf, 0xbf, 0xbb, 0xbb, 0xbb, 0xbe, 0xbe, 0xbe, 0xc1, 0xc1, 0xc1,
    0xc1, 0xc1, 0xc1, 0xc1, 0xc1, 0xc1, 0xc1, 0xc1, 0xc1, 0xc1, 0xc1, 0xc1,
    0xc1, 0xc1, 0xc1, 0xc1, 0xc1, 0xc1, 0xc1, 0xc1, 0xc1, 0xc1, 0xc1, 0xc1,
    0xc1, 0xc1, 0xc1, 0xc1, 0xc1, 0xc1, 0xc1, 0xc1, 0xc1, 0xc1, 0xc1, 0xc1,
    0xc1, 0xc1, 0xc1, 0xc1, 0xc1, 0xc1, 0xc1, 0xc1, 0xc1, 0xc1, 0xc1, 0xc1,
    0xc1, 0xc1, 0xc1, 0xc1, 0xc1, 0xc1, 0xc1, 0xc1, 0xc1, 0xc1, 0xc1, 0xc1,
    0xc1, 0xc1, 0xc1, 0xc1, 0xc1, 0xc1, 0xc1, 0xc1, 0xc1, 0xc1, 0xc1, 0xc1,
    0xc1, 0xc1, 0xc1, 0xc1, 0xc1, 0xc1, 0xc1, 0xc1, 0xc1, 0xc1, 0xc1, 0xc1,
    0xbd, 0xbd, 0xbd, 0xbc, 0xbc, 0xbc, 0xc0, 0xc0, 0xc0, 0xbf, 0xbf, 0xbf,
    0xd0, 0xd0, 0xd0, 0xff, 0xff, 0xff, 0xcf, 0xcf, 0xcf, 0xd8, 0xd8, 0xd8,
    0xe4, 0xe4, 0xe4, 0xf5, 0xf5, 0xf5, 0xfd, 0xfd, 0xfd, 0xff, 0xff, 0xff,
    0x00, 0x00, 0xff, 0xff, 0xff, 0xff, 0xff, 0xff, 0xf2, 0xf2, 0xf2, 0xf2,
    0xf2, 0xf2, 0xed, 0xed, 0xed, 0xf0, 0xf0, 0xf0, 0xef, 0xef, 0xef, 0xf1,
    0xf1, 0xf1, 0xeb, 0xeb, 0xeb, 0xde, 0xde, 0xde, 0xde, 0xde, 0xde, 0xde,
    0xde, 0xde, 0xde, 0xde, 0xde, 0xde, 0xde, 0xde, 0xde, 0xde, 0xde, 0xde,
    0xde, 0xde, 0xde, 0xde, 0xde, 0xde, 0xde, 0xde, 0xde, 0xde, 0xde, 0xde,
    0xde, 0xde, 0xde, 0xde, 0xde, 0xde, 0xde, 0xde, 0xde, 0xde, 0xde, 0xde,
    0xde, 0xde, 0xde, 0xde, 0xde, 0xde, 0xde, 0xde, 0xde, 0xde, 0xde, 0xde,
    0xde, 0xde, 0xde, 0xde, 0xde, 0xde, 0xde, 0xde, 0xde, 0xde, 0xde, 0xde,
    0xde, 0xde, 0xde, 0xde, 0xde, 0xde, 0xde, 0xde, 0xde, 0xde, 0xde, 0xde,
    0xde, 0xde, 0xde, 0xde, 0xde, 0xde, 0xde, 0xde, 0xee, 0xee, 0xee, 0xef,
    0xef, 0xef, 0xe7, 0xe7, 0xe7, 0xe9, 0xe9, 0xe9, 0xea, 0xea, 0xea, 0xef,
    0xef, 0xef, 0xe5, 0xe5, 0xe5, 0xf6, 0xf6, 0xf6, 0xf5, 0xf5, 0xf5, 0xfb,
    0xfb, 0xfb, 0xff, 0xff, 0xff, 0xff, 0xff, 0xff, 0x00, 0x00, 0xff, 0xff,
    0xff, 0xff, 0xff, 0xff, 0xff, 0xff, 0xff, 0xfb, 0xfb, 0xfb, 0xf7, 0xf7,
    0xf7, 0xfb, 0xfb, 0xfb, 0xe7, 0xe7, 0xe7, 0xf3, 0xf3, 0xf3, 0xb5, 0xb5,
    0xb5, 0x0c, 0x0c, 0x0c, 0x0d, 0x0d, 0x0d, 0x0c, 0x0c, 0x0c, 0x0c, 0x0c,
    0x0c, 0x0c, 0x0c, 0x0c, 0x0c, 0x0c, 0x0c, 0x0c, 0x0c, 0x0c, 0x0c, 0x0c,
    0x0c, 0x0c, 0x0c, 0x0c, 0x0c, 0x0c, 0x0c, 0x0c, 0x0c, 0x0c, 0x0c, 0x0c,
    0x0c, 0x0c, 0x0c, 0x0c, 0x0c, 0x0c, 0x0c, 0x0c, 0x0c, 0x0c, 0x0c, 0x0c,
    0x0c, 0x0c, 0x0c, 0x0c, 0x0c, 0x0c, 0x0c, 0x0c, 0x0c, 0x0c, 0x0c, 0x0c,
    0x0c, 0x0c, 0x0c, 0x0c, 0x0c, 0x0c, 0x0c, 0x0c, 0x0c, 0x0c, 0x0c, 0x0c,
    0x0c, 0x0c, 0x0c, 0x0c, 0x0c, 0x0c, 0x0c, 0x0d, 0x0d, 0x0d, 0x0c, 0x0c,
    0x0c, 0x12, 0x12, 0x12, 0xcf, 0xcf, 0xcf, 0xe3, 0xe3, 0xe3, 0x86, 0x86,
    0x86, 0xa7, 0xa7, 0xa7, 0xd1, 0xd1, 0xd1, 0xeb, 0xeb, 0xeb, 0xfc, 0xfc,
    0xfc, 0xfa, 0xfa, 0xfa, 0xfd, 0xfd, 0xfd, 0xfe, 0xfe, 0xfe, 0xff, 0xff,
    0xff, 0xff, 0xff, 0xff, 0x00, 0x00, 0xff, 0xff, 0xff, 0xff, 0xff, 0xff,
    0xff, 0xff, 0xff, 0xff, 0xff, 0xff, 0xff, 0xff, 0xff, 0xff, 0xff, 0xff,
    0xef, 0xef, 0xef, 0xf6, 0xf6, 0xf6, 0xb4, 0xb4, 0xb4, 0x00, 0x00, 0x00,
    0x01, 0x01, 0x01, 0x00, 0x00, 0x00, 0x00, 0x00, 0x00, 0x00, 0x00, 0x00,
    0x00, 0x00, 0x00, 0x00, 0x00, 0x00, 0x00, 0x00, 0x00, 0x00, 0x00, 0x00,
    0x00, 0x00, 0x00, 0x00, 0x00, 0x00, 0x00, 0x00, 0x00, 0x00, 0x00, 0x00,
    0x00, 0x00, 0x00, 0x00, 0x00, 0x00, 0x00, 0x00, 0x00, 0x00, 0x00, 0x00,
    0x00, 0x00, 0x00, 0x00, 0x00, 0x00, 0x00, 0x00, 0x00, 0x00, 0x00, 0x00,
    0x00, 0x00, 0x00, 0x00, 0x00, 0x00, 0x00, 0x00, 0x00, 0x00, 0x00, 0x00,
    0x00, 0x00, 0x00, 0x01, 0x01, 0x01, 0x00, 0x00, 0x00, 0x07, 0x07, 0x07,
    0xd0, 0xd0, 0xd0, 0xe5, 0xe5, 0xe5, 0x84, 0x84, 0x84, 0xad, 0xad, 0xad,
    0xda, 0xda, 0xda, 0xf7, 0xf7, 0xf7, 0xfd, 0xfd, 0xfd, 0xff, 0xff, 0xff,
    0xff, 0xff, 0xff, 0xff, 0xff, 0xff, 0xff, 0xff, 0xff, 0xff, 0xff, 0xff,
    0x00, 0x00, 0xff, 0xff, 0xff, 0xff, 0xff, 0xff, 0xff, 0xff, 0xff, 0xff,
    0xff, 0xff, 0xff, 0xff, 0xff, 0xff, 0xff, 0xff, 0xf0, 0xf0, 0xf0, 0xf6,
    0xf6, 0xf6, 0xb1, 0xb1, 0xb1, 0x00, 0x00, 0x00, 0x00, 0x00, 0x00, 0x00,
    0x00, 0x00, 0x00, 0x00, 0x00, 0x00, 0x00, 0x00, 0x00, 0x00, 0x00, 0x00,
    0x00, 0x00, 0x00, 0x00, 0x00, 0x00, 0x00, 0x00, 0x00, 0x00, 0x00, 0x00,
    0x00, 0x00, 0x00, 0x00, 0x00, 0x00, 0x00, 0x00, 0x00, 0x00, 0x00, 0x00,
    0x00, 0x00, 0x00, 0x00, 0x00, 0x00, 0x00, 0x00, 0x00, 0x00, 0x00, 0x00,
    0x00, 0x00, 0x00, 0x00, 0x00, 0x00, 0x00, 0x00, 0x00, 0x00, 0x00, 0x00,
    0x00, 0x00, 0x00, 0x00, 0x00, 0x00, 0x00, 0x00, 0x00, 0x00, 0x00, 0x00,
    0x00, 0x00, 0x00, 0x00, 0x00, 0x00, 0x00, 0x00, 0xce, 0xce, 0xce, 0xe5,
    0xe5, 0xe5, 0x8b, 0x8b, 0x8b, 0xb2, 0xb2, 0xb2, 0xdb, 0xdb, 0xdb, 0xf5,
    0xf5, 0xf5, 0xfe, 0xfe, 0xfe, 0xff, 0xff, 0xff, 0xff, 0xff, 0xff, 0xff,
    0xff, 0xff, 0xff, 0xff, 0xff, 0xff, 0xff, 0xff, 0x00, 0x00, 0xff, 0xff,
    0xff, 0xff, 0xff, 0xff, 0xff, 0xff, 0xff, 0xff, 0xff, 0xff, 0xff, 0xff,
    0xff, 0xff, 0xff, 0xff, 0xf3, 0xf3, 0xf3, 0xf2, 0xf2, 0xf2, 0xc6, 0xc6,
    0xc6, 0x56, 0x56, 0x56, 0x55, 0x55, 0x55, 0x52, 0x52, 0x52, 0x52, 0x52,
    0x52, 0x52, 0x52, 0x52, 0x52, 0x52, 0x52, 0x52, 0x52, 0x52, 0x52, 0x52,
    0x52, 0x52, 0x52, 0x52, 0x52, 0x52, 0x52, 0x52, 0x52, 0x52, 0x52, 0x52,
    0x52, 0x52, 0x52, 0x52, 0x52, 0x52, 0x52, 0x52, 0x52, 0x52, 0x52, 0x52,
    0x52, 0x52, 0x52, 0x52, 0x52, 0x52, 0x52, 0x52, 0x52, 0x52, 0x52, 0x52,
    0x52, 0x52, 0x52, 0x52, 0x52, 0x52, 0x52, 0x52, 0x52, 0x52, 0x52, 0x52,
    0x52, 0x52, 0x52, 0x52, 0x52, 0x52, 0x52, 0x53, 0x53, 0x53, 0x55, 0x55,
    0x55, 0x5b, 0x5b, 0x5b, 0xd7, 0xd7, 0xd7, 0xe4, 0xe4, 0xe4, 0x9d, 0x9d,
    0x9d, 0xc3, 0xc3, 0xc3, 0xe5, 0xe5, 0xe5, 0xf8, 0xf8, 0xf8, 0xfe, 0xfe,
    0xfe, 0xff, 0xff, 0xff, 0xff, 0xff, 0xff, 0xff, 0xff, 0xff, 0xff, 0xff,
    0xff, 0xff, 0xff, 0xff, 0x00, 0x00, 0xff, 0xff, 0xff, 0xff, 0xff, 0xff,
    0xff, 0xff, 0xff, 0xff, 0xff, 0xff, 0xff, 0xff, 0xff, 0xff, 0xff, 0xff,
    0xf8, 0xf8, 0xf8, 0xf5, 0xf5, 0xf5, 0xed, 0xed, 0xed, 0xf2, 0xf2, 0xf2,
    0xfd, 0xfd, 0xfd, 0xff, 0xff, 0xff, 0xff, 0xff, 0xff, 0xff, 0xff, 0xff,
    0xff, 0xff, 0xff, 0xff, 0xff, 0xff, 0xff, 0xff, 0xff, 0xff, 0xff, 0xff,
    0xff, 0xff, 0xff, 0xff, 0xff, 0xff, 0xff, 0xff, 0xff, 0xff, 0xff, 0xff,
    0xff, 0xff, 0xff, 0xff, 0xff, 0xff, 0xff, 0xff, 0xff, 0xff, 0xff, 0xff,
    0xff, 0xff, 0xff, 0xff, 0xff, 0xff, 0xff, 0xff, 0xff, 0xff, 0xff, 0xff,
    0xff, 0xff, 0xff, 0xff, 0xff, 0xff, 0xff, 0xff, 0xff, 0xff, 0xff, 0xff,
    0xff, 0xff, 0xff, 0xff, 0xff, 0xff, 0xfb, 0xfb, 0xfb, 0xf2, 0xf2, 0xf2,
    0xf2, 0xf2, 0xf2, 0xe3, 0xe3, 0xe3, 0xb9, 0xb9, 0xb9, 0xdc, 0xdc, 0xdc,
    0xf1, 0xf1, 0xf1, 0xfc, 0xfc, 0xfc, 0xff, 0xff, 0xff, 0xff, 0xff, 0xff,
    0xff, 0xff, 0xff, 0xff, 0xff, 0xff, 0xff, 0xff, 0xff, 0xff, 0xff, 0xff,
    0x00, 0x00, 0xff, 0xff, 0xff, 0xff, 0xff, 0xff, 0xff, 0xff, 0xff, 0xff,
    0xff, 0xff, 0xff, 0xff, 0xff, 0xff, 0xff, 0xff, 0xfe, 0xfe, 0xfe, 0xf4,
    0xf4, 0xf4, 0xe7, 0xe7, 0xe7, 0xf0, 0xf0, 0xf0, 0xa0, 0xa0, 0xa0, 0x63,
    0x63, 0x63, 0x6b, 0x6b, 0x6b, 0x69, 0x69, 0x69, 0x69, 0x69, 0x69, 0x69,
    0x69, 0x69, 0x69, 0x69, 0x69, 0x69, 0x69, 0x69, 0x69, 0x69, 0x69, 0x69,
    0x69, 0x69, 0x69, 0x69, 0x69, 0x69, 0x69, 0x69, 0x69, 0x69, 0x69, 0x69,
    0x69, 0x69, 0x69, 0x69, 0x69, 0x69, 0x69, 0x69, 0x69, 0x69, 0x69, 0x69,
    0x69, 0x69, 0x69, 0x69, 0x69, 0x69, 0x69, 0x69, 0x69, 0x69, 0x69, 0x69,
    0x69, 0x69, 0x69, 0x69, 0x69, 0x69, 0x69, 0x69, 0x6a, 0x6a, 0x6a, 0x61,
    0x61, 0x61, 0xb0, 0xb0, 0xb0, 0xf1, 0xf1, 0xf1, 0xdb, 0xdb, 0xdb, 0xc3,
    0xc3, 0xc3, 0xd5, 0xd5, 0xd5, 0xee, 0xee, 0xee, 0xfa, 0xfa, 0xfa, 0xfe,
    0xfe, 0xfe, 0xff, 0xff, 0xff, 0xff, 0xff, 0xff, 0xff, 0xff, 0xff, 0xff,
    0xff, 0xff, 0xff, 0xff, 0xff, 0xff, 0xff, 0xff, 0x00, 0x00, 0xff, 0xff,
    0xff, 0xff, 0xff, 0xff, 0xff, 0xff, 0xff, 0xff, 0xff, 0xff, 0xff, 0xff,
    0xff, 0xff, 0xff, 0xff, 0xff, 0xff, 0xff, 0xff, 0xff, 0xff, 0xf1, 0xf1,
    0xf1, 0xfa, 0xfa, 0xfa, 0xc8, 0xc8, 0xc8, 0x00, 0x00, 0x00, 0x00, 0x00,
    0x00, 0x00, 0x00, 0x00, 0x00, 0x00, 0x00, 0x00, 0x00, 0x00, 0x00, 0x00,
    0x00, 0x00, 0x00, 0x00, 0x00, 0x00, 0x00, 0x00, 0x00, 0x00, 0x00, 0x00,
    0x00, 0x00, 0x00, 0x00, 0x00, 0x00, 0x00, 0x00, 0x00, 0x00, 0x00, 0x00,
    0x00, 0x00, 0x00, 0x00, 0x00, 0x00, 0x00, 0x00, 0x00, 0x00, 0x00, 0x00,
    0x00, 0x00, 0x00, 0x00, 0x00, 0x00, 0x00, 0x00, 0x00, 0x00, 0x00, 0x00,
    0x00, 0x00, 0x00, 0x00, 0x00, 0x00, 0x00, 0x14, 0x14, 0x14, 0xdb, 0xdb,
    0xdb, 0xee, 0xee, 0xee, 0xa4, 0xa4, 0xa4, 0xd0, 0xd0, 0xd0, 0xe7, 0xe7,
    0xe7, 0xf8, 0xf8, 0xf8, 0xfe, 0xfe, 0xfe, 0xff, 0xff, 0xff, 0xff, 0xff,
    0xff, 0xff, 0xff, 0xff, 0xff, 0xff, 0xff, 0xff, 0xff, 0xff, 0xff, 0xff,
    0xff, 0xff, 0xff, 0xff, 0x00, 0x00, 0xff, 0xff, 0xff, 0xff, 0xff, 0xff,
    0xff, 0xff, 0xff, 0xff, 0xff, 0xff, 0xff, 0xff, 0xff, 0xff, 0xff, 0xff,
    0xff, 0xff, 0xff, 0xfe, 0xfe, 0xfe, 0xff, 0xff, 0xff, 0xe7, 0xe7, 0xe7,
    0xff, 0xff, 0xff, 0xa5, 0xa5, 0xa5, 0x5b, 0x5b, 0x5b, 0x5e, 0x5e, 0x5e,
    0x5b, 0x5b, 0x5b, 0x5b, 0x5b, 0x5b, 0x5b, 0x5b, 0x5b, 0x5b, 0x5b, 0x5b,
    0x5b, 0x5b, 0x5b, 0x5b, 0x5b, 0x5b, 0x5b, 0x5b, 0x5b, 0x5b, 0x5b, 0x5b,
    0x5b, 0x5b, 0x5b, 0x5b, 0x5b, 0x5b, 0x5b, 0x5b, 0x5b, 0x5b, 0x5b, 0x5b,
    0x5b, 0x5b, 0x5b, 0x5b, 0x5b, 0x5b, 0x5b, 0x5b, 0x5b, 0x5b, 0x5b, 0x5b,
    0x5b, 0x5b, 0x5b, 0x5b, 0x5b, 0x5b, 0x5b, 0x5b, 0x5b, 0x5d, 0x5d, 0x5d,
    0x5b, 0x5b, 0x5b, 0xbb, 0xbb, 0xbb, 0xff, 0xff, 0xff, 0xae, 0xae, 0xae,
    0xa8, 0xa8, 0xa8, 0xd2, 0xd2, 0xd2, 0xf0, 0xf0, 0xf0, 0xfc, 0xfc, 0xfc,
    0xff, 0xff, 0xff, 0xff, 0xff, 0xff, 0xff, 0xff, 0xff, 0xff, 0xff, 0xff,
    0xff, 0xff, 0xff, 0xff, 0xff, 0xff, 0xff, 0xff, 0xff, 0xff, 0xff, 0xff,
    0x00, 0x00, 0xff, 0xff, 0xff, 0xff, 0xff, 0xff, 0xff, 0xff, 0xff, 0xff,
    0xff, 0xff, 0xff, 0xff, 0xff, 0xff, 0xff, 0xff, 0xff, 0xff, 0xff, 0xff,
    0xff, 0xff, 0xff, 0xff, 0xff, 0xf2, 0xf2, 0xf2, 0xec, 0xec, 0xec, 0xf2,
    0xf2, 0xf2, 0xff, 0xff, 0xff, 0xff, 0xff, 0xff, 0xff, 0xff, 0xff, 0xff,
    0xff, 0xff, 0xff, 0xff, 0xff, 0xff, 0xff, 0xff, 0xff, 0xff, 0xff, 0xff,
    0xff, 0xff, 0xff, 0xff, 0xff, 0xff, 0xff, 0xff, 0xff, 0xff, 0xff, 0xff,
    0xff, 0xff, 0xff, 0xff, 0xff, 0xff, 0xff, 0xff, 0xff, 0xff, 0xff, 0xff,
    0xff, 0xff, 0xff, 0xff, 0xff, 0xff, 0xff, 0xff, 0xff, 0xff, 0xff, 0xff,
    0xff, 0xff, 0xff, 0xff, 0xff, 0xff, 0xff, 0xff, 0xff, 0xff, 0xff, 0xf0,
    0xf0, 0xf0, 0xdf, 0xdf, 0xdf, 0x86, 0x86, 0x86, 0xa9, 0xa9, 0xa9, 0xd5,
    0xd5, 0xd5, 0xf3, 0xf3, 0xf3, 0xfd, 0xfd, 0xfd, 0xff, 0xff, 0xff, 0xff,
    0xff, 0xff, 0xff, 0xff, 0xff, 0xff, 0xff, 0xff, 0xff, 0xff, 0xff, 0xff,
    0xff, 0xff, 0xff, 0xff, 0xff, 0xff, 0xff, 0xff, 0x00, 0x00, 0xff, 0xff,
    0xff, 0xff, 0xff, 0xff, 0xff, 0xff, 0xff, 0xff, 0xff, 0xff, 0xff, 0xff,
    0xff, 0xff, 0xff, 0xff, 0xff, 0xff, 0xff, 0xfe, 0xfe, 0xfe, 0xff, 0xff,
    0xff, 0xf1, 0xf1, 0xf1, 0xf4, 0xf4, 0xf4, 0xc4, 0xc4, 0xc4, 0x5d, 0x5d,
    0x5d, 0x5f, 0x5f, 0x5f, 0x5e, 0x5e, 0x5e, 0x5e, 0x5e, 0x5e, 0x5e, 0x5e,
    0x5e, 0x5e, 0x5e, 0x5e, 0x5e, 0x5e, 0x5e, 0x5e, 0x5e, 0x5e, 0x5e, 0x5e,
    0x5e, 0x5e, 0x5e, 0x5e, 0x5e, 0x5e, 0x5e, 0x5e, 0x5e, 0x5e, 0x5e, 0x5e,
    0x5e, 0x5e, 0x5e, 0x5e, 0x5e, 0x5e, 0x5e, 0x5e, 0x5e, 0x5e, 0x5e, 0x5e,
    0x5e, 0x5e, 0x5e, 0x5e, 0x5e, 0x5e, 0x5e, 0x5e, 0x5e, 0x5e, 0x5e, 0x5e,
    0x5e, 0x5e, 0x5e, 0x5e, 0x60, 0x60, 0x60, 0xd7, 0xd7, 0xd7, 0xe4, 0xe4,
    0xe4, 0x84, 0x84, 0x84, 0xa9, 0xa9, 0xa9, 0xd6, 0xd6, 0xd6, 0xf3, 0xf3,
    0xf3, 0xfd, 0xfd, 0xfd, 0xff, 0xff, 0xff, 0xff, 0xff, 0xff, 0xff, 0xff,
    0xff, 0xff, 0xff, 0xff, 0xff, 0xff, 0xff, 0xff, 0xff, 0xff, 0xff, 0xff,
    0xff, 0xff, 0xff, 0xff, 0x00, 0x00, 0xff, 0xff, 0xff, 0xff, 0xff, 0xff,
    0xff, 0xff, 0xff, 0xff, 0xff, 0xff, 0xff, 0xff, 0xff, 0xff, 0xff, 0xff,
    0xff, 0xff, 0xff, 0xfe, 0xfe, 0xfe, 0xff, 0xff, 0xff, 0xef, 0xef, 0xef,
    0xfa, 0xfa, 0xfa, 0xab, 0xab, 0xab, 0x00, 0x00, 0x00, 0x00, 0x00, 0x00,
    0x00, 0x00, 0x00, 0x00, 0x00, 0x00, 0x00, 0x00, 0x00, 0x00, 0x00, 0x00,
    0x00, 0x00, 0x00, 0x00, 0x00, 0x00, 0x00, 0x00, 0x00, 0x00, 0x00, 0x00,
    0x00, 0x00, 0x00, 0x00, 0x00, 0x00, 0x00, 0x00, 0x00, 0x00, 0x00, 0x00,
    0x00, 0x00, 0x00, 0x00, 0x00, 0x00, 0x00, 0x00, 0x00, 0x00, 0x00, 0x00,
    0x00, 0x00, 0x00, 0x00, 0x00, 0x00, 0x00, 0x00, 0x00, 0x00, 0x00, 0x00,
    0x00, 0x00, 0x00, 0xcb, 0xcb, 0xcb, 0xe8, 0xe8, 0xe8, 0x84, 0x84, 0x84,
    0xa9, 0xa9, 0xa9, 0xd6, 0xd6, 0xd6, 0xf3, 0xf3, 0xf3, 0xfd, 0xfd, 0xfd,
    0xff, 0xff, 0xff, 0xff, 0xff, 0xff, 0xff, 0xff, 0xff, 0xff, 0xff, 0xff,
    0xff, 0xff, 0xff, 0xff, 0xff, 0xff, 0xff, 0xff, 0xff, 0xff, 0xff, 0xff,
    0x00, 0x00, 0xff, 0xff, 0xff, 0xff, 0xff, 0xff, 0xff, 0xff, 0xff, 0xff,
    0xff, 0xff, 0xff, 0xff, 0xff, 0xff, 0xff, 0xff, 0xff, 0xff, 0xff, 0xfe,
    0xfe, 0xfe, 0xff, 0xff, 0xff, 0xef, 0xef, 0xef, 0xf9, 0xf9, 0xf9, 0xb0,
    0xb0, 0xb0, 0x04, 0x04, 0x04, 0x06, 0x06, 0x06, 0x04, 0x04, 0x04, 0x04,
    0x04, 0x04, 0x04, 0x04, 0x04, 0x04, 0x04, 0x04, 0x04, 0x04, 0x04, 0x04,
    0x04, 0x04, 0x04, 0x04, 0x04, 0x04, 0x04, 0x04, 0x04, 0x04, 0x04, 0x04,
    0x04, 0x04, 0x04, 0x04, 0x04, 0x04, 0x04, 0x04, 0x04, 0x04, 0x04, 0x04,
    0x04, 0x04, 0x04, 0x04, 0x04, 0x04, 0x04, 0x04, 0x04, 0x04, 0x04, 0x04,
    0x04, 0x04, 0x05, 0x05, 0x05, 0x04, 0x04, 0x04, 0x09, 0x09, 0x09, 0xcd,
    0xcd, 0xcd, 0xe7, 0xe7, 0xe7, 0x84, 0x84, 0x84, 0xa9, 0xa9, 0xa9, 0xd6,
    0xd6, 0xd6, 0xf3, 0xf3, 0xf3, 0xfd, 0xfd, 0xfd, 0xff, 0xff, 0xff, 0xff,
    0xff, 0xff, 0xff, 0xff, 0xff, 0xff, 0xff, 0xff, 0xff, 0xff, 0xff, 0xff,
    0xff, 0xff, 0xff, 0xff, 0xff, 0xff, 0xff, 0xff, 0x00, 0x00, 0xff, 0xff,
    0xff, 0xff, 0xff, 0xff, 0xff, 0xff, 0xff, 0xff, 0xff, 0xff, 0xff, 0xff,
    0xff, 0xff, 0xff, 0xff, 0xff, 0xff, 0xff, 0xfe, 0xfe, 0xfe, 0xff, 0xff,
    0xff, 0xef, 0xef, 0xef, 0xf9, 0xf9, 0xf9, 0xaf, 0xaf, 0xaf, 0x00, 0x00,
    0x00, 0x02, 0x02, 0x02, 0x00, 0x00, 0x00, 0x00, 0x00, 0x00, 0x00, 0x00,
    0x00, 0x00, 0x00, 0x00, 0x00, 0x00, 0x00, 0x00, 0x00, 0x00, 0x00, 0x00,
    0x00, 0x00, 0x00, 0x00, 0x00, 0x00, 0x00, 0x00, 0x00, 0x00, 0x00, 0x00,
    0x00, 0x00, 0x00, 0x00, 0x00, 0x00, 0x00, 0x00, 0x00, 0x00, 0x00, 0x00,
    0x00, 0x00, 0x00, 0x00, 0x00, 0x00, 0x00, 0x00, 0x00, 0x00, 0x01, 0x01,
    0x01, 0x00, 0x00, 0x00, 0x05, 0x05, 0x05, 0xcd, 0xcd, 0xcd, 0xe7, 0xe7,
    0xe7, 0x84, 0x84, 0x84, 0xa9, 0xa9, 0xa9, 0xd6, 0xd6, 0xd6, 0xf3, 0xf3,
    0xf3, 0xfd, 0xfd, 0xfd, 0xff, 0xff, 0xff, 0xff, 0xff, 0xff, 0xff, 0xff,
    0xff, 0xff, 0xff, 0xff, 0xff, 0xff, 0xff, 0xff, 0xff, 0xff, 0xff, 0xff,
    0xff, 0xff, 0xff, 0xff, 0x00, 0x00, 0xff, 0xff, 0xff, 0xff, 0xff, 0xff,
    0xff, 0xff, 0xff, 0xff, 0xff, 0xff, 0xff, 0xff, 0xff, 0xff, 0xff, 0xff,
    0xff, 0xff, 0xff, 0xfe, 0xfe, 0xfe, 0xff, 0xff, 0xff, 0xef, 0xef, 0xef,
    0xf9, 0xf9, 0xf9, 0xaf, 0xaf, 0xaf, 0x00, 0x00, 0x00, 0x02, 0x02, 0x02,
    0x00, 0x00, 0x00, 0x00, 0x00, 0x00, 0x00, 0x00, 0x00, 0x00, 0x00, 0x00,
    0x00, 0x00, 0x00, 0x00, 0x00, 0x00, 0x00, 0x00, 0x00, 0x00, 0x00, 0x00,
    0x00, 0x00, 0x00, 0x00, 0x00, 0x00, 0x00, 0x00, 0x00, 0x00, 0x00, 0x00,
    0x00, 0x00, 0x00, 0x00, 0x00, 0x00, 0x00, 0x00, 0x00, 0x00, 0x00, 0x00,
    0x00, 0x00, 0x00, 0x00, 0x00, 0x00, 0x01, 0x01, 0x01, 0x00, 0x00, 0x00,
    0x05, 0x05, 0x05, 0xcd, 0xcd, 0xcd, 0xe7, 0xe7, 0xe7, 0x84, 0x84, 0x84,
    0xa9, 0xa9, 0xa9, 0xd6, 0xd6, 0xd6, 0xf3, 0xf3, 0xf3, 0xfd, 0xfd, 0xfd,
    0xff, 0xff, 0xff, 0xff, 0xff, 0xff, 0xff, 0xff, 0xff, 0xff, 0xff, 0xff,
    0xff, 0xff, 0xff, 0xff, 0xff, 0xff, 0xff, 0xff, 0xff, 0xff, 0xff, 0xff,
    0x00, 0x00, 0xff, 0xff, 0xff, 0xff, 0xff, 0xff, 0xff, 0xff, 0xff, 0xff,
    0xff, 0xff, 0xff, 0xff, 0xff, 0xff, 0xff, 0xff, 0xff, 0xff, 0xff, 0xfe,
    0xfe, 0xfe, 0xff, 0xff, 0xff, 0xef, 0xef, 0xef, 0xf9, 0xf9, 0xf9, 0xaf,
    0xaf, 0xaf, 0x00, 0x00, 0x00, 0x02, 0x02, 0x02, 0x00, 0x00, 0x00, 0x00,
    0x00, 0x00, 0x00, 0x00, 0x00, 0x00, 0x00, 0x00, 0x00, 0x00, 0x00, 0x00,
    0x00, 0x00, 0x00, 0x00, 0x00, 0x00, 0x00, 0x00, 0x00, 0x00, 0x00, 0x00,
    0x00, 0x00, 0x00, 0x00, 0x00, 0x00, 0x00, 0x00, 0x00, 0x00, 0x00, 0x00,
    0x00, 0x00, 0x00, 0x00, 0x00, 0x00, 0x00, 0x00, 0x00, 0x00, 0x00, 0x00,
    0x00, 0x00, 0x01, 0x01, 0x01, 0x00, 0x00, 0x00, 0x05, 0x05, 0x05, 0xcd,
    0xcd, 0xcd, 0xe7, 0xe7, 0xe7, 0x84, 0x84, 0x84, 0xa9, 0xa9, 0xa9, 0xd6,
    0xd6, 0xd6, 0xf3, 0xf3, 0xf3, 0xfd, 0xfd, 0xfd, 0xff, 0xff, 0xff, 0xff,
    0xff, 0xff, 0xff, 0xff, 0xff, 0xff, 0xff, 0xff, 0xff, 0xff, 0xff, 0xff,
    0xff, 0xff, 0xff, 0xff, 0xff, 0xff, 0xff, 0xff, 0x00, 0x00, 0xff, 0xff,
    0xff, 0xff, 0xff, 0xff, 0xff, 0xff, 0xff, 0xff, 0xff, 0xff, 0xff, 0xff,
    0xff, 0xff, 0xff, 0xff, 0xff, 0xff, 0xff, 0xfe, 0xfe, 0xfe, 0xff, 0xff,
    0xff, 0xef, 0xef, 0xef, 0xf9, 0xf9, 0xf9, 0xaf, 0xaf, 0xaf, 0x00, 0x00,
    0x00, 0x02, 0x02, 0x02, 0x00, 0x00, 0x00, 0x00, 0x00, 0x00, 0x00, 0x00,
    0x00, 0x00, 0x00, 0x00, 0x00, 0x00, 0x00, 0x00, 0x00, 0x00, 0x00, 0x00,
    0x00, 0x00, 0x00, 0x00, 0x00, 0x00, 0x00, 0x00, 0x00, 0x00, 0x00, 0x00,
    0x00, 0x00, 0x00, 0x00, 0x00, 0x00, 0x00, 0x00, 0x00, 0x00, 0x00, 0x00,
    0x00, 0x00, 0x00, 0x00, 0x00, 0x00, 0x00, 0x00, 0x00, 0x00, 0x01, 0x01,
    0x01, 0x00, 0x00, 0x00, 0x05, 0x05, 0x05, 0xcd, 0xcd, 0xcd, 0xe7, 0xe7,
    0xe7, 0x84, 0x84, 0x84, 0xa9, 0xa9, 0xa9, 0xd6, 0xd6, 0xd6, 0xf3, 0xf3,
    0xf3, 0xfd, 0xfd, 0xfd, 0xff, 0xff, 0xff, 0xff, 0xff, 0xff, 0xff, 0xff,
    0xff, 0xff, 0xff, 0xff, 0xff, 0xff, 0xff, 0xff, 0xff, 0xff, 0xff, 0xff,
    0xff, 0xff, 0xff, 0xff, 0x00, 0x00, 0xff, 0xff, 0xff, 0xff, 0xff, 0xff,
    0xff, 0xff, 0xff, 0xff, 0xff, 0xff, 0xff, 0xff, 0xff, 0xff, 0xff, 0xff,
    0xff, 0xff, 0xff, 0xfe, 0xfe, 0xfe, 0xff, 0xff, 0xff, 0xef, 0xef, 0xef,
    0xf9, 0xf9, 0xf9, 0xaf, 0xaf, 0xaf, 0x00, 0x00, 0x00, 0x02, 0x02, 0x02,
    0x00, 0x00, 0x00, 0x00, 0x00, 0x00, 0x00, 0x00, 0x00, 0x00, 0x00, 0x00,
    0x00, 0x00, 0x00, 0x00, 0x00, 0x00, 0x00, 0x00, 0x00, 0x00, 0x00, 0x00,
    0x00, 0x00, 0x00, 0x00, 0x00, 0x00, 0x00, 0x00, 0x00, 0x00, 0x00, 0x00,
    0x00, 0x00, 0x00, 0x00, 0x00, 0x00, 0x00, 0x00, 0x00, 0x00, 0x00, 0x00,
    0x00, 0x00, 0x00, 0x00, 0x00, 0x00, 0x01, 0x01, 0x01, 0x00, 0x00, 0x00,
    0x05, 0x05, 0x05, 0xcd, 0xcd, 0xcd, 0xe7, 0xe7, 0xe7, 0x84, 0x84, 0x84,
    0xa9, 0xa9, 0xa9, 0xd6, 0xd6, 0xd6, 0xf3, 0xf3, 0xf3, 0xfd, 0xfd, 0xfd,
    0xff, 0xff, 0xff, 0xff, 0xff, 0xff, 0xff, 0xff, 0xff, 0xff, 0xff, 0xff,
    0xff, 0xff, 0xff, 0xff, 0xff, 0xff, 0xff, 0xff, 0xff, 0xff, 0xff, 0xff,
    0x00, 0x00, 0xff, 0xff, 0xff, 0xff, 0xff, 0xff, 0xff, 0xff, 0xff, 0xff,
    0xff, 0xff, 0xff, 0xff, 0xff, 0xff, 0xff, 0xff, 0xff, 0xff, 0xff, 0xfe,
    0xfe, 0xfe, 0xff, 0xff, 0xff, 0xef, 0xef, 0xef, 0xf9, 0xf9, 0xf9, 0xaf,
    0xaf, 0xaf, 0x00, 0x00, 0x00, 0x02, 0x02, 0x02, 0x00, 0x00, 0x00, 0x00,
    0x00, 0x00, 0x00, 0x00, 0x00, 0x00, 0x00, 0x00, 0x00, 0x00, 0x00, 0x00,
    0x00, 0x00, 0x00, 0x00, 0x00, 0x00, 0x00, 0x00, 0x00, 0x00, 0x00, 0x00,
    0x00, 0x00, 0x00, 0x00, 0x00, 0x00, 0x00, 0x00, 0x00, 0x00, 0x00, 0x00,
    0x00, 0x00, 0x00, 0x00, 0x00, 0x00, 0x00, 0x00, 0x00, 0x00, 0x00, 0x00,
    0x00, 0x00, 0x01, 0x01, 0x01, 0x00, 0x00, 0x00, 0x05, 0x05, 0x05, 0xcd,
    0xcd, 0xcd, 0xe7, 0xe7, 0xe7, 0x84, 0x84, 0x84, 0xa9, 0xa9, 0xa9, 0xd6,
    0xd6, 0xd6, 0xf3, 0xf3, 0xf3, 0xfd, 0xfd, 0xfd, 0xff, 0xff, 0xff, 0xff,
    0xff, 0xff, 0xff, 0xff, 0xff, 0xff, 0xff, 0xff, 0xff, 0xff, 0xff, 0xff,
    0xff, 0xff, 0xff, 0xff, 0xff, 0xff, 0xff, 0xff, 0x00, 0x00, 0xff, 0xff,
    0xff, 0xff, 0xff, 0xff, 0xff, 0xff, 0xff, 0xff, 0xff, 0xff, 0xff, 0xff,
    0xff, 0xff, 0xff, 0xff, 0xff, 0xff, 0xff, 0xfe, 0xfe, 0xfe, 0xff, 0xff,
    0xff, 0xef, 0xef, 0xef, 0xf9, 0xf9, 0xf9, 0xaf, 0xaf, 0xaf, 0x00, 0x00,
    0x00, 0x02, 0x02, 0x02, 0x00, 0x00, 0x00, 0x00, 0x00, 0x00, 0x00, 0x00,
    0x00, 0x00, 0x00, 0x00, 0x00, 0x00, 0x00, 0x00, 0x00, 0x00, 0x00, 0x00,
    0x00, 0x00, 0x00, 0x00, 0x00, 0x00, 0x00, 0x00, 0x00, 0x00, 0x00, 0x00,
    0x00, 0x00, 0x00, 0x00, 0x00, 0x00, 0x00, 0x00, 0x00, 0x00, 0x00, 0x00,
    0x00, 0x00, 0x00, 0x00, 0x00, 0x00, 0x00, 0x00, 0x00, 0x00, 0x01, 0x01,
    0x01, 0x00, 0x00, 0x00, 0x05, 0x05, 0x05, 0xcd, 0xcd, 0xcd, 0xe7, 0xe7,
    0xe7, 0x84, 0x84, 0x84, 0xa9, 0xa9, 0xa9, 0xd6, 0xd6, 0xd6, 0xf3, 0xf3,
    0xf3, 0xfd, 0xfd, 0xfd, 0xff, 0xff, 0xff, 0xff, 0xff, 0xff, 0xff, 0xff,
    0xff, 0xff, 0xff, 0xff, 0xff, 0xff, 0xff, 0xff, 0xff, 0xff, 0xff, 0xff,
    0xff, 0xff, 0xff, 0xff, 0x00, 0x00, 0xff, 0xff, 0xff, 0xff, 0xff, 0xff,
    0xff, 0xff, 0xff, 0xff, 0xff, 0xff, 0xff, 0xff, 0xff, 0xff, 0xff, 0xff,
    0xff, 0xff, 0xff, 0xfe, 0xfe, 0xfe, 0xff, 0xff, 0xff, 0xef, 0xef, 0xef,
    0xf9, 0xf9, 0xf9, 0xaf, 0xaf, 0xaf, 0x00, 0x00, 0x00, 0x02, 0x02, 0x02,
    0x00, 0x00, 0x00, 0x00, 0x00, 0x00, 0x00, 0x00, 0x00, 0x00, 0x00, 0x00,
    0x00, 0x00, 0x00, 0x00, 0x00, 0x00, 0x00, 0x00, 0x00, 0x00, 0x00, 0x00,
    0x00, 0x00, 0x00, 0x00, 0x00, 0x00, 0x00, 0x00, 0x00, 0x00, 0x00, 0x00,
    0x00, 0x00, 0x00, 0x00, 0x00, 0x00, 0x00, 0x00, 0x00, 0x00, 0x00, 0x00,
    0x00, 0x00, 0x00, 0x00, 0x00, 0x00, 0x01, 0x01, 0x01, 0x00, 0x00, 0x00,
    0x05, 0x05, 0x05, 0xcd, 0xcd, 0xcd, 0xe7, 0xe7, 0xe7, 0x84, 0x84, 0x84,
    0xa9, 0xa9, 0xa9, 0xd6, 0xd6, 0xd6, 0xf3, 0xf3, 0xf3, 0xfd, 0xfd, 0xfd,
    0xff, 0xff, 0xff, 0xff, 0xff, 0xff, 0xff, 0xff, 0xff, 0xff, 0xff, 0xff,
    0xff, 0xff, 0xff, 0xff, 0xff, 0xff, 0xff, 0xff, 0xff, 0xff, 0xff, 0xff,
    0x00, 0x00, 0xff, 0xff, 0xff, 0xff, 0xff, 0xff, 0xff, 0xff, 0xff, 0xff,
    0xff, 0xff, 0xff, 0xff, 0xff, 0xff, 0xff, 0xff, 0xff, 0xff, 0xff, 0xfe,
    0xfe, 0xfe, 0xff, 0xff, 0xff, 0xef, 0xef, 0xef, 0xf9, 0xf9, 0xf9, 0xaf,
    0xaf, 0xaf, 0x00, 0x00, 0x00, 0x02, 0x02, 0x02, 0x00, 0x00, 0x00, 0x00,
    0x00, 0x00, 0x00, 0x00, 0x00, 0x00, 0x00, 0x00, 0x00, 0x00, 0x00, 0x00,
    0x00, 0x00, 0x00, 0x00, 0x00, 0x00, 0x00, 0x00, 0x00, 0x00, 0x00, 0x00,
    0x00, 0x00, 0x00, 0x00, 0x00, 0x00, 0x00, 0x00, 0x00, 0x00, 0x00, 0x00,
    0x00, 0x00, 0x00, 0x00, 0x00, 0x00, 0x00, 0x00, 0x00, 0x00, 0x00, 0x00,
    0x00, 0x00, 0x01, 0x01, 0x01, 0x00, 0x00, 0x00, 0x05, 0x05, 0x05, 0xcd,
    0xcd, 0xcd, 0xe7, 0xe7, 0xe7, 0x84, 0x84, 0x84, 0xa9, 0xa9, 0xa9, 0xd6,
    0xd6, 0xd6, 0xf3, 0xf3, 0xf3, 0xfd, 0xfd, 0xfd, 0xff, 0xff, 0xff, 0xff,
    0xff, 0xff, 0xff, 0xff, 0xff, 0xff, 0xff, 0xff, 0xff, 0xff, 0xff, 0xff,
    0xff, 0xff, 0xff, 0xff, 0xff, 0xff, 0xff, 0xff, 0x00, 0x00, 0xff, 0xff,
    0xff, 0xff, 0xff, 0xff, 0xff, 0xff, 0xff, 0xff, 0xff, 0xff, 0xff, 0xff,
    0xff, 0xff, 0xff, 0xff, 0xff, 0xff, 0xff, 0xfe, 0xfe, 0xfe, 0xff, 0xff,
    0xff, 0xee, 0xee, 0xee, 0xf9, 0xf9, 0xf9, 0xaf, 0xaf, 0xaf, 0x01, 0x01,
    0x01, 0x03, 0x03, 0x03, 0x01, 0x01, 0x01, 0x01, 0x01, 0x01, 0x01, 0x01,
    0x01, 0x01, 0x01, 0x01, 0x01, 0x01, 0x01, 0x01, 0x01, 0x01, 0x01, 0x01,
    0x01, 0x01, 0x01, 0x01, 0x01, 0x01, 0x01, 0x01, 0x01, 0x01, 0x01, 0x01,
    0x01, 0x01, 0x01, 0x01, 0x01, 0x01, 0x01, 0x01, 0x01, 0x01, 0x01, 0x01,
    0x01, 0x01, 0x01, 0x01, 0x01, 0x01, 0x01, 0x01, 0x01, 0x01, 0x02, 0x02,
    0x02, 0x01, 0x01, 0x01, 0x06, 0x06, 0x06, 0xcd, 0xcd, 0xcd, 0xe7, 0xe7,
    0xe7, 0x84, 0x84, 0x84, 0xa7, 0xa7, 0xa7, 0xd4, 0xd4, 0xd4, 0xf2, 0xf2,
    0xf2, 0xfd, 0xfd, 0xfd, 0xff, 0xff, 0xff, 0xff, 0xff, 0xff, 0xff, 0xff,
    0xff, 0xff, 0xff, 0xff, 0xff, 0xff, 0xff, 0xff, 0xff, 0xff, 0xff, 0xff,
    0xff, 0xff, 0xff, 0xff, 0x00, 0x00, 0xff, 0xff, 0xff, 0xff, 0xff, 0xff,
    0xff, 0xff, 0xff, 0xff, 0xff, 0xff, 0xff, 0xff, 0xff, 0xff, 0xff, 0xff,
    0xff, 0xff, 0xff, 0xfe, 0xfe, 0xfe, 0xff, 0xff, 0xff, 0xea, 0xea, 0xea,
    0xf9, 0xf9, 0xf9, 0xaf, 0xaf, 0xaf, 0x00, 0x00, 0x00, 0x01, 0x01, 0x01,
    0x00, 0x00, 0x00, 0x00, 0x00, 0x00, 0x00, 0x00, 0x00, 0x00, 0x00, 0x00,
    0x00, 0x00, 0x00, 0x00, 0x00, 0x00, 0x00, 0x00, 0x00, 0x00, 0x00, 0x00,
    0x00, 0x00, 0x00, 0x00, 0x00, 0x00, 0x00, 0x00, 0x00, 0x00, 0x00, 0x00,
    0x00, 0x00, 0x00, 0x00, 0x00, 0x00, 0x00, 0x00, 0x00, 0x00, 0x00, 0x00,
    0x00, 0x00, 0x00, 0x00, 0x00, 0x00, 0x00, 0x00, 0x00, 0x00, 0x00, 0x00,
    0x04, 0x04, 0x04, 0xcd, 0xcd, 0xcd, 0xe7, 0xe7, 0xe7, 0x81, 0x81, 0x81,
    0x9f, 0x9f, 0x9f, 0xcc, 0xcc, 0xcc, 0xec, 0xec, 0xec, 0xfb, 0xfb, 0xfb,
    0xfe, 0xfe, 0xfe, 0xff, 0xff, 0xff, 0xff, 0xff, 0xff, 0xff, 0xff, 0xff,
    0xff, 0xff, 0xff, 0xff, 0xff, 0xff, 0xff, 0xff, 0xff, 0xff, 0xff, 0xff,
    0x00, 0x00, 0xff, 0xff, 0xff, 0xff, 0xff, 0xff, 0xff, 0xff, 0xff, 0xff,
    0xff, 0xff, 0xff, 0xff, 0xff, 0xff, 0xff, 0xff, 0xfe, 0xfe, 0xfe, 0xfb,
    0xfb, 0xfb, 0xfb, 0xfb, 0xfb, 0xdc, 0xdc, 0xdc, 0xf8, 0xf8, 0xf8, 0xaf,
    0xaf, 0xaf, 0x02, 0x02, 0x02, 0x04, 0x04, 0x04, 0x02, 0x02, 0x02, 0x02,
    0x02, 0x02, 0x02, 0x02, 0x02, 0x02, 0x02, 0x02, 0x02, 0x02, 0x02, 0x02,
    0x02, 0x02, 0x02, 0x02, 0x02, 0x02, 0x02, 0x02, 0x02, 0x02, 0x02, 0x02,
    0x02, 0x02, 0x02, 0x02, 0x02, 0x02, 0x02, 0x02, 0x02, 0x02, 0x02, 0x02,
    0x02, 0x02, 0x02, 0x02, 0x02, 0x02, 0x02, 0x02, 0x02, 0x02, 0x02, 0x02,
    0x02, 0x02, 0x03, 0x03, 0x03, 0x02, 0x02, 0x02, 0x07, 0x07, 0x07, 0xcd,
    0xcd, 0xcd, 0xe5, 0xe5, 0xe5, 0x76, 0x76, 0x76, 0x8f, 0x8f, 0x8f, 0xb6,
    0xb6, 0xb6, 0xdb, 0xdb, 0xdb, 0xf1, 0xf1, 0xf1, 0xfb, 0xfb, 0xfb, 0xfe,
    0xfe, 0xfe, 0xff, 0xff, 0xff, 0xff, 0xff, 0xff, 0xff, 0xff, 0xff, 0xff,
    0xff, 0xff, 0xff, 0xff, 0xff, 0xff, 0xff, 0xff, 0x00, 0x00, 0xff, 0xff,
    0xff, 0xff, 0xff, 0xff, 0xff, 0xff, 0xff, 0xff, 0xff, 0xff, 0xff, 0xff,
    0xff, 0xfe, 0xfe, 0xfe, 0xfb, 0xfb, 0xfb, 0xf1, 0xf1, 0xf1, 0xeb, 0xeb,
    0xeb, 0xc9, 0xc9, 0xc9, 0xf0, 0xf0, 0xf0, 0xe4, 0xe4, 0xe4, 0xce, 0xce,
    0xce, 0xcf, 0xcf, 0xcf, 0xce, 0xce, 0xce, 0xce, 0xce, 0xce, 0xce, 0xce,
    0xce, 0xce, 0xce, 0xce, 0xce, 0xce, 0xce, 0xce, 0xce, 0xce, 0xce, 0xce,
    0xce, 0xce, 0xce, 0xce, 0xce, 0xce, 0xce, 0xce, 0xce, 0xce, 0xce, 0xce,
    0xce, 0xce, 0xce, 0xce, 0xce, 0xce, 0xce, 0xce, 0xce, 0xce, 0xce, 0xce,
    0xce, 0xce, 0xce, 0xce, 0xce, 0xce, 0xce, 0xce, 0xce, 0xce, 0xcf, 0xcf,
    0xcf, 0xce, 0xce, 0xce, 0xcf, 0xcf, 0xcf, 0xe8, 0xe8, 0xe8, 0xe5, 0xe5,
    0xe5, 0x77, 0x77, 0x77, 0x7c, 0x7c, 0x7c, 0x98, 0x98, 0x98, 0xbb, 0xbb,
    0xbb, 0xdc, 0xdc, 0xdc, 0xf1, 0xf1, 0xf1, 0xfb, 0xfb, 0xfb, 0xfe, 0xfe,
    0xfe, 0xff, 0xff, 0xff, 0xff, 0xff, 0xff, 0xff, 0xff, 0xff, 0xff, 0xff,
    0xff, 0xff, 0xff, 0xff, 0x00, 0x00, 0xff, 0xff, 0xff, 0xff, 0xff, 0xff,
    0xff, 0xff, 0xff, 0xff, 0xff, 0xff, 0xff, 0xff, 0xff, 0xfb, 0xfb, 0xfb,
    0xf1, 0xf1, 0xf1, 0xe6, 0xe6, 0xe6, 0xc7, 0xc7, 0xc7, 0xe6, 0xe6, 0xe6,
    0xf3, 0xf3, 0xf3, 0xce, 0xce, 0xce, 0xd1, 0xd1, 0xd1, 0xd1, 0xd1, 0xd1,
    0xd1, 0xd1, 0xd1, 0xd1, 0xd1, 0xd1, 0xd1, 0xd1, 0xd1, 0xd1, 0xd1, 0xd1,
    0xd1, 0xd1, 0xd1, 0xd1, 0xd1, 0xd1, 0xd1, 0xd1, 0xd1, 0xd1, 0xd1, 0xd1,
    0xd1, 0xd1, 0xd1, 0xd1, 0xd1, 0xd1, 0xd1, 0xd1, 0xd1, 0xd1, 0xd1, 0xd1,
    0xd1, 0xd1, 0xd1, 0xd1, 0xd1, 0xd1, 0xd1, 0xd1, 0xd1, 0xd1, 0xd1, 0xd1,
    0xd1, 0xd1, 0xd1, 0xd1, 0xd1, 0xd1, 0xd1, 0xd1, 0xd1, 0xd1, 0xd1, 0xd1,
    0xd0, 0xd0, 0xd0, 0xd1, 0xd1, 0xd1, 0xf7, 0xf7, 0xf7, 0xd5, 0xd5, 0xd5,
    0x79, 0x79, 0x79, 0x7c, 0x7c, 0x7c, 0x97, 0x97, 0x97, 0xb9, 0xb9, 0xb9,
    0xda, 0xda, 0xda, 0xf0, 0xf0, 0xf0, 0xfb, 0xfb, 0xfb, 0xff, 0xff, 0xff,
    0xff, 0xff, 0xff, 0xff, 0xff, 0xff, 0xff, 0xff, 0xff, 0xff, 0xff, 0xff,
    0x00, 0x00, 0xff, 0xff, 0xff, 0xff, 0xff, 0xff, 0xff, 0xff, 0xff, 0xff,
    0xff, 0xff, 0xfd, 0xfd, 0xfd, 0xf5, 0xf5, 0xf5, 0xed, 0xed, 0xed, 0xcd,
    0xcd, 0xcd, 0xe9, 0xe9, 0xe9, 0xfe, 0xfe, 0xfe, 0x7f, 0x7f, 0x7f, 0x0a,
    0x0a, 0x0a, 0x06, 0x06, 0x06, 0x04, 0x04, 0x04, 0x04, 0x04, 0x04, 0x04,
    0x04, 0x04, 0x04, 0x04, 0x04, 0x04, 0x04, 0x04, 0x04, 0x04, 0x04, 0x04,
    0x04, 0x04, 0x04, 0x04, 0x04, 0x04, 0x04, 0x04, 0x04, 0x04, 0x04, 0x04,
    0x04, 0x04, 0x04, 0x04, 0x04, 0x04, 0x04, 0x04, 0x04, 0x04, 0x04, 0x04,
    0x04, 0x04, 0x04, 0x04, 0x04, 0x04, 0x04, 0x04, 0x04, 0x04, 0x04, 0x04,
    0x04, 0x04, 0x04, 0x04, 0x04, 0x05, 0x05, 0x05, 0x06, 0x06, 0x06, 0x10,
    0x10, 0x10, 0x97, 0x97, 0x97, 0xff, 0xff, 0xff, 0xdd, 0xdd, 0xdd, 0x7f,
    0x7f, 0x7f, 0x7c, 0x7c, 0x7c, 0x96, 0x96, 0x96, 0xbc, 0xbc, 0xbc, 0xdf,
    0xdf, 0xdf, 0xf5, 0xf5, 0xf5, 0xfd, 0xfd, 0xfd, 0xff, 0xff, 0xff, 0xff,
    0xff, 0xff, 0xff, 0xff, 0xff, 0xff, 0xff, 0xff, 0x00, 0x00, 0xff, 0xff,
    0xff, 0xff, 0xff, 0xff, 0xff, 0xff, 0xff, 0xff, 0xff, 0xff, 0xfc, 0xfc,
    0xfc, 0xfb, 0xfb, 0xfb, 0xd9, 0xd9, 0xd9, 0xec, 0xec, 0xec, 0xeb, 0xeb,
    0xeb, 0x66, 0x66, 0x66, 0x00, 0x00, 0x00, 0x00, 0x00, 0x00, 0x00, 0x00,
    0x00, 0x00, 0x00, 0x00, 0x00, 0x00, 0x00, 0x00, 0x00, 0x00, 0x00, 0x00,
    0x00, 0x00, 0x00, 0x00, 0x00, 0x00, 0x00, 0x00, 0x00, 0x00, 0x00, 0x00,
    0x00, 0x00, 0x00, 0x00, 0x00, 0x00, 0x00, 0x00, 0x00, 0x00, 0x00, 0x00,
    0x00, 0x00, 0x00, 0x00, 0x00, 0x00, 0x00, 0x00, 0x00, 0x00, 0x00, 0x00,
    0x00, 0x00, 0x00, 0x00, 0x00, 0x00, 0x00, 0x00, 0x00, 0x00, 0x00, 0x00,
    0x00, 0x00, 0x00, 0x00, 0x00, 0x00, 0x00, 0x00, 0x00, 0x00, 0x00, 0x00,
    0x00, 0x80, 0x80, 0x80, 0xf3, 0xf3, 0xf3, 0xe2, 0xe2, 0xe2, 0x88, 0x88,
    0x88, 0x80, 0x80, 0x80, 0xa1, 0xa1, 0xa1, 0xcd, 0xcd, 0xcd, 0xed, 0xed,
    0xed, 0xfc, 0xfc, 0xfc, 0xff, 0xff, 0xff, 0xff, 0xff, 0xff, 0xff, 0xff,
    0xff, 0xff, 0xff, 0xff, 0x00, 0x00, 0xff, 0xff, 0xff, 0xff, 0xff, 0xff,
    0xff, 0xff, 0xff, 0xff, 0xff, 0xff, 0xfe, 0xfe, 0xfe, 0xea, 0xea, 0xea,
    0xf4, 0xf4, 0xf4, 0xed, 0xed, 0xed, 0xe0, 0xe0, 0xe0, 0xb0, 0xb0, 0xb0,
    0xbb, 0xbb, 0xbb, 0xba, 0xba, 0xba, 0xba, 0xba, 0xba, 0xba, 0xba, 0xba,
    0xba, 0xba, 0xba, 0xba, 0xba, 0xba, 0xba, 0xba, 0xba, 0xba, 0xba, 0xba,
    0xba, 0xba, 0xba, 0xba, 0xba, 0xba, 0xba, 0xba, 0xba, 0xba, 0xba, 0xba,
    0xba, 0xba, 0xba, 0xba, 0xba, 0xba, 0xba, 0xba, 0xba, 0xba, 0xba, 0xba,
    0xba, 0xba, 0xba, 0xba, 0xba, 0xba, 0xba, 0xba, 0xba, 0xba, 0xba, 0xba,
    0xba, 0xba, 0xba, 0xba, 0xba, 0xba, 0xba, 0xba, 0xba, 0xba, 0xba, 0xba,
    0xba, 0xba, 0xba, 0xbb, 0xbb, 0xbb, 0xb9, 0xb9, 0xb9, 0xb4, 0xb4, 0xb4,
    0xe4, 0xe4, 0xe4, 0xed, 0xed, 0xed, 0xeb, 0xeb, 0xeb, 0x92, 0x92, 0x92,
    0x96, 0x96, 0x96, 0xc3, 0xc3, 0xc3, 0xe8, 0xe8, 0xe8, 0xfa, 0xfa, 0xfa,
    0xff, 0xff, 0xff, 0xff, 0xff, 0xff, 0xff, 0xff, 0xff, 0xff, 0xff, 0xff,
    0x00, 0x00, 0xff, 0xff, 0xff, 0xff, 0xff, 0xff, 0xff, 0xff, 0xff, 0xff,
    0xff, 0xff, 0xff, 0xff, 0xff, 0xe9, 0xe9, 0xe9, 0xf5, 0xf5, 0xf5, 0xdb,
    0xdb, 0xdb, 0xd9, 0xd9, 0xd9, 0xe4, 0xe4, 0xe4, 0xe2, 0xe2, 0xe2, 0xe1,
    0xe1, 0xe1, 0xe1, 0xe1, 0xe1, 0xe1, 0xe1, 0xe1, 0xe1, 0xe1, 0xe1, 0xe1,
    0xe1, 0xe1, 0xe1, 0xe1, 0xe1, 0xe1, 0xe1, 0xe1, 0xe1, 0xe1, 0xe1, 0xe1,
    0xe1, 0xe1, 0xe1, 0xe1, 0xe1, 0xe1, 0xe1, 0xe1, 0xe1, 0xe1, 0xe1, 0xe1,
    0xe1, 0xe1, 0xe1, 0xe1, 0xe1, 0xe1, 0xe1, 0xe1, 0xe1, 0xe1, 0xe1, 0xe1,
    0xe1, 0xe1, 0xe1, 0xe1, 0xe1, 0xe1, 0xe1, 0xe1, 0xe1, 0xe1, 0xe1, 0xe1,
    0xe1, 0xe1, 0xe1, 0xe1, 0xe1, 0xe1, 0xe1, 0xe1, 0xe1, 0xe1, 0xe1, 0xe1,
    0xe1, 0xe1, 0xe2, 0xe2, 0xe2, 0xe3, 0xe3, 0xe3, 0xd7, 0xd7, 0xd7, 0xd9,
    0xd9, 0xd9, 0xfa, 0xfa, 0xfa, 0xb2, 0xb2, 0xb2, 0x94, 0x94, 0x94, 0xc0,
    0xc0, 0xc0, 0xe6, 0xe6, 0xe6, 0xfa, 0xfa, 0xfa, 0xff, 0xff, 0xff, 0xff,
    0xff, 0xff, 0xff, 0xff, 0xff, 0xff, 0xff, 0xff, 0x00, 0x00, 0xff, 0xff,
    0xff, 0xff, 0xff, 0xff, 0xff, 0xff, 0xff, 0xff, 0xff, 0xff, 0xff, 0xff,
    0xff, 0xe6, 0xe6, 0xe6, 0xfe, 0xfe, 0xfe, 0x52, 0x52, 0x52, 0x10, 0x10,
    0x10, 0x11, 0x11, 0x11, 0x0e, 0x0e, 0x0e, 0x10, 0x10, 0x10, 0x11, 0x11,
    0x11, 0x10, 0x10, 0x10, 0x10, 0x10, 0x10, 0x10, 0x10, 0x10, 0x10, 0x10,
    0x10, 0x10, 0x10, 0x10, 0x10, 0x10, 0x10, 0x11, 0x11, 0x11, 0x10, 0x10,
    0x10, 0x0e, 0x0e, 0x0e, 0x0e, 0x0e, 0x0e, 0x0e, 0x0e, 0x0e, 0x0e, 0x0e,
    0x0e, 0x0e, 0x0e, 0x0e, 0x10, 0x10, 0x10, 0x11, 0x11, 0x11, 0x10, 0x10,
    0x10, 0x10, 0x10, 0x10, 0x10, 0x10, 0x10, 0x10, 0x10, 0x10, 0x10, 0x10,
    0x10, 0x10, 0x10, 0x10, 0x11, 0x11, 0x11, 0x10, 0x10, 0x10, 0x0e, 0x0e,
    0x0e, 0x12, 0x12, 0x12, 0x10, 0x10, 0x10, 0x6e, 0x6e, 0x6e, 0xfe, 0xfe,
    0xfe, 0xaa, 0xaa, 0xaa, 0x93, 0x93, 0x93, 0xbf, 0xbf, 0xbf, 0xe6, 0xe6,
    0xe6, 0xfa, 0xfa, 0xfa, 0xff, 0xff, 0xff, 0xff, 0xff, 0xff, 0xff, 0xff,
    0xff, 0xff, 0xff, 0xff, 0x00, 0x00, 0xff, 0xff, 0xff, 0xff, 0xff, 0xff,
    0xff, 0xff, 0xff, 0xff, 0xff, 0xff, 0xff, 0xff, 0xff, 0xe5, 0xe5, 0xe5,
    0xff, 0xff, 0xff, 0x44, 0x44, 0x44, 0x00, 0x00, 0x00, 0x00, 0x00, 0x00,
    0x00, 0x00, 0x00, 0x00, 0x00, 0x00, 0x00, 0x00, 0x00, 0x00, 0x00, 0x00,
    0x00, 0x00, 0x00, 0x00, 0x00, 0x00, 0x01, 0x01, 0x01, 0x01, 0x01, 0x01,
    0x00, 0x00, 0x00, 0x00, 0x00, 0x00, 0x00, 0x00, 0x00, 0x00, 0x00, 0x00,
    0x00, 0x00, 0x00, 0x00, 0x00, 0x00, 0x00, 0x00, 0x00, 0x00, 0x00, 0x00,
    0x00, 0x00, 0x00, 0x00, 0x00, 0x00, 0x00, 0x00, 0x00, 0x00, 0x00, 0x00,
    0x00, 0x00, 0x00, 0x01, 0x01, 0x01, 0x01, 0x01, 0x01, 0x00, 0x00, 0x00,
    0x00, 0x00, 0x00, 0x00, 0x00, 0x00, 0x00, 0x00, 0x00, 0x00, 0x00, 0x00,
    0x00, 0x00, 0x00, 0x63, 0x63, 0x63, 0xff, 0xff, 0xff, 0xa9, 0xa9, 0xa9,
    0x93, 0x93, 0x93, 0xbf, 0xbf, 0xbf, 0xe6, 0xe6, 0xe6, 0xfa, 0xfa, 0xfa,
    0xff, 0xff, 0xff, 0xff, 0xff, 0xff, 0xff, 0xff, 0xff, 0xff, 0xff, 0xff,
    0x00, 0x00, 0xff, 0xff, 0xff, 0xff, 0xff, 0xff, 0xff, 0xff, 0xff, 0xff,
    0xff, 0xff, 0xff, 0xff, 0xff, 0xe5, 0xe5, 0xe5, 0xff, 0xff, 0xff, 0x48,
    0x48, 0x48, 0x02, 0x02, 0x02, 0x07, 0x07, 0x07, 0x02, 0x02, 0x02, 0x4f,
    0x4f, 0x4f, 0xac, 0xac, 0xac, 0xa3, 0xa3, 0xa3, 0xa5, 0xa5, 0xa5, 0xa5,
    0xa5, 0xa5, 0xa5, 0xa5, 0xa5, 0xa5, 0xa5, 0xa5, 0xa3, 0xa3, 0xa3, 0xac,
    0xac, 0xac, 0x4b, 0x4b, 0x4b, 0x02, 0x02, 0x02, 0x04, 0x04, 0x04, 0x02,
    0x02, 0x02, 0x04, 0x04, 0x04, 0x02, 0x02, 0x02, 0x61, 0x61, 0x61, 0xad,
    0xad, 0xad, 0xa3, 0xa3, 0xa3, 0xa5, 0xa5, 0xa5, 0xa5, 0xa5, 0xa5, 0xa5,
    0xa5, 0xa5, 0xa5, 0xa5, 0xa5, 0xa4, 0xa4, 0xa4, 0xa9, 0xa9, 0xa9, 0x3a,
    0x3a, 0x3a, 0x02, 0x02, 0x02, 0x08, 0x08, 0x08, 0x02, 0x02, 0x02, 0x66,
    0x66, 0x66, 0xff, 0xff, 0xff, 0xab, 0xab, 0xab, 0x94, 0x94, 0x94, 0xc0,
    0xc0, 0xc0, 0xe6, 0xe6, 0xe6, 0xfa, 0xfa, 0xfa, 0xff, 0xff, 0xff, 0xff,
    0xff, 0xff, 0xff, 0xff, 0xff, 0xff, 0xff, 0xff, 0x00, 0x00, 0xff, 0xff,
    0xff, 0xff, 0xff, 0xff, 0xff, 0xff, 0xff, 0xff, 0xff, 0xff, 0xff, 0xff,
    0xff, 0xe5, 0xe5, 0xe5, 0xff, 0xff, 0xff, 0x44, 0x44, 0x44, 0x00, 0x00,
    0x00, 0x02, 0x02, 0x02, 0x00, 0x00, 0x00, 0xad, 0xad, 0xad, 0xff, 0xff,
    0xff, 0xee, 0xee, 0xee, 0xf1, 0xf1, 0xf1, 0xf2, 0xf2, 0xf2, 0xf2, 0xf2,
    0xf2, 0xf3, 0xf3, 0xf3, 0xee, 0xee, 0xee, 0xff, 0xff, 0xff, 0xa7, 0xa7,
    0xa7, 0x00, 0x00, 0x00, 0x00, 0x00, 0x00, 0x00, 0x00, 0x00, 0x00, 0x00,
    0x00, 0x00, 0x00, 0x00, 0xc6, 0xc6, 0xc6, 0xfd, 0xfd, 0xfd, 0xef, 0xef,
    0xef, 0xf1, 0xf1, 0xf1, 0xf2, 0xf2, 0xf2, 0xf2, 0xf2, 0xf2, 0xf3, 0xf3,
    0xf3, 0xed, 0xed, 0xed, 0xff, 0xff, 0xff, 0x8b, 0x8b, 0x8b, 0x00, 0x00,
    0x00, 0x04, 0x04, 0x04, 0x00, 0x00, 0x00, 0x63, 0x63, 0x63, 0xff, 0xff,
    0xff, 0xaf, 0xaf, 0xaf, 0x9b, 0x9b, 0x9b, 0xc4, 0xc4, 0xc4, 0xe8, 0xe8,
    0xe8, 0xfa, 0xfa, 0xfa, 0xff, 0xff, 0xff, 0xff, 0xff, 0xff, 0xff, 0xff,
    0xff, 0xff, 0xff, 0xff, 0x00, 0x00, 0xff, 0xff, 0xff, 0xff, 0xff, 0xff,
    0xff, 0xff, 0xff, 0xff, 0xff, 0xff, 0xff, 0xff, 0xff, 0xe8, 0xe8, 0xe8,
    0xfd, 0xfd, 0xfd, 0x51, 0x51, 0x51, 0x0e, 0x0e, 0x0e, 0x13, 0x13, 0x13,
    0x0e, 0x0e, 0x0e, 0xa6, 0xa6, 0xa6, 0xf7, 0xf7, 0xf7, 0xb0, 0xb0, 0xb0,
    0xbf, 0xbf, 0xbf, 0xd7, 0xd7, 0xd7, 0xe9, 0xe9, 0xe9, 0xf8, 0xf8, 0xf8,
    0xe5, 0xe5, 0xe5, 0xf9, 0xf9, 0xf9, 0xa4, 0xa4, 0xa4, 0x0e, 0x0e, 0x0e,
    0x11, 0x11, 0x11, 0x0e, 0x0e, 0x0e, 0x0e, 0x0e, 0x0e, 0x0e, 0x0e, 0x0e,
    0xbd, 0xbd, 0xbd, 0xeb, 0xeb, 0xeb, 0xab, 0xab, 0xab, 0xc0, 0xc0, 0xc0,
    0xd9, 0xd9, 0xd9, 0xeb, 0xeb, 0xeb, 0xf8, 0xf8, 0xf8, 0xe4, 0xe4, 0xe4,
    0xf9, 0xf9, 0xf9, 0x8c, 0x8c, 0x8c, 0x0e, 0x0e, 0x0e, 0x15, 0x15, 0x15,
    0x0e, 0x0e, 0x0e, 0x6f, 0x6f, 0x6f, 0xfd, 0xfd, 0xfd, 0xbc, 0xbc, 0xbc,
    0xb4, 0xb4, 0xb4, 0xd1, 0xd1, 0xd1, 0xee, 0xee, 0xee, 0xfb, 0xfb, 0xfb,
    0xff, 0xff, 0xff, 0xff, 0xff, 0xff, 0xff, 0xff, 0xff, 0xff, 0xff, 0xff,
    0x00, 0x00, 0xff, 0xff, 0xff, 0xff, 0xff, 0xff, 0xff, 0xff, 0xff, 0xff,
    0xff, 0xff, 0xff, 0xff, 0xff, 0xeb, 0xeb, 0xeb, 0xff, 0xff, 0xff, 0xe1,
    0xe1, 0xe1, 0xdf, 0xdf, 0xdf, 0xdf, 0xdf, 0xdf, 0xdf, 0xdf, 0xdf, 0xe8,
    0xe8, 0xe8, 0xfd, 0xfd, 0xfd, 0xca, 0xca, 0xca, 0xe6, 0xe6, 0xe6, 0xef,
    0xef, 0xef, 0xfd, 0xfd, 0xfd, 0xff, 0xff, 0xff, 0xf3, 0xf3, 0xf3, 0xfe,
    0xfe, 0xfe, 0xe8, 0xe8, 0xe8, 0xdf, 0xdf, 0xdf, 0xdf, 0xdf, 0xdf, 0xdf,
    0xdf, 0xdf, 0xdf, 0xdf, 0xdf, 0xdf, 0xdf, 0xdf, 0xec, 0xec, 0xec, 0xf4,
    0xf4, 0xf4, 0xc7, 0xc7, 0xc7, 0xe5, 0xe5, 0xe5, 0xf1, 0xf1, 0xf1, 0xfd,
    0xfd, 0xfd, 0xff, 0xff, 0xff, 0xf1, 0xf1, 0xf1, 0xff, 0xff, 0xff, 0xe4,
    0xe4, 0xe4, 0xdf, 0xdf, 0xdf, 0xdf, 0xdf, 0xdf, 0xdf, 0xdf, 0xdf, 0xe2,
    0xe2, 0xe2, 0xff, 0xff, 0xff, 0xd4, 0xd4, 0xd4, 0xdd, 0xdd, 0xdd, 0xe5,
    0xe5, 0xe5, 0xf6, 0xf6, 0xf6, 0xfd, 0xfd, 0xfd, 0xff, 0xff, 0xff, 0xff,
    0xff, 0xff, 0xff, 0xff, 0xff, 0xff, 0xff, 0xff, 0x00, 0x00, 0xff, 0xff,
    0xff, 0xff, 0xff, 0xff, 0xff, 0xff, 0xff, 0xff, 0xff, 0xff, 0xff, 0xff,
    0xff, 0xf4, 0xf4, 0xf4, 0xf4, 0xf4, 0xf4, 0xec, 0xec, 0xec, 0xeb, 0xeb,
    0xeb, 0xeb, 0xeb, 0xeb, 0xeb, 0xeb, 0xeb, 0xea, 0xea, 0xea, 0xea, 0xea,
    0xea, 0xeb, 0xeb, 0xeb, 0xf6, 0xf6, 0xf6, 0xf8, 0xf8, 0xf8, 0xfd, 0xfd,
    0xfd, 0xff, 0xff, 0xff, 0xfa, 0xfa, 0xfa, 0xee, 0xee, 0xee, 0xec, 0xec,
    0xec, 0xeb, 0xeb, 0xeb, 0xeb, 0xeb, 0xeb, 0xeb, 0xeb, 0xeb, 0xeb, 0xeb,
    0xeb, 0xeb, 0xeb, 0xeb, 0xed, 0xed, 0xed, 0xe7, 0xe7, 0xe7, 0xed, 0xed,
    0xed, 0xf4, 0xf4, 0xf4, 0xf8, 0xf8, 0xf8, 0xfd, 0xfd, 0xfd, 0xff, 0xff,
    0xff, 0xf9, 0xf9, 0xf9, 0xf1, 0xf1, 0xf1, 0xec, 0xec, 0xec, 0xeb, 0xeb,
    0xeb, 0xeb, 0xeb, 0xeb, 0xeb, 0xeb, 0xeb, 0xeb, 0xeb, 0xeb, 0xf0, 0xf0,
    0xf0, 0xe8, 0xe8, 0xe8, 0xf8, 0xf8, 0xf8, 0xf5, 0xf5, 0xf5, 0xfc, 0xfc,
    0xfc, 0xff, 0xff, 0xff, 0xff, 0xff, 0xff, 0xff, 0xff, 0xff, 0xff, 0xff,
    0xff, 0xff, 0xff, 0xff, 0x00, 0x00, 0xff, 0xff, 0xff, 0xff, 0xff, 0xff,
    0xff, 0xff, 0xff, 0xff, 0xff, 0xff, 0xff, 0xff, 0xff, 0xff, 0xff, 0xff,
    0xff, 0xff, 0xff, 0xff, 0xff, 0xff, 0xfd, 0xfd, 0xfd, 0xfd, 0xfd, 0xfd,
    0xfd, 0xfd, 0xfd, 0xfd, 0xfd, 0xfd, 0xff, 0xff, 0xff, 0xff, 0xff, 0xff,
    0xfb, 0xfb, 0xfb, 0xfe, 0xfe, 0xfe, 0xff, 0xff, 0xff, 0xff, 0xff, 0xff,
    0xff, 0xff, 0xff, 0xff, 0xff, 0xff, 0xff, 0xff, 0xff, 0xfe, 0xfe, 0xfe,
    0xfd, 0xfd, 0xfd, 0xfd, 0xfd, 0xfd, 0xfd, 0xfd, 0xfd, 0xfd, 0xfd, 0xfd,
    0xfd, 0xfd, 0xfd, 0xff, 0xff, 0xff, 0xfe, 0xfe, 0xfe, 0xfc, 0xfc, 0xfc,
    0xfe, 0xfe, 0xfe, 0xff, 0xff, 0xff, 0xff, 0xff, 0xff, 0xff, 0xff, 0xff,
    0xff, 0xff, 0xff, 0xff, 0xff, 0xff, 0xfe, 0xfe, 0xfe, 0xfd, 0xfd, 0xfd,
    0xfd, 0xfd, 0xfd, 0xfc, 0xfc, 0xfc, 0xfe, 0xfe, 0xfe, 0xff, 0xff, 0xff,
    0xfb, 0xfb, 0xfb, 0xfd, 0xfd, 0xfd, 0xff, 0xff, 0xff, 0xff, 0xff, 0xff,
    0xff, 0xff, 0xff, 0xff, 0xff, 0xff, 0xff, 0xff, 0xff, 0xff, 0xff, 0xff,
    0x00, 0x00, 0xff, 0xff, 0xff, 0xff, 0xff, 0xff, 0xff, 0xff, 0xff, 0xff,
    0xff, 0xff, 0xff, 0xff, 0xff, 0xff, 0xff, 0xff, 0xff, 0xff, 0xff, 0xff,
    0xff, 0xff, 0xff, 0xff, 0xff, 0xff, 0xff, 0xff, 0xff, 0xff, 0xff, 0xff,
    0xff, 0xff, 0xff, 0xff, 0xff, 0xff, 0xff, 0xff, 0xff, 0xff, 0xff, 0xff,
    0xff, 0xff, 0xff, 0xff, 0xff, 0xff, 0xff, 0xff, 0xff, 0xff, 0xff, 0xff,
    0xff, 0xff, 0xff, 0xff, 0xff, 0xff, 0xff, 0xff, 0xff, 0xff, 0xff, 0xff,
    0xff, 0xff, 0xff, 0xff, 0xff, 0xff, 0xff, 0xff, 0xfe, 0xfe, 0xfe, 0xff,
    0xff, 0xff, 0xff, 0xff, 0xff, 0xff, 0xff, 0xff, 0xff, 0xff, 0xff, 0xff,
    0xff, 0xff, 0xff, 0xff, 0xff, 0xff, 0xff, 0xff, 0xff, 0xff, 0xff, 0xff,
    0xff, 0xff, 0xff, 0xff, 0xff, 0xff, 0xff, 0xff, 0xff, 0xff, 0xff, 0xff,
    0xff, 0xff, 0xff, 0xff, 0xff, 0xff, 0xff, 0xff, 0xff, 0xff, 0xff, 0xff,
    0xff, 0xff, 0xff, 0xff, 0xff, 0xff, 0xff, 0xff, 0xff, 0xff, 0xff, 0xff,
    0xff, 0xff, 0xff, 0xff, 0xff, 0xff, 0xff, 0xff, 0x00, 0x00
};
static const unsigned int black_rook_bmp_len = 7654;

/* white_bishop.bmp (7654 bytes) */
static const unsigned char white_bishop_bmp[] = {
    0x42, 0x4d, 0xe6, 0x1d, 0x00, 0x00, 0x00, 0x00, 0x00, 0x00, 0x36, 0x00,
    0x00, 0x00, 0x28, 0x00, 0x00, 0x00, 0x32, 0x00, 0x00, 0x00, 0x32, 0x00,
    0x00, 0x00, 0x01, 0x00, 0x18, 0x00, 0x00, 0x00, 0x00, 0x00, 0xb0, 0x1d,
    0x00, 0x00, 0xc4, 0x0e, 0x00, 0x00, 0xc4, 0x0e, 0x00, 0x00, 0x00, 0x00,
    0x00, 0x00, 0x00, 0x00, 0x00, 0x00, 0xff, 0xff, 0xff, 0xff, 0xff, 0xff,
    0xff, 0xff, 0xff, 0xff, 0xff, 0xff, 0xff, 0xff, 0xff, 0xff, 0xff, 0xff,
    0xff, 0xff, 0xff, 0xff, 0xff, 0xff, 0xff, 0xff, 0xff, 0xff, 0xff, 0xff,
    0xff, 0xff, 0xff, 0xff, 0xff, 0xff, 0xff, 0xff, 0xff, 0xff, 0xff, 0xff,
    0xff, 0xff, 0xff, 0xff, 0xff, 0xff, 0xff, 0xff, 0xff, 0xff, 0xff, 0xff,
    0xff, 0xff, 0xff, 0xff, 0xff, 0xff, 0xff, 0xff, 0xff, 0xff, 0xff, 0xff,
    0xff, 0xff, 0xff, 0xff, 0xff, 0xff, 0xff, 0xff, 0xff, 0xff, 0xff, 0xff,
    0xff, 0xff, 0xff, 0xff, 0xff, 0xff, 0xff, 0xff, 0xff, 0xff, 0xff, 0xff,
    0xff, 0xff, 0xff, 0xff, 0xff, 0xff, 0xff, 0xff, 0xff, 0xff, 0xff, 0xff,
    0xff, 0xff, 0xff, 0xff, 0xff, 0xff, 0xff, 0xff, 0xff, 0xff, 0xff, 0xff,
    0xff, 0xff, 0xff, 0xff, 0xff, 0xff, 0xff, 0xff, 0xff, 0xff, 0xff, 0xff,
    0xff, 0xff, 0xff, 0xff, 0xff, 0xff, 0xff, 0xff, 0xff, 0xff, 0xff, 0xff,
    0xff, 0xff, 0xff, 0xff, 0xff, 0xff, 0xff, 0xff, 0xff, 0xff, 0xff, 0xff,
    0x00, 0x00, 0xff, 0xff, 0xff, 0xff, 0xff, 0xff, 0xff, 0xff, 0xff, 0xfe,
    0xfe, 0xfe, 0xfb, 0xfb, 0xfb, 0xfa, 0xfa, 0xfa, 0xf9, 0xf9, 0xf9, 0xfa,
    0xfa, 0xfa, 0xfc, 0xfc, 0xfc, 0xfd, 0xfd, 0xfd, 0xfe, 0xfe, 0xfe, 0xfe,
    0xfe, 0xfe, 0xfe, 0xfe, 0xfe, 0xfe, 0xfe, 0xfe, 0xfe, 0xfe, 0xfe, 0xfe,
    0xfe, 0xfe, 0xfe, 0xfe, 0xfe, 0xfe, 0xfe, 0xfe, 0xfe, 0xfe, 0xfe, 0xfe,
    0xfe, 0xfe, 0xfe, 0xfe, 0xfe, 0xfe, 0xfe, 0xfe, 0xff, 0xff, 0xff, 0xff,
    0xff, 0xff, 0xff, 0xff, 0xff, 0xff, 0xff, 0xff, 0xff, 0xff, 0xff, 0xff,
    0xff, 0xff, 0xfe, 0xfe, 0xfe, 0xfe, 0xfe, 0xfe, 0xfe, 0xfe, 0xfe, 0xfe,
    0xfe, 0xfe, 0xfe, 0xfe, 0xfe, 0xfe, 0xfe, 0xfe, 0xfe, 0xfe, 0xfe, 0xfe,
    0xfe, 0xfe, 0xfe, 0xfe, 0xfe, 0xfe, 0xfe, 0xfe, 0xfe, 0xfe, 0xfe, 0xfe,
    0xfe, 0xfe, 0xfd, 0xfd, 0xfd, 0xfc, 0xfc, 0xfc, 0xfa, 0xfa, 0xfa, 0xf9,
    0xf9, 0xf9, 0xfa, 0xfa, 0xfa, 0xfc, 0xfc, 0xfc, 0xfe, 0xfe, 0xfe, 0xff,
    0xff, 0xff, 0xff, 0xff, 0xff, 0xff, 0xff, 0xff, 0x00, 0x00, 0xff, 0xff,
    0xff, 0xff, 0xff, 0xff, 0xfc, 0xfc, 0xfc, 0xf4, 0xf4, 0xf4, 0xe7, 0xe7,
    0xe7, 0xde, 0xde, 0xde, 0xdd, 0xdd, 0xdd, 0xe2, 0xe2, 0xe2, 0xe9, 0xe9,
    0xe9, 0xef, 0xef, 0xef, 0xf2, 0xf2, 0xf2, 0xf4, 0xf4, 0xf4, 0xf5, 0xf5,
    0xf5, 0xf5, 0xf5, 0xf5, 0xf4, 0xf4, 0xf4, 0xf3, 0xf3, 0xf3, 0xf3, 0xf3,
    0xf3, 0xf3, 0xf3, 0xf3, 0xf3, 0xf3, 0xf3, 0xf3, 0xf3, 0xf3, 0xf4, 0xf4,
    0xf4, 0xf5, 0xf5, 0xf5, 0xf7, 0xf7, 0xf7, 0xf9, 0xf9, 0xf9, 0xfb, 0xfb,
    0xfb, 0xfb, 0xfb, 0xfb, 0xf9, 0xf9, 0xf9, 0xf7, 0xf7, 0xf7, 0xf5, 0xf5,
    0xf5, 0xf4, 0xf4, 0xf4, 0xf3, 0xf3, 0xf3, 0xf3, 0xf3, 0xf3, 0xf3, 0xf3,
    0xf3, 0xf3, 0xf3, 0xf3, 0xf3, 0xf3, 0xf3, 0xf4, 0xf4, 0xf4, 0xf5, 0xf5,
    0xf5, 0xf5, 0xf5, 0xf5, 0xf4, 0xf4, 0xf4, 0xf2, 0xf2, 0xf2, 0xee, 0xee,
    0xee, 0xe7, 0xe7, 0xe7, 0xe0, 0xe0, 0xe0, 0xdc, 0xdc, 0xdc, 0xe0, 0xe0,
    0xe0, 0xeb, 0xeb, 0xeb, 0xf6, 0xf6, 0xf6, 0xfd, 0xfd, 0xfd, 0xff, 0xff,
    0xff, 0xff, 0xff, 0xff, 0x00, 0x00, 0xff, 0xff, 0xff, 0xfd, 0xfd, 0xfd,
    0xf2, 0xf2, 0xf2, 0xe5, 0xe5, 0xe5, 0xca, 0xca, 0xca, 0xb3, 0xb3, 0xb3,
    0xaa, 0xaa, 0xaa, 0xae, 0xae, 0xae, 0xb9, 0xb9, 0xb9, 0xc3, 0xc3, 0xc3,
    0xca, 0xca, 0xca, 0xce, 0xce, 0xce, 0xd0, 0xd0, 0xd0, 0xcf, 0xcf, 0xcf,
    0xce, 0xce, 0xce, 0xcc, 0xcc, 0xcc, 0xcb, 0xcb, 0xcb, 0xcb, 0xcb, 0xcb,
    0xcb, 0xcb, 0xcb, 0xcc, 0xcc, 0xcc, 0xcd, 0xcd, 0xcd, 0xd1, 0xd1, 0xd1,
    0xd7, 0xd7, 0xd7, 0xdf, 0xdf, 0xdf, 0xe3, 0xe3, 0xe3, 0xe2, 0xe2, 0xe2,
    0xdd, 0xdd, 0xdd, 0xd6, 0xd6, 0xd6, 0xd1, 0xd1, 0xd1, 0xcd, 0xcd, 0xcd,
    0xcc, 0xcc, 0xcc, 0xcb, 0xcb, 0xcb, 0xcb, 0xcb, 0xcb, 0xcb, 0xcb, 0xcb,
    0xcc, 0xcc, 0xcc, 0xce, 0xce, 0xce, 0xcf, 0xcf, 0xcf, 0xcf, 0xcf, 0xcf,
    0xcd, 0xcd, 0xcd, 0xca, 0xca, 0xca, 0xc6, 0xc6, 0xc6, 0xc0, 0xc0, 0xc0,
    0xb5, 0xb5, 0xb5, 0xad, 0xad, 0xad, 0xad, 0xad, 0xad, 0xc3, 0xc3, 0xc3,
    0xe1, 0xe1, 0xe1, 0xf6, 0xf6, 0xf6, 0xfe, 0xfe, 0xfe, 0xff, 0xff, 0xff,
    0x00, 0x00, 0xff, 0xff, 0xff, 0xfc, 0xfc, 0xfc, 0xf5, 0xf5, 0xf5, 0xa3,
    0xa3, 0xa3, 0x63, 0x63, 0x63, 0x59, 0x59, 0x59, 0x6c, 0x6c, 0x6c, 0x7e,
    0x7e, 0x7e, 0x89, 0x89, 0x89, 0x93, 0x93, 0x93, 0x99, 0x99, 0x99, 0x9d,
    0x9d, 0x9d, 0x9f, 0x9f, 0x9f, 0xa0, 0xa0, 0xa0, 0x9d, 0x9d, 0x9d, 0x9b,
    0x9b, 0x9b, 0x9a, 0x9a, 0x9a, 0x9a, 0x9a, 0x9a, 0x9a, 0x9a, 0x9a, 0x9b,
    0x9b, 0x9b, 0x9c, 0x9c, 0x9c, 0xa0, 0xa0, 0xa0, 0xa4, 0xa4, 0xa4, 0xab,
    0xab, 0xab, 0xb4, 0xb4, 0xb4, 0xb8, 0xb8, 0xb8, 0xb1, 0xb1, 0xb1, 0xa8,
    0xa8, 0xa8, 0xa1, 0xa1, 0xa1, 0x9d, 0x9d, 0x9d, 0x9b, 0x9b, 0x9b, 0x9a,
    0x9a, 0x9a, 0x9a, 0x9a, 0x9a, 0x9b, 0x9b, 0x9b, 0x9b, 0x9b, 0x9b, 0x9d,
    0x9d, 0x9d, 0x9f, 0x9f, 0x9f, 0x9f, 0x9f, 0x9f, 0x9c, 0x9c, 0x9c, 0x97,
    0x97, 0x97, 0x86, 0x86, 0x86, 0x66, 0x66, 0x66, 0x50, 0x50, 0x50, 0x5a,
    0x5a, 0x5a, 0x81, 0x81, 0x81, 0x9d, 0x9d, 0x9d, 0xc7, 0xc7, 0xc7, 0xed,
    0xed, 0xed, 0xfc, 0xfc, 0xfc, 0xff, 0xff, 0xff, 0x00, 0x00, 0xfd, 0xfd,
    0xfd, 0xfd, 0xfd, 0xfd, 0x81, 0x81, 0x81, 0x02, 0x02, 0x02, 0x00, 0x00,
    0x00, 0x00, 0x00, 0x00, 0x02, 0x02, 0x02, 0x14, 0x14, 0x14, 0x23, 0x23,
    0x23, 0x2c, 0x2c, 0x2c, 0x31, 0x31, 0x31, 0x33, 0x33, 0x33, 0x33, 0x33,
    0x33, 0x31, 0x31, 0x31, 0x2e, 0x2e, 0x2e, 0x2b, 0x2b, 0x2b, 0x29, 0x29,
    0x29, 0x29, 0x29, 0x29, 0x2c, 0x2c, 0x2c, 0x30, 0x30, 0x30, 0x3b, 0x3b,
    0x3b, 0x4c, 0x4c, 0x4c, 0x62, 0x62, 0x62, 0x76, 0x76, 0x76, 0x71, 0x71,
    0x71, 0x5d, 0x5d, 0x5d, 0x46, 0x46, 0x46, 0x36, 0x36, 0x36, 0x2e, 0x2e,
    0x2e, 0x2a, 0x2a, 0x2a, 0x29, 0x29, 0x29, 0x2a, 0x2a, 0x2a, 0x2d, 0x2d,
    0x2d, 0x2f, 0x2f, 0x2f, 0x31, 0x31, 0x31, 0x33, 0x33, 0x33, 0x33, 0x33,
    0x33, 0x30, 0x30, 0x30, 0x29, 0x29, 0x29, 0x1c, 0x1c, 0x1c, 0x07, 0x07,
    0x07, 0x00, 0x00, 0x00, 0x00, 0x00, 0x00, 0x00, 0x00, 0x00, 0x27, 0x27,
    0x27, 0x8f, 0x8f, 0x8f, 0xc4, 0xc4, 0xc4, 0xeb, 0xeb, 0xeb, 0xfc, 0xfc,
    0xfc, 0xff, 0xff, 0xff, 0x00, 0x00, 0xff, 0xff, 0xff, 0xf0, 0xf0, 0xf0,
    0x05, 0x05, 0x05, 0x05, 0x05, 0x05, 0x8e, 0x8e, 0x8e, 0xa3, 0xa3, 0xa3,
    0x4e, 0x4e, 0x4e, 0x20, 0x20, 0x20, 0x0b, 0x0b, 0x0b, 0x01, 0x01, 0x01,
    0x00, 0x00, 0x00, 0x00, 0x00, 0x00, 0x00, 0x00, 0x00, 0x00, 0x00, 0x00,
    0x02, 0x02, 0x02, 0x05, 0x05, 0x05, 0x07, 0x07, 0x07, 0x08, 0x08, 0x08,
    0x06, 0x06, 0x06, 0x02, 0x02, 0x02, 0x00, 0x00, 0x00, 0x00, 0x00, 0x00,
    0x00, 0x00, 0x00, 0x0d, 0x0d, 0x0d, 0x02, 0x02, 0x02, 0x00, 0x00, 0x00,
    0x00, 0x00, 0x00, 0x00, 0x00, 0x00, 0x05, 0x05, 0x05, 0x08, 0x08, 0x08,
    0x07, 0x07, 0x07, 0x06, 0x06, 0x06, 0x03, 0x03, 0x03, 0x00, 0x00, 0x00,
    0x00, 0x00, 0x00, 0x00, 0x00, 0x00, 0x00, 0x00, 0x00, 0x00, 0x00, 0x00,
    0x08, 0x08, 0x08, 0x19, 0x19, 0x19, 0x3f, 0x3f, 0x3f, 0x90, 0x90, 0x90,
    0x94, 0x94, 0x94, 0x13, 0x13, 0x13, 0x01, 0x01, 0x01, 0x85, 0x85, 0x85,
    0xe0, 0xe0, 0xe0, 0xf1, 0xf1, 0xf1, 0xfd, 0xfd, 0xfd, 0xff, 0xff, 0xff,
    0x00, 0x00, 0xfc, 0xfc, 0xfc, 0xff, 0xff, 0xff, 0x8d, 0x8d, 0x8d, 0x01,
    0x01, 0x01, 0x35, 0x35, 0x35, 0xc2, 0xc2, 0xc2, 0xf5, 0xf5, 0xf5, 0xf2,
    0xf2, 0xf2, 0xe6, 0xe6, 0xe6, 0xdb, 0xdb, 0xdb, 0xd4, 0xd4, 0xd4, 0xd2,
    0xd2, 0xd2, 0xd3, 0xd3, 0xd3, 0xd6, 0xd6, 0xd6, 0xd9, 0xd9, 0xd9, 0xdc,
    0xdc, 0xdc, 0xdd, 0xdd, 0xdd, 0xdb, 0xdb, 0xdb, 0xd4, 0xd4, 0xd4, 0xc8,
    0xc8, 0xc8, 0xb5, 0xb5, 0xb5, 0x96, 0x96, 0x96, 0x60, 0x60, 0x60, 0x27,
    0x27, 0x27, 0x4c, 0x4c, 0x4c, 0x8c, 0x8c, 0x8c, 0xad, 0xad, 0xad, 0xc3,
    0xc3, 0xc3, 0xd1, 0xd1, 0xd1, 0xd9, 0xd9, 0xd9, 0xdc, 0xdc, 0xdc, 0xdc,
    0xdc, 0xdc, 0xda, 0xda, 0xda, 0xd7, 0xd7, 0xd7, 0xd3, 0xd3, 0xd3, 0xd2,
    0xd2, 0xd2, 0xd3, 0xd3, 0xd3, 0xd8, 0xd8, 0xd8, 0xe3, 0xe3, 0xe3, 0xf0,
    0xf0, 0xf0, 0xf3, 0xf3, 0xf3, 0xaf, 0xaf, 0xaf, 0x2c, 0x2c, 0x2c, 0x01,
    0x01, 0x01, 0x55, 0x55, 0x55, 0xd9, 0xd9, 0xd9, 0xef, 0xef, 0xef, 0xfb,
    0xfb, 0xfb, 0xff, 0xff, 0xff, 0xff, 0xff, 0xff, 0x00, 0x00, 0xff, 0xff,
    0xff, 0xfd, 0xfd, 0xfd, 0xff, 0xff, 0xff, 0x8b, 0x8b, 0x8b, 0x05, 0x05,
    0x05, 0x00, 0x00, 0x00, 0x1f, 0x1f, 0x1f, 0x4c, 0x4c, 0x4c, 0x72, 0x72,
    0x72, 0x8a, 0x8a, 0x8a, 0x96, 0x96, 0x96, 0x9d, 0x9d, 0x9d, 0xa0, 0xa0,
    0xa0, 0xa2, 0xa2, 0xa2, 0xa5, 0xa5, 0xa5, 0xac, 0xac, 0xac, 0xb5, 0xb5,
    0xb5, 0xc1, 0xc1, 0xc1, 0xd3, 0xd3, 0xd3, 0xe8, 0xe8, 0xe8, 0xfb, 0xfb,
    0xfb, 0xff, 0xff, 0xff, 0xfd, 0xfd, 0xfd, 0xe3, 0xe3, 0xe3, 0xf5, 0xf5,
    0xf5, 0xff, 0xff, 0xff, 0xff, 0xff, 0xff, 0xed, 0xed, 0xed, 0xd8, 0xd8,
    0xd8, 0xc5, 0xc5, 0xc5, 0xb7, 0xb7, 0xb7, 0xad, 0xad, 0xad, 0xa6, 0xa6,
    0xa6, 0xa3, 0xa3, 0xa3, 0xa1, 0xa1, 0xa1, 0x9e, 0x9e, 0x9e, 0x98, 0x98,
    0x98, 0x8e, 0x8e, 0x8e, 0x79, 0x79, 0x79, 0x59, 0x59, 0x59, 0x24, 0x24,
    0x24, 0x00, 0x00, 0x00, 0x0d, 0x0d, 0x0d, 0x80, 0x80, 0x80, 0xec, 0xec,
    0xec, 0xf5, 0xf5, 0xf5, 0xfb, 0xfb, 0xfb, 0xff, 0xff, 0xff, 0xff, 0xff,
    0xff, 0xff, 0xff, 0xff, 0x00, 0x00, 0xff, 0xff, 0xff, 0xff, 0xff, 0xff,
    0xfd, 0xfd, 0xfd, 0xff, 0xff, 0xff, 0xd2, 0xd2, 0xd2, 0x6c, 0x6c, 0x6c,
    0x33, 0x33, 0x33, 0x0f, 0x0f, 0x0f, 0x00, 0x00, 0x00, 0x00, 0x00, 0x00,
    0x00, 0x00, 0x00, 0x00, 0x00, 0x00, 0x00, 0x00, 0x00, 0x00, 0x00, 0x00,
    0x00, 0x00, 0x00, 0x00, 0x00, 0x00, 0x00, 0x00, 0x00, 0x00, 0x00, 0x00,
    0x06, 0x06, 0x06, 0x1b, 0x1b, 0x1b, 0x40, 0x40, 0x40, 0x7b, 0x7b, 0x7b,
    0xc4, 0xc4, 0xc4, 0xf6, 0xf6, 0xf6, 0xd7, 0xd7, 0xd7, 0x8e, 0x8e, 0x8e,
    0x4e, 0x4e, 0x4e, 0x23, 0x23, 0x23, 0x0a, 0x0a, 0x0a, 0x00, 0x00, 0x00,
    0x00, 0x00, 0x00, 0x00, 0x00, 0x00, 0x00, 0x00, 0x00, 0x00, 0x00, 0x00,
    0x00, 0x00, 0x00, 0x00, 0x00, 0x00, 0x00, 0x00, 0x00, 0x00, 0x00, 0x00,
    0x00, 0x00, 0x00, 0x09, 0x09, 0x09, 0x26, 0x26, 0x26, 0x6e, 0x6e, 0x6e,
    0xd1, 0xd1, 0xd1, 0xfe, 0xfe, 0xfe, 0xf7, 0xf7, 0xf7, 0xfd, 0xfd, 0xfd,
    0xff, 0xff, 0xff, 0xff, 0xff, 0xff, 0xff, 0xff, 0xff, 0xff, 0xff, 0xff,
    0x00, 0x00, 0xff, 0xff, 0xff, 0xff, 0xff, 0xff, 0xff, 0xff, 0xff, 0xfc,
    0xfc, 0xfc, 0xff, 0xff, 0xff, 0xff, 0xff, 0xff, 0xff, 0xff, 0xff, 0xe9,
    0xe9, 0xe9, 0xd2, 0xd2, 0xd2, 0xbf, 0xbf, 0xbf, 0xb3, 0xb3, 0xb3, 0xac,
    0xac, 0xac, 0xa7, 0xa7, 0xa7, 0xa2, 0xa2, 0xa2, 0x94, 0x94, 0x94, 0x82,
    0x82, 0x82, 0x6f, 0x6f, 0x6f, 0x56, 0x56, 0x56, 0x38, 0x38, 0x38, 0x19,
    0x19, 0x19, 0x03, 0x03, 0x03, 0x00, 0x00, 0x00, 0x0a, 0x0a, 0x0a, 0x50,
    0x50, 0x50, 0x1e, 0x1e, 0x1e, 0x00, 0x00, 0x00, 0x01, 0x01, 0x01, 0x0e,
    0x0e, 0x0e, 0x25, 0x25, 0x25, 0x39, 0x39, 0x39, 0x49, 0x49, 0x49, 0x55,
    0x55, 0x55, 0x65, 0x65, 0x65, 0x7b, 0x7b, 0x7b, 0x8f, 0x8f, 0x8f, 0xa0,
    0xa0, 0xa0, 0xad, 0xad, 0xad, 0xb9, 0xb9, 0xb9, 0xc8, 0xc8, 0xc8, 0xde,
    0xde, 0xde, 0xf6, 0xf6, 0xf6, 0xff, 0xff, 0xff, 0xff, 0xff, 0xff, 0xfa,
    0xfa, 0xfa, 0xff, 0xff, 0xff, 0xff, 0xff, 0xff, 0xff, 0xff, 0xff, 0xff,
    0xff, 0xff, 0xff, 0xff, 0xff, 0xff, 0xff, 0xff, 0x00, 0x00, 0xff, 0xff,
    0xff, 0xff, 0xff, 0xff, 0xff, 0xff, 0xff, 0xff, 0xff, 0xff, 0xfd, 0xfd,
    0xfd, 0xfc, 0xfc, 0xfc, 0xff, 0xff, 0xff, 0xff, 0xff, 0xff, 0xff, 0xff,
    0xff, 0xff, 0xff, 0xff, 0xff, 0xff, 0xff, 0xff, 0xff, 0xff, 0xff, 0xff,
    0xff, 0xff, 0xff, 0xff, 0xf5, 0xf5, 0xf5, 0xc5, 0xc5, 0xc5, 0x86, 0x86,
    0x86, 0x4e, 0x4e, 0x4e, 0x2a, 0x2a, 0x2a, 0x12, 0x12, 0x12, 0x02, 0x02,
    0x02, 0x00, 0x00, 0x00, 0x00, 0x00, 0x00, 0x00, 0x00, 0x00, 0x00, 0x00,
    0x00, 0x00, 0x00, 0x00, 0x01, 0x01, 0x01, 0x0b, 0x0b, 0x0b, 0x1d, 0x1d,
    0x1d, 0x33, 0x33, 0x33, 0x55, 0x55, 0x55, 0x77, 0x77, 0x77, 0x90, 0x90,
    0x90, 0xa3, 0xa3, 0xa3, 0xc6, 0xc6, 0xc6, 0xec, 0xec, 0xec, 0xff, 0xff,
    0xff, 0xff, 0xff, 0xff, 0xff, 0xff, 0xff, 0xff, 0xff, 0xff, 0xff, 0xff,
    0xff, 0xfc, 0xfc, 0xfc, 0xfe, 0xfe, 0xfe, 0xff, 0xff, 0xff, 0xff, 0xff,
    0xff, 0xff, 0xff, 0xff, 0xff, 0xff, 0xff, 0xff, 0xff, 0xff, 0xff, 0xff,
    0xff, 0xff, 0xff, 0xff, 0x00, 0x00, 0xff, 0xff, 0xff, 0xff, 0xff, 0xff,
    0xff, 0xff, 0xff, 0xff, 0xff, 0xff, 0xff, 0xff, 0xff, 0xff, 0xff, 0xff,
    0xff, 0xff, 0xff, 0xfe, 0xfe, 0xfe, 0xfd, 0xfd, 0xfd, 0xfc, 0xfc, 0xfc,
    0xfc, 0xfc, 0xfc, 0xfc, 0xfc, 0xfc, 0xf8, 0xf8, 0xf8, 0xf0, 0xf0, 0xf0,
    0x85, 0x85, 0x85, 0x1b, 0x1b, 0x1b, 0x00, 0x00, 0x00, 0x00, 0x00, 0x00,
    0x16, 0x16, 0x16, 0x37, 0x37, 0x37, 0x54, 0x54, 0x54, 0x69, 0x69, 0x69,
    0x76, 0x76, 0x76, 0x7e, 0x7e, 0x7e, 0x78, 0x78, 0x78, 0x6c, 0x6c, 0x6c,
    0x58, 0x58, 0x58, 0x3d, 0x3d, 0x3d, 0x1d, 0x1d, 0x1d, 0x00, 0x00, 0x00,
    0x00, 0x00, 0x00, 0x08, 0x08, 0x08, 0x34, 0x34, 0x34, 0x6f, 0x6f, 0x6f,
    0x92, 0x92, 0x92, 0xc2, 0xc2, 0xc2, 0xea, 0xea, 0xea, 0xfa, 0xfa, 0xfa,
    0xfd, 0xfd, 0xfd, 0xfe, 0xfe, 0xfe, 0xfe, 0xfe, 0xfe, 0xff, 0xff, 0xff,
    0xff, 0xff, 0xff, 0xff, 0xff, 0xff, 0xff, 0xff, 0xff, 0xff, 0xff, 0xff,
    0xff, 0xff, 0xff, 0xff, 0xff, 0xff, 0xff, 0xff, 0xff, 0xff, 0xff, 0xff,
    0x00, 0x00, 0xff, 0xff, 0xff, 0xff, 0xff, 0xff, 0xff, 0xff, 0xff, 0xff,
    0xff, 0xff, 0xff, 0xff, 0xff, 0xff, 0xff, 0xff, 0xff, 0xff, 0xff, 0xff,
    0xff, 0xff, 0xff, 0xff, 0xff, 0xff, 0xff, 0xff, 0xff, 0xff, 0xff, 0xfc,
    0xfc, 0xfc, 0xff, 0xff, 0xff, 0x83, 0x83, 0x83, 0x00, 0x00, 0x00, 0x0c,
    0x0c, 0x0c, 0x67, 0x67, 0x67, 0xb2, 0xb2, 0xb2, 0xd8, 0xd8, 0xd8, 0xeb,
    0xeb, 0xeb, 0xf1, 0xf1, 0xf1, 0xf3, 0xf3, 0xf3, 0xf3, 0xf3, 0xf3, 0xf3,
    0xf3, 0xf3, 0xf3, 0xf3, 0xf3, 0xf3, 0xf3, 0xf3, 0xf2, 0xf2, 0xf2, 0xec,
    0xec, 0xec, 0xde, 0xde, 0xde, 0xbe, 0xbe, 0xbe, 0x7e, 0x7e, 0x7e, 0x20,
    0x20, 0x20, 0x00, 0x00, 0x00, 0x20, 0x20, 0x20, 0x81, 0x81, 0x81, 0xb4,
    0xb4, 0xb4, 0xe5, 0xe5, 0xe5, 0xfb, 0xfb, 0xfb, 0xff, 0xff, 0xff, 0xff,
    0xff, 0xff, 0xff, 0xff, 0xff, 0xff, 0xff, 0xff, 0xff, 0xff, 0xff, 0xff,
    0xff, 0xff, 0xff, 0xff, 0xff, 0xff, 0xff, 0xff, 0xff, 0xff, 0xff, 0xff,
    0xff, 0xff, 0xff, 0xff, 0xff, 0xff, 0xff, 0xff, 0x00, 0x00, 0xff, 0xff,
    0xff, 0xff, 0xff, 0xff, 0xff, 0xff, 0xff, 0xff, 0xff, 0xff, 0xff, 0xff,
    0xff, 0xff, 0xff, 0xff, 0xff, 0xff, 0xff, 0xff, 0xff, 0xff, 0xff, 0xff,
    0xff, 0xff, 0xff, 0xff, 0xff, 0xff, 0xff, 0xfe, 0xfe, 0xfe, 0xfd, 0xfd,
    0xfd, 0x2a, 0x2a, 0x2a, 0x1d, 0x1d, 0x1d, 0xdf, 0xdf, 0xdf, 0xff, 0xff,
    0xff, 0xff, 0xff, 0xff, 0xf8, 0xf8, 0xf8, 0xf3, 0xf3, 0xf3, 0xf2, 0xf2,
    0xf2, 0xf1, 0xf1, 0xf1, 0xf1, 0xf1, 0xf1, 0xf1, 0xf1, 0xf1, 0xf1, 0xf1,
    0xf1, 0xf1, 0xf1, 0xf1, 0xf2, 0xf2, 0xf2, 0xf3, 0xf3, 0xf3, 0xf6, 0xf6,
    0xf6, 0xfd, 0xfd, 0xfd, 0xff, 0xff, 0xff, 0xfa, 0xfa, 0xfa, 0x4b, 0x4b,
    0x4b, 0x00, 0x00, 0x00, 0x6f, 0x6f, 0x6f, 0xb4, 0xb4, 0xb4, 0xe3, 0xe3,
    0xe3, 0xfb, 0xfb, 0xfb, 0xff, 0xff, 0xff, 0xff, 0xff, 0xff, 0xff, 0xff,
    0xff, 0xff, 0xff, 0xff, 0xff, 0xff, 0xff, 0xff, 0xff, 0xff, 0xff, 0xff,
    0xff, 0xff, 0xff, 0xff, 0xff, 0xff, 0xff, 0xff, 0xff, 0xff, 0xff, 0xff,
    0xff, 0xff, 0xff, 0xff, 0x00, 0x00, 0xff, 0xff, 0xff, 0xff, 0xff, 0xff,
    0xff, 0xff, 0xff, 0xff, 0xff, 0xff, 0xff, 0xff, 0xff, 0xff, 0xff, 0xff,
    0xff, 0xff, 0xff, 0xff, 0xff, 0xff, 0xff, 0xff, 0xff, 0xff, 0xff, 0xff,
    0xfe, 0xfe, 0xfe, 0xff, 0xff, 0xff, 0xf7, 0xf7, 0xf7, 0x20, 0x20, 0x20,
    0x25, 0x25, 0x25, 0xa4, 0xa4, 0xa4, 0x93, 0x93, 0x93, 0x95, 0x95, 0x95,
    0x97, 0x97, 0x97, 0x98, 0x98, 0x98, 0x98, 0x98, 0x98, 0x98, 0x98, 0x98,
    0x98, 0x98, 0x98, 0x98, 0x98, 0x98, 0x98, 0x98, 0x98, 0x98, 0x98, 0x98,
    0x98, 0x98, 0x98, 0x98, 0x98, 0x98, 0x97, 0x97, 0x97, 0x96, 0x96, 0x96,
    0x91, 0x91, 0x91, 0xa5, 0xa5, 0xa5, 0x4f, 0x4f, 0x4f, 0x01, 0x01, 0x01,
    0x6c, 0x6c, 0x6c, 0xbb, 0xbb, 0xbb, 0xe6, 0xe6, 0xe6, 0xfb, 0xfb, 0xfb,
    0xff, 0xff, 0xff, 0xff, 0xff, 0xff, 0xff, 0xff, 0xff, 0xff, 0xff, 0xff,
    0xff, 0xff, 0xff, 0xff, 0xff, 0xff, 0xff, 0xff, 0xff, 0xff, 0xff, 0xff,
    0xff, 0xff, 0xff, 0xff, 0xff, 0xff, 0xff, 0xff, 0xff, 0xff, 0xff, 0xff,
    0x00, 0x00, 0xff, 0xff, 0xff, 0xff, 0xff, 0xff, 0xff, 0xff, 0xff, 0xff,
    0xff, 0xff, 0xff, 0xff, 0xff, 0xff, 0xff, 0xff, 0xff, 0xff, 0xff, 0xff,
    0xff, 0xff, 0xff, 0xff, 0xff, 0xff, 0xff, 0xff, 0xff, 0xff, 0xff, 0xff,
    0xff, 0xff, 0xfd, 0xfd, 0xfd, 0x2d, 0x2d, 0x2d, 0x00, 0x00, 0x00, 0x02,
    0x02, 0x02, 0x00, 0x00, 0x00, 0x00, 0x00, 0x00, 0x00, 0x00, 0x00, 0x00,
    0x00, 0x00, 0x00, 0x00, 0x00, 0x00, 0x00, 0x00, 0x00, 0x00, 0x00, 0x00,
    0x00, 0x00, 0x00, 0x00, 0x00, 0x00, 0x00, 0x00, 0x00, 0x00, 0x00, 0x00,
    0x00, 0x00, 0x00, 0x00, 0x00, 0x00, 0x00, 0x00, 0x00, 0x00, 0x00, 0x00,
    0x00, 0x00, 0x00, 0x00, 0x00, 0x01, 0x01, 0x01, 0x7a, 0x7a, 0x7a, 0xc7,
    0xc7, 0xc7, 0xec, 0xec, 0xec, 0xfd, 0xfd, 0xfd, 0xff, 0xff, 0xff, 0xff,
    0xff, 0xff, 0xff, 0xff, 0xff, 0xff, 0xff, 0xff, 0xff, 0xff, 0xff, 0xff,
    0xff, 0xff, 0xff, 0xff, 0xff, 0xff, 0xff, 0xff, 0xff, 0xff, 0xff, 0xff,
    0xff, 0xff, 0xff, 0xff, 0xff, 0xff, 0xff, 0xff, 0x00, 0x00, 0xff, 0xff,
    0xff, 0xff, 0xff, 0xff, 0xff, 0xff, 0xff, 0xff, 0xff, 0xff, 0xff, 0xff,
    0xff, 0xff, 0xff, 0xff, 0xff, 0xff, 0xff, 0xff, 0xff, 0xff, 0xff, 0xff,
    0xff, 0xff, 0xff, 0xff, 0xff, 0xff, 0xff, 0xfc, 0xfc, 0xfc, 0xff, 0xff,
    0xff, 0x5b, 0x5b, 0x5b, 0x02, 0x02, 0x02, 0x85, 0x85, 0x85, 0xa5, 0xa5,
    0xa5, 0x9d, 0x9d, 0x9d, 0x9e, 0x9e, 0x9e, 0x9e, 0x9e, 0x9e, 0x9e, 0x9e,
    0x9e, 0x9e, 0x9e, 0x9e, 0x9e, 0x9e, 0x9e, 0x9e, 0x9e, 0x9e, 0x9e, 0x9e,
    0x9e, 0x9e, 0x9e, 0x9e, 0x9e, 0x9e, 0x9e, 0x9e, 0x9e, 0x9e, 0x9e, 0x9e,
    0x9e, 0x9e, 0x9e, 0x9e, 0x9e, 0x9e, 0x9e, 0x9f, 0x9f, 0x9f, 0x15, 0x15,
    0x15, 0x0f, 0x0f, 0x0f, 0x9f, 0x9f, 0x9f, 0xd6, 0xd6, 0xd6, 0xf5, 0xf5,
    0xf5, 0xfe, 0xfe, 0xfe, 0xff, 0xff, 0xff, 0xff, 0xff, 0xff, 0xff, 0xff,
    0xff, 0xff, 0xff, 0xff, 0xff, 0xff, 0xff, 0xff, 0xff, 0xff, 0xff, 0xff,
    0xff, 0xff, 0xff, 0xff, 0xff, 0xff, 0xff, 0xff, 0xff, 0xff, 0xff, 0xff,
    0xff, 0xff, 0xff, 0xff, 0x00, 0x00, 0xff, 0xff, 0xff, 0xff, 0xff, 0xff,
    0xff, 0xff, 0xff, 0xff, 0xff, 0xff, 0xff, 0xff, 0xff, 0xff, 0xff, 0xff,
    0xff, 0xff, 0xff, 0xff, 0xff, 0xff, 0xff, 0xff, 0xff, 0xff, 0xff, 0xff,
    0xff, 0xff, 0xff, 0xfc, 0xfc, 0xfc, 0xff, 0xff, 0xff, 0xb5, 0xb5, 0xb5,
    0x00, 0x00, 0x00, 0x6d, 0x6d, 0x6d, 0xff, 0xff, 0xff, 0xee, 0xee, 0xee,
    0xf1, 0xf1, 0xf1, 0xf1, 0xf1, 0xf1, 0xf1, 0xf1, 0xf1, 0xf1, 0xf1, 0xf1,
    0xf1, 0xf1, 0xf1, 0xf1, 0xf1, 0xf1, 0xf1, 0xf1, 0xf1, 0xf1, 0xf1, 0xf1,
    0xf1, 0xf1, 0xf1, 0xf1, 0xf1, 0xf1, 0xf1, 0xf1, 0xf1, 0xed, 0xed, 0xed,
    0xff, 0xff, 0xff, 0xb0, 0xb0, 0xb0, 0x02, 0x02, 0x02, 0x41, 0x41, 0x41,
    0xc4, 0xc4, 0xc4, 0xe4, 0xe4, 0xe4, 0xfa, 0xfa, 0xfa, 0xff, 0xff, 0xff,
    0xff, 0xff, 0xff, 0xff, 0xff, 0xff, 0xff, 0xff, 0xff, 0xff, 0xff, 0xff,
    0xff, 0xff, 0xff, 0xff, 0xff, 0xff, 0xff, 0xff, 0xff, 0xff, 0xff, 0xff,
    0xff, 0xff, 0xff, 0xff, 0xff, 0xff, 0xff, 0xff, 0xff, 0xff, 0xff, 0xff,
    0x00, 0x00, 0xff, 0xff, 0xff, 0xff, 0xff, 0xff, 0xff, 0xff, 0xff, 0xff,
    0xff, 0xff, 0xff, 0xff, 0xff, 0xff, 0xff, 0xff, 0xff, 0xff, 0xff, 0xff,
    0xff, 0xff, 0xff, 0xff, 0xff, 0xff, 0xff, 0xff, 0xff, 0xff, 0xff, 0xff,
    0xff, 0xff, 0xfd, 0xfd, 0xfd, 0xfc, 0xfc, 0xfc, 0x39, 0x39, 0x39, 0x00,
    0x00, 0x00, 0x9b, 0x9b, 0x9b, 0xfb, 0xfb, 0xfb, 0xef, 0xef, 0xef, 0xf1,
    0xf1, 0xf1, 0xf1, 0xf1, 0xf1, 0xf1, 0xf1, 0xf1, 0xf1, 0xf1, 0xf1, 0xf1,
    0xf1, 0xf1, 0xf1, 0xf1, 0xf1, 0xf1, 0xf1, 0xf1, 0xf1, 0xf1, 0xf1, 0xf1,
    0xf1, 0xf1, 0xf0, 0xf0, 0xf0, 0xf8, 0xf8, 0xf8, 0xcb, 0xcb, 0xcb, 0x15,
    0x15, 0x15, 0x04, 0x04, 0x04, 0x89, 0x89, 0x89, 0xce, 0xce, 0xce, 0xee,
    0xee, 0xee, 0xfc, 0xfc, 0xfc, 0xff, 0xff, 0xff, 0xff, 0xff, 0xff, 0xff,
    0xff, 0xff, 0xff, 0xff, 0xff, 0xff, 0xff, 0xff, 0xff, 0xff, 0xff, 0xff,
    0xff, 0xff, 0xff, 0xff, 0xff, 0xff, 0xff, 0xff, 0xff, 0xff, 0xff, 0xff,
    0xff, 0xff, 0xff, 0xff, 0xff, 0xff, 0xff, 0xff, 0x00, 0x00, 0xff, 0xff,
    0xff, 0xff, 0xff, 0xff, 0xff, 0xff, 0xff, 0xff, 0xff, 0xff, 0xff, 0xff,
    0xff, 0xff, 0xff, 0xff, 0xff, 0xff, 0xff, 0xff, 0xff, 0xff, 0xff, 0xff,
    0xff, 0xff, 0xff, 0xff, 0xff, 0xff, 0xff, 0xff, 0xff, 0xff, 0xfc, 0xfc,
    0xfc, 0xf9, 0xf9, 0xf9, 0xc8, 0xc8, 0xc8, 0x1a, 0x1a, 0x1a, 0x08, 0x08,
    0x08, 0x80, 0x80, 0x80, 0xa1, 0xa1, 0xa1, 0x9a, 0x9a, 0x9a, 0x9c, 0x9c,
    0x9c, 0x9c, 0x9c, 0x9c, 0x9c, 0x9c, 0x9c, 0x9c, 0x9c, 0x9c, 0x9c, 0x9c,
    0x9c, 0x9c, 0x9c, 0x9c, 0x9c, 0x9c, 0x9c, 0x9b, 0x9b, 0x9b, 0x9d, 0x9d,
    0x9d, 0x98, 0x98, 0x98, 0x22, 0x22, 0x22, 0x04, 0x04, 0x04, 0x4b, 0x4b,
    0x4b, 0x94, 0x94, 0x94, 0xbc, 0xbc, 0xbc, 0xe5, 0xe5, 0xe5, 0xf8, 0xf8,
    0xf8, 0xfe, 0xfe, 0xfe, 0xff, 0xff, 0xff, 0xff, 0xff, 0xff, 0xff, 0xff,
    0xff, 0xff, 0xff, 0xff, 0xff, 0xff, 0xff, 0xff, 0xff, 0xff, 0xff, 0xff,
    0xff, 0xff, 0xff, 0xff, 0xff, 0xff, 0xff, 0xff, 0xff, 0xff, 0xff, 0xff,
    0xff, 0xff, 0xff, 0xff, 0x00, 0x00, 0xff, 0xff, 0xff, 0xff, 0xff, 0xff,
    0xff, 0xff, 0xff, 0xff, 0xff, 0xff, 0xff, 0xff, 0xff, 0xff, 0xff, 0xff,
    0xff, 0xff, 0xff, 0xff, 0xff, 0xff, 0xff, 0xff, 0xff, 0xff, 0xff, 0xff,
    0xff, 0xff, 0xff, 0xff, 0xff, 0xff, 0xf9, 0xf9, 0xf9, 0xf0, 0xf0, 0xf0,
    0xbf, 0xbf, 0xbf, 0x2f, 0x2f, 0x2f, 0x00, 0x00, 0x00, 0x02, 0x02, 0x02,
    0x00, 0x00, 0x00, 0x00, 0x00, 0x00, 0x00, 0x00, 0x00, 0x00, 0x00, 0x00,
    0x00, 0x00, 0x00, 0x00, 0x00, 0x00, 0x00, 0x00, 0x00, 0x00, 0x00, 0x00,
    0x00, 0x00, 0x00, 0x00, 0x00, 0x00, 0x00, 0x00, 0x00, 0x00, 0x00, 0x00,
    0x00, 0x00, 0x00, 0x09, 0x09, 0x09, 0x52, 0x52, 0x52, 0x7b, 0x7b, 0x7b,
    0x9b, 0x9b, 0x9b, 0xc9, 0xc9, 0xc9, 0xec, 0xec, 0xec, 0xfb, 0xfb, 0xfb,
    0xff, 0xff, 0xff, 0xff, 0xff, 0xff, 0xff, 0xff, 0xff, 0xff, 0xff, 0xff,
    0xff, 0xff, 0xff, 0xff, 0xff, 0xff, 0xff, 0xff, 0xff, 0xff, 0xff, 0xff,
    0xff, 0xff, 0xff, 0xff, 0xff, 0xff, 0xff, 0xff, 0xff, 0xff, 0xff, 0xff,
    0x00, 0x00, 0xff, 0xff, 0xff, 0xff, 0xff, 0xff, 0xff, 0xff, 0xff, 0xff,
    0xff, 0xff, 0xff, 0xff, 0xff, 0xff, 0xff, 0xff, 0xff, 0xff, 0xff, 0xff,
    0xff, 0xff, 0xff, 0xff, 0xff, 0xff, 0xff, 0xff, 0xff, 0xff, 0xff, 0xfc,
    0xfc, 0xfc, 0xfa, 0xfa, 0xfa, 0xbd, 0xbd, 0xbd, 0x17, 0x17, 0x17, 0x00,
    0x00, 0x00, 0x45, 0x45, 0x45, 0x97, 0x97, 0x97, 0x9b, 0x9b, 0x9b, 0x9a,
    0x9a, 0x9a, 0x9b, 0x9b, 0x9b, 0x9b, 0x9b, 0x9b, 0x9b, 0x9b, 0x9b, 0x9b,
    0x9b, 0x9b, 0x9b, 0x9b, 0x9b, 0x9b, 0x9b, 0x9b, 0x9b, 0x9b, 0x9b, 0x9b,
    0x9b, 0x9b, 0x9a, 0x9a, 0x9a, 0x9d, 0x9d, 0x9d, 0x62, 0x62, 0x62, 0x03,
    0x03, 0x03, 0x01, 0x01, 0x01, 0x46, 0x46, 0x46, 0x81, 0x81, 0x81, 0xa6,
    0xa6, 0xa6, 0xd7, 0xd7, 0xd7, 0xf5, 0xf5, 0xf5, 0xfe, 0xfe, 0xfe, 0xff,
    0xff, 0xff, 0xff, 0xff, 0xff, 0xff, 0xff, 0xff, 0xff, 0xff, 0xff, 0xff,
    0xff, 0xff, 0xff, 0xff, 0xff, 0xff, 0xff, 0xff, 0xff, 0xff, 0xff, 0xff,
    0xff, 0xff, 0xff, 0xff, 0xff, 0xff, 0xff, 0xff, 0x00, 0x00, 0xff, 0xff,
    0xff, 0xff, 0xff, 0xff, 0xff, 0xff, 0xff, 0xff, 0xff, 0xff, 0xff, 0xff,
    0xff, 0xff, 0xff, 0xff, 0xff, 0xff, 0xff, 0xff, 0xff, 0xff, 0xff, 0xff,
    0xff, 0xff, 0xff, 0xff, 0xfe, 0xfe, 0xfe, 0xfc, 0xfc, 0xfc, 0xe6, 0xe6,
    0xe6, 0x26, 0x26, 0x26, 0x01, 0x01, 0x01, 0x8a, 0x8a, 0x8a, 0xf5, 0xf5,
    0xf5, 0xf5, 0xf5, 0xf5, 0xf4, 0xf4, 0xf4, 0xf5, 0xf5, 0xf5, 0xf5, 0xf5,
    0xf5, 0xf5, 0xf5, 0xf5, 0xf5, 0xf5, 0xf5, 0xf5, 0xf5, 0xf5, 0xf5, 0xf5,
    0xf5, 0xf5, 0xf5, 0xf5, 0xf5, 0xf5, 0xf5, 0xf5, 0xf5, 0xf5, 0xf5, 0xf5,
    0xf5, 0xf4, 0xf4, 0xf4, 0xf9, 0xf9, 0xf9, 0xb6, 0xb6, 0xb6, 0x14, 0x14,
    0x14, 0x03, 0x03, 0x03, 0x59, 0x59, 0x59, 0x8f, 0x8f, 0x8f, 0xbf, 0xbf,
    0xbf, 0xea, 0xea, 0xea, 0xfc, 0xfc, 0xfc, 0xff, 0xff, 0xff, 0xff, 0xff,
    0xff, 0xff, 0xff, 0xff, 0xff, 0xff, 0xff, 0xff, 0xff, 0xff, 0xff, 0xff,
    0xff, 0xff, 0xff, 0xff, 0xff, 0xff, 0xff, 0xff, 0xff, 0xff, 0xff, 0xff,
    0xff, 0xff, 0xff, 0xff, 0x00, 0x00, 0xff, 0xff, 0xff, 0xff, 0xff, 0xff,
    0xff, 0xff, 0xff, 0xff, 0xff, 0xff, 0xff, 0xff, 0xff, 0xff, 0xff, 0xff,
    0xff, 0xff, 0xff, 0xff, 0xff, 0xff, 0xff, 0xff, 0xff, 0xff, 0xff, 0xff,
    0xfb, 0xfb, 0xfb, 0xff, 0xff, 0xff, 0x81, 0x81, 0x81, 0x00, 0x00, 0x00,
    0x75, 0x75, 0x75, 0xfd, 0xfd, 0xfd, 0xe2, 0xe2, 0xe2, 0xe2, 0xe2, 0xe2,
    0xe3, 0xe3, 0xe3, 0xe3, 0xe3, 0xe3, 0xe3, 0xe3, 0xe3, 0xe3, 0xe3, 0xe3,
    0xe3, 0xe3, 0xe3, 0xe3, 0xe3, 0xe3, 0xe3, 0xe3, 0xe3, 0xe3, 0xe3, 0xe3,
    0xe3, 0xe3, 0xe3, 0xe3, 0xe3, 0xe3, 0xe3, 0xe3, 0xe3, 0xe3, 0xe3, 0xe3,
    0xe0, 0xe0, 0xe0, 0xfa, 0xfa, 0xfa, 0xad, 0xad, 0xad, 0x02, 0x02, 0x02,
    0x1e, 0x1e, 0x1e, 0x7e, 0x7e, 0x7e, 0xab, 0xab, 0xab, 0xdf, 0xdf, 0xdf,
    0xf9, 0xf9, 0xf9, 0xff, 0xff, 0xff, 0xff, 0xff, 0xff, 0xff, 0xff, 0xff,
    0xff, 0xff, 0xff, 0xff, 0xff, 0xff, 0xff, 0xff, 0xff, 0xff, 0xff, 0xff,
    0xff, 0xff, 0xff, 0xff, 0xff, 0xff, 0xff, 0xff, 0xff, 0xff, 0xff, 0xff,
    0x00, 0x00, 0xff, 0xff, 0xff, 0xff, 0xff, 0xff, 0xff, 0xff, 0xff, 0xff,
    0xff, 0xff, 0xff, 0xff, 0xff, 0xff, 0xff, 0xff, 0xff, 0xff, 0xff, 0xff,
    0xff, 0xff, 0xff, 0xff, 0xff, 0xff, 0xff, 0xff, 0xfe, 0xfe, 0xfe, 0xf5,
    0xf5, 0xf5, 0x24, 0x24, 0x24, 0x19, 0x19, 0x19, 0xe1, 0xe1, 0xe1, 0xe7,
    0xe7, 0xe7, 0xe5, 0xe5, 0xe5, 0xe6, 0xe6, 0xe6, 0xe6, 0xe6, 0xe6, 0xe6,
    0xe6, 0xe6, 0xe6, 0xe6, 0xe6, 0xe6, 0xe6, 0xe6, 0xe6, 0xe6, 0xe6, 0xe3,
    0xe3, 0xe3, 0xe5, 0xe5, 0xe5, 0xe6, 0xe6, 0xe6, 0xe6, 0xe6, 0xe6, 0xe6,
    0xe6, 0xe6, 0xe6, 0xe6, 0xe6, 0xe6, 0xe6, 0xe6, 0xe6, 0xe6, 0xe6, 0xe1,
    0xe1, 0xe1, 0xf6, 0xf6, 0xf6, 0x4b, 0x4b, 0x4b, 0x01, 0x01, 0x01, 0x62,
    0x62, 0x62, 0xa3, 0xa3, 0xa3, 0xd6, 0xd6, 0xd6, 0xf7, 0xf7, 0xf7, 0xfe,
    0xfe, 0xfe, 0xff, 0xff, 0xff, 0xff, 0xff, 0xff, 0xff, 0xff, 0xff, 0xff,
    0xff, 0xff, 0xff, 0xff, 0xff, 0xff, 0xff, 0xff, 0xff, 0xff, 0xff, 0xff,
    0xff, 0xff, 0xff, 0xff, 0xff, 0xff, 0xff, 0xff, 0x00, 0x00, 0xff, 0xff,
    0xff, 0xff, 0xff, 0xff, 0xff, 0xff, 0xff, 0xff, 0xff, 0xff, 0xff, 0xff,
    0xff, 0xff, 0xff, 0xff, 0xff, 0xff, 0xff, 0xff, 0xff, 0xff, 0xff, 0xff,
    0xff, 0xfd, 0xfd, 0xfd, 0xff, 0xff, 0xff, 0xd1, 0xd1, 0xd1, 0x02, 0x02,
    0x02, 0x5c, 0x5c, 0x5c, 0xf6, 0xf6, 0xf6, 0xe2, 0xe2, 0xe2, 0xe6, 0xe6,
    0xe6, 0xe6, 0xe6, 0xe6, 0xe6, 0xe6, 0xe6, 0xe6, 0xe6, 0xe6, 0xe6, 0xe6,
    0xe6, 0xe6, 0xe6, 0xe6, 0xe7, 0xe7, 0xe7, 0xf5, 0xf5, 0xf5, 0xeb, 0xeb,
    0xeb, 0xe5, 0xe5, 0xe5, 0xe6, 0xe6, 0xe6, 0xe6, 0xe6, 0xe6, 0xe6, 0xe6,
    0xe6, 0xe6, 0xe6, 0xe6, 0xe6, 0xe6, 0xe6, 0xe3, 0xe3, 0xe3, 0xf4, 0xf4,
    0xf4, 0x9d, 0x9d, 0x9d, 0x00, 0x00, 0x00, 0x46, 0x46, 0x46, 0xa0, 0xa0,
    0xa0, 0xd0, 0xd0, 0xd0, 0xf5, 0xf5, 0xf5, 0xfe, 0xfe, 0xfe, 0xff, 0xff,
    0xff, 0xff, 0xff, 0xff, 0xff, 0xff, 0xff, 0xff, 0xff, 0xff, 0xff, 0xff,
    0xff, 0xff, 0xff, 0xff, 0xff, 0xff, 0xff, 0xff, 0xff, 0xff, 0xff, 0xff,
    0xff, 0xff, 0xff, 0xff, 0x00, 0x00, 0xff, 0xff, 0xff, 0xff, 0xff, 0xff,
    0xff, 0xff, 0xff, 0xff, 0xff, 0xff, 0xff, 0xff, 0xff, 0xff, 0xff, 0xff,
    0xff, 0xff, 0xff, 0xff, 0xff, 0xff, 0xff, 0xff, 0xff, 0xfc, 0xfc, 0xfc,
    0xff, 0xff, 0xff, 0xb3, 0xb3, 0xb3, 0x00, 0x00, 0x00, 0x89, 0x89, 0x89,
    0xf6, 0xf6, 0xf6, 0xe2, 0xe2, 0xe2, 0xe6, 0xe6, 0xe6, 0xe6, 0xe6, 0xe6,
    0xe6, 0xe6, 0xe6, 0xe6, 0xe6, 0xe6, 0xe6, 0xe6, 0xe6, 0xe7, 0xe7, 0xe7,
    0xe2, 0xe2, 0xe2, 0x91, 0x91, 0x91, 0xcd, 0xcd, 0xcd, 0xeb, 0xeb, 0xeb,
    0xe5, 0xe5, 0xe5, 0xe6, 0xe6, 0xe6, 0xe6, 0xe6, 0xe6, 0xe6, 0xe6, 0xe6,
    0xe6, 0xe6, 0xe6, 0xe4, 0xe4, 0xe4, 0xef, 0xef, 0xef, 0xc0, 0xc0, 0xc0,
    0x01, 0x01, 0x01, 0x33, 0x33, 0x33, 0x9f, 0x9f, 0x9f, 0xcf, 0xcf, 0xcf,
    0xf5, 0xf5, 0xf5, 0xfe, 0xfe, 0xfe, 0xff, 0xff, 0xff, 0xff, 0xff, 0xff,
    0xff, 0xff, 0xff, 0xff, 0xff, 0xff, 0xff, 0xff, 0xff, 0xff, 0xff, 0xff,
    0xff, 0xff, 0xff, 0xff, 0xff, 0xff, 0xff, 0xff, 0xff, 0xff, 0xff, 0xff,
    0x00, 0x00, 0xff, 0xff, 0xff, 0xff, 0xff, 0xff, 0xff, 0xff, 0xff, 0xff,
    0xff, 0xff, 0xff, 0xff, 0xff, 0xff, 0xff, 0xff, 0xff, 0xff, 0xff, 0xff,
    0xff, 0xff, 0xff, 0xff, 0xff, 0xfc, 0xfc, 0xfc, 0xff, 0xff, 0xff, 0xaa,
    0xaa, 0xaa, 0x00, 0x00, 0x00, 0x94, 0x94, 0x94, 0xf5, 0xf5, 0xf5, 0xe3,
    0xe3, 0xe3, 0xe6, 0xe6, 0xe6, 0xe6, 0xe6, 0xe6, 0xe6, 0xe6, 0xe6, 0xe6,
    0xe6, 0xe6, 0xe1, 0xe1, 0xe1, 0xed, 0xed, 0xed, 0xb8, 0xb8, 0xb8, 0x00,
    0x00, 0x00, 0x79, 0x79, 0x79, 0xf4, 0xf4, 0xf4, 0xdf, 0xdf, 0xdf, 0xe5,
    0xe5, 0xe5, 0xe6, 0xe6, 0xe6, 0xe6, 0xe6, 0xe6, 0xe6, 0xe6, 0xe6, 0xe4,
    0xe4, 0xe4, 0xed, 0xed, 0xed, 0xc9, 0xc9, 0xc9, 0x03, 0x03, 0x03, 0x30,
    0x30, 0x30, 0xa5, 0xa5, 0xa5, 0xd3, 0xd3, 0xd3, 0xf6, 0xf6, 0xf6, 0xfe,
    0xfe, 0xfe, 0xff, 0xff, 0xff, 0xff, 0xff, 0xff, 0xff, 0xff, 0xff, 0xff,
    0xff, 0xff, 0xff, 0xff, 0xff, 0xff, 0xff, 0xff, 0xff, 0xff, 0xff, 0xff,
    0xff, 0xff, 0xff, 0xff, 0xff, 0xff, 0xff, 0xff, 0x00, 0x00, 0xff, 0xff,
    0xff, 0xff, 0xff, 0xff, 0xff, 0xff, 0xff, 0xff, 0xff, 0xff, 0xff, 0xff,
    0xff, 0xff, 0xff, 0xff, 0xff, 0xff, 0xff, 0xff, 0xff, 0xff, 0xff, 0xff,
    0xff, 0xfc, 0xfc, 0xfc, 0xff, 0xff, 0xff, 0xba, 0xba, 0xba, 0x00, 0x00,
    0x00, 0x83, 0x83, 0x83, 0xf6, 0xf6, 0xf6, 0xe2, 0xe2, 0xe2, 0xe6, 0xe6,
    0xe6, 0xe6, 0xe6, 0xe6, 0xe6, 0xe6, 0xe6, 0xe8, 0xe8, 0xe8, 0xf1, 0xf1,
    0xf1, 0xff, 0xff, 0xff, 0xc3, 0xc3, 0xc3, 0x03, 0x03, 0x03, 0x83, 0x83,
    0x83, 0xff, 0xff, 0xff, 0xf0, 0xf0, 0xf0, 0xeb, 0xeb, 0xeb, 0xe5, 0xe5,
    0xe5, 0xe6, 0xe6, 0xe6, 0xe6, 0xe6, 0xe6, 0xe4, 0xe4, 0xe4, 0xef, 0xef,
    0xef, 0xbc, 0xbc, 0xbc, 0x00, 0x00, 0x00, 0x3c, 0x3c, 0x3c, 0xb0, 0xb0,
    0xb0, 0xdb, 0xdb, 0xdb, 0xf8, 0xf8, 0xf8, 0xff, 0xff, 0xff, 0xff, 0xff,
    0xff, 0xff, 0xff, 0xff, 0xff, 0xff, 0xff, 0xff, 0xff, 0xff, 0xff, 0xff,
    0xff, 0xff, 0xff, 0xff, 0xff, 0xff, 0xff, 0xff, 0xff, 0xff, 0xff, 0xff,
    0xff, 0xff, 0xff, 0xff, 0x00, 0x00, 0xff, 0xff, 0xff, 0xff, 0xff, 0xff,
    0xff, 0xff, 0xff, 0xff, 0xff, 0xff, 0xff, 0xff, 0xff, 0xff, 0xff, 0xff,
    0xff, 0xff, 0xff, 0xff, 0xff, 0xff, 0xff, 0xff, 0xff, 0xfd, 0xfd, 0xfd,
    0xff, 0xff, 0xff, 0xdd, 0xdd, 0xdd, 0x04, 0x04, 0x04, 0x55, 0x55, 0x55,
    0xf5, 0xf5, 0xf5, 0xe2, 0xe2, 0xe2, 0xe6, 0xe6, 0xe6, 0xe6, 0xe6, 0xe6,
    0xe8, 0xe8, 0xe8, 0xdf, 0xdf, 0xdf, 0xa6, 0xa6, 0xa6, 0xa8, 0xa8, 0xa8,
    0x81, 0x81, 0x81, 0x00, 0x00, 0x00, 0x56, 0x56, 0x56, 0xad, 0xad, 0xad,
    0x9f, 0x9f, 0x9f, 0xd1, 0xd1, 0xd1, 0xea, 0xea, 0xea, 0xe5, 0xe5, 0xe5,
    0xe6, 0xe6, 0xe6, 0xe2, 0xe2, 0xe2, 0xf5, 0xf5, 0xf5, 0x96, 0x96, 0x96,
    0x00, 0x00, 0x00, 0x59, 0x59, 0x59, 0xbf, 0xbf, 0xbf, 0xe5, 0xe5, 0xe5,
    0xfb, 0xfb, 0xfb, 0xff, 0xff, 0xff, 0xff, 0xff, 0xff, 0xff, 0xff, 0xff,
    0xff, 0xff, 0xff, 0xff, 0xff, 0xff, 0xff, 0xff, 0xff, 0xff, 0xff, 0xff,
    0xff, 0xff, 0xff, 0xff, 0xff, 0xff, 0xff, 0xff, 0xff, 0xff, 0xff, 0xff,
    0x00, 0x00, 0xff, 0xff, 0xff, 0xff, 0xff, 0xff, 0xff, 0xff, 0xff, 0xff,
    0xff, 0xff, 0xff, 0xff, 0xff, 0xff, 0xff, 0xff, 0xff, 0xff, 0xff, 0xff,
    0xff, 0xff, 0xff, 0xff, 0xff, 0xff, 0xff, 0xff, 0xfe, 0xfe, 0xfe, 0xfc,
    0xfc, 0xfc, 0x2b, 0x2b, 0x2b, 0x19, 0x19, 0x19, 0xe0, 0xe0, 0xe0, 0xe8,
    0xe8, 0xe8, 0xe5, 0xe5, 0xe5, 0xe3, 0xe3, 0xe3, 0xf4, 0xf4, 0xf4, 0xa0,
    0xa0, 0xa0, 0x00, 0x00, 0x00, 0x00, 0x00, 0x00, 0x00, 0x00, 0x00, 0x00,
    0x00, 0x00, 0x00, 0x00, 0x00, 0x00, 0x00, 0x00, 0x00, 0x00, 0x00, 0x5e,
    0x5e, 0x5e, 0xf7, 0xf7, 0xf7, 0xe2, 0xe2, 0xe2, 0xe6, 0xe6, 0xe6, 0xe2,
    0xe2, 0xe2, 0xf4, 0xf4, 0xf4, 0x4d, 0x4d, 0x4d, 0x01, 0x01, 0x01, 0x85,
    0x85, 0x85, 0xd0, 0xd0, 0xd0, 0xf0, 0xf0, 0xf0, 0xfd, 0xfd, 0xfd, 0xff,
    0xff, 0xff, 0xff, 0xff, 0xff, 0xff, 0xff, 0xff, 0xff, 0xff, 0xff, 0xff,
    0xff, 0xff, 0xff, 0xff, 0xff, 0xff, 0xff, 0xff, 0xff, 0xff, 0xff, 0xff,
    0xff, 0xff, 0xff, 0xff, 0xff, 0xff, 0xff, 0xff, 0x00, 0x00, 0xff, 0xff,
    0xff, 0xff, 0xff, 0xff, 0xff, 0xff, 0xff, 0xff, 0xff, 0xff, 0xff, 0xff,
    0xff, 0xff, 0xff, 0xff, 0xff, 0xff, 0xff, 0xff, 0xff, 0xff, 0xff, 0xff,
    0xff, 0xff, 0xff, 0xff, 0xfb, 0xfb, 0xfb, 0xff, 0xff, 0xff, 0x84, 0x84,
    0x84, 0x00, 0x00, 0x00, 0x96, 0x96, 0x96, 0xf6, 0xf6, 0xf6, 0xe2, 0xe2,
    0xe2, 0xe6, 0xe6, 0xe6, 0xe8, 0xe8, 0xe8, 0xdb, 0xdb, 0xdb, 0x99, 0x99,
    0x99, 0x9c, 0x9c, 0x9c, 0x78, 0x78, 0x78, 0x00, 0x00, 0x00, 0x50, 0x50,
    0x50, 0xa1, 0xa1, 0xa1, 0x93, 0x93, 0x93, 0xc9, 0xc9, 0xc9, 0xeb, 0xeb,
    0xeb, 0xe5, 0xe5, 0xe5, 0xe4, 0xe4, 0xe4, 0xed, 0xed, 0xed, 0xca, 0xca,
    0xca, 0x09, 0x09, 0x09, 0x23, 0x23, 0x23, 0xb6, 0xb6, 0xb6, 0xdf, 0xdf,
    0xdf, 0xf8, 0xf8, 0xf8, 0xff, 0xff, 0xff, 0xff, 0xff, 0xff, 0xff, 0xff,
    0xff, 0xff, 0xff, 0xff, 0xff, 0xff, 0xff, 0xff, 0xff, 0xff, 0xff, 0xff,
    0xff, 0xff, 0xff, 0xff, 0xff, 0xff, 0xff, 0xff, 0xff, 0xff, 0xff, 0xff,
    0xff, 0xff, 0xff, 0xff, 0x00, 0x00, 0xff, 0xff, 0xff, 0xff, 0xff, 0xff,
    0xff, 0xff, 0xff, 0xff, 0xff, 0xff, 0xff, 0xff, 0xff, 0xff, 0xff, 0xff,
    0xff, 0xff, 0xff, 0xff, 0xff, 0xff, 0xff, 0xff, 0xff, 0xff, 0xff, 0xff,
    0xfe, 0xfe, 0xfe, 0xfe, 0xfe, 0xfe, 0xe8, 0xe8, 0xe8, 0x10, 0x10, 0x10,
    0x20, 0x20, 0x20, 0xe2, 0xe2, 0xe2, 0xe8, 0xe8, 0xe8, 0xe5, 0xe5, 0xe5,
    0xe6, 0xe6, 0xe6, 0xe9, 0xe9, 0xe9, 0xf2, 0xf2, 0xf2, 0xff, 0xff, 0xff,
    0xc4, 0xc4, 0xc4, 0x03, 0x03, 0x03, 0x84, 0x84, 0x84, 0xff, 0xff, 0xff,
    0xf1, 0xf1, 0xf1, 0xec, 0xec, 0xec, 0xe5, 0xe5, 0xe5, 0xe6, 0xe6, 0xe6,
    0xe2, 0xe2, 0xe2, 0xf7, 0xf7, 0xf7, 0x52, 0x52, 0x52, 0x00, 0x00, 0x00,
    0x76, 0x76, 0x76, 0xd6, 0xd6, 0xd6, 0xee, 0xee, 0xee, 0xfc, 0xfc, 0xfc,
    0xff, 0xff, 0xff, 0xff, 0xff, 0xff, 0xff, 0xff, 0xff, 0xff, 0xff, 0xff,
    0xff, 0xff, 0xff, 0xff, 0xff, 0xff, 0xff, 0xff, 0xff, 0xff, 0xff, 0xff,
    0xff, 0xff, 0xff, 0xff, 0xff, 0xff, 0xff, 0xff, 0xff, 0xff, 0xff, 0xff,
    0x00, 0x00, 0xff, 0xff, 0xff, 0xff, 0xff, 0xff, 0xff, 0xff, 0xff, 0xff,
    0xff, 0xff, 0xff, 0xff, 0xff, 0xff, 0xff, 0xff, 0xff, 0xff, 0xff, 0xff,
    0xff, 0xff, 0xff, 0xff, 0xff, 0xff, 0xff, 0xff, 0xff, 0xff, 0xff, 0xfc,
    0xfc, 0xfc, 0xff, 0xff, 0xff, 0x90, 0x90, 0x90, 0x00, 0x00, 0x00, 0x5d,
    0x5d, 0x5d, 0xf8, 0xf8, 0xf8, 0xe3, 0xe3, 0xe3, 0xe5, 0xe5, 0xe5, 0xe6,
    0xe6, 0xe6, 0xe1, 0xe1, 0xe1, 0xed, 0xed, 0xed, 0xb7, 0xb7, 0xb7, 0x00,
    0x00, 0x00, 0x77, 0x77, 0x77, 0xf4, 0xf4, 0xf4, 0xdf, 0xdf, 0xdf, 0xe5,
    0xe5, 0xe5, 0xe6, 0xe6, 0xe6, 0xe0, 0xe0, 0xe0, 0xf9, 0xf9, 0xf9, 0x96,
    0x96, 0x96, 0x00, 0x00, 0x00, 0x30, 0x30, 0x30, 0xc6, 0xc6, 0xc6, 0xe6,
    0xe6, 0xe6, 0xf9, 0xf9, 0xf9, 0xff, 0xff, 0xff, 0xff, 0xff, 0xff, 0xff,
    0xff, 0xff, 0xff, 0xff, 0xff, 0xff, 0xff, 0xff, 0xff, 0xff, 0xff, 0xff,
    0xff, 0xff, 0xff, 0xff, 0xff, 0xff, 0xff, 0xff, 0xff, 0xff, 0xff, 0xff,
    0xff, 0xff, 0xff, 0xff, 0xff, 0xff, 0xff, 0xff, 0x00, 0x00, 0xff, 0xff,
    0xff, 0xff, 0xff, 0xff, 0xff, 0xff, 0xff, 0xff, 0xff, 0xff, 0xff, 0xff,
    0xff, 0xff, 0xff, 0xff, 0xff, 0xff, 0xff, 0xff, 0xff, 0xff, 0xff, 0xff,
    0xff, 0xff, 0xff, 0xff, 0xff, 0xff, 0xff, 0xff, 0xff, 0xff, 0xfc, 0xfc,
    0xfc, 0xfd, 0xfd, 0xfd, 0x49, 0x49, 0x49, 0x00, 0x00, 0x00, 0x7e, 0x7e,
    0x7e, 0xf9, 0xf9, 0xf9, 0xe4, 0xe4, 0xe4, 0xe4, 0xe4, 0xe4, 0xe6, 0xe6,
    0xe6, 0xe8, 0xe8, 0xe8, 0xe0, 0xe0, 0xe0, 0x83, 0x83, 0x83, 0xc7, 0xc7,
    0xc7, 0xec, 0xec, 0xec, 0xe5, 0xe5, 0xe5, 0xe5, 0xe5, 0xe5, 0xe1, 0xe1,
    0xe1, 0xf8, 0xf8, 0xf8, 0xb0, 0xb0, 0xb0, 0x07, 0x07, 0x07, 0x0f, 0x0f,
    0x0f, 0xad, 0xad, 0xad, 0xe5, 0xe5, 0xe5, 0xf5, 0xf5, 0xf5, 0xfe, 0xfe,
    0xfe, 0xff, 0xff, 0xff, 0xff, 0xff, 0xff, 0xff, 0xff, 0xff, 0xff, 0xff,
    0xff, 0xff, 0xff, 0xff, 0xff, 0xff, 0xff, 0xff, 0xff, 0xff, 0xff, 0xff,
    0xff, 0xff, 0xff, 0xff, 0xff, 0xff, 0xff, 0xff, 0xff, 0xff, 0xff, 0xff,
    0xff, 0xff, 0xff, 0xff, 0x00, 0x00, 0xff, 0xff, 0xff, 0xff, 0xff, 0xff,
    0xff, 0xff, 0xff, 0xff, 0xff, 0xff, 0xff, 0xff, 0xff, 0xff, 0xff, 0xff,
    0xff, 0xff, 0xff, 0xff, 0xff, 0xff, 0xff, 0xff, 0xff, 0xff, 0xff, 0xff,
    0xff, 0xff, 0xff, 0xff, 0xff, 0xff, 0xfe, 0xfe, 0xfe, 0xfe, 0xfe, 0xfe,
    0xed, 0xed, 0xed, 0x2f, 0x2f, 0x2f, 0x00, 0x00, 0x00, 0x77, 0x77, 0x77,
    0xf3, 0xf3, 0xf3, 0xeb, 0xeb, 0xeb, 0xe2, 0xe2, 0xe2, 0xe5, 0xe5, 0xe5,
    0xe8, 0xe8, 0xe8, 0xf6, 0xf6, 0xf6, 0xec, 0xec, 0xec, 0xe5, 0xe5, 0xe5,
    0xe3, 0xe3, 0xe3, 0xe6, 0xe6, 0xe6, 0xf9, 0xf9, 0xf9, 0xa5, 0xa5, 0xa5,
    0x09, 0x09, 0x09, 0x04, 0x04, 0x04, 0x97, 0x97, 0x97, 0xe8, 0xe8, 0xe8,
    0xf2, 0xf2, 0xf2, 0xfd, 0xfd, 0xfd, 0xff, 0xff, 0xff, 0xff, 0xff, 0xff,
    0xff, 0xff, 0xff, 0xff, 0xff, 0xff, 0xff, 0xff, 0xff, 0xff, 0xff, 0xff,
    0xff, 0xff, 0xff, 0xff, 0xff, 0xff, 0xff, 0xff, 0xff, 0xff, 0xff, 0xff,
    0xff, 0xff, 0xff, 0xff, 0xff, 0xff, 0xff, 0xff, 0xff, 0xff, 0xff, 0xff,
    0x00, 0x00, 0xff, 0xff, 0xff, 0xff, 0xff, 0xff, 0xff, 0xff, 0xff, 0xff,
    0xff, 0xff, 0xff, 0xff, 0xff, 0xff, 0xff, 0xff, 0xff, 0xff, 0xff, 0xff,
    0xff, 0xff, 0xff, 0xff, 0xff, 0xff, 0xff, 0xff, 0xff, 0xff, 0xff, 0xff,
    0xff, 0xff, 0xff, 0xff, 0xff, 0xfd, 0xfd, 0xfd, 0xff, 0xff, 0xff, 0xe6,
    0xe6, 0xe6, 0x36, 0x36, 0x36, 0x00, 0x00, 0x00, 0x4e, 0x4e, 0x4e, 0xd6,
    0xd6, 0xd6, 0xf7, 0xf7, 0xf7, 0xe6, 0xe6, 0xe6, 0xe2, 0xe2, 0xe2, 0xe1,
    0xe1, 0xe1, 0xe2, 0xe2, 0xe2, 0xe4, 0xe4, 0xe4, 0xf3, 0xf3, 0xf3, 0xe9,
    0xe9, 0xe9, 0x77, 0x77, 0x77, 0x00, 0x00, 0x00, 0x0a, 0x0a, 0x0a, 0x99,
    0x99, 0x99, 0xed, 0xed, 0xed, 0xf2, 0xf2, 0xf2, 0xfd, 0xfd, 0xfd, 0xff,
    0xff, 0xff, 0xff, 0xff, 0xff, 0xff, 0xff, 0xff, 0xff, 0xff, 0xff, 0xff,
    0xff, 0xff, 0xff, 0xff, 0xff, 0xff, 0xff, 0xff, 0xff, 0xff, 0xff, 0xff,
    0xff, 0xff, 0xff, 0xff, 0xff, 0xff, 0xff, 0xff, 0xff, 0xff, 0xff, 0xff,
    0xff, 0xff, 0xff, 0xff, 0xff, 0xff, 0xff, 0xff, 0x00, 0x00, 0xff, 0xff,
    0xff, 0xff, 0xff, 0xff, 0xff, 0xff, 0xff, 0xff, 0xff, 0xff, 0xff, 0xff,
    0xff, 0xff, 0xff, 0xff, 0xff, 0xff, 0xff, 0xff, 0xff, 0xff, 0xff, 0xff,
    0xff, 0xff, 0xff, 0xff, 0xff, 0xff, 0xff, 0xff, 0xff, 0xff, 0xff, 0xff,
    0xff, 0xff, 0xff, 0xff, 0xfd, 0xfd, 0xfd, 0xff, 0xff, 0xff, 0xf2, 0xf2,
    0xf2, 0x5e, 0x5e, 0x5e, 0x00, 0x00, 0x00, 0x14, 0x14, 0x14, 0x8c, 0x8c,
    0x8c, 0xe5, 0xe5, 0xe5, 0xf6, 0xf6, 0xf6, 0xeb, 0xeb, 0xeb, 0xf3, 0xf3,
    0xf3, 0xf0, 0xf0, 0xf0, 0xaa, 0xaa, 0xaa, 0x2f, 0x2f, 0x2f, 0x00, 0x00,
    0x00, 0x27, 0x27, 0x27, 0xb5, 0xb5, 0xb5, 0xf4, 0xf4, 0xf4, 0xf4, 0xf4,
    0xf4, 0xfd, 0xfd, 0xfd, 0xff, 0xff, 0xff, 0xff, 0xff, 0xff, 0xff, 0xff,
    0xff, 0xff, 0xff, 0xff, 0xff, 0xff, 0xff, 0xff, 0xff, 0xff, 0xff, 0xff,
    0xff, 0xff, 0xff, 0xff, 0xff, 0xff, 0xff, 0xff, 0xff, 0xff, 0xff, 0xff,
    0xff, 0xff, 0xff, 0xff, 0xff, 0xff, 0xff, 0xff, 0xff, 0xff, 0xff, 0xff,
    0xff, 0xff, 0xff, 0xff, 0x00, 0x00, 0xff, 0xff, 0xff, 0xff, 0xff, 0xff,
    0xff, 0xff, 0xff, 0xff, 0xff, 0xff, 0xff, 0xff, 0xff, 0xff, 0xff, 0xff,
    0xff, 0xff, 0xff, 0xff, 0xff, 0xff, 0xff, 0xff, 0xff, 0xff, 0xff, 0xff,
    0xff, 0xff, 0xff, 0xff, 0xff, 0xff, 0xff, 0xff, 0xff, 0xff, 0xff, 0xff,
    0xff, 0xff, 0xff, 0xfd, 0xfd, 0xfd, 0xff, 0xff, 0xff, 0xff, 0xff, 0xff,
    0xa4, 0xa4, 0xa4, 0x1d, 0x1d, 0x1d, 0x00, 0x00, 0x00, 0x26, 0x26, 0x26,
    0x87, 0x87, 0x87, 0xd3, 0xd3, 0xd3, 0xa3, 0xa3, 0xa3, 0x3f, 0x3f, 0x3f,
    0x00, 0x00, 0x00, 0x05, 0x05, 0x05, 0x5a, 0x5a, 0x5a, 0xd3, 0xd3, 0xd3,
    0xf7, 0xf7, 0xf7, 0xf7, 0xf7, 0xf7, 0xfe, 0xfe, 0xfe, 0xff, 0xff, 0xff,
    0xff, 0xff, 0xff, 0xff, 0xff, 0xff, 0xff, 0xff, 0xff, 0xff, 0xff, 0xff,
    0xff, 0xff, 0xff, 0xff, 0xff, 0xff, 0xff, 0xff, 0xff, 0xff, 0xff, 0xff,
    0xff, 0xff, 0xff, 0xff, 0xff, 0xff, 0xff, 0xff, 0xff, 0xff, 0xff, 0xff,
    0xff, 0xff, 0xff, 0xff, 0xff, 0xff, 0xff, 0xff, 0xff, 0xff, 0xff, 0xff,
    0x00, 0x00, 0xff, 0xff, 0xff, 0xff, 0xff, 0xff, 0xff, 0xff, 0xff, 0xff,
    0xff, 0xff, 0xff, 0xff, 0xff, 0xff, 0xff, 0xff, 0xff, 0xff, 0xff, 0xff,
    0xff, 0xff, 0xff, 0xff, 0xff, 0xff, 0xff, 0xff, 0xff, 0xff, 0xff, 0xff,
    0xff, 0xff, 0xff, 0xff, 0xff, 0xff, 0xff, 0xff, 0xff, 0xff, 0xff, 0xff,
    0xff, 0xff, 0xfe, 0xfe, 0xfe, 0xfd, 0xfd, 0xfd, 0xff, 0xff, 0xff, 0xea,
    0xea, 0xea, 0x79, 0x79, 0x79, 0x08, 0x08, 0x08, 0x01, 0x01, 0x01, 0x01,
    0x01, 0x01, 0x01, 0x01, 0x01, 0x01, 0x01, 0x01, 0x26, 0x26, 0x26, 0x70,
    0x70, 0x70, 0xbd, 0xbd, 0xbd, 0xe3, 0xe3, 0xe3, 0xf6, 0xf6, 0xf6, 0xff,
    0xff, 0xff, 0xff, 0xff, 0xff, 0xff, 0xff, 0xff, 0xff, 0xff, 0xff, 0xff,
    0xff, 0xff, 0xff, 0xff, 0xff, 0xff, 0xff, 0xff, 0xff, 0xff, 0xff, 0xff,
    0xff, 0xff, 0xff, 0xff, 0xff, 0xff, 0xff, 0xff, 0xff, 0xff, 0xff, 0xff,
    0xff, 0xff, 0xff, 0xff, 0xff, 0xff, 0xff, 0xff, 0xff, 0xff, 0xff, 0xff,
    0xff, 0xff, 0xff, 0xff, 0xff, 0xff, 0xff, 0xff, 0x00, 0x00, 0xff, 0xff,
    0xff, 0xff, 0xff, 0xff, 0xff, 0xff, 0xff, 0xff, 0xff, 0xff, 0xff, 0xff,
    0xff, 0xff, 0xff, 0xff, 0xff, 0xff, 0xff, 0xff, 0xff, 0xff, 0xff, 0xff,
    0xff, 0xff, 0xff, 0xff, 0xff, 0xff, 0xff, 0xff, 0xff, 0xff, 0xff, 0xff,
    0xff, 0xff, 0xff, 0xff, 0xff, 0xff, 0xff, 0xff, 0xff, 0xff, 0xff, 0xff,
    0xff, 0xff, 0xff, 0xff, 0xf9, 0xf9, 0xf9, 0xff, 0xff, 0xff, 0x93, 0x93,
    0x93, 0x05, 0x05, 0x05, 0x0c, 0x0c, 0x0c, 0x35, 0x35, 0x35, 0x1a, 0x1a,
    0x1a, 0x00, 0x00, 0x00, 0x29, 0x29, 0x29, 0x7c, 0x7c, 0x7c, 0xa2, 0xa2,
    0xa2, 0xd9, 0xd9, 0xd9, 0xf7, 0xf7, 0xf7, 0xfe, 0xfe, 0xfe, 0xff, 0xff,
    0xff, 0xff, 0xff, 0xff, 0xff, 0xff, 0xff, 0xff, 0xff, 0xff, 0xff, 0xff,
    0xff, 0xff, 0xff, 0xff, 0xff, 0xff, 0xff, 0xff, 0xff, 0xff, 0xff, 0xff,
    0xff, 0xff, 0xff, 0xff, 0xff, 0xff, 0xff, 0xff, 0xff, 0xff, 0xff, 0xff,
    0xff, 0xff, 0xff, 0xff, 0xff, 0xff, 0xff, 0xff, 0xff, 0xff, 0xff, 0xff,
    0xff, 0xff, 0xff, 0xff, 0x00, 0x00, 0xff, 0xff, 0xff, 0xff, 0xff, 0xff,
    0xff, 0xff, 0xff, 0xff, 0xff, 0xff, 0xff, 0xff, 0xff, 0xff, 0xff, 0xff,
    0xff, 0xff, 0xff, 0xff, 0xff, 0xff, 0xff, 0xff, 0xff, 0xff, 0xff, 0xff,
    0xff, 0xff, 0xff, 0xff, 0xff, 0xff, 0xff, 0xff, 0xff, 0xff, 0xff, 0xff,
    0xff, 0xff, 0xff, 0xff, 0xff, 0xff, 0xff, 0xff, 0xff, 0xfe, 0xfe, 0xfe,
    0xff, 0xff, 0xff, 0xde, 0xde, 0xde, 0x07, 0x07, 0x07, 0x1f, 0x1f, 0x1f,
    0xc6, 0xc6, 0xc6, 0xf1, 0xf1, 0xf1, 0xe1, 0xe1, 0xe1, 0x49, 0x49, 0x49,
    0x00, 0x00, 0x00, 0x51, 0x51, 0x51, 0xa1, 0xa1, 0xa1, 0xd2, 0xd2, 0xd2,
    0xf5, 0xf5, 0xf5, 0xfe, 0xfe, 0xfe, 0xff, 0xff, 0xff, 0xff, 0xff, 0xff,
    0xff, 0xff, 0xff, 0xff, 0xff, 0xff, 0xff, 0xff, 0xff, 0xff, 0xff, 0xff,
    0xff, 0xff, 0xff, 0xff, 0xff, 0xff, 0xff, 0xff, 0xff, 0xff, 0xff, 0xff,
    0xff, 0xff, 0xff, 0xff, 0xff, 0xff, 0xff, 0xff, 0xff, 0xff, 0xff, 0xff,
    0xff, 0xff, 0xff, 0xff, 0xff, 0xff, 0xff, 0xff, 0xff, 0xff, 0xff, 0xff,
    0x00, 0x00, 0xff, 0xff, 0xff, 0xff, 0xff, 0xff, 0xff, 0xff, 0xff, 0xff,
    0xff, 0xff, 0xff, 0xff, 0xff, 0xff, 0xff, 0xff, 0xff, 0xff, 0xff, 0xff,
    0xff, 0xff, 0xff, 0xff, 0xff, 0xff, 0xff, 0xff, 0xff, 0xff, 0xff, 0xff,
    0xff, 0xff, 0xff, 0xff, 0xff, 0xff, 0xff, 0xff, 0xff, 0xff, 0xff, 0xff,
    0xff, 0xff, 0xff, 0xff, 0xff, 0xfc, 0xfc, 0xfc, 0xff, 0xff, 0xff, 0xaa,
    0xaa, 0xaa, 0x00, 0x00, 0x00, 0x8c, 0x8c, 0x8c, 0xfc, 0xfc, 0xfc, 0xde,
    0xde, 0xde, 0xf2, 0xf2, 0xf2, 0xc6, 0xc6, 0xc6, 0x05, 0x05, 0x05, 0x32,
    0x32, 0x32, 0xa7, 0xa7, 0xa7, 0xd4, 0xd4, 0xd4, 0xf6, 0xf6, 0xf6, 0xfe,
    0xfe, 0xfe, 0xff, 0xff, 0xff, 0xff, 0xff, 0xff, 0xff, 0xff, 0xff, 0xff,
    0xff, 0xff, 0xff, 0xff, 0xff, 0xff, 0xff, 0xff, 0xff, 0xff, 0xff, 0xff,
    0xff, 0xff, 0xff, 0xff, 0xff, 0xff, 0xff, 0xff, 0xff, 0xff, 0xff, 0xff,
    0xff, 0xff, 0xff, 0xff, 0xff, 0xff, 0xff, 0xff, 0xff, 0xff, 0xff, 0xff,
    0xff, 0xff, 0xff, 0xff, 0xff, 0xff, 0xff, 0xff, 0x00, 0x00, 0xff, 0xff,
    0xff, 0xff, 0xff, 0xff, 0xff, 0xff, 0xff, 0xff, 0xff, 0xff, 0xff, 0xff,
    0xff, 0xff, 0xff, 0xff, 0xff, 0xff, 0xff, 0xff, 0xff, 0xff, 0xff, 0xff,
    0xff, 0xff, 0xff, 0xff, 0xff, 0xff, 0xff, 0xff, 0xff, 0xff, 0xff, 0xff,
    0xff, 0xff, 0xff, 0xff, 0xff, 0xff, 0xff, 0xff, 0xff, 0xff, 0xff, 0xff,
    0xff, 0xfb, 0xfb, 0xfb, 0xff, 0xff, 0xff, 0xa7, 0xa7, 0xa7, 0x00, 0x00,
    0x00, 0x97, 0x97, 0x97, 0xf8, 0xf8, 0xf8, 0xdc, 0xdc, 0xdc, 0xed, 0xed,
    0xed, 0xcc, 0xcc, 0xcc, 0x06, 0x06, 0x06, 0x36, 0x36, 0x36, 0xbb, 0xbb,
    0xbb, 0xdf, 0xdf, 0xdf, 0xf9, 0xf9, 0xf9, 0xff, 0xff, 0xff, 0xff, 0xff,
    0xff, 0xff, 0xff, 0xff, 0xff, 0xff, 0xff, 0xff, 0xff, 0xff, 0xff, 0xff,
    0xff, 0xff, 0xff, 0xff, 0xff, 0xff, 0xff, 0xff, 0xff, 0xff, 0xff, 0xff,
    0xff, 0xff, 0xff, 0xff, 0xff, 0xff, 0xff, 0xff, 0xff, 0xff, 0xff, 0xff,
    0xff, 0xff, 0xff, 0xff, 0xff, 0xff, 0xff, 0xff, 0xff, 0xff, 0xff, 0xff,
    0xff, 0xff, 0xff, 0xff, 0x00, 0x00, 0xff, 0xff, 0xff, 0xff, 0xff, 0xff,
    0xff, 0xff, 0xff, 0xff, 0xff, 0xff, 0xff, 0xff, 0xff, 0xff, 0xff, 0xff,
    0xff, 0xff, 0xff, 0xff, 0xff, 0xff, 0xff, 0xff, 0xff, 0xff, 0xff, 0xff,
    0xff, 0xff, 0xff, 0xff, 0xff, 0xff, 0xff, 0xff, 0xff, 0xff, 0xff, 0xff,
    0xff, 0xff, 0xff, 0xff, 0xff, 0xff, 0xff, 0xff, 0xff, 0xfd, 0xfd, 0xfd,
    0xff, 0xff, 0xff, 0xdf, 0xdf, 0xdf, 0x04, 0x04, 0x04, 0x2e, 0x2e, 0x2e,
    0xdd, 0xdd, 0xdd, 0xf6, 0xf6, 0xf6, 0xf0, 0xf0, 0xf0, 0x62, 0x62, 0x62,
    0x00, 0x00, 0x00, 0x72, 0x72, 0x72, 0xda, 0xda, 0xda, 0xed, 0xed, 0xed,
    0xfc, 0xfc, 0xfc, 0xff, 0xff, 0xff, 0xff, 0xff, 0xff, 0xff, 0xff, 0xff,
    0xff, 0xff, 0xff, 0xff, 0xff, 0xff, 0xff, 0xff, 0xff, 0xff, 0xff, 0xff,
    0xff, 0xff, 0xff, 0xff, 0xff, 0xff, 0xff, 0xff, 0xff, 0xff, 0xff, 0xff,
    0xff, 0xff, 0xff, 0xff, 0xff, 0xff, 0xff, 0xff, 0xff, 0xff, 0xff, 0xff,
    0xff, 0xff, 0xff, 0xff, 0xff, 0xff, 0xff, 0xff, 0xff, 0xff, 0xff, 0xff,
    0x00, 0x00, 0xff, 0xff, 0xff, 0xff, 0xff, 0xff, 0xff, 0xff, 0xff, 0xff,
    0xff, 0xff, 0xff, 0xff, 0xff, 0xff, 0xff, 0xff, 0xff, 0xff, 0xff, 0xff,
    0xff, 0xff, 0xff, 0xff, 0xff, 0xff, 0xff, 0xff, 0xff, 0xff, 0xff, 0xff,
    0xff, 0xff, 0xff, 0xff, 0xff, 0xff, 0xff, 0xff, 0xff, 0xff, 0xff, 0xff,
    0xff, 0xff, 0xff, 0xff, 0xff, 0xff, 0xff, 0xff, 0xfc, 0xfc, 0xfc, 0xff,
    0xff, 0xff, 0x80, 0x80, 0x80, 0x00, 0x00, 0x00, 0x17, 0x17, 0x17, 0x55,
    0x55, 0x55, 0x2d, 0x2d, 0x2d, 0x00, 0x00, 0x00, 0x34, 0x34, 0x34, 0xd4,
    0xd4, 0xd4, 0xec, 0xec, 0xec, 0xf9, 0xf9, 0xf9, 0xfe, 0xfe, 0xfe, 0xff,
    0xff, 0xff, 0xff, 0xff, 0xff, 0xff, 0xff, 0xff, 0xff, 0xff, 0xff, 0xff,
    0xff, 0xff, 0xff, 0xff, 0xff, 0xff, 0xff, 0xff, 0xff, 0xff, 0xff, 0xff,
    0xff, 0xff, 0xff, 0xff, 0xff, 0xff, 0xff, 0xff, 0xff, 0xff, 0xff, 0xff,
    0xff, 0xff, 0xff, 0xff, 0xff, 0xff, 0xff, 0xff, 0xff, 0xff, 0xff, 0xff,
    0xff, 0xff, 0xff, 0xff, 0xff, 0xff, 0xff, 0xff, 0x00, 0x00, 0xff, 0xff,
    0xff, 0xff, 0xff, 0xff, 0xff, 0xff, 0xff, 0xff, 0xff, 0xff, 0xff, 0xff,
    0xff, 0xff, 0xff, 0xff, 0xff, 0xff, 0xff, 0xff, 0xff, 0xff, 0xff, 0xff,
    0xff, 0xff, 0xff, 0xff, 0xff, 0xff, 0xff, 0xff, 0xff, 0xff, 0xff, 0xff,
    0xff, 0xff, 0xff, 0xff, 0xff, 0xff, 0xff, 0xff, 0xff, 0xff, 0xff, 0xff,
    0xff, 0xff, 0xff, 0xff, 0xff, 0xff, 0xff, 0xfd, 0xfd, 0xfd, 0xff, 0xff,
    0xff, 0x95, 0x95, 0x95, 0x2a, 0x2a, 0x2a, 0x0f, 0x0f, 0x0f, 0x1b, 0x1b,
    0x1b, 0x68, 0x68, 0x68, 0xe0, 0xe0, 0xe0, 0xf5, 0xf5, 0xf5, 0xf9, 0xf9,
    0xf9, 0xfe, 0xfe, 0xfe, 0xff, 0xff, 0xff, 0xff, 0xff, 0xff, 0xff, 0xff,
    0xff, 0xff, 0xff, 0xff, 0xff, 0xff, 0xff, 0xff, 0xff, 0xff, 0xff, 0xff,
    0xff, 0xff, 0xff, 0xff, 0xff, 0xff, 0xff, 0xff, 0xff, 0xff, 0xff, 0xff,
    0xff, 0xff, 0xff, 0xff, 0xff, 0xff, 0xff, 0xff, 0xff, 0xff, 0xff, 0xff,
    0xff, 0xff, 0xff, 0xff, 0xff, 0xff, 0xff, 0xff, 0xff, 0xff, 0xff, 0xff,
    0xff, 0xff, 0xff, 0xff, 0x00, 0x00, 0xff, 0xff, 0xff, 0xff, 0xff, 0xff,
    0xff, 0xff, 0xff, 0xff, 0xff, 0xff, 0xff, 0xff, 0xff, 0xff, 0xff, 0xff,
    0xff, 0xff, 0xff, 0xff, 0xff, 0xff, 0xff, 0xff, 0xff, 0xff, 0xff, 0xff,
    0xff, 0xff, 0xff, 0xff, 0xff, 0xff, 0xff, 0xff, 0xff, 0xff, 0xff, 0xff,
    0xff, 0xff, 0xff, 0xff, 0xff, 0xff, 0xff, 0xff, 0xff, 0xff, 0xff, 0xff,
    0xff, 0xff, 0xff, 0xff, 0xff, 0xff, 0xfe, 0xfe, 0xfe, 0xff, 0xff, 0xff,
    0xfd, 0xfd, 0xfd, 0xe9, 0xe9, 0xe9, 0xf2, 0xf2, 0xf2, 0xff, 0xff, 0xff,
    0xfe, 0xfe, 0xfe, 0xfc, 0xfc, 0xfc, 0xff, 0xff, 0xff, 0xff, 0xff, 0xff,
    0xff, 0xff, 0xff, 0xff, 0xff, 0xff, 0xff, 0xff, 0xff, 0xff, 0xff, 0xff,
    0xff, 0xff, 0xff, 0xff, 0xff, 0xff, 0xff, 0xff, 0xff, 0xff, 0xff, 0xff,
    0xff, 0xff, 0xff, 0xff, 0xff, 0xff, 0xff, 0xff, 0xff, 0xff, 0xff, 0xff,
    0xff, 0xff, 0xff, 0xff, 0xff, 0xff, 0xff, 0xff, 0xff, 0xff, 0xff, 0xff,
    0xff, 0xff, 0xff, 0xff, 0xff, 0xff, 0xff, 0xff, 0xff, 0xff, 0xff, 0xff,
    0x00, 0x00, 0xff, 0xff, 0xff, 0xff, 0xff, 0xff, 0xff, 0xff, 0xff, 0xff,
    0xff, 0xff, 0xff, 0xff, 0xff, 0xff, 0xff, 0xff, 0xff, 0xff, 0xff, 0xff,
    0xff, 0xff, 0xff, 0xff, 0xff, 0xff, 0xff, 0xff, 0xff, 0xff, 0xff, 0xff,
    0xff, 0xff, 0xff, 0xff, 0xff, 0xff, 0xff, 0xff, 0xff, 0xff, 0xff, 0xff,
    0xff, 0xff, 0xff, 0xff, 0xff, 0xff, 0xff, 0xff, 0xff, 0xff, 0xff, 0xff,
    0xff, 0xff, 0xff, 0xff, 0xff, 0xfc, 0xfc, 0xfc, 0xff, 0xff, 0xff, 0xff,
    0xff, 0xff, 0xff, 0xff, 0xff, 0xfc, 0xfc, 0xfc, 0xfe, 0xfe, 0xfe, 0xff,
    0xff, 0xff, 0xff, 0xff, 0xff, 0xff, 0xff, 0xff, 0xff, 0xff, 0xff, 0xff,
    0xff, 0xff, 0xff, 0xff, 0xff, 0xff, 0xff, 0xff, 0xff, 0xff, 0xff, 0xff,
    0xff, 0xff, 0xff, 0xff, 0xff, 0xff, 0xff, 0xff, 0xff, 0xff, 0xff, 0xff,
    0xff, 0xff, 0xff, 0xff, 0xff, 0xff, 0xff, 0xff, 0xff, 0xff, 0xff, 0xff,
    0xff, 0xff, 0xff, 0xff, 0xff, 0xff, 0xff, 0xff, 0xff, 0xff, 0xff, 0xff,
    0xff, 0xff, 0xff, 0xff, 0xff, 0xff, 0xff, 0xff, 0x00, 0x00
};
static const unsigned int white_bishop_bmp_len = 7654;

/* white_king.bmp (7654 bytes) */
static const unsigned char white_king_bmp[] = {
    0x42, 0x4d, 0xe6, 0x1d, 0x00, 0x00, 0x00, 0x00, 0x00, 0x00, 0x36, 0x00,
    0x00, 0x00, 0x28, 0x00, 0x00, 0x00, 0x32, 0x00, 0x00, 0x00, 0x32, 0x00,
    0x00, 0x00, 0x01, 0x00, 0x18, 0x00, 0x00, 0x00, 0x00, 0x00, 0xb0, 0x1d,
    0x00, 0x00, 0xc4, 0x0e, 0x00, 0x00, 0xc4, 0x0e, 0x00, 0x00, 0x00, 0x00,
    0x00, 0x00, 0x00, 0x00, 0x00, 0x00, 0xff, 0xff, 0xff, 0xff, 0xff, 0xff,
    0xff, 0xff, 0xff, 0xff, 0xff, 0xff, 0xff, 0xff, 0xff, 0xff, 0xff, 0xff,
    0xff, 0xff, 0xff, 0xff, 0xff, 0xff, 0xff, 0xff, 0xff, 0xff, 0xff, 0xff,
    0xff, 0xff, 0xff, 0xff, 0xff, 0xff, 0xff, 0xff, 0xff, 0xff, 0xff, 0xff,
    0xff, 0xff, 0xff, 0xff, 0xff, 0xff, 0xff, 0xff, 0xff, 0xff, 0xff, 0xff,
    0xff, 0xff, 0xff, 0xff, 0xff, 0xff, 0xff, 0xff, 0xff, 0xff, 0xff, 0xff,
    0xfe, 0xfe, 0xfe, 0xfe, 0xfe, 0xfe, 0xfe, 0xfe, 0xfe, 0xfe, 0xfe, 0xfe,
    0xff, 0xff, 0xff, 0xff, 0xff, 0xff, 0xff, 0xff, 0xff, 0xff, 0xff, 0xff,
    0xff, 0xff, 0xff, 0xff, 0xff, 0xff, 0xff, 0xff, 0xff, 0xff, 0xff, 0xff,
    0xff, 0xff, 0xff, 0xff, 0xff, 0xff, 0xff, 0xff, 0xff, 0xff, 0xff, 0xff,
    0xff, 0xff, 0xff, 0xff, 0xff, 0xff, 0xff, 0xff, 0xff, 0xff, 0xff, 0xff,
    0xff, 0xff, 0xff, 0xff, 0xff, 0xff, 0xff, 0xff, 0xff, 0xff, 0xff, 0xff,
    0xff, 0xff, 0xff, 0xff, 0xff, 0xff, 0xff, 0xff, 0xff, 0xff, 0xff, 0xff,
    0x00, 0x00, 0xff, 0xff, 0xff, 0xff, 0xff, 0xff, 0xff, 0xff, 0xff, 0xff,
    0xff, 0xff, 0xff, 0xff, 0xff, 0xff, 0xff, 0xff, 0xff, 0xff, 0xff, 0xff,
    0xff, 0xff, 0xff, 0xff, 0xff, 0xff, 0xff, 0xff, 0xff, 0xff, 0xff, 0xff,
    0xff, 0xff, 0xff, 0xff, 0xff, 0xff, 0xff, 0xff, 0xff, 0xff, 0xff, 0xff,
    0xff, 0xff, 0xfe, 0xfe, 0xfe, 0xfd, 0xfd, 0xfd, 0xfc, 0xfc, 0xfc, 0xfb,
    0xfb, 0xfb, 0xf9, 0xf9, 0xf9, 0xf8, 0xf8, 0xf8, 0xf6, 0xf6, 0xf6, 0xf5,
    0xf5, 0xf5, 0xf5, 0xf5, 0xf5, 0xf5, 0xf5, 0xf5, 0xf7, 0xf7, 0xf7, 0xf8,
    0xf8, 0xf8, 0xf9, 0xf9, 0xf9, 0xfb, 0xfb, 0xfb, 0xfd, 0xfd, 0xfd, 0xfe,
    0xfe, 0xfe, 0xfe, 0xfe, 0xfe, 0xff, 0xff, 0xff, 0xff, 0xff, 0xff, 0xff,
    0xff, 0xff, 0xff, 0xff, 0xff, 0xff, 0xff, 0xff, 0xff, 0xff, 0xff, 0xff,
    0xff, 0xff, 0xff, 0xff, 0xff, 0xff, 0xff, 0xff, 0xff, 0xff, 0xff, 0xff,
    0xff, 0xff, 0xff, 0xff, 0xff, 0xff, 0xff, 0xff, 0xff, 0xff, 0xff, 0xff,
    0xff, 0xff, 0xff, 0xff, 0xff, 0xff, 0xff, 0xff, 0x00, 0x00, 0xff, 0xff,
    0xff, 0xff, 0xff, 0xff, 0xff, 0xff, 0xff, 0xff, 0xff, 0xff, 0xff, 0xff,
    0xff, 0xff, 0xff, 0xff, 0xff, 0xff, 0xff, 0xff, 0xff, 0xff, 0xff, 0xff,
    0xff, 0xff, 0xff, 0xff, 0xff, 0xff, 0xff, 0xff, 0xff, 0xff, 0xff, 0xff,
    0xff, 0xfe, 0xfe, 0xfe, 0xfc, 0xfc, 0xfc, 0xf8, 0xf8, 0xf8, 0xf3, 0xf3,
    0xf3, 0xec, 0xec, 0xec, 0xe6, 0xe6, 0xe6, 0xdf, 0xdf, 0xdf, 0xd9, 0xd9,
    0xd9, 0xd4, 0xd4, 0xd4, 0xd0, 0xd0, 0xd0, 0xce, 0xce, 0xce, 0xcd, 0xcd,
    0xcd, 0xce, 0xce, 0xce, 0xd1, 0xd1, 0xd1, 0xd5, 0xd5, 0xd5, 0xda, 0xda,
    0xda, 0xe1, 0xe1, 0xe1, 0xe8, 0xe8, 0xe8, 0xef, 0xef, 0xef, 0xf5, 0xf5,
    0xf5, 0xf9, 0xf9, 0xf9, 0xfc, 0xfc, 0xfc, 0xfe, 0xfe, 0xfe, 0xff, 0xff,
    0xff, 0xff, 0xff, 0xff, 0xff, 0xff, 0xff, 0xff, 0xff, 0xff, 0xff, 0xff,
    0xff, 0xff, 0xff, 0xff, 0xff, 0xff, 0xff, 0xff, 0xff, 0xff, 0xff, 0xff,
    0xff, 0xff, 0xff, 0xff, 0xff, 0xff, 0xff, 0xff, 0xff, 0xff, 0xff, 0xff,
    0xff, 0xff, 0xff, 0xff, 0x00, 0x00, 0xff, 0xff, 0xff, 0xff, 0xff, 0xff,
    0xff, 0xff, 0xff, 0xff, 0xff, 0xff, 0xff, 0xff, 0xff, 0xff, 0xff, 0xff,
    0xff, 0xff, 0xff, 0xff, 0xff, 0xff, 0xff, 0xff, 0xff, 0xff, 0xff, 0xff,
    0xff, 0xff, 0xff, 0xfd, 0xfd, 0xfd, 0xf9, 0xf9, 0xf9, 0xf1, 0xf1, 0xf1,
    0xe6, 0xe6, 0xe6, 0xda, 0xda, 0xda, 0xcf, 0xcf, 0xcf, 0xc5, 0xc5, 0xc5,
    0xba, 0xba, 0xba, 0xb1, 0xb1, 0xb1, 0xa8, 0xa8, 0xa8, 0xa1, 0xa1, 0xa1,
    0x9d, 0x9d, 0x9d, 0x9a, 0x9a, 0x9a, 0x99, 0x99, 0x99, 0x9a, 0x9a, 0x9a,
    0x9e, 0x9e, 0x9e, 0xa2, 0xa2, 0xa2, 0xa6, 0xa6, 0xa6, 0xad, 0xad, 0xad,
    0xb6, 0xb6, 0xb6, 0xc1, 0xc1, 0xc1, 0xcf, 0xcf, 0xcf, 0xde, 0xde, 0xde,
    0xea, 0xea, 0xea, 0xf4, 0xf4, 0xf4, 0xfb, 0xfb, 0xfb, 0xfe, 0xfe, 0xfe,
    0xff, 0xff, 0xff, 0xff, 0xff, 0xff, 0xff, 0xff, 0xff, 0xff, 0xff, 0xff,
    0xff, 0xff, 0xff, 0xff, 0xff, 0xff, 0xff, 0xff, 0xff, 0xff, 0xff, 0xff,
    0xff, 0xff, 0xff, 0xff, 0xff, 0xff, 0xff, 0xff, 0xff, 0xff, 0xff, 0xff,
    0x00, 0x00, 0xff, 0xff, 0xff, 0xff, 0xff, 0xff, 0xff, 0xff, 0xff, 0xff,
    0xff, 0xff, 0xff, 0xff, 0xff, 0xff, 0xff, 0xff, 0xff, 0xff, 0xff, 0xff,
    0xff, 0xff, 0xff, 0xff, 0xff, 0xfe, 0xfe, 0xfe, 0xf9, 0xf9, 0xf9, 0xed,
    0xed, 0xed, 0xe0, 0xe0, 0xe0, 0xd1, 0xd1, 0xd1, 0xbe, 0xbe, 0xbe, 0xa7,
    0xa7, 0xa7, 0x8c, 0x8c, 0x8c, 0x6e, 0x6e, 0x6e, 0x54, 0x54, 0x54, 0x40,
    0x40, 0x40, 0x32, 0x32, 0x32, 0x29, 0x29, 0x29, 0x24, 0x24, 0x24, 0x23,
    0x23, 0x23, 0x25, 0x25, 0x25, 0x2c, 0x2c, 0x2c, 0x36, 0x36, 0x36, 0x45,
    0x45, 0x45, 0x58, 0x58, 0x58, 0x6d, 0x6d, 0x6d, 0x7f, 0x7f, 0x7f, 0x8e,
    0x8e, 0x8e, 0x9a, 0x9a, 0x9a, 0xa7, 0xa7, 0xa7, 0xba, 0xba, 0xba, 0xd0,
    0xd0, 0xd0, 0xe4, 0xe4, 0xe4, 0xf2, 0xf2, 0xf2, 0xfb, 0xfb, 0xfb, 0xfe,
    0xfe, 0xfe, 0xff, 0xff, 0xff, 0xff, 0xff, 0xff, 0xff, 0xff, 0xff, 0xff,
    0xff, 0xff, 0xff, 0xff, 0xff, 0xff, 0xff, 0xff, 0xff, 0xff, 0xff, 0xff,
    0xff, 0xff, 0xff, 0xff, 0xff, 0xff, 0xff, 0xff, 0x00, 0x00, 0xff, 0xff,
    0xff, 0xff, 0xff, 0xff, 0xff, 0xff, 0xff, 0xff, 0xff, 0xff, 0xff, 0xff,
    0xff, 0xff, 0xff, 0xff, 0xff, 0xff, 0xff, 0xff, 0xff, 0xff, 0xfe, 0xfe,
    0xfe, 0xf5, 0xf5, 0xf5, 0xe7, 0xe7, 0xe7, 0xd3, 0xd3, 0xd3, 0xb0, 0xb0,
    0xb0, 0x7c, 0x7c, 0x7c, 0x45, 0x45, 0x45, 0x1e, 0x1e, 0x1e, 0x07, 0x07,
    0x07, 0x00, 0x00, 0x00, 0x00, 0x00, 0x00, 0x04, 0x04, 0x04, 0x10, 0x10,
    0x10, 0x1a, 0x1a, 0x1a, 0x20, 0x20, 0x20, 0x21, 0x21, 0x21, 0x1c, 0x1c,
    0x1c, 0x13, 0x13, 0x13, 0x07, 0x07, 0x07, 0x00, 0x00, 0x00, 0x00, 0x00,
    0x00, 0x03, 0x03, 0x03, 0x13, 0x13, 0x13, 0x2d, 0x2d, 0x2d, 0x52, 0x52,
    0x52, 0x73, 0x73, 0x73, 0x89, 0x89, 0x89, 0x9a, 0x9a, 0x9a, 0xb2, 0xb2,
    0xb2, 0xd1, 0xd1, 0xd1, 0xeb, 0xeb, 0xeb, 0xfa, 0xfa, 0xfa, 0xff, 0xff,
    0xff, 0xff, 0xff, 0xff, 0xff, 0xff, 0xff, 0xff, 0xff, 0xff, 0xff, 0xff,
    0xff, 0xff, 0xff, 0xff, 0xff, 0xff, 0xff, 0xff, 0xff, 0xff, 0xff, 0xff,
    0xff, 0xff, 0xff, 0xff, 0x00, 0x00, 0xff, 0xff, 0xff, 0xff, 0xff, 0xff,
    0xff, 0xff, 0xff, 0xff, 0xff, 0xff, 0xff, 0xff, 0xff, 0xff, 0xff, 0xff,
    0xff, 0xff, 0xff, 0xff, 0xff, 0xff, 0xfc, 0xfc, 0xfc, 0xf8, 0xf8, 0xf8,
    0xc3, 0xc3, 0xc3, 0x64, 0x64, 0x64, 0x1e, 0x1e, 0x1e, 0x00, 0x00, 0x00,
    0x00, 0x00, 0x00, 0x29, 0x29, 0x29, 0x5c, 0x5c, 0x5c, 0x8b, 0x8b, 0x8b,
    0xb1, 0xb1, 0xb1, 0xc8, 0xc8, 0xc8, 0xd8, 0xd8, 0xd8, 0xe0, 0xe0, 0xe0,
    0xe4, 0xe4, 0xe4, 0xe5, 0xe5, 0xe5, 0xe2, 0xe2, 0xe2, 0xdb, 0xdb, 0xdb,
    0xcd, 0xcd, 0xcd, 0xb9, 0xb9, 0xb9, 0x96, 0x96, 0x96, 0x69, 0x69, 0x69,
    0x36, 0x36, 0x36, 0x09, 0x09, 0x09, 0x00, 0x00, 0x00, 0x0d, 0x0d, 0x0d,
    0x33, 0x33, 0x33, 0x63, 0x63, 0x63, 0x86, 0x86, 0x86, 0xa2, 0xa2, 0xa2,
    0xce, 0xce, 0xce, 0xf0, 0xf0, 0xf0, 0xfd, 0xfd, 0xfd, 0xff, 0xff, 0xff,
    0xff, 0xff, 0xff, 0xff, 0xff, 0xff, 0xff, 0xff, 0xff, 0xff, 0xff, 0xff,
    0xff, 0xff, 0xff, 0xff, 0xff, 0xff, 0xff, 0xff, 0xff, 0xff, 0xff, 0xff,
    0x00, 0x00, 0xff, 0xff, 0xff, 0xff, 0xff, 0xff, 0xff, 0xff, 0xff, 0xff,
    0xff, 0xff, 0xff, 0xff, 0xff, 0xff, 0xff, 0xff, 0xff, 0xff, 0xff, 0xfe,
    0xfe, 0xfe, 0xfc, 0xfc, 0xfc, 0x9f, 0x9f, 0x9f, 0x20, 0x20, 0x20, 0x06,
    0x06, 0x06, 0x2f, 0x2f, 0x2f, 0x7a, 0x7a, 0x7a, 0xbe, 0xbe, 0xbe, 0xe4,
    0xe4, 0xe4, 0xf3, 0xf3, 0xf3, 0xf5, 0xf5, 0xf5, 0xf1, 0xf1, 0xf1, 0xed,
    0xed, 0xed, 0xea, 0xea, 0xea, 0xe8, 0xe8, 0xe8, 0xe7, 0xe7, 0xe7, 0xe7,
    0xe7, 0xe7, 0xe8, 0xe8, 0xe8, 0xe9, 0xe9, 0xe9, 0xec, 0xec, 0xec, 0xf0,
    0xf0, 0xf0, 0xf4, 0xf4, 0xf4, 0xf5, 0xf5, 0xf5, 0xea, 0xea, 0xea, 0xca,
    0xca, 0xca, 0x8d, 0x8d, 0x8d, 0x42, 0x42, 0x42, 0x0c, 0x0c, 0x0c, 0x08,
    0x08, 0x08, 0x37, 0x37, 0x37, 0x80, 0x80, 0x80, 0xb6, 0xb6, 0xb6, 0xe7,
    0xe7, 0xe7, 0xfc, 0xfc, 0xfc, 0xff, 0xff, 0xff, 0xff, 0xff, 0xff, 0xff,
    0xff, 0xff, 0xff, 0xff, 0xff, 0xff, 0xff, 0xff, 0xff, 0xff, 0xff, 0xff,
    0xff, 0xff, 0xff, 0xff, 0xff, 0xff, 0xff, 0xff, 0x00, 0x00, 0xff, 0xff,
    0xff, 0xff, 0xff, 0xff, 0xff, 0xff, 0xff, 0xff, 0xff, 0xff, 0xff, 0xff,
    0xff, 0xff, 0xff, 0xff, 0xfe, 0xfe, 0xfe, 0xff, 0xff, 0xff, 0xf2, 0xf2,
    0xf2, 0x12, 0x12, 0x12, 0x00, 0x00, 0x00, 0x17, 0x17, 0x17, 0xa4, 0xa4,
    0xa4, 0xf5, 0xf5, 0xf5, 0xfe, 0xfe, 0xfe, 0xf6, 0xf6, 0xf6, 0xec, 0xec,
    0xec, 0xe6, 0xe6, 0xe6, 0xe3, 0xe3, 0xe3, 0xe2, 0xe2, 0xe2, 0xe2, 0xe2,
    0xe2, 0xe2, 0xe2, 0xe2, 0xe2, 0xe2, 0xe2, 0xe2, 0xe2, 0xe2, 0xe2, 0xe2,
    0xe2, 0xe2, 0xe2, 0xe2, 0xe2, 0xe2, 0xe2, 0xe3, 0xe3, 0xe3, 0xe5, 0xe5,
    0xe5, 0xea, 0xea, 0xea, 0xf3, 0xf3, 0xf3, 0xfd, 0xfd, 0xfd, 0xfb, 0xfb,
    0xfb, 0xc5, 0xc5, 0xc5, 0x35, 0x35, 0x35, 0x00, 0x00, 0x00, 0x02, 0x02,
    0x02, 0x5f, 0x5f, 0x5f, 0xb1, 0xb1, 0xb1, 0xe2, 0xe2, 0xe2, 0xfb, 0xfb,
    0xfb, 0xff, 0xff, 0xff, 0xff, 0xff, 0xff, 0xff, 0xff, 0xff, 0xff, 0xff,
    0xff, 0xff, 0xff, 0xff, 0xff, 0xff, 0xff, 0xff, 0xff, 0xff, 0xff, 0xff,
    0xff, 0xff, 0xff, 0xff, 0x00, 0x00, 0xff, 0xff, 0xff, 0xff, 0xff, 0xff,
    0xff, 0xff, 0xff, 0xff, 0xff, 0xff, 0xff, 0xff, 0xff, 0xff, 0xff, 0xff,
    0xfe, 0xfe, 0xfe, 0xff, 0xff, 0xff, 0xf1, 0xf1, 0xf1, 0x1b, 0x1b, 0x1b,
    0x18, 0x18, 0x18, 0x12, 0x12, 0x12, 0x00, 0x00, 0x00, 0x0c, 0x0c, 0x0c,
    0x50, 0x50, 0x50, 0x90, 0x90, 0x90, 0xbe, 0xbe, 0xbe, 0xdb, 0xdb, 0xdb,
    0xeb, 0xeb, 0xeb, 0xf2, 0xf2, 0xf2, 0xf6, 0xf6, 0xf6, 0xf7, 0xf7, 0xf7,
    0xf7, 0xf7, 0xf7, 0xf7, 0xf7, 0xf7, 0xf7, 0xf7, 0xf7, 0xf6, 0xf6, 0xf6,
    0xf4, 0xf4, 0xf4, 0xed, 0xed, 0xed, 0xe0, 0xe0, 0xe0, 0xc7, 0xc7, 0xc7,
    0x9e, 0x9e, 0x9e, 0x62, 0x62, 0x62, 0x1d, 0x1d, 0x1d, 0x00, 0x00, 0x00,
    0x00, 0x00, 0x00, 0x21, 0x21, 0x21, 0x01, 0x01, 0x01, 0x5c, 0x5c, 0x5c,
    0xaf, 0xaf, 0xaf, 0xe1, 0xe1, 0xe1, 0xfb, 0xfb, 0xfb, 0xff, 0xff, 0xff,
    0xff, 0xff, 0xff, 0xff, 0xff, 0xff, 0xff, 0xff, 0xff, 0xff, 0xff, 0xff,
    0xff, 0xff, 0xff, 0xff, 0xff, 0xff, 0xff, 0xff, 0xff, 0xff, 0xff, 0xff,
    0x00, 0x00, 0xff, 0xff, 0xff, 0xff, 0xff, 0xff, 0xff, 0xff, 0xff, 0xff,
    0xff, 0xff, 0xff, 0xff, 0xff, 0xff, 0xff, 0xff, 0xfe, 0xfe, 0xfe, 0xff,
    0xff, 0xff, 0xf3, 0xf3, 0xf3, 0x19, 0x19, 0x19, 0x56, 0x56, 0x56, 0xde,
    0xde, 0xde, 0x8a, 0x8a, 0x8a, 0x3e, 0x3e, 0x3e, 0x04, 0x04, 0x04, 0x00,
    0x00, 0x00, 0x00, 0x00, 0x00, 0x01, 0x01, 0x01, 0x1c, 0x1c, 0x1c, 0x35,
    0x35, 0x35, 0x4a, 0x4a, 0x4a, 0x59, 0x59, 0x59, 0x60, 0x60, 0x60, 0x61,
    0x61, 0x61, 0x5c, 0x5c, 0x5c, 0x4f, 0x4f, 0x4f, 0x3c, 0x3c, 0x3c, 0x23,
    0x23, 0x23, 0x08, 0x08, 0x08, 0x00, 0x00, 0x00, 0x00, 0x00, 0x00, 0x00,
    0x00, 0x00, 0x2c, 0x2c, 0x2c, 0x74, 0x74, 0x74, 0xce, 0xce, 0xce, 0x93,
    0x93, 0x93, 0x00, 0x00, 0x00, 0x5f, 0x5f, 0x5f, 0xaf, 0xaf, 0xaf, 0xe1,
    0xe1, 0xe1, 0xfb, 0xfb, 0xfb, 0xff, 0xff, 0xff, 0xff, 0xff, 0xff, 0xff,
    0xff, 0xff, 0xff, 0xff, 0xff, 0xff, 0xff, 0xff, 0xff, 0xff, 0xff, 0xff,
    0xff, 0xff, 0xff, 0xff, 0xff, 0xff, 0xff, 0xff, 0x00, 0x00, 0xff, 0xff,
    0xff, 0xff, 0xff, 0xff, 0xff, 0xff, 0xff, 0xff, 0xff, 0xff, 0xff, 0xff,
    0xff, 0xff, 0xff, 0xff, 0xfe, 0xfe, 0xfe, 0xff, 0xff, 0xff, 0xf3, 0xf3,
    0xf3, 0x19, 0x19, 0x19, 0x57, 0x57, 0x57, 0xff, 0xff, 0xff, 0xf3, 0xf3,
    0xf3, 0xef, 0xef, 0xef, 0xd8, 0xd8, 0xd8, 0xb2, 0xb2, 0xb2, 0x85, 0x85,
    0x85, 0x5a, 0x5a, 0x5a, 0x37, 0x37, 0x37, 0x1d, 0x1d, 0x1d, 0x0d, 0x0d,
    0x0d, 0x03, 0x03, 0x03, 0x00, 0x00, 0x00, 0x00, 0x00, 0x00, 0x01, 0x01,
    0x01, 0x09, 0x09, 0x09, 0x18, 0x18, 0x18, 0x2f, 0x2f, 0x2f, 0x4f, 0x4f,
    0x4f, 0x79, 0x79, 0x79, 0xa6, 0xa6, 0xa6, 0xcf, 0xcf, 0xcf, 0xea, 0xea,
    0xea, 0xf2, 0xf2, 0xf2, 0xff, 0xff, 0xff, 0x9a, 0x9a, 0x9a, 0x00, 0x00,
    0x00, 0x5f, 0x5f, 0x5f, 0xaf, 0xaf, 0xaf, 0xe1, 0xe1, 0xe1, 0xfb, 0xfb,
    0xfb, 0xff, 0xff, 0xff, 0xff, 0xff, 0xff, 0xff, 0xff, 0xff, 0xff, 0xff,
    0xff, 0xff, 0xff, 0xff, 0xff, 0xff, 0xff, 0xff, 0xff, 0xff, 0xff, 0xff,
    0xff, 0xff, 0xff, 0xff, 0x00, 0x00, 0xff, 0xff, 0xff, 0xff, 0xff, 0xff,
    0xff, 0xff, 0xff, 0xff, 0xff, 0xff, 0xff, 0xff, 0xff, 0xff, 0xff, 0xff,
    0xfe, 0xfe, 0xfe, 0xff, 0xff, 0xff, 0xf1, 0xf1, 0xf1, 0x19, 0x19, 0x19,
    0x24, 0x24, 0x24, 0xab, 0xab, 0xab, 0xe5, 0xe5, 0xe5, 0xf5, 0xf5, 0xf5,
    0xf5, 0xf5, 0xf5, 0xf5, 0xf5, 0xf5, 0xf5, 0xf5, 0xf5, 0xf3, 0xf3, 0xf3,
    0xef, 0xef, 0xef, 0xe8, 0xe8, 0xe8, 0xe1, 0xe1, 0xe1, 0xda, 0xda, 0xda,
    0xd7, 0xd7, 0xd7, 0xd6, 0xd6, 0xd6, 0xd9, 0xd9, 0xd9, 0xdf, 0xdf, 0xdf,
    0xe6, 0xe6, 0xe6, 0xed, 0xed, 0xed, 0xf2, 0xf2, 0xf2, 0xf5, 0xf5, 0xf5,
    0xf5, 0xf5, 0xf5, 0xf5, 0xf5, 0xf5, 0xf5, 0xf5, 0xf5, 0xec, 0xec, 0xec,
    0xc3, 0xc3, 0xc3, 0x48, 0x48, 0x48, 0x01, 0x01, 0x01, 0x5e, 0x5e, 0x5e,
    0xaf, 0xaf, 0xaf, 0xe1, 0xe1, 0xe1, 0xfb, 0xfb, 0xfb, 0xff, 0xff, 0xff,
    0xff, 0xff, 0xff, 0xff, 0xff, 0xff, 0xff, 0xff, 0xff, 0xff, 0xff, 0xff,
    0xff, 0xff, 0xff, 0xff, 0xff, 0xff, 0xff, 0xff, 0xff, 0xff, 0xff, 0xff,
    0x00, 0x00, 0xff, 0xff, 0xff, 0xff, 0xff, 0xff, 0xff, 0xff, 0xff, 0xff,
    0xff, 0xff, 0xff, 0xff, 0xff, 0xff, 0xff, 0xff, 0xfe, 0xfe, 0xfe, 0xff,
    0xff, 0xff, 0xf0, 0xf0, 0xf0, 0x19, 0x19, 0x19, 0x00, 0x00, 0x00, 0x01,
    0x01, 0x01, 0x1c, 0x1c, 0x1c, 0x6d, 0x6d, 0x6d, 0xb1, 0xb1, 0xb1, 0xda,
    0xda, 0xda, 0xec, 0xec, 0xec, 0xf3, 0xf3, 0xf3, 0xf5, 0xf5, 0xf5, 0xf5,
    0xf5, 0xf5, 0xf4, 0xf4, 0xf4, 0xf4, 0xf4, 0xf4, 0xf4, 0xf4, 0xf4, 0xf4,
    0xf4, 0xf4, 0xf4, 0xf4, 0xf4, 0xf4, 0xf4, 0xf4, 0xf4, 0xf4, 0xf4, 0xf5,
    0xf5, 0xf5, 0xf4, 0xf4, 0xf4, 0xef, 0xef, 0xef, 0xe0, 0xe0, 0xe0, 0xbe,
    0xbe, 0xbe, 0x82, 0x82, 0x82, 0x32, 0x32, 0x32, 0x00, 0x00, 0x00, 0x01,
    0x01, 0x01, 0x00, 0x00, 0x00, 0x5c, 0x5c, 0x5c, 0xaf, 0xaf, 0xaf, 0xe1,
    0xe1, 0xe1, 0xfb, 0xfb, 0xfb, 0xff, 0xff, 0xff, 0xff, 0xff, 0xff, 0xff,
    0xff, 0xff, 0xff, 0xff, 0xff, 0xff, 0xff, 0xff, 0xff, 0xff, 0xff, 0xff,
    0xff, 0xff, 0xff, 0xff, 0xff, 0xff, 0xff, 0xff, 0x00, 0x00, 0xff, 0xff,
    0xff, 0xff, 0xff, 0xff, 0xff, 0xff, 0xff, 0xff, 0xff, 0xff, 0xff, 0xff,
    0xff, 0xff, 0xff, 0xff, 0xfe, 0xfe, 0xfe, 0xff, 0xff, 0xff, 0xf1, 0xf1,
    0xf1, 0x19, 0x19, 0x19, 0x46, 0x46, 0x46, 0x92, 0x92, 0x92, 0x2b, 0x2b,
    0x2b, 0x00, 0x00, 0x00, 0x00, 0x00, 0x00, 0x04, 0x04, 0x04, 0x2e, 0x2e,
    0x2e, 0x59, 0x59, 0x59, 0x7e, 0x7e, 0x7e, 0x99, 0x99, 0x99, 0xac, 0xac,
    0xac, 0xb8, 0xb8, 0xb8, 0xbe, 0xbe, 0xbe, 0xbf, 0xbf, 0xbf, 0xba, 0xba,
    0xba, 0xb0, 0xb0, 0xb0, 0xa0, 0xa0, 0xa0, 0x87, 0x87, 0x87, 0x64, 0x64,
    0x64, 0x3a, 0x3a, 0x3a, 0x0f, 0x0f, 0x0f, 0x00, 0x00, 0x00, 0x00, 0x00,
    0x00, 0x17, 0x17, 0x17, 0x78, 0x78, 0x78, 0x75, 0x75, 0x75, 0x00, 0x00,
    0x00, 0x5b, 0x5b, 0x5b, 0xa9, 0xa9, 0xa9, 0xda, 0xda, 0xda, 0xf7, 0xf7,
    0xf7, 0xfe, 0xfe, 0xfe, 0xff, 0xff, 0xff, 0xff, 0xff, 0xff, 0xff, 0xff,
    0xff, 0xff, 0xff, 0xff, 0xff, 0xff, 0xff, 0xff, 0xff, 0xff, 0xff, 0xff,
    0xff, 0xff, 0xff, 0xff, 0x00, 0x00, 0xff, 0xff, 0xff, 0xff, 0xff, 0xff,
    0xff, 0xff, 0xff, 0xff, 0xff, 0xff, 0xff, 0xff, 0xff, 0xff, 0xff, 0xff,
    0xfe, 0xfe, 0xfe, 0xfe, 0xfe, 0xfe, 0xe7, 0xe7, 0xe7, 0x17, 0x17, 0x17,
    0x59, 0x59, 0x59, 0xff, 0xff, 0xff, 0xe6, 0xe6, 0xe6, 0xc6, 0xc6, 0xc6,
    0x8e, 0x8e, 0x8e, 0x53, 0x53, 0x53, 0x22, 0x22, 0x22, 0x01, 0x01, 0x01,
    0x00, 0x00, 0x00, 0x00, 0x00, 0x00, 0x00, 0x00, 0x00, 0x00, 0x00, 0x00,
    0x00, 0x00, 0x00, 0x00, 0x00, 0x00, 0x00, 0x00, 0x00, 0x00, 0x00, 0x00,
    0x00, 0x00, 0x00, 0x00, 0x00, 0x00, 0x00, 0x00, 0x00, 0x18, 0x18, 0x18,
    0x44, 0x44, 0x44, 0x7e, 0x7e, 0x7e, 0xb8, 0xb8, 0xb8, 0xdf, 0xdf, 0xdf,
    0xff, 0xff, 0xff, 0x9d, 0x9d, 0x9d, 0x00, 0x00, 0x00, 0x58, 0x58, 0x58,
    0x93, 0x93, 0x93, 0xbf, 0xbf, 0xbf, 0xe4, 0xe4, 0xe4, 0xf5, 0xf5, 0xf5,
    0xfd, 0xfd, 0xfd, 0xff, 0xff, 0xff, 0xff, 0xff, 0xff, 0xff, 0xff, 0xff,
    0xff, 0xff, 0xff, 0xff, 0xff, 0xff, 0xff, 0xff, 0xff, 0xff, 0xff, 0xff,
    0x00, 0x00, 0xff, 0xff, 0xff, 0xff, 0xff, 0xff, 0xff, 0xff, 0xff, 0xff,
    0xff, 0xff, 0xff, 0xff, 0xff, 0xfe, 0xfe, 0xfe, 0xf8, 0xf8, 0xf8, 0xed,
    0xed, 0xed, 0xd3, 0xd3, 0xd3, 0x16, 0x16, 0x16, 0x45, 0x45, 0x45, 0xec,
    0xec, 0xec, 0xf5, 0xf5, 0xf5, 0xf6, 0xf6, 0xf6, 0xf5, 0xf5, 0xf5, 0xf2,
    0xf2, 0xf2, 0xe9, 0xe9, 0xe9, 0xd8, 0xd8, 0xd8, 0xc4, 0xc4, 0xc4, 0xaf,
    0xaf, 0xaf, 0x9d, 0x9d, 0x9d, 0x90, 0x90, 0x90, 0x88, 0x88, 0x88, 0x87,
    0x87, 0x87, 0x8d, 0x8d, 0x8d, 0x99, 0x99, 0x99, 0xaa, 0xaa, 0xaa, 0xbe,
    0xbe, 0xbe, 0xd3, 0xd3, 0xd3, 0xe5, 0xe5, 0xe5, 0xf1, 0xf1, 0xf1, 0xf5,
    0xf5, 0xf5, 0xf6, 0xf6, 0xf6, 0xf4, 0xf4, 0xf4, 0xf7, 0xf7, 0xf7, 0x7d,
    0x7d, 0x7d, 0x02, 0x02, 0x02, 0x47, 0x47, 0x47, 0x7d, 0x7d, 0x7d, 0x93,
    0x93, 0x93, 0xb7, 0xb7, 0xb7, 0xda, 0xda, 0xda, 0xf0, 0xf0, 0xf0, 0xfb,
    0xfb, 0xfb, 0xfe, 0xfe, 0xfe, 0xff, 0xff, 0xff, 0xff, 0xff, 0xff, 0xff,
    0xff, 0xff, 0xff, 0xff, 0xff, 0xff, 0xff, 0xff, 0x00, 0x00, 0xff, 0xff,
    0xff, 0xff, 0xff, 0xff, 0xff, 0xff, 0xff, 0xff, 0xff, 0xff, 0xfe, 0xfe,
    0xfe, 0xf5, 0xf5, 0xf5, 0xe9, 0xe9, 0xe9, 0xce, 0xce, 0xce, 0x71, 0x71,
    0x71, 0x06, 0x06, 0x06, 0x01, 0x01, 0x01, 0x1c, 0x1c, 0x1c, 0x7c, 0x7c,
    0x7c, 0xc4, 0xc4, 0xc4, 0xe8, 0xe8, 0xe8, 0xf3, 0xf3, 0xf3, 0xf5, 0xf5,
    0xf5, 0xf4, 0xf4, 0xf4, 0xf4, 0xf4, 0xf4, 0xf4, 0xf4, 0xf4, 0xf4, 0xf4,
    0xf4, 0xf5, 0xf5, 0xf5, 0xf5, 0xf5, 0xf5, 0xf5, 0xf5, 0xf5, 0xf5, 0xf5,
    0xf5, 0xf4, 0xf4, 0xf4, 0xf4, 0xf4, 0xf4, 0xf4, 0xf4, 0xf4, 0xf4, 0xf4,
    0xf4, 0xf5, 0xf5, 0xf5, 0xf4, 0xf4, 0xf4, 0xed, 0xed, 0xed, 0xd1, 0xd1,
    0xd1, 0x93, 0x93, 0x93, 0x35, 0x35, 0x35, 0x00, 0x00, 0x00, 0x01, 0x01,
    0x01, 0x04, 0x04, 0x04, 0x33, 0x33, 0x33, 0x6e, 0x6e, 0x6e, 0x8a, 0x8a,
    0x8a, 0xa9, 0xa9, 0xa9, 0xd1, 0xd1, 0xd1, 0xed, 0xed, 0xed, 0xfa, 0xfa,
    0xfa, 0xfe, 0xfe, 0xfe, 0xff, 0xff, 0xff, 0xff, 0xff, 0xff, 0xff, 0xff,
    0xff, 0xff, 0xff, 0xff, 0x00, 0x00, 0xff, 0xff, 0xff, 0xff, 0xff, 0xff,
    0xff, 0xff, 0xff, 0xfe, 0xfe, 0xfe, 0xf5, 0xf5, 0xf5, 0xec, 0xec, 0xec,
    0xb9, 0xb9, 0xb9, 0x3c, 0x3c, 0x3c, 0x00, 0x00, 0x00, 0x1f, 0x1f, 0x1f,
    0x74, 0x74, 0x74, 0x27, 0x27, 0x27, 0x00, 0x00, 0x00, 0x00, 0x00, 0x00,
    0x22, 0x22, 0x22, 0x5d, 0x5d, 0x5d, 0x92, 0x92, 0x92, 0xb8, 0xb8, 0xb8,
    0xd0, 0xd0, 0xd0, 0xdf, 0xdf, 0xdf, 0xe7, 0xe7, 0xe7, 0xeb, 0xeb, 0xeb,
    0xed, 0xed, 0xed, 0xeb, 0xeb, 0xeb, 0xeb, 0xeb, 0xeb, 0xe9, 0xe9, 0xe9,
    0xe2, 0xe2, 0xe2, 0xd5, 0xd5, 0xd5, 0xc0, 0xc0, 0xc0, 0x9d, 0x9d, 0x9d,
    0x6d, 0x6d, 0x6d, 0x32, 0x32, 0x32, 0x00, 0x00, 0x00, 0x00, 0x00, 0x00,
    0x11, 0x11, 0x11, 0x71, 0x71, 0x71, 0xb4, 0xb4, 0xb4, 0x42, 0x42, 0x42,
    0x00, 0x00, 0x00, 0x14, 0x14, 0x14, 0x5b, 0x5b, 0x5b, 0x82, 0x82, 0x82,
    0xa0, 0xa0, 0xa0, 0xcd, 0xcd, 0xcd, 0xec, 0xec, 0xec, 0xfb, 0xfb, 0xfb,
    0xff, 0xff, 0xff, 0xff, 0xff, 0xff, 0xff, 0xff, 0xff, 0xff, 0xff, 0xff,
    0x00, 0x00, 0xff, 0xff, 0xff, 0xff, 0xff, 0xff, 0xff, 0xff, 0xff, 0xf7,
    0xf7, 0xf7, 0xf1, 0xf1, 0xf1, 0xa9, 0xa9, 0xa9, 0x19, 0x19, 0x19, 0x00,
    0x00, 0x00, 0x69, 0x69, 0x69, 0xe0, 0xe0, 0xe0, 0xf9, 0xf9, 0xf9, 0xea,
    0xea, 0xea, 0xb9, 0xb9, 0xb9, 0x71, 0x71, 0x71, 0x2c, 0x2c, 0x2c, 0x00,
    0x00, 0x00, 0x00, 0x00, 0x00, 0x00, 0x00, 0x00, 0x00, 0x00, 0x00, 0x0a,
    0x0a, 0x0a, 0x1b, 0x1b, 0x1b, 0x27, 0x27, 0x27, 0x2f, 0x2f, 0x2f, 0x39,
    0x39, 0x39, 0x2f, 0x2f, 0x2f, 0x1e, 0x1e, 0x1e, 0x0f, 0x0f, 0x0f, 0x00,
    0x00, 0x00, 0x00, 0x00, 0x00, 0x00, 0x00, 0x00, 0x00, 0x00, 0x00, 0x1d,
    0x1d, 0x1d, 0x5d, 0x5d, 0x5d, 0xa7, 0xa7, 0xa7, 0xe1, 0xe1, 0xe1, 0xf6,
    0xf6, 0xf6, 0xf2, 0xf2, 0xf2, 0xf1, 0xf1, 0xf1, 0x8e, 0x8e, 0x8e, 0x08,
    0x08, 0x08, 0x05, 0x05, 0x05, 0x4c, 0x4c, 0x4c, 0x80, 0x80, 0x80, 0x9f,
    0x9f, 0x9f, 0xce, 0xce, 0xce, 0xee, 0xee, 0xee, 0xfc, 0xfc, 0xfc, 0xff,
    0xff, 0xff, 0xff, 0xff, 0xff, 0xff, 0xff, 0xff, 0x00, 0x00, 0xff, 0xff,
    0xff, 0xff, 0xff, 0xff, 0xfa, 0xfa, 0xfa, 0xf7, 0xf7, 0xf7, 0xae, 0xae,
    0xae, 0x0e, 0x0e, 0x0e, 0x09, 0x09, 0x09, 0x9e, 0x9e, 0x9e, 0xf8, 0xf8,
    0xf8, 0xe8, 0xe8, 0xe8, 0xe1, 0xe1, 0xe1, 0xe6, 0xe6, 0xe6, 0xf0, 0xf0,
    0xf0, 0xf7, 0xf7, 0xf7, 0xef, 0xef, 0xef, 0xd6, 0xd6, 0xd6, 0xb3, 0xb3,
    0xb3, 0x8d, 0x8d, 0x8d, 0x6a, 0x6a, 0x6a, 0x4d, 0x4d, 0x4d, 0x38, 0x38,
    0x38, 0x2c, 0x2c, 0x2c, 0x21, 0x21, 0x21, 0x00, 0x00, 0x00, 0x0c, 0x0c,
    0x0c, 0x38, 0x38, 0x38, 0x46, 0x46, 0x46, 0x61, 0x61, 0x61, 0x83, 0x83,
    0x83, 0xa9, 0xa9, 0xa9, 0xce, 0xce, 0xce, 0xea, 0xea, 0xea, 0xf6, 0xf6,
    0xf6, 0xf3, 0xf3, 0xf3, 0xe8, 0xe8, 0xe8, 0xe3, 0xe3, 0xe3, 0xe3, 0xe3,
    0xe3, 0xe4, 0xe4, 0xe4, 0xf8, 0xf8, 0xf8, 0xbd, 0xbd, 0xbd, 0x1c, 0x1c,
    0x1c, 0x00, 0x00, 0x00, 0x48, 0x48, 0x48, 0x80, 0x80, 0x80, 0xa4, 0xa4,
    0xa4, 0xd6, 0xd6, 0xd6, 0xf4, 0xf4, 0xf4, 0xfe, 0xfe, 0xfe, 0xff, 0xff,
    0xff, 0xff, 0xff, 0xff, 0x00, 0x00, 0xff, 0xff, 0xff, 0xfd, 0xfd, 0xfd,
    0xfc, 0xfc, 0xfc, 0xce, 0xce, 0xce, 0x16, 0x16, 0x16, 0x0c, 0x0c, 0x0c,
    0xb6, 0xb6, 0xb6, 0xf8, 0xf8, 0xf8, 0xe1, 0xe1, 0xe1, 0xe5, 0xe5, 0xe5,
    0xe6, 0xe6, 0xe6, 0xe6, 0xe6, 0xe6, 0xe4, 0xe4, 0xe4, 0xe2, 0xe2, 0xe2,
    0xe5, 0xe5, 0xe5, 0xeb, 0xeb, 0xeb, 0xf1, 0xf1, 0xf1, 0xf6, 0xf6, 0xf6,
    0xf7, 0xf7, 0xf7, 0xf6, 0xf6, 0xf6, 0xf2, 0xf2, 0xf2, 0xf5, 0xf5, 0xf5,
    0xde, 0xde, 0xde, 0x03, 0x03, 0x03, 0x69, 0x69, 0x69, 0xff, 0xff, 0xff,
    0xf1, 0xf1, 0xf1, 0xf7, 0xf7, 0xf7, 0xf7, 0xf7, 0xf7, 0xf3, 0xf3, 0xf3,
    0xed, 0xed, 0xed, 0xe6, 0xe6, 0xe6, 0xe3, 0xe3, 0xe3, 0xe3, 0xe3, 0xe3,
    0xe5, 0xe5, 0xe5, 0xe6, 0xe6, 0xe6, 0xe6, 0xe6, 0xe6, 0xe6, 0xe6, 0xe6,
    0xe1, 0xe1, 0xe1, 0xf3, 0xf3, 0xf3, 0xd2, 0xd2, 0xd2, 0x24, 0x24, 0x24,
    0x01, 0x01, 0x01, 0x50, 0x50, 0x50, 0x87, 0x87, 0x87, 0xb4, 0xb4, 0xb4,
    0xe4, 0xe4, 0xe4, 0xfa, 0xfa, 0xfa, 0xff, 0xff, 0xff, 0xff, 0xff, 0xff,
    0x00, 0x00, 0xff, 0xff, 0xff, 0xfc, 0xfc, 0xfc, 0xf6, 0xf6, 0xf6, 0x43,
    0x43, 0x43, 0x01, 0x01, 0x01, 0xa7, 0xa7, 0xa7, 0xf8, 0xf8, 0xf8, 0xe0,
    0xe0, 0xe0, 0xe6, 0xe6, 0xe6, 0xe6, 0xe6, 0xe6, 0xe6, 0xe6, 0xe6, 0xe6,
    0xe6, 0xe6, 0xe6, 0xe6, 0xe6, 0xe6, 0xe6, 0xe6, 0xe6, 0xe6, 0xe6, 0xe5,
    0xe5, 0xe5, 0xe3, 0xe3, 0xe3, 0xe2, 0xe2, 0xe2, 0xe2, 0xe2, 0xe2, 0xe3,
    0xe3, 0xe3, 0xe3, 0xe3, 0xe3, 0xe9, 0xe9, 0xe9, 0xd5, 0xd5, 0xd5, 0x00,
    0x00, 0x00, 0x62, 0x62, 0x62, 0xf5, 0xf5, 0xf5, 0xdf, 0xdf, 0xdf, 0xe2,
    0xe2, 0xe2, 0xe2, 0xe2, 0xe2, 0xe3, 0xe3, 0xe3, 0xe4, 0xe4, 0xe4, 0xe6,
    0xe6, 0xe6, 0xe6, 0xe6, 0xe6, 0xe6, 0xe6, 0xe6, 0xe6, 0xe6, 0xe6, 0xe6,
    0xe6, 0xe6, 0xe6, 0xe6, 0xe6, 0xe6, 0xe6, 0xe6, 0xe6, 0xe6, 0xe6, 0xe1,
    0xe1, 0xe1, 0xf1, 0xf1, 0xf1, 0xcd, 0xcd, 0xcd, 0x14, 0x14, 0x14, 0x0b,
    0x0b, 0x0b, 0x69, 0x69, 0x69, 0x98, 0x98, 0x98, 0xcd, 0xcd, 0xcd, 0xf2,
    0xf2, 0xf2, 0xfe, 0xfe, 0xfe, 0xff, 0xff, 0xff, 0x00, 0x00, 0xfc, 0xfc,
    0xfc, 0xff, 0xff, 0xff, 0xaa, 0xaa, 0xaa, 0x00, 0x00, 0x00, 0x69, 0x69,
    0x69, 0xfa, 0xfa, 0xfa, 0xe1, 0xe1, 0xe1, 0xe6, 0xe6, 0xe6, 0xe6, 0xe6,
    0xe6, 0xe6, 0xe6, 0xe6, 0xe6, 0xe6, 0xe6, 0xe6, 0xe6, 0xe6, 0xe6, 0xe6,
    0xe6, 0xe6, 0xe6, 0xe6, 0xe6, 0xe6, 0xe6, 0xe6, 0xe6, 0xe6, 0xe6, 0xe6,
    0xe6, 0xe6, 0xe6, 0xe6, 0xe6, 0xe6, 0xe6, 0xe6, 0xe6, 0xe6, 0xe5, 0xe5,
    0xe5, 0xeb, 0xeb, 0xeb, 0xd5, 0xd5, 0xd5, 0x00, 0x00, 0x00, 0x62, 0x62,
    0x62, 0xf7, 0xf7, 0xf7, 0xe2, 0xe2, 0xe2, 0xe6, 0xe6, 0xe6, 0xe6, 0xe6,
    0xe6, 0xe6, 0xe6, 0xe6, 0xe6, 0xe6, 0xe6, 0xe6, 0xe6, 0xe6, 0xe6, 0xe6,
    0xe6, 0xe6, 0xe6, 0xe6, 0xe6, 0xe6, 0xe6, 0xe6, 0xe6, 0xe6, 0xe6, 0xe6,
    0xe6, 0xe6, 0xe6, 0xe6, 0xe6, 0xe6, 0xe6, 0xe6, 0xe6, 0xe6, 0xe1, 0xe1,
    0xe1, 0xf7, 0xf7, 0xf7, 0xa4, 0xa4, 0xa4, 0x00, 0x00, 0x00, 0x2d, 0x2d,
    0x2d, 0x86, 0x86, 0x86, 0xb6, 0xb6, 0xb6, 0xe8, 0xe8, 0xe8, 0xfc, 0xfc,
    0xfc, 0xff, 0xff, 0xff, 0x00, 0x00, 0xfc, 0xfc, 0xfc, 0xff, 0xff, 0xff,
    0x47, 0x47, 0x47, 0x10, 0x10, 0x10, 0xd8, 0xd8, 0xd8, 0xea, 0xea, 0xea,
    0xe5, 0xe5, 0xe5, 0xe6, 0xe6, 0xe6, 0xe6, 0xe6, 0xe6, 0xe6, 0xe6, 0xe6,
    0xe6, 0xe6, 0xe6, 0xe6, 0xe6, 0xe6, 0xe6, 0xe6, 0xe6, 0xe6, 0xe6, 0xe6,
    0xe6, 0xe6, 0xe6, 0xe6, 0xe6, 0xe6, 0xe6, 0xe6, 0xe6, 0xe6, 0xe6, 0xe6,
    0xe6, 0xe6, 0xe6, 0xe6, 0xe6, 0xe6, 0xe5, 0xe5, 0xe5, 0xea, 0xea, 0xea,
    0xd9, 0xd9, 0xd9, 0x00, 0x00, 0x00, 0x66, 0x66, 0x66, 0xf7, 0xf7, 0xf7,
    0xe2, 0xe2, 0xe2, 0xe6, 0xe6, 0xe6, 0xe6, 0xe6, 0xe6, 0xe6, 0xe6, 0xe6,
    0xe6, 0xe6, 0xe6, 0xe6, 0xe6, 0xe6, 0xe6, 0xe6, 0xe6, 0xe6, 0xe6, 0xe6,
    0xe6, 0xe6, 0xe6, 0xe6, 0xe6, 0xe6, 0xe6, 0xe6, 0xe6, 0xe6, 0xe6, 0xe6,
    0xe6, 0xe6, 0xe6, 0xe6, 0xe6, 0xe6, 0xe6, 0xe6, 0xe6, 0xe2, 0xe2, 0xe2,
    0xf4, 0xf4, 0xf4, 0x46, 0x46, 0x46, 0x04, 0x04, 0x04, 0x6c, 0x6c, 0x6c,
    0xa9, 0xa9, 0xa9, 0xde, 0xde, 0xde, 0xfa, 0xfa, 0xfa, 0xff, 0xff, 0xff,
    0x00, 0x00, 0xff, 0xff, 0xff, 0xee, 0xee, 0xee, 0x13, 0x13, 0x13, 0x4e,
    0x4e, 0x4e, 0xf4, 0xf4, 0xf4, 0xe2, 0xe2, 0xe2, 0xe6, 0xe6, 0xe6, 0xe6,
    0xe6, 0xe6, 0xe6, 0xe6, 0xe6, 0xe6, 0xe6, 0xe6, 0xe6, 0xe6, 0xe6, 0xe6,
    0xe6, 0xe6, 0xe6, 0xe6, 0xe6, 0xe6, 0xe6, 0xe6, 0xe6, 0xe6, 0xe6, 0xe6,
    0xe6, 0xe6, 0xe6, 0xe6, 0xe6, 0xe6, 0xe6, 0xe6, 0xe6, 0xe6, 0xe6, 0xe6,
    0xe6, 0xe6, 0xe3, 0xe3, 0xe3, 0xf1, 0xf1, 0xf1, 0xbb, 0xbb, 0xbb, 0x02,
    0x02, 0x02, 0x4f, 0x4f, 0x4f, 0xf5, 0xf5, 0xf5, 0xe2, 0xe2, 0xe2, 0xe6,
    0xe6, 0xe6, 0xe6, 0xe6, 0xe6, 0xe6, 0xe6, 0xe6, 0xe6, 0xe6, 0xe6, 0xe6,
    0xe6, 0xe6, 0xe6, 0xe6, 0xe6, 0xe6, 0xe6, 0xe6, 0xe6, 0xe6, 0xe6, 0xe6,
    0xe6, 0xe6, 0xe6, 0xe6, 0xe6, 0xe6, 0xe6, 0xe6, 0xe6, 0xe6, 0xe6, 0xe6,
    0xe6, 0xe6, 0xe6, 0xe6, 0xe6, 0xe3, 0xe3, 0xe3, 0xf3, 0xf3, 0xf3, 0xa5,
    0xa5, 0xa5, 0x00, 0x00, 0x00, 0x49, 0x49, 0x49, 0xa4, 0xa4, 0xa4, 0xd6,
    0xd6, 0xd6, 0xf8, 0xf8, 0xf8, 0xff, 0xff, 0xff, 0x00, 0x00, 0xff, 0xff,
    0xff, 0xd9, 0xd9, 0xd9, 0x01, 0x01, 0x01, 0x77, 0x77, 0x77, 0xf7, 0xf7,
    0xf7, 0xe2, 0xe2, 0xe2, 0xe6, 0xe6, 0xe6, 0xe6, 0xe6, 0xe6, 0xe6, 0xe6,
    0xe6, 0xe6, 0xe6, 0xe6, 0xe6, 0xe6, 0xe6, 0xe6, 0xe6, 0xe6, 0xe6, 0xe6,
    0xe6, 0xe6, 0xe6, 0xe6, 0xe6, 0xe6, 0xe6, 0xe6, 0xe6, 0xe6, 0xe6, 0xe6,
    0xe6, 0xe6, 0xe6, 0xe6, 0xe6, 0xe6, 0xe6, 0xe6, 0xe6, 0xe6, 0xe3, 0xe3,
    0xe3, 0xf2, 0xf2, 0xf2, 0x40, 0x40, 0x40, 0x00, 0x00, 0x00, 0x0d, 0x0d,
    0x0d, 0xce, 0xce, 0xce, 0xec, 0xec, 0xec, 0xe4, 0xe4, 0xe4, 0xe6, 0xe6,
    0xe6, 0xe6, 0xe6, 0xe6, 0xe6, 0xe6, 0xe6, 0xe6, 0xe6, 0xe6, 0xe6, 0xe6,
    0xe6, 0xe6, 0xe6, 0xe6, 0xe6, 0xe6, 0xe6, 0xe6, 0xe6, 0xe6, 0xe6, 0xe6,
    0xe6, 0xe6, 0xe6, 0xe6, 0xe6, 0xe6, 0xe6, 0xe6, 0xe6, 0xe6, 0xe6, 0xe6,
    0xe6, 0xe5, 0xe5, 0xe5, 0xec, 0xec, 0xec, 0xcf, 0xcf, 0xcf, 0x08, 0x08,
    0x08, 0x35, 0x35, 0x35, 0xa5, 0xa5, 0xa5, 0xd6, 0xd6, 0xd6, 0xf8, 0xf8,
    0xf8, 0xff, 0xff, 0xff, 0x00, 0x00, 0xff, 0xff, 0xff, 0xda, 0xda, 0xda,
    0x01, 0x01, 0x01, 0x78, 0x78, 0x78, 0xf7, 0xf7, 0xf7, 0xe2, 0xe2, 0xe2,
    0xe6, 0xe6, 0xe6, 0xe6, 0xe6, 0xe6, 0xe6, 0xe6, 0xe6, 0xe6, 0xe6, 0xe6,
    0xe6, 0xe6, 0xe6, 0xe6, 0xe6, 0xe6, 0xe6, 0xe6, 0xe6, 0xe6, 0xe6, 0xe6,
    0xe6, 0xe6, 0xe6, 0xe6, 0xe6, 0xe6, 0xe6, 0xe6, 0xe6, 0xe6, 0xe6, 0xe6,
    0xe6, 0xe6, 0xe6, 0xe1, 0xe1, 0xe1, 0xf8, 0xf8, 0xf8, 0x8d, 0x8d, 0x8d,
    0x00, 0x00, 0x00, 0x46, 0x46, 0x46, 0x00, 0x00, 0x00, 0x5c, 0x5c, 0x5c,
    0xf8, 0xf8, 0xf8, 0xe1, 0xe1, 0xe1, 0xe6, 0xe6, 0xe6, 0xe6, 0xe6, 0xe6,
    0xe6, 0xe6, 0xe6, 0xe6, 0xe6, 0xe6, 0xe6, 0xe6, 0xe6, 0xe6, 0xe6, 0xe6,
    0xe6, 0xe6, 0xe6, 0xe6, 0xe6, 0xe6, 0xe6, 0xe6, 0xe6, 0xe6, 0xe6, 0xe6,
    0xe6, 0xe6, 0xe6, 0xe6, 0xe6, 0xe6, 0xe6, 0xe6, 0xe6, 0xe5, 0xe5, 0xe5,
    0xea, 0xea, 0xea, 0xd6, 0xd6, 0xd6, 0x0f, 0x0f, 0x0f, 0x33, 0x33, 0x33,
    0xad, 0xad, 0xad, 0xdb, 0xdb, 0xdb, 0xfa, 0xfa, 0xfa, 0xff, 0xff, 0xff,
    0x00, 0x00, 0xff, 0xff, 0xff, 0xf1, 0xf1, 0xf1, 0x12, 0x12, 0x12, 0x51,
    0x51, 0x51, 0xf5, 0xf5, 0xf5, 0xe2, 0xe2, 0xe2, 0xe6, 0xe6, 0xe6, 0xe6,
    0xe6, 0xe6, 0xe6, 0xe6, 0xe6, 0xe6, 0xe6, 0xe6, 0xe6, 0xe6, 0xe6, 0xe6,
    0xe6, 0xe6, 0xe6, 0xe6, 0xe6, 0xe6, 0xe6, 0xe6, 0xe6, 0xe6, 0xe6, 0xe6,
    0xe6, 0xe6, 0xe6, 0xe6, 0xe6, 0xe6, 0xe6, 0xe6, 0xe1, 0xe1, 0xe1, 0xf3,
    0xf3, 0xf3, 0xbf, 0xbf, 0xbf, 0x06, 0x06, 0x06, 0x27, 0x27, 0x27, 0xf2,
    0xf2, 0xf2, 0x4e, 0x4e, 0x4e, 0x00, 0x00, 0x00, 0xb4, 0xb4, 0xb4, 0xf4,
    0xf4, 0xf4, 0xe1, 0xe1, 0xe1, 0xe6, 0xe6, 0xe6, 0xe6, 0xe6, 0xe6, 0xe6,
    0xe6, 0xe6, 0xe6, 0xe6, 0xe6, 0xe6, 0xe6, 0xe6, 0xe6, 0xe6, 0xe6, 0xe6,
    0xe6, 0xe6, 0xe6, 0xe6, 0xe6, 0xe6, 0xe6, 0xe6, 0xe6, 0xe6, 0xe6, 0xe6,
    0xe6, 0xe6, 0xe6, 0xe6, 0xe6, 0xe4, 0xe4, 0xe4, 0xee, 0xee, 0xee, 0xc2,
    0xc2, 0xc2, 0x03, 0x03, 0x03, 0x46, 0x46, 0x46, 0xbd, 0xbd, 0xbd, 0xe5,
    0xe5, 0xe5, 0xfc, 0xfc, 0xfc, 0xff, 0xff, 0xff, 0x00, 0x00, 0xfd, 0xfd,
    0xfd, 0xff, 0xff, 0xff, 0x47, 0x47, 0x47, 0x14, 0x14, 0x14, 0xdc, 0xdc,
    0xdc, 0xe9, 0xe9, 0xe9, 0xe5, 0xe5, 0xe5, 0xe6, 0xe6, 0xe6, 0xe6, 0xe6,
    0xe6, 0xe6, 0xe6, 0xe6, 0xe6, 0xe6, 0xe6, 0xe6, 0xe6, 0xe6, 0xe6, 0xe6,
    0xe6, 0xe6, 0xe6, 0xe6, 0xe6, 0xe6, 0xe6, 0xe6, 0xe6, 0xe6, 0xe6, 0xe6,
    0xe6, 0xe1, 0xe1, 0xe1, 0xf3, 0xf3, 0xf3, 0xcd, 0xcd, 0xcd, 0x18, 0x18,
    0x18, 0x0b, 0x0b, 0x0b, 0xc5, 0xc5, 0xc5, 0xf3, 0xf3, 0xf3, 0xd2, 0xd2,
    0xd2, 0x11, 0x11, 0x11, 0x1b, 0x1b, 0x1b, 0xd8, 0xd8, 0xd8, 0xef, 0xef,
    0xef, 0xe1, 0xe1, 0xe1, 0xe6, 0xe6, 0xe6, 0xe6, 0xe6, 0xe6, 0xe6, 0xe6,
    0xe6, 0xe6, 0xe6, 0xe6, 0xe6, 0xe6, 0xe6, 0xe6, 0xe6, 0xe6, 0xe6, 0xe6,
    0xe6, 0xe6, 0xe6, 0xe6, 0xe6, 0xe6, 0xe6, 0xe6, 0xe6, 0xe6, 0xe6, 0xe6,
    0xe6, 0xe0, 0xe0, 0xe0, 0xf9, 0xf9, 0xf9, 0x7f, 0x7f, 0x7f, 0x00, 0x00,
    0x00, 0x79, 0x79, 0x79, 0xd3, 0xd3, 0xd3, 0xf0, 0xf0, 0xf0, 0xfe, 0xfe,
    0xfe, 0xff, 0xff, 0xff, 0x00, 0x00, 0xfb, 0xfb, 0xfb, 0xff, 0xff, 0xff,
    0xb0, 0xb0, 0xb0, 0x00, 0x00, 0x00, 0x7d, 0x7d, 0x7d, 0xfa, 0xfa, 0xfa,
    0xe0, 0xe0, 0xe0, 0xe6, 0xe6, 0xe6, 0xe6, 0xe6, 0xe6, 0xe6, 0xe6, 0xe6,
    0xe6, 0xe6, 0xe6, 0xe6, 0xe6, 0xe6, 0xe6, 0xe6, 0xe6, 0xe6, 0xe6, 0xe6,
    0xe6, 0xe6, 0xe6, 0xe3, 0xe3, 0xe3, 0xe3, 0xe3, 0xe3, 0xf8, 0xf8, 0xf8,
    0xc1, 0xc1, 0xc1, 0x1d, 0x1d, 0x1d, 0x08, 0x08, 0x08, 0xac, 0xac, 0xac,
    0xf4, 0xf4, 0xf4, 0xdf, 0xdf, 0xdf, 0xf4, 0xf4, 0xf4, 0xa8, 0xa8, 0xa8,
    0x00, 0x00, 0x00, 0x2c, 0x2c, 0x2c, 0xda, 0xda, 0xda, 0xf3, 0xf3, 0xf3,
    0xe1, 0xe1, 0xe1, 0xe5, 0xe5, 0xe5, 0xe6, 0xe6, 0xe6, 0xe6, 0xe6, 0xe6,
    0xe6, 0xe6, 0xe6, 0xe6, 0xe6, 0xe6, 0xe6, 0xe6, 0xe6, 0xe6, 0xe6, 0xe6,
    0xe6, 0xe6, 0xe6, 0xe6, 0xe6, 0xe6, 0xe1, 0xe1, 0xe1, 0xef, 0xef, 0xef,
    0xd4, 0xd4, 0xd4, 0x15, 0x15, 0x15, 0x1a, 0x1a, 0x1a, 0xb9, 0xb9, 0xb9,
    0xe5, 0xe5, 0xe5, 0xf9, 0xf9, 0xf9, 0xff, 0xff, 0xff, 0xff, 0xff, 0xff,
    0x00, 0x00, 0xff, 0xff, 0xff, 0xfd, 0xfd, 0xfd, 0xfd, 0xfd, 0xfd, 0x37,
    0x37, 0x37, 0x0c, 0x0c, 0x0c, 0xc6, 0xc6, 0xc6, 0xf6, 0xf6, 0xf6, 0xe0,
    0xe0, 0xe0, 0xe4, 0xe4, 0xe4, 0xe5, 0xe5, 0xe5, 0xe5, 0xe5, 0xe5, 0xe5,
    0xe5, 0xe5, 0xe4, 0xe4, 0xe4, 0xe3, 0xe3, 0xe3, 0xe3, 0xe3, 0xe3, 0xef,
    0xef, 0xef, 0xf3, 0xf3, 0xf3, 0x97, 0x97, 0x97, 0x0d, 0x0d, 0x0d, 0x00,
    0x00, 0x00, 0x7e, 0x7e, 0x7e, 0xfd, 0xfd, 0xfd, 0xe0, 0xe0, 0xe0, 0xe7,
    0xe7, 0xe7, 0xe2, 0xe2, 0xe2, 0xf6, 0xf6, 0xf6, 0x93, 0x93, 0x93, 0x01,
    0x01, 0x01, 0x24, 0x24, 0x24, 0xbf, 0xbf, 0xbf, 0xf8, 0xf8, 0xf8, 0xe9,
    0xe9, 0xe9, 0xe2, 0xe2, 0xe2, 0xe3, 0xe3, 0xe3, 0xe5, 0xe5, 0xe5, 0xe5,
    0xe5, 0xe5, 0xe5, 0xe5, 0xe5, 0xe5, 0xe5, 0xe5, 0xe3, 0xe3, 0xe3, 0xe1,
    0xe1, 0xe1, 0xf1, 0xf1, 0xf1, 0xe3, 0xe3, 0xe3, 0x35, 0x35, 0x35, 0x00,
    0x00, 0x00, 0x8c, 0x8c, 0x8c, 0xe3, 0xe3, 0xe3, 0xf3, 0xf3, 0xf3, 0xfe,
    0xfe, 0xfe, 0xff, 0xff, 0xff, 0xff, 0xff, 0xff, 0x00, 0x00, 0xff, 0xff,
    0xff, 0xfd, 0xfd, 0xfd, 0xff, 0xff, 0xff, 0xd2, 0xd2, 0xd2, 0x09, 0x09,
    0x09, 0x1c, 0x1c, 0x1c, 0xc3, 0xc3, 0xc3, 0xf9, 0xf9, 0xf9, 0xef, 0xef,
    0xef, 0xe9, 0xe9, 0xe9, 0xe7, 0xe7, 0xe7, 0xe9, 0xe9, 0xe9, 0xed, 0xed,
    0xed, 0xf5, 0xf5, 0xf5, 0xf2, 0xf2, 0xf2, 0xc0, 0xc0, 0xc0, 0x49, 0x49,
    0x49, 0x00, 0x00, 0x00, 0x11, 0x11, 0x11, 0x05, 0x05, 0x05, 0x92, 0x92,
    0x92, 0xf4, 0xf4, 0xf4, 0xe3, 0xe3, 0xe3, 0xe6, 0xe6, 0xe6, 0xe6, 0xe6,
    0xe6, 0xe4, 0xe4, 0xe4, 0xf1, 0xf1, 0xf1, 0x2a, 0x2a, 0x2a, 0x00, 0x00,
    0x00, 0x06, 0x06, 0x06, 0x75, 0x75, 0x75, 0xdc, 0xdc, 0xdc, 0xf6, 0xf6,
    0xf6, 0xf2, 0xf2, 0xf2, 0xeb, 0xeb, 0xeb, 0xe8, 0xe8, 0xe8, 0xe8, 0xe8,
    0xe8, 0xea, 0xea, 0xea, 0xf1, 0xf1, 0xf1, 0xf7, 0xf7, 0xf7, 0xc6, 0xc6,
    0xc6, 0x2e, 0x2e, 0x2e, 0x00, 0x00, 0x00, 0x72, 0x72, 0x72, 0xe6, 0xe6,
    0xe6, 0xf1, 0xf1, 0xf1, 0xfd, 0xfd, 0xfd, 0xff, 0xff, 0xff, 0xff, 0xff,
    0xff, 0xff, 0xff, 0xff, 0x00, 0x00, 0xff, 0xff, 0xff, 0xff, 0xff, 0xff,
    0xfc, 0xfc, 0xfc, 0xff, 0xff, 0xff, 0xb8, 0xb8, 0xb8, 0x0d, 0x0d, 0x0d,
    0x07, 0x07, 0x07, 0x6c, 0x6c, 0x6c, 0xbe, 0xbe, 0xbe, 0xde, 0xde, 0xde,
    0xe4, 0xe4, 0xe4, 0xe0, 0xe0, 0xe0, 0xc9, 0xc9, 0xc9, 0x95, 0x95, 0x95,
    0x45, 0x45, 0x45, 0x01, 0x01, 0x01, 0x05, 0x05, 0x05, 0x6c, 0x6c, 0x6c,
    0xc0, 0xc0, 0xc0, 0x06, 0x06, 0x06, 0x61, 0x61, 0x61, 0xf8, 0xf8, 0xf8,
    0xe0, 0xe0, 0xe0, 0xe6, 0xe6, 0xe6, 0xe4, 0xe4, 0xe4, 0xea, 0xea, 0xea,
    0xd1, 0xd1, 0xd1, 0x0d, 0x0d, 0x0d, 0x2c, 0x2c, 0x2c, 0x39, 0x39, 0x39,
    0x00, 0x00, 0x00, 0x16, 0x16, 0x16, 0x67, 0x67, 0x67, 0xaf, 0xaf, 0xaf,
    0xd5, 0xd5, 0xd5, 0xe3, 0xe3, 0xe3, 0xe3, 0xe3, 0xe3, 0xd8, 0xd8, 0xd8,
    0xb2, 0xb2, 0xb2, 0x5f, 0x5f, 0x5f, 0x06, 0x06, 0x06, 0x06, 0x06, 0x06,
    0x85, 0x85, 0x85, 0xed, 0xed, 0xed, 0xf3, 0xf3, 0xf3, 0xfc, 0xfc, 0xfc,
    0xff, 0xff, 0xff, 0xff, 0xff, 0xff, 0xff, 0xff, 0xff, 0xff, 0xff, 0xff,
    0x00, 0x00, 0xff, 0xff, 0xff, 0xff, 0xff, 0xff, 0xff, 0xff, 0xff, 0xfc,
    0xfc, 0xfc, 0xff, 0xff, 0xff, 0xd4, 0xd4, 0xd4, 0x4a, 0x4a, 0x4a, 0x01,
    0x01, 0x01, 0x00, 0x00, 0x00, 0x14, 0x14, 0x14, 0x1f, 0x1f, 0x1f, 0x16,
    0x16, 0x16, 0x02, 0x02, 0x02, 0x00, 0x00, 0x00, 0x17, 0x17, 0x17, 0x62,
    0x62, 0x62, 0xc8, 0xc8, 0xc8, 0xfb, 0xfb, 0xfb, 0xff, 0xff, 0xff, 0x43,
    0x43, 0x43, 0x0d, 0x0d, 0x0d, 0xd1, 0xd1, 0xd1, 0xf1, 0xf1, 0xf1, 0xdf,
    0xdf, 0xdf, 0xe0, 0xe0, 0xe0, 0xfc, 0xfc, 0xfc, 0x6d, 0x6d, 0x6d, 0x00,
    0x00, 0x00, 0x7c, 0x7c, 0x7c, 0xde, 0xde, 0xde, 0xaa, 0xaa, 0xaa, 0x44,
    0x44, 0x44, 0x06, 0x06, 0x06, 0x00, 0x00, 0x00, 0x0b, 0x0b, 0x0b, 0x1c,
    0x1c, 0x1c, 0x1d, 0x1d, 0x1d, 0x0d, 0x0d, 0x0d, 0x00, 0x00, 0x00, 0x06,
    0x06, 0x06, 0x4b, 0x4b, 0x4b, 0xc1, 0xc1, 0xc1, 0xfb, 0xfb, 0xfb, 0xf7,
    0xf7, 0xf7, 0xfd, 0xfd, 0xfd, 0xff, 0xff, 0xff, 0xff, 0xff, 0xff, 0xff,
    0xff, 0xff, 0xff, 0xff, 0xff, 0xff, 0xff, 0xff, 0x00, 0x00, 0xff, 0xff,
    0xff, 0xff, 0xff, 0xff, 0xff, 0xff, 0xff, 0xff, 0xff, 0xff, 0xfc, 0xfc,
    0xfc, 0xff, 0xff, 0xff, 0xff, 0xff, 0xff, 0xd0, 0xd0, 0xd0, 0x8c, 0x8c,
    0x8c, 0x61, 0x61, 0x61, 0x53, 0x53, 0x53, 0x5c, 0x5c, 0x5c, 0x7c, 0x7c,
    0x7c, 0xb1, 0xb1, 0xb1, 0xe8, 0xe8, 0xe8, 0xff, 0xff, 0xff, 0xff, 0xff,
    0xff, 0xf8, 0xf8, 0xf8, 0xff, 0xff, 0xff, 0xca, 0xca, 0xca, 0x01, 0x01,
    0x01, 0x36, 0x36, 0x36, 0xdf, 0xdf, 0xdf, 0xf8, 0xf8, 0xf8, 0xfa, 0xfa,
    0xfa, 0x9b, 0x9b, 0x9b, 0x03, 0x03, 0x03, 0x2d, 0x2d, 0x2d, 0xc3, 0xc3,
    0xc3, 0xe7, 0xe7, 0xe7, 0xff, 0xff, 0xff, 0xff, 0xff, 0xff, 0xdc, 0xdc,
    0xdc, 0xa0, 0xa0, 0xa0, 0x70, 0x70, 0x70, 0x57, 0x57, 0x57, 0x53, 0x53,
    0x53, 0x67, 0x67, 0x67, 0x95, 0x95, 0x95, 0xd2, 0xd2, 0xd2, 0xff, 0xff,
    0xff, 0xff, 0xff, 0xff, 0xfa, 0xfa, 0xfa, 0xff, 0xff, 0xff, 0xff, 0xff,
    0xff, 0xff, 0xff, 0xff, 0xff, 0xff, 0xff, 0xff, 0xff, 0xff, 0xff, 0xff,
    0xff, 0xff, 0xff, 0xff, 0x00, 0x00, 0xff, 0xff, 0xff, 0xff, 0xff, 0xff,
    0xff, 0xff, 0xff, 0xff, 0xff, 0xff, 0xff, 0xff, 0xff, 0xfd, 0xfd, 0xfd,
    0xfd, 0xfd, 0xfd, 0xff, 0xff, 0xff, 0xff, 0xff, 0xff, 0xff, 0xff, 0xff,
    0xff, 0xff, 0xff, 0xff, 0xff, 0xff, 0xff, 0xff, 0xff, 0xff, 0xff, 0xff,
    0xff, 0xff, 0xff, 0xfc, 0xfc, 0xfc, 0xfd, 0xfd, 0xfd, 0xff, 0xff, 0xff,
    0xfc, 0xfc, 0xfc, 0xff, 0xff, 0xff, 0x8e, 0x8e, 0x8e, 0x04, 0x04, 0x04,
    0x1d, 0x1d, 0x1d, 0x68, 0x68, 0x68, 0x4c, 0x4c, 0x4c, 0x01, 0x01, 0x01,
    0x13, 0x13, 0x13, 0x8e, 0x8e, 0x8e, 0xd1, 0xd1, 0xd1, 0xef, 0xef, 0xef,
    0xf9, 0xf9, 0xf9, 0xfd, 0xfd, 0xfd, 0xff, 0xff, 0xff, 0xff, 0xff, 0xff,
    0xff, 0xff, 0xff, 0xff, 0xff, 0xff, 0xff, 0xff, 0xff, 0xff, 0xff, 0xff,
    0xff, 0xff, 0xff, 0xff, 0xff, 0xff, 0xfc, 0xfc, 0xfc, 0xfd, 0xfd, 0xfd,
    0xff, 0xff, 0xff, 0xff, 0xff, 0xff, 0xff, 0xff, 0xff, 0xff, 0xff, 0xff,
    0xff, 0xff, 0xff, 0xff, 0xff, 0xff, 0xff, 0xff, 0xff, 0xff, 0xff, 0xff,
    0x00, 0x00, 0xff, 0xff, 0xff, 0xff, 0xff, 0xff, 0xff, 0xff, 0xff, 0xff,
    0xff, 0xff, 0xff, 0xff, 0xff, 0xff, 0xff, 0xff, 0xff, 0xff, 0xff, 0xfd,
    0xfd, 0xfd, 0xfb, 0xfb, 0xfb, 0xfc, 0xfc, 0xfc, 0xfc, 0xfc, 0xfc, 0xfc,
    0xfc, 0xfc, 0xfb, 0xfb, 0xfb, 0xfc, 0xfc, 0xfc, 0xfe, 0xfe, 0xfe, 0xff,
    0xff, 0xff, 0xff, 0xff, 0xff, 0xfe, 0xfe, 0xfe, 0xf8, 0xf8, 0xf8, 0xe9,
    0xe9, 0xe9, 0xe5, 0xe5, 0xe5, 0x2d, 0x2d, 0x2d, 0x00, 0x00, 0x00, 0x02,
    0x02, 0x02, 0x02, 0x02, 0x02, 0x01, 0x01, 0x01, 0x45, 0x45, 0x45, 0x95,
    0x95, 0x95, 0xb6, 0xb6, 0xb6, 0xd9, 0xd9, 0xd9, 0xed, 0xed, 0xed, 0xf9,
    0xf9, 0xf9, 0xfc, 0xfc, 0xfc, 0xfb, 0xfb, 0xfb, 0xfb, 0xfb, 0xfb, 0xfc,
    0xfc, 0xfc, 0xfc, 0xfc, 0xfc, 0xfc, 0xfc, 0xfc, 0xfc, 0xfc, 0xfc, 0xfd,
    0xfd, 0xfd, 0xff, 0xff, 0xff, 0xff, 0xff, 0xff, 0xff, 0xff, 0xff, 0xff,
    0xff, 0xff, 0xff, 0xff, 0xff, 0xff, 0xff, 0xff, 0xff, 0xff, 0xff, 0xff,
    0xff, 0xff, 0xff, 0xff, 0xff, 0xff, 0xff, 0xff, 0x00, 0x00, 0xff, 0xff,
    0xff, 0xff, 0xff, 0xff, 0xff, 0xff, 0xff, 0xff, 0xff, 0xff, 0xff, 0xff,
    0xff, 0xff, 0xff, 0xff, 0xff, 0xff, 0xff, 0xff, 0xff, 0xff, 0xff, 0xff,
    0xff, 0xff, 0xff, 0xff, 0xff, 0xff, 0xff, 0xff, 0xff, 0xff, 0xff, 0xff,
    0xff, 0xff, 0xff, 0xff, 0xff, 0xff, 0xff, 0xff, 0xff, 0xff, 0xff, 0xff,
    0xff, 0xfa, 0xfa, 0xfa, 0xf1, 0xf1, 0xf1, 0xd6, 0xd6, 0xd6, 0xb5, 0xb5,
    0xb5, 0x26, 0x26, 0x26, 0x30, 0x30, 0x30, 0xe7, 0xe7, 0xe7, 0xa8, 0xa8,
    0xa8, 0x03, 0x03, 0x03, 0x46, 0x46, 0x46, 0x7f, 0x7f, 0x7f, 0x90, 0x90,
    0x90, 0xa7, 0xa7, 0xa7, 0xc9, 0xc9, 0xc9, 0xea, 0xea, 0xea, 0xfb, 0xfb,
    0xfb, 0xff, 0xff, 0xff, 0xff, 0xff, 0xff, 0xff, 0xff, 0xff, 0xff, 0xff,
    0xff, 0xff, 0xff, 0xff, 0xff, 0xff, 0xff, 0xff, 0xff, 0xff, 0xff, 0xff,
    0xff, 0xff, 0xff, 0xff, 0xff, 0xff, 0xff, 0xff, 0xff, 0xff, 0xff, 0xff,
    0xff, 0xff, 0xff, 0xff, 0xff, 0xff, 0xff, 0xff, 0xff, 0xff, 0xff, 0xff,
    0xff, 0xff, 0xff, 0xff, 0x00, 0x00, 0xff, 0xff, 0xff, 0xff, 0xff, 0xff,
    0xff, 0xff, 0xff, 0xff, 0xff, 0xff, 0xff, 0xff, 0xff, 0xff, 0xff, 0xff,
    0xff, 0xff, 0xff, 0xff, 0xff, 0xff, 0xff, 0xff, 0xff, 0xff, 0xff, 0xff,
    0xff, 0xff, 0xff, 0xff, 0xff, 0xff, 0xff, 0xff, 0xff, 0xff, 0xff, 0xff,
    0xff, 0xff, 0xff, 0xff, 0xff, 0xff, 0xfd, 0xfd, 0xfd, 0xff, 0xff, 0xff,
    0xbd, 0xbd, 0xbd, 0x42, 0x42, 0x42, 0x31, 0x31, 0x31, 0x09, 0x09, 0x09,
    0x2a, 0x2a, 0x2a, 0xfd, 0xfd, 0xfd, 0xb0, 0xb0, 0xb0, 0x00, 0x00, 0x00,
    0x12, 0x12, 0x12, 0x23, 0x23, 0x23, 0x44, 0x44, 0x44, 0x7d, 0x7d, 0x7d,
    0xa4, 0xa4, 0xa4, 0xd7, 0xd7, 0xd7, 0xf6, 0xf6, 0xf6, 0xfe, 0xfe, 0xfe,
    0xff, 0xff, 0xff, 0xff, 0xff, 0xff, 0xff, 0xff, 0xff, 0xff, 0xff, 0xff,
    0xff, 0xff, 0xff, 0xff, 0xff, 0xff, 0xff, 0xff, 0xff, 0xff, 0xff, 0xff,
    0xff, 0xff, 0xff, 0xff, 0xff, 0xff, 0xff, 0xff, 0xff, 0xff, 0xff, 0xff,
    0xff, 0xff, 0xff, 0xff, 0xff, 0xff, 0xff, 0xff, 0xff, 0xff, 0xff, 0xff,
    0x00, 0x00, 0xff, 0xff, 0xff, 0xff, 0xff, 0xff, 0xff, 0xff, 0xff, 0xff,
    0xff, 0xff, 0xff, 0xff, 0xff, 0xff, 0xff, 0xff, 0xff, 0xff, 0xff, 0xff,
    0xff, 0xff, 0xff, 0xff, 0xff, 0xff, 0xff, 0xff, 0xff, 0xff, 0xff, 0xff,
    0xff, 0xff, 0xff, 0xff, 0xff, 0xff, 0xff, 0xff, 0xff, 0xff, 0xff, 0xfe,
    0xfe, 0xfe, 0xfe, 0xfe, 0xfe, 0xe1, 0xe1, 0xe1, 0x1a, 0x1a, 0x1a, 0x05,
    0x05, 0x05, 0x1b, 0x1b, 0x1b, 0x1a, 0x1a, 0x1a, 0x44, 0x44, 0x44, 0xf3,
    0xf3, 0xf3, 0xb9, 0xb9, 0xb9, 0x27, 0x27, 0x27, 0x25, 0x25, 0x25, 0x11,
    0x11, 0x11, 0x00, 0x00, 0x00, 0x2d, 0x2d, 0x2d, 0x97, 0x97, 0x97, 0xcd,
    0xcd, 0xcd, 0xf4, 0xf4, 0xf4, 0xfe, 0xfe, 0xfe, 0xff, 0xff, 0xff, 0xff,
    0xff, 0xff, 0xff, 0xff, 0xff, 0xff, 0xff, 0xff, 0xff, 0xff, 0xff, 0xff,
    0xff, 0xff, 0xff, 0xff, 0xff, 0xff, 0xff, 0xff, 0xff, 0xff, 0xff, 0xff,
    0xff, 0xff, 0xff, 0xff, 0xff, 0xff, 0xff, 0xff, 0xff, 0xff, 0xff, 0xff,
    0xff, 0xff, 0xff, 0xff, 0xff, 0xff, 0xff, 0xff, 0x00, 0x00, 0xff, 0xff,
    0xff, 0xff, 0xff, 0xff, 0xff, 0xff, 0xff, 0xff, 0xff, 0xff, 0xff, 0xff,
    0xff, 0xff, 0xff, 0xff, 0xff, 0xff, 0xff, 0xff, 0xff, 0xff, 0xff, 0xff,
    0xff, 0xff, 0xff, 0xff, 0xff, 0xff, 0xff, 0xff, 0xff, 0xff, 0xff, 0xff,
    0xff, 0xff, 0xff, 0xff, 0xff, 0xff, 0xff, 0xfd, 0xfd, 0xfd, 0xff, 0xff,
    0xff, 0xc5, 0xc5, 0xc5, 0x00, 0x00, 0x00, 0x87, 0x87, 0x87, 0xf8, 0xf8,
    0xf8, 0xe4, 0xe4, 0xe4, 0xe8, 0xe8, 0xe8, 0xe5, 0xe5, 0xe5, 0xe9, 0xe9,
    0xe9, 0xf0, 0xf0, 0xf0, 0xef, 0xef, 0xef, 0xe8, 0xe8, 0xe8, 0x2a, 0x2a,
    0x2a, 0x1b, 0x1b, 0x1b, 0xa2, 0xa2, 0xa2, 0xd4, 0xd4, 0xd4, 0xf6, 0xf6,
    0xf6, 0xfe, 0xfe, 0xfe, 0xff, 0xff, 0xff, 0xff, 0xff, 0xff, 0xff, 0xff,
    0xff, 0xff, 0xff, 0xff, 0xff, 0xff, 0xff, 0xff, 0xff, 0xff, 0xff, 0xff,
    0xff, 0xff, 0xff, 0xff, 0xff, 0xff, 0xff, 0xff, 0xff, 0xff, 0xff, 0xff,
    0xff, 0xff, 0xff, 0xff, 0xff, 0xff, 0xff, 0xff, 0xff, 0xff, 0xff, 0xff,
    0xff, 0xff, 0xff, 0xff, 0x00, 0x00, 0xff, 0xff, 0xff, 0xff, 0xff, 0xff,
    0xff, 0xff, 0xff, 0xff, 0xff, 0xff, 0xff, 0xff, 0xff, 0xff, 0xff, 0xff,
    0xff, 0xff, 0xff, 0xff, 0xff, 0xff, 0xff, 0xff, 0xff, 0xff, 0xff, 0xff,
    0xff, 0xff, 0xff, 0xff, 0xff, 0xff, 0xff, 0xff, 0xff, 0xff, 0xff, 0xff,
    0xff, 0xff, 0xff, 0xfc, 0xfc, 0xfc, 0xff, 0xff, 0xff, 0xcb, 0xcb, 0xcb,
    0x00, 0x00, 0x00, 0x63, 0x63, 0x63, 0xd6, 0xd6, 0xd6, 0xc3, 0xc3, 0xc3,
    0xce, 0xce, 0xce, 0xe8, 0xe8, 0xe8, 0xde, 0xde, 0xde, 0xc1, 0xc1, 0xc1,
    0xc0, 0xc0, 0xc0, 0xb8, 0xb8, 0xb8, 0x1b, 0x1b, 0x1b, 0x1d, 0x1d, 0x1d,
    0xc5, 0xc5, 0xc5, 0xe5, 0xe5, 0xe5, 0xfa, 0xfa, 0xfa, 0xff, 0xff, 0xff,
    0xff, 0xff, 0xff, 0xff, 0xff, 0xff, 0xff, 0xff, 0xff, 0xff, 0xff, 0xff,
    0xff, 0xff, 0xff, 0xff, 0xff, 0xff, 0xff, 0xff, 0xff, 0xff, 0xff, 0xff,
    0xff, 0xff, 0xff, 0xff, 0xff, 0xff, 0xff, 0xff, 0xff, 0xff, 0xff, 0xff,
    0xff, 0xff, 0xff, 0xff, 0xff, 0xff, 0xff, 0xff, 0xff, 0xff, 0xff, 0xff,
    0x00, 0x00, 0xff, 0xff, 0xff, 0xff, 0xff, 0xff, 0xff, 0xff, 0xff, 0xff,
    0xff, 0xff, 0xff, 0xff, 0xff, 0xff, 0xff, 0xff, 0xff, 0xff, 0xff, 0xff,
    0xff, 0xff, 0xff, 0xff, 0xff, 0xff, 0xff, 0xff, 0xff, 0xff, 0xff, 0xff,
    0xff, 0xff, 0xff, 0xff, 0xff, 0xff, 0xff, 0xff, 0xff, 0xff, 0xff, 0xfe,
    0xfe, 0xfe, 0xfd, 0xfd, 0xfd, 0xf4, 0xf4, 0xf4, 0x52, 0x52, 0x52, 0x00,
    0x00, 0x00, 0x02, 0x02, 0x02, 0x01, 0x01, 0x01, 0x30, 0x30, 0x30, 0xf6,
    0xf6, 0xf6, 0xae, 0xae, 0xae, 0x00, 0x00, 0x00, 0x00, 0x00, 0x00, 0x00,
    0x00, 0x00, 0x03, 0x03, 0x03, 0x8d, 0x8d, 0x8d, 0xec, 0xec, 0xec, 0xf4,
    0xf4, 0xf4, 0xfe, 0xfe, 0xfe, 0xff, 0xff, 0xff, 0xff, 0xff, 0xff, 0xff,
    0xff, 0xff, 0xff, 0xff, 0xff, 0xff, 0xff, 0xff, 0xff, 0xff, 0xff, 0xff,
    0xff, 0xff, 0xff, 0xff, 0xff, 0xff, 0xff, 0xff, 0xff, 0xff, 0xff, 0xff,
    0xff, 0xff, 0xff, 0xff, 0xff, 0xff, 0xff, 0xff, 0xff, 0xff, 0xff, 0xff,
    0xff, 0xff, 0xff, 0xff, 0xff, 0xff, 0xff, 0xff, 0x00, 0x00, 0xff, 0xff,
    0xff, 0xff, 0xff, 0xff, 0xff, 0xff, 0xff, 0xff, 0xff, 0xff, 0xff, 0xff,
    0xff, 0xff, 0xff, 0xff, 0xff, 0xff, 0xff, 0xff, 0xff, 0xff, 0xff, 0xff,
    0xff, 0xff, 0xff, 0xff, 0xff, 0xff, 0xff, 0xff, 0xff, 0xff, 0xff, 0xff,
    0xff, 0xff, 0xff, 0xff, 0xff, 0xff, 0xff, 0xff, 0xff, 0xff, 0xfe, 0xfe,
    0xfe, 0xff, 0xff, 0xff, 0xfb, 0xfb, 0xfb, 0x94, 0x94, 0x94, 0x8b, 0x8b,
    0x8b, 0x1f, 0x1f, 0x1f, 0x31, 0x31, 0x31, 0xf8, 0xf8, 0xf8, 0xb2, 0xb2,
    0xb2, 0x01, 0x01, 0x01, 0x34, 0x34, 0x34, 0x6e, 0x6e, 0x6e, 0xad, 0xad,
    0xad, 0xfe, 0xfe, 0xfe, 0xf9, 0xf9, 0xf9, 0xfe, 0xfe, 0xfe, 0xff, 0xff,
    0xff, 0xff, 0xff, 0xff, 0xff, 0xff, 0xff, 0xff, 0xff, 0xff, 0xff, 0xff,
    0xff, 0xff, 0xff, 0xff, 0xff, 0xff, 0xff, 0xff, 0xff, 0xff, 0xff, 0xff,
    0xff, 0xff, 0xff, 0xff, 0xff, 0xff, 0xff, 0xff, 0xff, 0xff, 0xff, 0xff,
    0xff, 0xff, 0xff, 0xff, 0xff, 0xff, 0xff, 0xff, 0xff, 0xff, 0xff, 0xff,
    0xff, 0xff, 0xff, 0xff, 0x00, 0x00, 0xff, 0xff, 0xff, 0xff, 0xff, 0xff,
    0xff, 0xff, 0xff, 0xff, 0xff, 0xff, 0xff, 0xff, 0xff, 0xff, 0xff, 0xff,
    0xff, 0xff, 0xff, 0xff, 0xff, 0xff, 0xff, 0xff, 0xff, 0xff, 0xff, 0xff,
    0xff, 0xff, 0xff, 0xff, 0xff, 0xff, 0xff, 0xff, 0xff, 0xff, 0xff, 0xff,
    0xff, 0xff, 0xff, 0xff, 0xff, 0xff, 0xff, 0xff, 0xff, 0xfe, 0xfe, 0xfe,
    0xff, 0xff, 0xff, 0xff, 0xff, 0xff, 0xff, 0xff, 0xff, 0x36, 0x36, 0x36,
    0x21, 0x21, 0x21, 0xfa, 0xfa, 0xfa, 0x9f, 0x9f, 0x9f, 0x00, 0x00, 0x00,
    0x67, 0x67, 0x67, 0xde, 0xde, 0xde, 0xf4, 0xf4, 0xf4, 0xfa, 0xfa, 0xfa,
    0xff, 0xff, 0xff, 0xff, 0xff, 0xff, 0xff, 0xff, 0xff, 0xff, 0xff, 0xff,
    0xff, 0xff, 0xff, 0xff, 0xff, 0xff, 0xff, 0xff, 0xff, 0xff, 0xff, 0xff,
    0xff, 0xff, 0xff, 0xff, 0xff, 0xff, 0xff, 0xff, 0xff, 0xff, 0xff, 0xff,
    0xff, 0xff, 0xff, 0xff, 0xff, 0xff, 0xff, 0xff, 0xff, 0xff, 0xff, 0xff,
    0xff, 0xff, 0xff, 0xff, 0xff, 0xff, 0xff, 0xff, 0xff, 0xff, 0xff, 0xff,
    0x00, 0x00, 0xff, 0xff, 0xff, 0xff, 0xff, 0xff, 0xff, 0xff, 0xff, 0xff,
    0xff, 0xff, 0xff, 0xff, 0xff, 0xff, 0xff, 0xff, 0xff, 0xff, 0xff, 0xff,
    0xff, 0xff, 0xff, 0xff, 0xff, 0xff, 0xff, 0xff, 0xff, 0xff, 0xff, 0xff,
    0xff, 0xff, 0xff, 0xff, 0xff, 0xff, 0xff, 0xff, 0xff, 0xff, 0xff, 0xff,
    0xff, 0xff, 0xff, 0xff, 0xff, 0xff, 0xff, 0xff, 0xfe, 0xfe, 0xfe, 0xf8,
    0xf8, 0xf8, 0xfb, 0xfb, 0xfb, 0x90, 0x90, 0x90, 0x00, 0x00, 0x00, 0x51,
    0x51, 0x51, 0x1d, 0x1d, 0x1d, 0x12, 0x12, 0x12, 0xb3, 0xb3, 0xb3, 0xe5,
    0xe5, 0xe5, 0xf6, 0xf6, 0xf6, 0xff, 0xff, 0xff, 0xff, 0xff, 0xff, 0xff,
    0xff, 0xff, 0xff, 0xff, 0xff, 0xff, 0xff, 0xff, 0xff, 0xff, 0xff, 0xff,
    0xff, 0xff, 0xff, 0xff, 0xff, 0xff, 0xff, 0xff, 0xff, 0xff, 0xff, 0xff,
    0xff, 0xff, 0xff, 0xff, 0xff, 0xff, 0xff, 0xff, 0xff, 0xff, 0xff, 0xff,
    0xff, 0xff, 0xff, 0xff, 0xff, 0xff, 0xff, 0xff, 0xff, 0xff, 0xff, 0xff,
    0xff, 0xff, 0xff, 0xff, 0xff, 0xff, 0xff, 0xff, 0x00, 0x00, 0xff, 0xff,
    0xff, 0xff, 0xff, 0xff, 0xff, 0xff, 0xff, 0xff, 0xff, 0xff, 0xff, 0xff,
    0xff, 0xff, 0xff, 0xff, 0xff, 0xff, 0xff, 0xff, 0xff, 0xff, 0xff, 0xff,
    0xff, 0xff, 0xff, 0xff, 0xff, 0xff, 0xff, 0xff, 0xff, 0xff, 0xff, 0xff,
    0xff, 0xff, 0xff, 0xff, 0xff, 0xff, 0xff, 0xff, 0xff, 0xff, 0xff, 0xff,
    0xff, 0xff, 0xff, 0xff, 0xff, 0xff, 0xff, 0xff, 0xff, 0xff, 0xfd, 0xfd,
    0xfd, 0xff, 0xff, 0xff, 0x52, 0x52, 0x52, 0x00, 0x00, 0x00, 0x0b, 0x0b,
    0x0b, 0xad, 0xad, 0xad, 0xf6, 0xf6, 0xf6, 0xf5, 0xf5, 0xf5, 0xfe, 0xfe,
    0xfe, 0xff, 0xff, 0xff, 0xff, 0xff, 0xff, 0xff, 0xff, 0xff, 0xff, 0xff,
    0xff, 0xff, 0xff, 0xff, 0xff, 0xff, 0xff, 0xff, 0xff, 0xff, 0xff, 0xff,
    0xff, 0xff, 0xff, 0xff, 0xff, 0xff, 0xff, 0xff, 0xff, 0xff, 0xff, 0xff,
    0xff, 0xff, 0xff, 0xff, 0xff, 0xff, 0xff, 0xff, 0xff, 0xff, 0xff, 0xff,
    0xff, 0xff, 0xff, 0xff, 0xff, 0xff, 0xff, 0xff, 0xff, 0xff, 0xff, 0xff,
    0xff, 0xff, 0xff, 0xff, 0x00, 0x00, 0xff, 0xff, 0xff, 0xff, 0xff, 0xff,
    0xff, 0xff, 0xff, 0xff, 0xff, 0xff, 0xff, 0xff, 0xff, 0xff, 0xff, 0xff,
    0xff, 0xff, 0xff, 0xff, 0xff, 0xff, 0xff, 0xff, 0xff, 0xff, 0xff, 0xff,
    0xff, 0xff, 0xff, 0xff, 0xff, 0xff, 0xff, 0xff, 0xff, 0xff, 0xff, 0xff,
    0xff, 0xff, 0xff, 0xff, 0xff, 0xff, 0xff, 0xff, 0xff, 0xff, 0xff, 0xff,
    0xff, 0xff, 0xff, 0xff, 0xff, 0xff, 0xfe, 0xfe, 0xfe, 0xff, 0xff, 0xff,
    0xf8, 0xf8, 0xf8, 0xd6, 0xd6, 0xd6, 0xde, 0xde, 0xde, 0xff, 0xff, 0xff,
    0xfa, 0xfa, 0xfa, 0xfe, 0xfe, 0xfe, 0xff, 0xff, 0xff, 0xff, 0xff, 0xff,
    0xff, 0xff, 0xff, 0xff, 0xff, 0xff, 0xff, 0xff, 0xff, 0xff, 0xff, 0xff,
    0xff, 0xff, 0xff, 0xff, 0xff, 0xff, 0xff, 0xff, 0xff, 0xff, 0xff, 0xff,
    0xff, 0xff, 0xff, 0xff, 0xff, 0xff, 0xff, 0xff, 0xff, 0xff, 0xff, 0xff,
    0xff, 0xff, 0xff, 0xff, 0xff, 0xff, 0xff, 0xff, 0xff, 0xff, 0xff, 0xff,
    0xff, 0xff, 0xff, 0xff, 0xff, 0xff, 0xff, 0xff, 0xff, 0xff, 0xff, 0xff,
    0x00, 0x00, 0xff, 0xff, 0xff, 0xff, 0xff, 0xff, 0xff, 0xff, 0xff, 0xff,
    0xff, 0xff, 0xff, 0xff, 0xff, 0xff, 0xff, 0xff, 0xff, 0xff, 0xff, 0xff,
    0xff, 0xff, 0xff, 0xff, 0xff, 0xff, 0xff, 0xff, 0xff, 0xff, 0xff, 0xff,
    0xff, 0xff, 0xff, 0xff, 0xff, 0xff, 0xff, 0xff, 0xff, 0xff, 0xff, 0xff,
    0xff, 0xff, 0xff, 0xff, 0xff, 0xff, 0xff, 0xff, 0xff, 0xff, 0xff, 0xff,
    0xff, 0xff, 0xff, 0xff, 0xff, 0xff, 0xff, 0xff, 0xff, 0xff, 0xff, 0xff,
    0xff, 0xff, 0xff, 0xff, 0xff, 0xfd, 0xfd, 0xfd, 0xff, 0xff, 0xff, 0xff,
    0xff, 0xff, 0xff, 0xff, 0xff, 0xff, 0xff, 0xff, 0xff, 0xff, 0xff, 0xff,
    0xff, 0xff, 0xff, 0xff, 0xff, 0xff, 0xff, 0xff, 0xff, 0xff, 0xff, 0xff,
    0xff, 0xff, 0xff, 0xff, 0xff, 0xff, 0xff, 0xff, 0xff, 0xff, 0xff, 0xff,
    0xff, 0xff, 0xff, 0xff, 0xff, 0xff, 0xff, 0xff, 0xff, 0xff, 0xff, 0xff,
    0xff, 0xff, 0xff, 0xff, 0xff, 0xff, 0xff, 0xff, 0xff, 0xff, 0xff, 0xff,
    0xff, 0xff, 0xff, 0xff, 0xff, 0xff, 0xff, 0xff, 0x00, 0x00
};
static const unsigned int white_king_bmp_len = 7654;

/* white_knight.bmp (7654 bytes) */
static const unsigned char white_knight_bmp[] = {
    0x42, 0x4d, 0xe6, 0x1d, 0x00, 0x00, 0x00, 0x00, 0x00, 0x00, 0x36, 0x00,
    0x00, 0x00, 0x28, 0x00, 0x00, 0x00, 0x32, 0x00, 0x00, 0x00, 0x32, 0x00,
    0x00, 0x00, 0x01, 0x00, 0x18, 0x00, 0x00, 0x00, 0x00, 0x00, 0xb0, 0x1d,
    0x00, 0x00, 0xc4, 0x0e, 0x00, 0x00, 0xc4, 0x0e, 0x00, 0x00, 0x00, 0x00,
    0x00, 0x00, 0x00, 0x00, 0x00, 0x00, 0xff, 0xff, 0xff, 0xff, 0xff, 0xff,
    0xff, 0xff, 0xff, 0xff, 0xff, 0xff, 0xff, 0xff, 0xff, 0xff, 0xff, 0xff,
    0xff, 0xff, 0xff, 0xff, 0xff, 0xff, 0xff, 0xff, 0xff, 0xff, 0xff, 0xff,
    0xff, 0xff, 0xff, 0xff, 0xff, 0xff, 0xff, 0xff, 0xff, 0xfe, 0xfe, 0xfe,
    0xfe, 0xfe, 0xfe, 0xfe, 0xfe, 0xfe, 0xfe, 0xfe, 0xfe, 0xfe, 0xfe, 0xfe,
    0xfe, 0xfe, 0xfe, 0xfe, 0xfe, 0xfe, 0xfe, 0xfe, 0xfe, 0xfe, 0xfe, 0xfe,
    0xfe, 0xfe, 0xfe, 0xfe, 0xfe, 0xfe, 0xfe, 0xfe, 0xfe, 0xfe, 0xfe, 0xfe,
    0xfe, 0xfe, 0xfe, 0xfe, 0xfe, 0xfe, 0xfe, 0xfe, 0xfe, 0xfe, 0xfe, 0xfe,
    0xfe, 0xfe, 0xfe, 0xfe, 0xfe, 0xfe, 0xfe, 0xfe, 0xfe, 0xfe, 0xfe, 0xfe,
    0xfe, 0xfe, 0xfe, 0xfe, 0xfe, 0xfe, 0xfe, 0xfe, 0xfe, 0xfe, 0xfe, 0xfe,
    0xfe, 0xfe, 0xfe, 0xfe, 0xfe, 0xfe, 0xfe, 0xfe, 0xfe, 0xfe, 0xfe, 0xfe,
    0xfe, 0xfe, 0xfe, 0xfe, 0xfe, 0xfe, 0xfe, 0xfe, 0xfe, 0xff, 0xff, 0xff,
    0xff, 0xff, 0xff, 0xff, 0xff, 0xff, 0xff, 0xff, 0xff, 0xff, 0xff, 0xff,
    0x00, 0x00, 0xff, 0xff, 0xff, 0xff, 0xff, 0xff, 0xff, 0xff, 0xff, 0xff,
    0xff, 0xff, 0xff, 0xff, 0xff, 0xff, 0xff, 0xff, 0xff, 0xff, 0xff, 0xff,
    0xff, 0xff, 0xff, 0xff, 0xff, 0xff, 0xff, 0xff, 0xfd, 0xfd, 0xfd, 0xfb,
    0xfb, 0xfb, 0xf9, 0xf9, 0xf9, 0xf8, 0xf8, 0xf8, 0xf7, 0xf7, 0xf7, 0xf7,
    0xf7, 0xf7, 0xf7, 0xf7, 0xf7, 0xf7, 0xf7, 0xf7, 0xf7, 0xf7, 0xf7, 0xf7,
    0xf7, 0xf7, 0xf7, 0xf7, 0xf7, 0xf7, 0xf7, 0xf7, 0xf7, 0xf7, 0xf7, 0xf7,
    0xf7, 0xf7, 0xf7, 0xf7, 0xf7, 0xf7, 0xf7, 0xf7, 0xf7, 0xf7, 0xf7, 0xf7,
    0xf7, 0xf7, 0xf7, 0xf7, 0xf7, 0xf7, 0xf7, 0xf7, 0xf7, 0xf7, 0xf7, 0xf7,
    0xf7, 0xf7, 0xf7, 0xf7, 0xf7, 0xf7, 0xf7, 0xf7, 0xf7, 0xf7, 0xf7, 0xf7,
    0xf7, 0xf7, 0xf7, 0xf7, 0xf7, 0xf7, 0xf7, 0xf7, 0xf7, 0xf7, 0xf7, 0xf7,
    0xf7, 0xf7, 0xf7, 0xf7, 0xf7, 0xf7, 0xf7, 0xf7, 0xf7, 0xf7, 0xf7, 0xf8,
    0xf8, 0xf8, 0xf8, 0xf8, 0xf8, 0xfa, 0xfa, 0xfa, 0xfc, 0xfc, 0xfc, 0xfe,
    0xfe, 0xfe, 0xff, 0xff, 0xff, 0xff, 0xff, 0xff, 0x00, 0x00, 0xff, 0xff,
    0xff, 0xff, 0xff, 0xff, 0xff, 0xff, 0xff, 0xff, 0xff, 0xff, 0xff, 0xff,
    0xff, 0xff, 0xff, 0xff, 0xff, 0xff, 0xff, 0xff, 0xff, 0xff, 0xff, 0xff,
    0xff, 0xfc, 0xfc, 0xfc, 0xf4, 0xf4, 0xf4, 0xe9, 0xe9, 0xe9, 0xdf, 0xdf,
    0xdf, 0xda, 0xda, 0xda, 0xd8, 0xd8, 0xd8, 0xd8, 0xd8, 0xd8, 0xd8, 0xd8,
    0xd8, 0xd8, 0xd8, 0xd8, 0xd8, 0xd8, 0xd8, 0xd8, 0xd8, 0xd8, 0xd8, 0xd8,
    0xd8, 0xd8, 0xd8, 0xd8, 0xd8, 0xd8, 0xd8, 0xd8, 0xd8, 0xd8, 0xd8, 0xd8,
    0xd8, 0xd8, 0xd8, 0xd8, 0xd8, 0xd8, 0xd8, 0xd8, 0xd8, 0xd8, 0xd8, 0xd8,
    0xd8, 0xd8, 0xd8, 0xd8, 0xd8, 0xd8, 0xd8, 0xd8, 0xd8, 0xd8, 0xd8, 0xd8,
    0xd8, 0xd8, 0xd8, 0xd8, 0xd8, 0xd8, 0xd8, 0xd8, 0xd8, 0xd8, 0xd8, 0xd8,
    0xd8, 0xd8, 0xd8, 0xd8, 0xd8, 0xd8, 0xd8, 0xd8, 0xd8, 0xd8, 0xd8, 0xd8,
    0xd8, 0xd8, 0xd8, 0xd8, 0xd8, 0xd8, 0xd8, 0xd9, 0xd9, 0xd9, 0xdd, 0xdd,
    0xdd, 0xe6, 0xe6, 0xe6, 0xf2, 0xf2, 0xf2, 0xfa, 0xfa, 0xfa, 0xfe, 0xfe,
    0xfe, 0xff, 0xff, 0xff, 0x00, 0x00, 0xff, 0xff, 0xff, 0xff, 0xff, 0xff,
    0xff, 0xff, 0xff, 0xff, 0xff, 0xff, 0xff, 0xff, 0xff, 0xff, 0xff, 0xff,
    0xff, 0xff, 0xff, 0xff, 0xff, 0xff, 0xfe, 0xfe, 0xfe, 0xf9, 0xf9, 0xf9,
    0xf1, 0xf1, 0xf1, 0xd6, 0xd6, 0xd6, 0xbb, 0xbb, 0xbb, 0xad, 0xad, 0xad,
    0xaa, 0xaa, 0xaa, 0xa9, 0xa9, 0xa9, 0xa9, 0xa9, 0xa9, 0xa9, 0xa9, 0xa9,
    0xa9, 0xa9, 0xa9, 0xa9, 0xa9, 0xa9, 0xa9, 0xa9, 0xa9, 0xa9, 0xa9, 0xa9,
    0xa9, 0xa9, 0xa9, 0xa9, 0xa9, 0xa9, 0xa9, 0xa9, 0xa9, 0xa9, 0xa9, 0xa9,
    0xa9, 0xa9, 0xa9, 0xa9, 0xa9, 0xa9, 0xa9, 0xa9, 0xa9, 0xa9, 0xa9, 0xa9,
    0xa9, 0xa9, 0xa9, 0xa9, 0xa9, 0xa9, 0xa9, 0xa9, 0xa9, 0xa9, 0xa9, 0xa9,
    0xa9, 0xa9, 0xa9, 0xa9, 0xa9, 0xa9, 0xa9, 0xa9, 0xa9, 0xa9, 0xa9, 0xa9,
    0xa9, 0xa9, 0xa9, 0xa9, 0xa9, 0xa9, 0xa9, 0xa9, 0xa9, 0xa9, 0xa9, 0xa9,
    0xa9, 0xa9, 0xa9, 0xab, 0xab, 0xab, 0xaf, 0xaf, 0xaf, 0xc1, 0xc1, 0xc1,
    0xdc, 0xdc, 0xdc, 0xf3, 0xf3, 0xf3, 0xfd, 0xfd, 0xfd, 0xff, 0xff, 0xff,
    0x00, 0x00, 0xff, 0xff, 0xff, 0xff, 0xff, 0xff, 0xff, 0xff, 0xff, 0xff,
    0xff, 0xff, 0xff, 0xff, 0xff, 0xff, 0xff, 0xff, 0xff, 0xff, 0xff, 0xff,
    0xff, 0xff, 0xfe, 0xfe, 0xfe, 0xf5, 0xf5, 0xf5, 0xb0, 0xb0, 0xb0, 0x89,
    0x89, 0x89, 0x70, 0x70, 0x70, 0x62, 0x62, 0x62, 0x5f, 0x5f, 0x5f, 0x5e,
    0x5e, 0x5e, 0x5e, 0x5e, 0x5e, 0x5e, 0x5e, 0x5e, 0x5e, 0x5e, 0x5e, 0x5e,
    0x5e, 0x5e, 0x5e, 0x5e, 0x5e, 0x5e, 0x5e, 0x5e, 0x5e, 0x5e, 0x5e, 0x5e,
    0x5e, 0x5e, 0x5e, 0x5e, 0x5e, 0x5e, 0x5e, 0x5e, 0x5e, 0x5e, 0x5e, 0x5e,
    0x5e, 0x5e, 0x5e, 0x5e, 0x5e, 0x5e, 0x5e, 0x5e, 0x5e, 0x5e, 0x5e, 0x5e,
    0x5e, 0x5e, 0x5e, 0x5e, 0x5e, 0x5e, 0x5e, 0x5e, 0x5e, 0x5e, 0x5e, 0x5e,
    0x5e, 0x5e, 0x5e, 0x5e, 0x5e, 0x5e, 0x5e, 0x5e, 0x5e, 0x5e, 0x5e, 0x5e,
    0x5e, 0x5e, 0x5e, 0x5e, 0x5e, 0x5e, 0x5e, 0x5e, 0x5e, 0x5e, 0x5e, 0x5d,
    0x5d, 0x5d, 0x7a, 0x7a, 0x7a, 0x9e, 0x9e, 0x9e, 0xc6, 0xc6, 0xc6, 0xea,
    0xea, 0xea, 0xfb, 0xfb, 0xfb, 0xff, 0xff, 0xff, 0x00, 0x00, 0xff, 0xff,
    0xff, 0xff, 0xff, 0xff, 0xff, 0xff, 0xff, 0xff, 0xff, 0xff, 0xff, 0xff,
    0xff, 0xff, 0xff, 0xff, 0xff, 0xff, 0xff, 0xfc, 0xfc, 0xfc, 0xff, 0xff,
    0xff, 0xb4, 0xb4, 0xb4, 0x00, 0x00, 0x00, 0x00, 0x00, 0x00, 0x00, 0x00,
    0x00, 0x00, 0x00, 0x00, 0x00, 0x00, 0x00, 0x00, 0x00, 0x00, 0x00, 0x00,
    0x00, 0x00, 0x00, 0x00, 0x00, 0x00, 0x00, 0x00, 0x00, 0x00, 0x00, 0x00,
    0x00, 0x00, 0x00, 0x00, 0x00, 0x00, 0x00, 0x00, 0x00, 0x00, 0x00, 0x00,
    0x00, 0x00, 0x00, 0x00, 0x00, 0x00, 0x00, 0x00, 0x00, 0x00, 0x00, 0x00,
    0x00, 0x00, 0x00, 0x00, 0x00, 0x00, 0x00, 0x00, 0x00, 0x00, 0x00, 0x00,
    0x00, 0x00, 0x00, 0x00, 0x00, 0x00, 0x00, 0x00, 0x00, 0x00, 0x00, 0x00,
    0x00, 0x00, 0x00, 0x00, 0x00, 0x00, 0x00, 0x00, 0x00, 0x00, 0x00, 0x00,
    0x00, 0x00, 0x00, 0x00, 0x00, 0x00, 0x00, 0x00, 0x00, 0x00, 0x2b, 0x2b,
    0x2b, 0x91, 0x91, 0x91, 0xba, 0xba, 0xba, 0xe6, 0xe6, 0xe6, 0xfa, 0xfa,
    0xfa, 0xff, 0xff, 0xff, 0x00, 0x00, 0xff, 0xff, 0xff, 0xff, 0xff, 0xff,
    0xff, 0xff, 0xff, 0xff, 0xff, 0xff, 0xff, 0xff, 0xff, 0xff, 0xff, 0xff,
    0xff, 0xff, 0xff, 0xfc, 0xfc, 0xfc, 0xff, 0xff, 0xff, 0xac, 0xac, 0xac,
    0x01, 0x01, 0x01, 0x2b, 0x2b, 0x2b, 0x76, 0x76, 0x76, 0x6e, 0x6e, 0x6e,
    0x70, 0x70, 0x70, 0x70, 0x70, 0x70, 0x70, 0x70, 0x70, 0x70, 0x70, 0x70,
    0x70, 0x70, 0x70, 0x70, 0x70, 0x70, 0x70, 0x70, 0x70, 0x70, 0x70, 0x70,
    0x70, 0x70, 0x70, 0x70, 0x70, 0x70, 0x70, 0x70, 0x70, 0x70, 0x70, 0x70,
    0x70, 0x70, 0x70, 0x70, 0x70, 0x70, 0x70, 0x70, 0x70, 0x70, 0x70, 0x70,
    0x70, 0x70, 0x70, 0x70, 0x70, 0x70, 0x70, 0x70, 0x70, 0x70, 0x70, 0x70,
    0x70, 0x70, 0x70, 0x70, 0x70, 0x70, 0x70, 0x70, 0x70, 0x6f, 0x6f, 0x6f,
    0x79, 0x79, 0x79, 0x74, 0x74, 0x74, 0x6d, 0x6d, 0x6d, 0x75, 0x75, 0x75,
    0x58, 0x58, 0x58, 0x01, 0x01, 0x01, 0x20, 0x20, 0x20, 0x8c, 0x8c, 0x8c,
    0xb8, 0xb8, 0xb8, 0xe4, 0xe4, 0xe4, 0xfa, 0xfa, 0xfa, 0xff, 0xff, 0xff,
    0x00, 0x00, 0xff, 0xff, 0xff, 0xff, 0xff, 0xff, 0xff, 0xff, 0xff, 0xff,
    0xff, 0xff, 0xff, 0xff, 0xff, 0xff, 0xff, 0xff, 0xff, 0xff, 0xff, 0xfd,
    0xfd, 0xfd, 0xff, 0xff, 0xff, 0xcb, 0xcb, 0xcb, 0x00, 0x00, 0x00, 0x3e,
    0x3e, 0x3e, 0xff, 0xff, 0xff, 0xf5, 0xf5, 0xf5, 0xf7, 0xf7, 0xf7, 0xf7,
    0xf7, 0xf7, 0xf7, 0xf7, 0xf7, 0xf7, 0xf7, 0xf7, 0xf7, 0xf7, 0xf7, 0xf7,
    0xf7, 0xf7, 0xf7, 0xf7, 0xf7, 0xf7, 0xf7, 0xf7, 0xf7, 0xf7, 0xf7, 0xf7,
    0xf7, 0xf7, 0xf7, 0xf7, 0xf7, 0xf7, 0xf7, 0xf7, 0xf7, 0xf7, 0xf7, 0xf7,
    0xf7, 0xf7, 0xf7, 0xf7, 0xf7, 0xf7, 0xf7, 0xf7, 0xf7, 0xf7, 0xf7, 0xf7,
    0xf7, 0xf7, 0xf7, 0xf7, 0xf7, 0xf7, 0xf7, 0xf7, 0xf7, 0xf7, 0xf7, 0xf7,
    0xf7, 0xf7, 0xf6, 0xf6, 0xf6, 0xfa, 0xfa, 0xfa, 0xcd, 0xcd, 0xcd, 0xe5,
    0xe5, 0xe5, 0xf8, 0xf8, 0xf8, 0xff, 0xff, 0xff, 0xbf, 0xbf, 0xbf, 0x00,
    0x00, 0x00, 0x21, 0x21, 0x21, 0x8b, 0x8b, 0x8b, 0xb8, 0xb8, 0xb8, 0xe4,
    0xe4, 0xe4, 0xfa, 0xfa, 0xfa, 0xff, 0xff, 0xff, 0x00, 0x00, 0xff, 0xff,
    0xff, 0xff, 0xff, 0xff, 0xff, 0xff, 0xff, 0xff, 0xff, 0xff, 0xff, 0xff,
    0xff, 0xff, 0xff, 0xff, 0xff, 0xff, 0xff, 0xfe, 0xfe, 0xfe, 0xff, 0xff,
    0xff, 0xf1, 0xf1, 0xf1, 0x16, 0x16, 0x16, 0x0a, 0x0a, 0x0a, 0xce, 0xce,
    0xce, 0xe7, 0xe7, 0xe7, 0xe1, 0xe1, 0xe1, 0xe2, 0xe2, 0xe2, 0xe2, 0xe2,
    0xe2, 0xe2, 0xe2, 0xe2, 0xe2, 0xe2, 0xe2, 0xe2, 0xe2, 0xe2, 0xe2, 0xe2,
    0xe2, 0xe2, 0xe2, 0xe2, 0xe2, 0xe2, 0xe2, 0xe2, 0xe2, 0xe2, 0xe2, 0xe2,
    0xe2, 0xe2, 0xe2, 0xe2, 0xe2, 0xe2, 0xe2, 0xe2, 0xe2, 0xe2, 0xe2, 0xe2,
    0xe2, 0xe2, 0xe2, 0xe2, 0xe2, 0xe2, 0xe2, 0xe2, 0xe2, 0xe2, 0xe2, 0xe2,
    0xe2, 0xe2, 0xe2, 0xe2, 0xe2, 0xe2, 0xe2, 0xe1, 0xe1, 0xe1, 0xea, 0xea,
    0xea, 0xc1, 0xc1, 0xc1, 0x00, 0x00, 0x00, 0x49, 0x49, 0x49, 0xed, 0xed,
    0xed, 0xea, 0xea, 0xea, 0xb0, 0xb0, 0xb0, 0x00, 0x00, 0x00, 0x20, 0x20,
    0x20, 0x8b, 0x8b, 0x8b, 0xb8, 0xb8, 0xb8, 0xe4, 0xe4, 0xe4, 0xfa, 0xfa,
    0xfa, 0xff, 0xff, 0xff, 0x00, 0x00, 0xff, 0xff, 0xff, 0xff, 0xff, 0xff,
    0xff, 0xff, 0xff, 0xff, 0xff, 0xff, 0xff, 0xff, 0xff, 0xff, 0xff, 0xff,
    0xff, 0xff, 0xff, 0xff, 0xff, 0xff, 0xfc, 0xfc, 0xfc, 0xff, 0xff, 0xff,
    0x60, 0x60, 0x60, 0x00, 0x00, 0x00, 0x7d, 0x7d, 0x7d, 0xf9, 0xf9, 0xf9,
    0xe0, 0xe0, 0xe0, 0xe6, 0xe6, 0xe6, 0xe6, 0xe6, 0xe6, 0xe6, 0xe6, 0xe6,
    0xe6, 0xe6, 0xe6, 0xe6, 0xe6, 0xe6, 0xe6, 0xe6, 0xe6, 0xe6, 0xe6, 0xe6,
    0xe6, 0xe6, 0xe6, 0xe6, 0xe6, 0xe6, 0xe6, 0xe6, 0xe6, 0xe6, 0xe6, 0xe6,
    0xe6, 0xe6, 0xe6, 0xe6, 0xe6, 0xe6, 0xe6, 0xe6, 0xe6, 0xe6, 0xe6, 0xe6,
    0xe6, 0xe6, 0xe6, 0xe6, 0xe6, 0xe6, 0xe6, 0xe6, 0xe6, 0xe6, 0xe6, 0xe6,
    0xe6, 0xe6, 0xe6, 0xe4, 0xe4, 0xe4, 0xf0, 0xf0, 0xf0, 0xbc, 0xbc, 0xbc,
    0x00, 0x00, 0x00, 0x35, 0x35, 0x35, 0xec, 0xec, 0xec, 0xef, 0xef, 0xef,
    0xb3, 0xb3, 0xb3, 0x00, 0x00, 0x00, 0x20, 0x20, 0x20, 0x8c, 0x8c, 0x8c,
    0xb9, 0xb9, 0xb9, 0xe5, 0xe5, 0xe5, 0xfa, 0xfa, 0xfa, 0xff, 0xff, 0xff,
    0x00, 0x00, 0xff, 0xff, 0xff, 0xff, 0xff, 0xff, 0xff, 0xff, 0xff, 0xff,
    0xff, 0xff, 0xff, 0xff, 0xff, 0xff, 0xff, 0xff, 0xff, 0xff, 0xff, 0xff,
    0xff, 0xff, 0xfd, 0xfd, 0xfd, 0xff, 0xff, 0xff, 0xd0, 0xd0, 0xd0, 0x04,
    0x04, 0x04, 0x11, 0x11, 0x11, 0xca, 0xca, 0xca, 0xf0, 0xf0, 0xf0, 0xe2,
    0xe2, 0xe2, 0xe6, 0xe6, 0xe6, 0xe6, 0xe6, 0xe6, 0xe6, 0xe6, 0xe6, 0xe6,
    0xe6, 0xe6, 0xe6, 0xe6, 0xe6, 0xe6, 0xe6, 0xe6, 0xe6, 0xe6, 0xe6, 0xe6,
    0xe6, 0xe6, 0xe6, 0xe6, 0xe6, 0xe6, 0xe6, 0xe6, 0xe6, 0xe6, 0xe6, 0xe6,
    0xe6, 0xe6, 0xe6, 0xe6, 0xe6, 0xe6, 0xe6, 0xe6, 0xe6, 0xe6, 0xe6, 0xe6,
    0xe6, 0xe6, 0xe6, 0xe6, 0xe6, 0xe6, 0xe6, 0xe6, 0xe6, 0xe6, 0xe6, 0xe4,
    0xe4, 0xe4, 0xee, 0xee, 0xee, 0xc5, 0xc5, 0xc5, 0x00, 0x00, 0x00, 0x31,
    0x31, 0x31, 0xea, 0xea, 0xea, 0xf0, 0xf0, 0xf0, 0xb2, 0xb2, 0xb2, 0x00,
    0x00, 0x00, 0x21, 0x21, 0x21, 0x8e, 0x8e, 0x8e, 0xbb, 0xbb, 0xbb, 0xe6,
    0xe6, 0xe6, 0xfa, 0xfa, 0xfa, 0xfe, 0xfe, 0xfe, 0x00, 0x00, 0xff, 0xff,
    0xff, 0xff, 0xff, 0xff, 0xff, 0xff, 0xff, 0xff, 0xff, 0xff, 0xff, 0xff,
    0xff, 0xff, 0xff, 0xff, 0xff, 0xff, 0xff, 0xff, 0xff, 0xff, 0xff, 0xff,
    0xff, 0xfc, 0xfc, 0xfc, 0xff, 0xff, 0xff, 0x7b, 0x7b, 0x7b, 0x00, 0x00,
    0x00, 0x2f, 0x2f, 0x2f, 0xdf, 0xdf, 0xdf, 0xef, 0xef, 0xef, 0xe1, 0xe1,
    0xe1, 0xe6, 0xe6, 0xe6, 0xe6, 0xe6, 0xe6, 0xe6, 0xe6, 0xe6, 0xe6, 0xe6,
    0xe6, 0xe6, 0xe6, 0xe6, 0xe6, 0xe6, 0xe6, 0xe6, 0xe6, 0xe6, 0xe6, 0xe6,
    0xe6, 0xe6, 0xe6, 0xe6, 0xe6, 0xe6, 0xe6, 0xe6, 0xe6, 0xe6, 0xe6, 0xe6,
    0xe6, 0xe6, 0xe6, 0xe6, 0xe6, 0xe6, 0xe6, 0xe6, 0xe6, 0xe6, 0xe6, 0xe6,
    0xe6, 0xe6, 0xe6, 0xe6, 0xe6, 0xe6, 0xe6, 0xe4, 0xe4, 0xe4, 0xee, 0xee,
    0xee, 0xc7, 0xc7, 0xc7, 0x00, 0x00, 0x00, 0x2d, 0x2d, 0x2d, 0xe9, 0xe9,
    0xe9, 0xf1, 0xf1, 0xf1, 0xae, 0xae, 0xae, 0x00, 0x00, 0x00, 0x25, 0x25,
    0x25, 0x91, 0x91, 0x91, 0xbd, 0xbd, 0xbd, 0xe8, 0xe8, 0xe8, 0xfb, 0xfb,
    0xfb, 0xff, 0xff, 0xff, 0x00, 0x00, 0xff, 0xff, 0xff, 0xff, 0xff, 0xff,
    0xff, 0xff, 0xff, 0xff, 0xff, 0xff, 0xff, 0xff, 0xff, 0xff, 0xff, 0xff,
    0xff, 0xff, 0xff, 0xff, 0xff, 0xff, 0xff, 0xff, 0xff, 0xfe, 0xfe, 0xfe,
    0xfa, 0xfa, 0xfa, 0xfe, 0xfe, 0xfe, 0x50, 0x50, 0x50, 0x00, 0x00, 0x00,
    0x31, 0x31, 0x31, 0xd3, 0xd3, 0xd3, 0xf4, 0xf4, 0xf4, 0xe1, 0xe1, 0xe1,
    0xe6, 0xe6, 0xe6, 0xe6, 0xe6, 0xe6, 0xe6, 0xe6, 0xe6, 0xe6, 0xe6, 0xe6,
    0xe6, 0xe6, 0xe6, 0xe6, 0xe6, 0xe6, 0xe6, 0xe6, 0xe6, 0xe6, 0xe6, 0xe6,
    0xe6, 0xe6, 0xe6, 0xe6, 0xe6, 0xe6, 0xe6, 0xe6, 0xe6, 0xe6, 0xe6, 0xe6,
    0xe6, 0xe6, 0xe6, 0xe6, 0xe6, 0xe6, 0xe6, 0xe6, 0xe6, 0xe6, 0xe6, 0xe6,
    0xe6, 0xe6, 0xe6, 0xe4, 0xe4, 0xe4, 0xee, 0xee, 0xee, 0xc8, 0xc8, 0xc8,
    0x00, 0x00, 0x00, 0x2c, 0x2c, 0x2c, 0xe8, 0xe8, 0xe8, 0xf2, 0xf2, 0xf2,
    0xa7, 0xa7, 0xa7, 0x00, 0x00, 0x00, 0x29, 0x29, 0x29, 0x94, 0x94, 0x94,
    0xbf, 0xbf, 0xbf, 0xe9, 0xe9, 0xe9, 0xfb, 0xfb, 0xfb, 0xff, 0xff, 0xff,
    0x00, 0x00, 0xff, 0xff, 0xff, 0xff, 0xff, 0xff, 0xff, 0xff, 0xff, 0xff,
    0xff, 0xff, 0xff, 0xff, 0xff, 0xff, 0xff, 0xff, 0xfe, 0xfe, 0xfe, 0xfe,
    0xfe, 0xfe, 0xfc, 0xfc, 0xfc, 0xf8, 0xf8, 0xf8, 0xf0, 0xf0, 0xf0, 0xed,
    0xed, 0xed, 0xed, 0xed, 0xed, 0x4f, 0x4f, 0x4f, 0x00, 0x00, 0x00, 0x1c,
    0x1c, 0x1c, 0xaf, 0xaf, 0xaf, 0xf8, 0xf8, 0xf8, 0xe5, 0xe5, 0xe5, 0xe4,
    0xe4, 0xe4, 0xe6, 0xe6, 0xe6, 0xe6, 0xe6, 0xe6, 0xe6, 0xe6, 0xe6, 0xe6,
    0xe6, 0xe6, 0xe6, 0xe6, 0xe6, 0xe6, 0xe6, 0xe6, 0xe6, 0xe6, 0xe6, 0xe6,
    0xe6, 0xe6, 0xe6, 0xe6, 0xe6, 0xe6, 0xe6, 0xe6, 0xe6, 0xe6, 0xe6, 0xe6,
    0xe6, 0xe6, 0xe6, 0xe6, 0xe6, 0xe6, 0xe6, 0xe6, 0xe6, 0xe6, 0xe6, 0xe4,
    0xe4, 0xe4, 0xee, 0xee, 0xee, 0xc6, 0xc6, 0xc6, 0x00, 0x00, 0x00, 0x2e,
    0x2e, 0x2e, 0xe8, 0xe8, 0xe8, 0xf3, 0xf3, 0xf3, 0x9e, 0x9e, 0x9e, 0x00,
    0x00, 0x00, 0x2e, 0x2e, 0x2e, 0x97, 0x97, 0x97, 0xc2, 0xc2, 0xc2, 0xeb,
    0xeb, 0xeb, 0xfb, 0xfb, 0xfb, 0xff, 0xff, 0xff, 0x00, 0x00, 0xff, 0xff,
    0xff, 0xff, 0xff, 0xff, 0xff, 0xff, 0xff, 0xff, 0xff, 0xff, 0xfe, 0xfe,
    0xfe, 0xfc, 0xfc, 0xfc, 0xf8, 0xf8, 0xf8, 0xf3, 0xf3, 0xf3, 0xea, 0xea,
    0xea, 0xdf, 0xdf, 0xdf, 0xd1, 0xd1, 0xd1, 0xc1, 0xc1, 0xc1, 0xc2, 0xc2,
    0xc2, 0xd3, 0xd3, 0xd3, 0x65, 0x65, 0x65, 0x00, 0x00, 0x00, 0x01, 0x01,
    0x01, 0x7c, 0x7c, 0x7c, 0xee, 0xee, 0xee, 0xec, 0xec, 0xec, 0xe2, 0xe2,
    0xe2, 0xe6, 0xe6, 0xe6, 0xe6, 0xe6, 0xe6, 0xe6, 0xe6, 0xe6, 0xe6, 0xe6,
    0xe6, 0xe6, 0xe6, 0xe6, 0xe6, 0xe6, 0xe6, 0xe6, 0xe6, 0xe6, 0xe6, 0xe6,
    0xe6, 0xe6, 0xe6, 0xe6, 0xe6, 0xe6, 0xe6, 0xe6, 0xe6, 0xe6, 0xe6, 0xe6,
    0xe6, 0xe6, 0xe6, 0xe6, 0xe6, 0xe6, 0xe6, 0xe4, 0xe4, 0xe4, 0xef, 0xef,
    0xef, 0xc2, 0xc2, 0xc2, 0x00, 0x00, 0x00, 0x34, 0x34, 0x34, 0xea, 0xea,
    0xea, 0xf4, 0xf4, 0xf4, 0x92, 0x92, 0x92, 0x00, 0x00, 0x00, 0x35, 0x35,
    0x35, 0x9b, 0x9b, 0x9b, 0xc5, 0xc5, 0xc5, 0xec, 0xec, 0xec, 0xfc, 0xfc,
    0xfc, 0xff, 0xff, 0xff, 0x00, 0x00, 0xff, 0xff, 0xff, 0xff, 0xff, 0xff,
    0xff, 0xff, 0xff, 0xfd, 0xfd, 0xfd, 0xf8, 0xf8, 0xf8, 0xec, 0xec, 0xec,
    0xde, 0xde, 0xde, 0xd0, 0xd0, 0xd0, 0xca, 0xca, 0xca, 0xb3, 0xb3, 0xb3,
    0x99, 0x99, 0x99, 0x90, 0x90, 0x90, 0x91, 0x91, 0x91, 0x98, 0x98, 0x98,
    0xc1, 0xc1, 0xc1, 0x8c, 0x8c, 0x8c, 0x13, 0x13, 0x13, 0x00, 0x00, 0x00,
    0x42, 0x42, 0x42, 0xd3, 0xd3, 0xd3, 0xf3, 0xf3, 0xf3, 0xe2, 0xe2, 0xe2,
    0xe6, 0xe6, 0xe6, 0xe6, 0xe6, 0xe6, 0xe6, 0xe6, 0xe6, 0xe6, 0xe6, 0xe6,
    0xe6, 0xe6, 0xe6, 0xe6, 0xe6, 0xe6, 0xe6, 0xe6, 0xe6, 0xe6, 0xe6, 0xe6,
    0xe6, 0xe6, 0xe6, 0xe6, 0xe6, 0xe6, 0xe6, 0xe6, 0xe6, 0xe6, 0xe6, 0xe6,
    0xe6, 0xe6, 0xe6, 0xe4, 0xe4, 0xe4, 0xf0, 0xf0, 0xf0, 0xba, 0xba, 0xba,
    0x00, 0x00, 0x00, 0x3d, 0x3d, 0x3d, 0xed, 0xed, 0xed, 0xf4, 0xf4, 0xf4,
    0x82, 0x82, 0x82, 0x00, 0x00, 0x00, 0x40, 0x40, 0x40, 0xa0, 0xa0, 0xa0,
    0xc9, 0xc9, 0xc9, 0xef, 0xef, 0xef, 0xfc, 0xfc, 0xfc, 0xff, 0xff, 0xff,
    0x00, 0x00, 0xff, 0xff, 0xff, 0xff, 0xff, 0xff, 0xfe, 0xfe, 0xfe, 0xf6,
    0xf6, 0xf6, 0xea, 0xea, 0xea, 0xd9, 0xd9, 0xd9, 0xbb, 0xbb, 0xbb, 0xa6,
    0xa6, 0xa6, 0x6d, 0x6d, 0x6d, 0x22, 0x22, 0x22, 0x0e, 0x0e, 0x0e, 0x18,
    0x18, 0x18, 0x41, 0x41, 0x41, 0x74, 0x74, 0x74, 0x84, 0x84, 0x84, 0xb4,
    0xb4, 0xb4, 0xb3, 0xb3, 0xb3, 0x3d, 0x3d, 0x3d, 0x00, 0x00, 0x00, 0x1a,
    0x1a, 0x1a, 0xb1, 0xb1, 0xb1, 0xf6, 0xf6, 0xf6, 0xe2, 0xe2, 0xe2, 0xe6,
    0xe6, 0xe6, 0xe6, 0xe6, 0xe6, 0xe6, 0xe6, 0xe6, 0xe6, 0xe6, 0xe6, 0xe6,
    0xe6, 0xe6, 0xe6, 0xe6, 0xe6, 0xe6, 0xe6, 0xe6, 0xe6, 0xe6, 0xe6, 0xe6,
    0xe6, 0xe6, 0xe6, 0xe6, 0xe6, 0xe6, 0xe6, 0xe6, 0xe6, 0xe6, 0xe6, 0xe3,
    0xe3, 0xe3, 0xf2, 0xf2, 0xf2, 0xae, 0xae, 0xae, 0x00, 0x00, 0x00, 0x4b,
    0x4b, 0x4b, 0xef, 0xef, 0xef, 0xf4, 0xf4, 0xf4, 0x6e, 0x6e, 0x6e, 0x00,
    0x00, 0x00, 0x4b, 0x4b, 0x4b, 0xa4, 0xa4, 0xa4, 0xce, 0xce, 0xce, 0xf1,
    0xf1, 0xf1, 0xfd, 0xfd, 0xfd, 0xff, 0xff, 0xff, 0x00, 0x00, 0xff, 0xff,
    0xff, 0xff, 0xff, 0xff, 0xf8, 0xf8, 0xf8, 0xf2, 0xf2, 0xf2, 0xc9, 0xc9,
    0xc9, 0x66, 0x66, 0x66, 0x42, 0x42, 0x42, 0x32, 0x32, 0x32, 0x00, 0x00,
    0x00, 0x00, 0x00, 0x00, 0x2d, 0x2d, 0x2d, 0x08, 0x08, 0x08, 0x00, 0x00,
    0x00, 0x23, 0x23, 0x23, 0x69, 0x69, 0x69, 0x7e, 0x7e, 0x7e, 0xa7, 0xa7,
    0xa7, 0xcc, 0xcc, 0xcc, 0x6a, 0x6a, 0x6a, 0x00, 0x00, 0x00, 0x05, 0x05,
    0x05, 0x9a, 0x9a, 0x9a, 0xf6, 0xf6, 0xf6, 0xe2, 0xe2, 0xe2, 0xe6, 0xe6,
    0xe6, 0xe6, 0xe6, 0xe6, 0xe6, 0xe6, 0xe6, 0xe6, 0xe6, 0xe6, 0xe6, 0xe6,
    0xe6, 0xe6, 0xe6, 0xe6, 0xe6, 0xe6, 0xe6, 0xe6, 0xe6, 0xe6, 0xe6, 0xe6,
    0xe6, 0xe6, 0xe6, 0xe6, 0xe6, 0xe6, 0xe6, 0xe3, 0xe3, 0xe3, 0xf4, 0xf4,
    0xf4, 0x9d, 0x9d, 0x9d, 0x00, 0x00, 0x00, 0x5e, 0x5e, 0x5e, 0xf2, 0xf2,
    0xf2, 0xf2, 0xf2, 0xf2, 0x59, 0x59, 0x59, 0x00, 0x00, 0x00, 0x56, 0x56,
    0x56, 0xa9, 0xa9, 0xa9, 0xd3, 0xd3, 0xd3, 0xf3, 0xf3, 0xf3, 0xfe, 0xfe,
    0xfe, 0xff, 0xff, 0xff, 0x00, 0x00, 0xff, 0xff, 0xff, 0xfc, 0xfc, 0xfc,
    0xfa, 0xfa, 0xfa, 0xc8, 0xc8, 0xc8, 0x29, 0x29, 0x29, 0x00, 0x00, 0x00,
    0x00, 0x00, 0x00, 0x00, 0x00, 0x00, 0x03, 0x03, 0x03, 0x92, 0x92, 0x92,
    0xf8, 0xf8, 0xf8, 0xc5, 0xc5, 0xc5, 0x33, 0x33, 0x33, 0x00, 0x00, 0x00,
    0x1b, 0x1b, 0x1b, 0x66, 0x66, 0x66, 0x7e, 0x7e, 0x7e, 0x9a, 0x9a, 0x9a,
    0xd1, 0xd1, 0xd1, 0x88, 0x88, 0x88, 0x04, 0x04, 0x04, 0x01, 0x01, 0x01,
    0x9b, 0x9b, 0x9b, 0xf5, 0xf5, 0xf5, 0xe2, 0xe2, 0xe2, 0xe6, 0xe6, 0xe6,
    0xe6, 0xe6, 0xe6, 0xe6, 0xe6, 0xe6, 0xe6, 0xe6, 0xe6, 0xe6, 0xe6, 0xe6,
    0xe6, 0xe6, 0xe6, 0xe6, 0xe6, 0xe6, 0xe6, 0xe6, 0xe6, 0xe6, 0xe6, 0xe6,
    0xe6, 0xe6, 0xe6, 0xe2, 0xe2, 0xe2, 0xf6, 0xf6, 0xf6, 0x87, 0x87, 0x87,
    0x00, 0x00, 0x00, 0x75, 0x75, 0x75, 0xf5, 0xf5, 0xf5, 0xed, 0xed, 0xed,
    0x41, 0x41, 0x41, 0x00, 0x00, 0x00, 0x64, 0x64, 0x64, 0xaf, 0xaf, 0xaf,
    0xd9, 0xd9, 0xd9, 0xf6, 0xf6, 0xf6, 0xfe, 0xfe, 0xfe, 0xff, 0xff, 0xff,
    0x00, 0x00, 0xfe, 0xfe, 0xfe, 0xfc, 0xfc, 0xfc, 0xeb, 0xeb, 0xeb, 0x2c,
    0x2c, 0x2c, 0x00, 0x00, 0x00, 0x4d, 0x4d, 0x4d, 0xc0, 0xc0, 0xc0, 0x54,
    0x54, 0x54, 0x00, 0x00, 0x00, 0x47, 0x47, 0x47, 0xe9, 0xe9, 0xe9, 0xf0,
    0xf0, 0xf0, 0xe4, 0xe4, 0xe4, 0x3e, 0x3e, 0x3e, 0x00, 0x00, 0x00, 0x1a,
    0x1a, 0x1a, 0x5f, 0x5f, 0x5f, 0x7d, 0x7d, 0x7d, 0x8e, 0x8e, 0x8e, 0xc7,
    0xc7, 0xc7, 0x8b, 0x8b, 0x8b, 0x04, 0x04, 0x04, 0x07, 0x07, 0x07, 0xb9,
    0xb9, 0xb9, 0xf1, 0xf1, 0xf1, 0xe3, 0xe3, 0xe3, 0xe6, 0xe6, 0xe6, 0xe6,
    0xe6, 0xe6, 0xe6, 0xe6, 0xe6, 0xe6, 0xe6, 0xe6, 0xe6, 0xe6, 0xe6, 0xe6,
    0xe6, 0xe6, 0xe6, 0xe6, 0xe6, 0xe6, 0xe6, 0xe6, 0xe6, 0xe6, 0xe6, 0xe2,
    0xe2, 0xe2, 0xf7, 0xf7, 0xf7, 0x6a, 0x6a, 0x6a, 0x00, 0x00, 0x00, 0x90,
    0x90, 0x90, 0xf6, 0xf6, 0xf6, 0xe3, 0xe3, 0xe3, 0x27, 0x27, 0x27, 0x01,
    0x01, 0x01, 0x74, 0x74, 0x74, 0xb5, 0xb5, 0xb5, 0xdf, 0xdf, 0xdf, 0xf8,
    0xf8, 0xf8, 0xfe, 0xfe, 0xfe, 0xff, 0xff, 0xff, 0x00, 0x00, 0xfb, 0xfb,
    0xfb, 0xff, 0xff, 0xff, 0x92, 0x92, 0x92, 0x00, 0x00, 0x00, 0x40, 0x40,
    0x40, 0xf3, 0xf3, 0xf3, 0xff, 0xff, 0xff, 0xf0, 0xf0, 0xf0, 0x33, 0x33,
    0x33, 0x00, 0x00, 0x00, 0x83, 0x83, 0x83, 0xf0, 0xf0, 0xf0, 0xe8, 0xe8,
    0xe8, 0xe5, 0xe5, 0xe5, 0x46, 0x46, 0x46, 0x00, 0x00, 0x00, 0x0e, 0x0e,
    0x0e, 0x4e, 0x4e, 0x4e, 0x78, 0x78, 0x78, 0x85, 0x85, 0x85, 0xb7, 0xb7,
    0xb7, 0x6d, 0x6d, 0x6d, 0x00, 0x00, 0x00, 0x25, 0x25, 0x25, 0xe4, 0xe4,
    0xe4, 0xe7, 0xe7, 0xe7, 0xe5, 0xe5, 0xe5, 0xe6, 0xe6, 0xe6, 0xe6, 0xe6,
    0xe6, 0xe6, 0xe6, 0xe6, 0xe6, 0xe6, 0xe6, 0xe6, 0xe6, 0xe6, 0xe6, 0xe6,
    0xe6, 0xe6, 0xe6, 0xe6, 0xe6, 0xe6, 0xe6, 0xe3, 0xe3, 0xe3, 0xf2, 0xf2,
    0xf2, 0x48, 0x48, 0x48, 0x00, 0x00, 0x00, 0xad, 0xad, 0xad, 0xf6, 0xf6,
    0xf6, 0xd3, 0xd3, 0xd3, 0x0f, 0x0f, 0x0f, 0x0b, 0x0b, 0x0b, 0x84, 0x84,
    0x84, 0xbb, 0xbb, 0xbb, 0xe4, 0xe4, 0xe4, 0xfa, 0xfa, 0xfa, 0xff, 0xff,
    0xff, 0xff, 0xff, 0xff, 0x00, 0x00, 0xfc, 0xfc, 0xfc, 0xff, 0xff, 0xff,
    0x4c, 0x4c, 0x4c, 0x01, 0x01, 0x01, 0xac, 0xac, 0xac, 0xe8, 0xe8, 0xe8,
    0x8d, 0x8d, 0x8d, 0xd7, 0xd7, 0xd7, 0xc6, 0xc6, 0xc6, 0x00, 0x00, 0x00,
    0x09, 0x09, 0x09, 0xe2, 0xe2, 0xe2, 0xe5, 0xe5, 0xe5, 0xe8, 0xe8, 0xe8,
    0xed, 0xed, 0xed, 0x69, 0x69, 0x69, 0x00, 0x00, 0x00, 0x00, 0x00, 0x00,
    0x32, 0x32, 0x32, 0x69, 0x69, 0x69, 0x7f, 0x7f, 0x7f, 0x9f, 0x9f, 0x9f,
    0x33, 0x33, 0x33, 0x00, 0x00, 0x00, 0x7a, 0x7a, 0x7a, 0xf7, 0xf7, 0xf7,
    0xe2, 0xe2, 0xe2, 0xe6, 0xe6, 0xe6, 0xe6, 0xe6, 0xe6, 0xe6, 0xe6, 0xe6,
    0xe6, 0xe6, 0xe6, 0xe6, 0xe6, 0xe6, 0xe6, 0xe6, 0xe6, 0xe6, 0xe6, 0xe6,
    0xe6, 0xe6, 0xe6, 0xe6, 0xe6, 0xe6, 0xe6, 0xe6, 0xe6, 0x22, 0x22, 0x22,
    0x01, 0x01, 0x01, 0xc9, 0xc9, 0xc9, 0xf6, 0xf6, 0xf6, 0xb9, 0xb9, 0xb9,
    0x00, 0x00, 0x00, 0x1b, 0x1b, 0x1b, 0x93, 0x93, 0x93, 0xc2, 0xc2, 0xc2,
    0xea, 0xea, 0xea, 0xfb, 0xfb, 0xfb, 0xff, 0xff, 0xff, 0xff, 0xff, 0xff,
    0x00, 0x00, 0xfe, 0xfe, 0xfe, 0xff, 0xff, 0xff, 0x32, 0x32, 0x32, 0x00,
    0x00, 0x00, 0xd5, 0xd5, 0xd5, 0x8d, 0x8d, 0x8d, 0x00, 0x00, 0x00, 0x58,
    0x58, 0x58, 0xff, 0xff, 0xff, 0x8f, 0x8f, 0x8f, 0x89, 0x89, 0x89, 0xea,
    0xea, 0xea, 0xe6, 0xe6, 0xe6, 0xe4, 0xe4, 0xe4, 0xe6, 0xe6, 0xe6, 0xf6,
    0xf6, 0xf6, 0xa0, 0xa0, 0xa0, 0x19, 0x19, 0x19, 0x00, 0x00, 0x00, 0x14,
    0x14, 0x14, 0x4d, 0x4d, 0x4d, 0x7d, 0x7d, 0x7d, 0x71, 0x71, 0x71, 0x03,
    0x03, 0x03, 0x16, 0x16, 0x16, 0xdc, 0xdc, 0xdc, 0xe9, 0xe9, 0xe9, 0xe5,
    0xe5, 0xe5, 0xe6, 0xe6, 0xe6, 0xe6, 0xe6, 0xe6, 0xe6, 0xe6, 0xe6, 0xe6,
    0xe6, 0xe6, 0xe6, 0xe6, 0xe6, 0xe6, 0xe6, 0xe6, 0xe5, 0xe5, 0xe5, 0xec,
    0xec, 0xec, 0xcd, 0xcd, 0xcd, 0x03, 0x03, 0x03, 0x1e, 0x1e, 0x1e, 0xe1,
    0xe1, 0xe1, 0xf6, 0xf6, 0xf6, 0x97, 0x97, 0x97, 0x00, 0x00, 0x00, 0x31,
    0x31, 0x31, 0xa2, 0xa2, 0xa2, 0xcb, 0xcb, 0xcb, 0xef, 0xef, 0xef, 0xfd,
    0xfd, 0xfd, 0xff, 0xff, 0xff, 0xff, 0xff, 0xff, 0x00, 0x00, 0xfd, 0xfd,
    0xfd, 0xff, 0xff, 0xff, 0x3f, 0x3f, 0x3f, 0x00, 0x00, 0x00, 0xbe, 0xbe,
    0xbe, 0xda, 0xda, 0xda, 0x7c, 0x7c, 0x7c, 0xc0, 0xc0, 0xc0, 0xeb, 0xeb,
    0xeb, 0xf2, 0xf2, 0xf2, 0xf5, 0xf5, 0xf5, 0xe6, 0xe6, 0xe6, 0xe6, 0xe6,
    0xe6, 0xe6, 0xe6, 0xe6, 0xe5, 0xe5, 0xe5, 0xe2, 0xe2, 0xe2, 0xf5, 0xf5,
    0xf5, 0xd7, 0xd7, 0xd7, 0x58, 0x58, 0x58, 0x00, 0x00, 0x00, 0x00, 0x00,
    0x00, 0x2c, 0x2c, 0x2c, 0x6d, 0x6d, 0x6d, 0x29, 0x29, 0x29, 0x00, 0x00,
    0x00, 0x99, 0x99, 0x99, 0xf5, 0xf5, 0xf5, 0xe3, 0xe3, 0xe3, 0xe6, 0xe6,
    0xe6, 0xe6, 0xe6, 0xe6, 0xe6, 0xe6, 0xe6, 0xe6, 0xe6, 0xe6, 0xe6, 0xe6,
    0xe6, 0xe6, 0xe6, 0xe6, 0xe3, 0xe3, 0xe3, 0xf4, 0xf4, 0xf4, 0xa2, 0xa2,
    0xa2, 0x00, 0x00, 0x00, 0x4f, 0x4f, 0x4f, 0xf0, 0xf0, 0xf0, 0xf3, 0xf3,
    0xf3, 0x67, 0x67, 0x67, 0x00, 0x00, 0x00, 0x4f, 0x4f, 0x4f, 0xae, 0xae,
    0xae, 0xd5, 0xd5, 0xd5, 0xf4, 0xf4, 0xf4, 0xfd, 0xfd, 0xfd, 0xff, 0xff,
    0xff, 0xff, 0xff, 0xff, 0x00, 0x00, 0xfb, 0xfb, 0xfb, 0xff, 0xff, 0xff,
    0x70, 0x70, 0x70, 0x01, 0x01, 0x01, 0x83, 0x83, 0x83, 0xfc, 0xfc, 0xfc,
    0xf2, 0xf2, 0xf2, 0xed, 0xed, 0xed, 0xe5, 0xe5, 0xe5, 0xe3, 0xe3, 0xe3,
    0xe3, 0xe3, 0xe3, 0xe6, 0xe6, 0xe6, 0xe6, 0xe6, 0xe6, 0xe6, 0xe6, 0xe6,
    0xe6, 0xe6, 0xe6, 0xe6, 0xe6, 0xe6, 0xe2, 0xe2, 0xe2, 0xea, 0xea, 0xea,
    0xf4, 0xf4, 0xf4, 0xa4, 0xa4, 0xa4, 0x21, 0x21, 0x21, 0x00, 0x00, 0x00,
    0x17, 0x17, 0x17, 0x31, 0x31, 0x31, 0x02, 0x02, 0x02, 0x53, 0x53, 0x53,
    0xf5, 0xf5, 0xf5, 0xe3, 0xe3, 0xe3, 0xe6, 0xe6, 0xe6, 0xe6, 0xe6, 0xe6,
    0xe6, 0xe6, 0xe6, 0xe6, 0xe6, 0xe6, 0xe6, 0xe6, 0xe6, 0xe6, 0xe6, 0xe6,
    0xe2, 0xe2, 0xe2, 0xf6, 0xf6, 0xf6, 0x68, 0x68, 0x68, 0x00, 0x00, 0x00,
    0x89, 0x89, 0x89, 0xf5, 0xf5, 0xf5, 0xea, 0xea, 0xea, 0x36, 0x36, 0x36,
    0x00, 0x00, 0x00, 0x6d, 0x6d, 0x6d, 0xb9, 0xb9, 0xb9, 0xdf, 0xdf, 0xdf,
    0xf8, 0xf8, 0xf8, 0xfe, 0xfe, 0xfe, 0xff, 0xff, 0xff, 0xff, 0xff, 0xff,
    0x00, 0x00, 0xfc, 0xfc, 0xfc, 0xff, 0xff, 0xff, 0xc4, 0xc4, 0xc4, 0x00,
    0x00, 0x00, 0x25, 0x25, 0x25, 0xe6, 0xe6, 0xe6, 0xe4, 0xe4, 0xe4, 0xe3,
    0xe3, 0xe3, 0xe6, 0xe6, 0xe6, 0xe6, 0xe6, 0xe6, 0xe6, 0xe6, 0xe6, 0xe6,
    0xe6, 0xe6, 0xe6, 0xe6, 0xe6, 0xe6, 0xe6, 0xe6, 0xe6, 0xe6, 0xe6, 0xe6,
    0xe6, 0xe6, 0xe6, 0xe6, 0xe6, 0xe5, 0xe5, 0xe5, 0xe3, 0xe3, 0xe3, 0xf4,
    0xf4, 0xf4, 0xde, 0xde, 0xde, 0x5c, 0x5c, 0x5c, 0x00, 0x00, 0x00, 0x01,
    0x01, 0x01, 0x01, 0x01, 0x01, 0x25, 0x25, 0x25, 0xe5, 0xe5, 0xe5, 0xe6,
    0xe6, 0xe6, 0xe6, 0xe6, 0xe6, 0xe6, 0xe6, 0xe6, 0xe6, 0xe6, 0xe6, 0xe6,
    0xe6, 0xe6, 0xe6, 0xe6, 0xe6, 0xe6, 0xe6, 0xe6, 0xe6, 0xe6, 0xe6, 0xe7,
    0xe7, 0xe7, 0x23, 0x23, 0x23, 0x00, 0x00, 0x00, 0xc1, 0xc1, 0xc1, 0xf4,
    0xf4, 0xf4, 0xcf, 0xcf, 0xcf, 0x0a, 0x0a, 0x0a, 0x0b, 0x0b, 0x0b, 0x8c,
    0x8c, 0x8c, 0xc3, 0xc3, 0xc3, 0xe8, 0xe8, 0xe8, 0xfb, 0xfb, 0xfb, 0xff,
    0xff, 0xff, 0xff, 0xff, 0xff, 0xff, 0xff, 0xff, 0x00, 0x00, 0xff, 0xff,
    0xff, 0xfd, 0xfd, 0xfd, 0xff, 0xff, 0xff, 0x4b, 0x4b, 0x4b, 0x00, 0x00,
    0x00, 0x64, 0x64, 0x64, 0xf6, 0xf6, 0xf6, 0xe3, 0xe3, 0xe3, 0xe6, 0xe6,
    0xe6, 0xe6, 0xe6, 0xe6, 0xe6, 0xe6, 0xe6, 0xe6, 0xe6, 0xe6, 0xe6, 0xe6,
    0xe6, 0xe6, 0xe6, 0xe6, 0xe6, 0xe6, 0xe6, 0xe6, 0xe6, 0xe6, 0xe6, 0xe6,
    0xe6, 0xe6, 0xe6, 0xe6, 0xe6, 0xe6, 0xe6, 0xe2, 0xe2, 0xe2, 0xe9, 0xe9,
    0xe9, 0xf5, 0xf5, 0xf5, 0x94, 0x94, 0x94, 0x09, 0x09, 0x09, 0x00, 0x00,
    0x00, 0x0d, 0x0d, 0x0d, 0xd9, 0xd9, 0xd9, 0xee, 0xee, 0xee, 0xe4, 0xe4,
    0xe4, 0xe6, 0xe6, 0xe6, 0xe6, 0xe6, 0xe6, 0xe6, 0xe6, 0xe6, 0xe6, 0xe6,
    0xe6, 0xe3, 0xe3, 0xe3, 0xf1, 0xf1, 0xf1, 0xb6, 0xb6, 0xb6, 0x00, 0x00,
    0x00, 0x2d, 0x2d, 0x2d, 0xe8, 0xe8, 0xe8, 0xf4, 0xf4, 0xf4, 0x9d, 0x9d,
    0x9d, 0x00, 0x00, 0x00, 0x2d, 0x2d, 0x2d, 0xa6, 0xa6, 0xa6, 0xce, 0xce,
    0xce, 0xf0, 0xf0, 0xf0, 0xfd, 0xfd, 0xfd, 0xff, 0xff, 0xff, 0xff, 0xff,
    0xff, 0xff, 0xff, 0xff, 0x00, 0x00, 0xff, 0xff, 0xff, 0xfd, 0xfd, 0xfd,
    0xfe, 0xfe, 0xfe, 0xe1, 0xe1, 0xe1, 0x1b, 0x1b, 0x1b, 0x00, 0x00, 0x00,
    0x8c, 0x8c, 0x8c, 0xf7, 0xf7, 0xf7, 0xe2, 0xe2, 0xe2, 0xe6, 0xe6, 0xe6,
    0xe6, 0xe6, 0xe6, 0xe6, 0xe6, 0xe6, 0xe6, 0xe6, 0xe6, 0xe6, 0xe6, 0xe6,
    0xe6, 0xe6, 0xe6, 0xe6, 0xe6, 0xe6, 0xe6, 0xe6, 0xe6, 0xe6, 0xe6, 0xe6,
    0xe6, 0xe6, 0xe6, 0xe6, 0xe6, 0xe6, 0xe5, 0xe5, 0xe5, 0xe2, 0xe2, 0xe2,
    0xf7, 0xf7, 0xf7, 0xbc, 0xbc, 0xbc, 0x1b, 0x1b, 0x1b, 0x00, 0x00, 0x00,
    0x5a, 0x5a, 0x5a, 0xe7, 0xe7, 0xe7, 0xe6, 0xe6, 0xe6, 0xe6, 0xe6, 0xe6,
    0xe6, 0xe6, 0xe6, 0xe6, 0xe6, 0xe6, 0xe6, 0xe6, 0xe6, 0xe2, 0xe2, 0xe2,
    0xf6, 0xf6, 0xf6, 0x61, 0x61, 0x61, 0x00, 0x00, 0x00, 0x80, 0x80, 0x80,
    0xf3, 0xf3, 0xf3, 0xf1, 0xf1, 0xf1, 0x54, 0x54, 0x54, 0x00, 0x00, 0x00,
    0x59, 0x59, 0x59, 0xb9, 0xb9, 0xb9, 0xdb, 0xdb, 0xdb, 0xf6, 0xf6, 0xf6,
    0xfe, 0xfe, 0xfe, 0xff, 0xff, 0xff, 0xff, 0xff, 0xff, 0xff, 0xff, 0xff,
    0x00, 0x00, 0xff, 0xff, 0xff, 0xff, 0xff, 0xff, 0xfc, 0xfc, 0xfc, 0xff,
    0xff, 0xff, 0xc3, 0xc3, 0xc3, 0x07, 0x07, 0x07, 0x09, 0x09, 0x09, 0xbe,
    0xbe, 0xbe, 0xf0, 0xf0, 0xf0, 0xe3, 0xe3, 0xe3, 0xe6, 0xe6, 0xe6, 0xe6,
    0xe6, 0xe6, 0xe6, 0xe6, 0xe6, 0xe6, 0xe6, 0xe6, 0xe6, 0xe6, 0xe6, 0xe6,
    0xe6, 0xe6, 0xe6, 0xe6, 0xe6, 0xe6, 0xe6, 0xe6, 0xe6, 0xe6, 0xe6, 0xe6,
    0xe6, 0xe6, 0xe6, 0xe6, 0xe6, 0xe6, 0xe6, 0xe6, 0xe1, 0xe1, 0xe1, 0xf3,
    0xf3, 0xf3, 0xcf, 0xcf, 0xcf, 0x24, 0x24, 0x24, 0x00, 0x00, 0x00, 0xcb,
    0xcb, 0xcb, 0xed, 0xed, 0xed, 0xe4, 0xe4, 0xe4, 0xe6, 0xe6, 0xe6, 0xe6,
    0xe6, 0xe6, 0xe5, 0xe5, 0xe5, 0xeb, 0xeb, 0xeb, 0xd4, 0xd4, 0xd4, 0x0e,
    0x0e, 0x0e, 0x09, 0x09, 0x09, 0xce, 0xce, 0xce, 0xef, 0xef, 0xef, 0xd7,
    0xd7, 0xd7, 0x11, 0x11, 0x11, 0x05, 0x05, 0x05, 0x87, 0x87, 0x87, 0xc6,
    0xc6, 0xc6, 0xe8, 0xe8, 0xe8, 0xfa, 0xfa, 0xfa, 0xff, 0xff, 0xff, 0xff,
    0xff, 0xff, 0xff, 0xff, 0xff, 0xff, 0xff, 0xff, 0x00, 0x00, 0xff, 0xff,
    0xff, 0xff, 0xff, 0xff, 0xff, 0xff, 0xff, 0xfb, 0xfb, 0xfb, 0xff, 0xff,
    0xff, 0x8d, 0x8d, 0x8d, 0x00, 0x00, 0x00, 0x2a, 0x2a, 0x2a, 0xe6, 0xe6,
    0xe6, 0xe7, 0xe7, 0xe7, 0xe5, 0xe5, 0xe5, 0xe6, 0xe6, 0xe6, 0xe6, 0xe6,
    0xe6, 0xe6, 0xe6, 0xe6, 0xe6, 0xe6, 0xe6, 0xe6, 0xe6, 0xe6, 0xe6, 0xe6,
    0xe6, 0xe6, 0xe6, 0xe6, 0xe6, 0xe6, 0xe6, 0xe6, 0xe6, 0xe6, 0xe6, 0xe6,
    0xe6, 0xe6, 0xe6, 0xe6, 0xe6, 0xe6, 0xe6, 0xe2, 0xe2, 0xe2, 0xf0, 0xf0,
    0xf0, 0xd6, 0xd6, 0xd6, 0xbf, 0xbf, 0xbf, 0xe9, 0xe9, 0xe9, 0xe6, 0xe6,
    0xe6, 0xe6, 0xe6, 0xe6, 0xe6, 0xe6, 0xe6, 0xe6, 0xe6, 0xe6, 0xe1, 0xe1,
    0xe1, 0xf8, 0xf8, 0xf8, 0x70, 0x70, 0x70, 0x00, 0x00, 0x00, 0x5f, 0x5f,
    0x5f, 0xf2, 0xf2, 0xf2, 0xf2, 0xf2, 0xf2, 0x92, 0x92, 0x92, 0x00, 0x00,
    0x00, 0x2d, 0x2d, 0x2d, 0xae, 0xae, 0xae, 0xd4, 0xd4, 0xd4, 0xf2, 0xf2,
    0xf2, 0xfd, 0xfd, 0xfd, 0xff, 0xff, 0xff, 0xff, 0xff, 0xff, 0xff, 0xff,
    0xff, 0xff, 0xff, 0xff, 0x00, 0x00, 0xff, 0xff, 0xff, 0xff, 0xff, 0xff,
    0xff, 0xff, 0xff, 0xff, 0xff, 0xff, 0xfb, 0xfb, 0xfb, 0xff, 0xff, 0xff,
    0x4c, 0x4c, 0x4c, 0x00, 0x00, 0x00, 0x64, 0x64, 0x64, 0xf7, 0xf7, 0xf7,
    0xe2, 0xe2, 0xe2, 0xe6, 0xe6, 0xe6, 0xe6, 0xe6, 0xe6, 0xe6, 0xe6, 0xe6,
    0xe6, 0xe6, 0xe6, 0xe6, 0xe6, 0xe6, 0xe6, 0xe6, 0xe6, 0xe6, 0xe6, 0xe6,
    0xe6, 0xe6, 0xe6, 0xe6, 0xe6, 0xe6, 0xe6, 0xe6, 0xe6, 0xe6, 0xe6, 0xe6,
    0xe6, 0xe6, 0xe6, 0xe6, 0xe6, 0xe6, 0xe4, 0xe4, 0xe4, 0xea, 0xea, 0xea,
    0xef, 0xef, 0xef, 0xe5, 0xe5, 0xe5, 0xe6, 0xe6, 0xe6, 0xe6, 0xe6, 0xe6,
    0xe6, 0xe6, 0xe6, 0xe4, 0xe4, 0xe4, 0xee, 0xee, 0xee, 0xca, 0xca, 0xca,
    0x0c, 0x0c, 0x0c, 0x09, 0x09, 0x09, 0xca, 0xca, 0xca, 0xec, 0xec, 0xec,
    0xea, 0xea, 0xea, 0x2f, 0x2f, 0x2f, 0x00, 0x00, 0x00, 0x6e, 0x6e, 0x6e,
    0xc5, 0xc5, 0xc5, 0xe3, 0xe3, 0xe3, 0xf9, 0xf9, 0xf9, 0xfe, 0xfe, 0xfe,
    0xff, 0xff, 0xff, 0xff, 0xff, 0xff, 0xff, 0xff, 0xff, 0xff, 0xff, 0xff,
    0x00, 0x00, 0xff, 0xff, 0xff, 0xff, 0xff, 0xff, 0xff, 0xff, 0xff, 0xff,
    0xff, 0xff, 0xfd, 0xfd, 0xfd, 0xfe, 0xfe, 0xfe, 0xe4, 0xe4, 0xe4, 0x18,
    0x18, 0x18, 0x02, 0x02, 0x02, 0xa5, 0xa5, 0xa5, 0xf5, 0xf5, 0xf5, 0xe2,
    0xe2, 0xe2, 0xe6, 0xe6, 0xe6, 0xe6, 0xe6, 0xe6, 0xe5, 0xe5, 0xe5, 0xe6,
    0xe6, 0xe6, 0xe6, 0xe6, 0xe6, 0xe6, 0xe6, 0xe6, 0xe6, 0xe6, 0xe6, 0xe6,
    0xe6, 0xe6, 0xe6, 0xe6, 0xe6, 0xe6, 0xe6, 0xe6, 0xe6, 0xe6, 0xe6, 0xe6,
    0xe6, 0xe6, 0xe6, 0xe6, 0xe6, 0xe5, 0xe5, 0xe5, 0xe4, 0xe4, 0xe4, 0xe6,
    0xe6, 0xe6, 0xe6, 0xe6, 0xe6, 0xe6, 0xe6, 0xe6, 0xe5, 0xe5, 0xe5, 0xe4,
    0xe4, 0xe4, 0xf1, 0xf1, 0xf1, 0x42, 0x42, 0x42, 0x00, 0x00, 0x00, 0x73,
    0x73, 0x73, 0xf3, 0xf3, 0xf3, 0xf0, 0xf0, 0xf0, 0xa4, 0xa4, 0xa4, 0x01,
    0x01, 0x01, 0x1c, 0x1c, 0x1c, 0xa8, 0xa8, 0xa8, 0xd4, 0xd4, 0xd4, 0xf1,
    0xf1, 0xf1, 0xfd, 0xfd, 0xfd, 0xff, 0xff, 0xff, 0xff, 0xff, 0xff, 0xff,
    0xff, 0xff, 0xff, 0xff, 0xff, 0xff, 0xff, 0xff, 0x00, 0x00, 0xff, 0xff,
    0xff, 0xff, 0xff, 0xff, 0xff, 0xff, 0xff, 0xff, 0xff, 0xff, 0xff, 0xff,
    0xff, 0xfc, 0xfc, 0xfc, 0xff, 0xff, 0xff, 0xae, 0xae, 0xae, 0x01, 0x01,
    0x01, 0x1a, 0x1a, 0x1a, 0xd8, 0xd8, 0xd8, 0xeb, 0xeb, 0xeb, 0xe4, 0xe4,
    0xe4, 0xe6, 0xe6, 0xe6, 0xeb, 0xeb, 0xeb, 0xe6, 0xe6, 0xe6, 0xe4, 0xe4,
    0xe4, 0xe6, 0xe6, 0xe6, 0xe6, 0xe6, 0xe6, 0xe6, 0xe6, 0xe6, 0xe6, 0xe6,
    0xe6, 0xe6, 0xe6, 0xe6, 0xe6, 0xe6, 0xe6, 0xe6, 0xe6, 0xe6, 0xe6, 0xe6,
    0xe6, 0xe6, 0xe6, 0xe6, 0xe6, 0xe6, 0xe6, 0xe6, 0xe6, 0xe6, 0xe6, 0xe6,
    0xe6, 0xe6, 0xe6, 0xe6, 0xe1, 0xe1, 0xe1, 0xfa, 0xfa, 0xfa, 0x76, 0x76,
    0x76, 0x00, 0x00, 0x00, 0x2d, 0x2d, 0x2d, 0xe6, 0xe6, 0xe6, 0xe6, 0xe6,
    0xe6, 0xea, 0xea, 0xea, 0x2c, 0x2c, 0x2c, 0x01, 0x01, 0x01, 0x6a, 0x6a,
    0x6a, 0xca, 0xca, 0xca, 0xe5, 0xe5, 0xe5, 0xf9, 0xf9, 0xf9, 0xfe, 0xfe,
    0xfe, 0xff, 0xff, 0xff, 0xff, 0xff, 0xff, 0xff, 0xff, 0xff, 0xff, 0xff,
    0xff, 0xff, 0xff, 0xff, 0x00, 0x00, 0xff, 0xff, 0xff, 0xff, 0xff, 0xff,
    0xff, 0xff, 0xff, 0xff, 0xff, 0xff, 0xff, 0xff, 0xff, 0xff, 0xff, 0xff,
    0xfb, 0xfb, 0xfb, 0xff, 0xff, 0xff, 0x65, 0x65, 0x65, 0x00, 0x00, 0x00,
    0x4a, 0x4a, 0x4a, 0xf0, 0xf0, 0xf0, 0xe4, 0xe4, 0xe4, 0xe9, 0xe9, 0xe9,
    0xd4, 0xd4, 0xd4, 0xe9, 0xe9, 0xe9, 0xed, 0xed, 0xed, 0xe4, 0xe4, 0xe4,
    0xe6, 0xe6, 0xe6, 0xe6, 0xe6, 0xe6, 0xe6, 0xe6, 0xe6, 0xe6, 0xe6, 0xe6,
    0xe6, 0xe6, 0xe6, 0xe6, 0xe6, 0xe6, 0xe6, 0xe6, 0xe6, 0xe6, 0xe6, 0xe6,
    0xe6, 0xe6, 0xe6, 0xe6, 0xe6, 0xe6, 0xe4, 0xe4, 0xe4, 0xe2, 0xe2, 0xe2,
    0xfa, 0xfa, 0xfa, 0x8f, 0x8f, 0x8f, 0x00, 0x00, 0x00, 0x0e, 0x0e, 0x0e,
    0xc5, 0xc5, 0xc5, 0xea, 0xea, 0xea, 0xf6, 0xf6, 0xf6, 0x7f, 0x7f, 0x7f,
    0x00, 0x00, 0x00, 0x26, 0x26, 0x26, 0xb5, 0xb5, 0xb5, 0xda, 0xda, 0xda,
    0xf3, 0xf3, 0xf3, 0xfd, 0xfd, 0xfd, 0xff, 0xff, 0xff, 0xff, 0xff, 0xff,
    0xff, 0xff, 0xff, 0xff, 0xff, 0xff, 0xff, 0xff, 0xff, 0xff, 0xff, 0xff,
    0x00, 0x00, 0xff, 0xff, 0xff, 0xff, 0xff, 0xff, 0xff, 0xff, 0xff, 0xff,
    0xff, 0xff, 0xff, 0xff, 0xff, 0xff, 0xff, 0xff, 0xfe, 0xfe, 0xfe, 0xfd,
    0xfd, 0xfd, 0xf3, 0xf3, 0xf3, 0x28, 0x28, 0x28, 0x01, 0x01, 0x01, 0xae,
    0xae, 0xae, 0xfa, 0xfa, 0xfa, 0xb9, 0xb9, 0xb9, 0x0d, 0x0d, 0x0d, 0x3e,
    0x3e, 0x3e, 0xd3, 0xd3, 0xd3, 0xee, 0xee, 0xee, 0xe4, 0xe4, 0xe4, 0xe6,
    0xe6, 0xe6, 0xe6, 0xe6, 0xe6, 0xe6, 0xe6, 0xe6, 0xe6, 0xe6, 0xe6, 0xe6,
    0xe6, 0xe6, 0xe6, 0xe6, 0xe6, 0xe6, 0xe6, 0xe6, 0xe5, 0xe5, 0xe5, 0xe2,
    0xe2, 0xe2, 0xea, 0xea, 0xea, 0xf6, 0xf6, 0xf6, 0x85, 0x85, 0x85, 0x00,
    0x00, 0x00, 0x05, 0x05, 0x05, 0xaa, 0xaa, 0xaa, 0xf0, 0xf0, 0xf0, 0xee,
    0xee, 0xee, 0xbf, 0xbf, 0xbf, 0x0b, 0x0b, 0x0b, 0x05, 0x05, 0x05, 0x8b,
    0x8b, 0x8b, 0xd5, 0xd5, 0xd5, 0xeb, 0xeb, 0xeb, 0xfb, 0xfb, 0xfb, 0xff,
    0xff, 0xff, 0xff, 0xff, 0xff, 0xff, 0xff, 0xff, 0xff, 0xff, 0xff, 0xff,
    0xff, 0xff, 0xff, 0xff, 0xff, 0xff, 0xff, 0xff, 0x00, 0x00, 0xff, 0xff,
    0xff, 0xff, 0xff, 0xff, 0xff, 0xff, 0xff, 0xff, 0xff, 0xff, 0xff, 0xff,
    0xff, 0xff, 0xff, 0xff, 0xff, 0xff, 0xff, 0xfb, 0xfb, 0xfb, 0xff, 0xff,
    0xff, 0x8c, 0x8c, 0x8c, 0x02, 0x02, 0x02, 0x6f, 0x6f, 0x6f, 0xfd, 0xfd,
    0xfd, 0xc5, 0xc5, 0xc5, 0x04, 0x04, 0x04, 0x00, 0x00, 0x00, 0x26, 0x26,
    0x26, 0xdf, 0xdf, 0xdf, 0xe9, 0xe9, 0xe9, 0xe5, 0xe5, 0xe5, 0xe6, 0xe6,
    0xe6, 0xe6, 0xe6, 0xe6, 0xe6, 0xe6, 0xe6, 0xe6, 0xe6, 0xe6, 0xe6, 0xe6,
    0xe6, 0xe5, 0xe5, 0xe5, 0xe9, 0xe9, 0xe9, 0xf7, 0xf7, 0xf7, 0xd8, 0xd8,
    0xd8, 0x58, 0x58, 0x58, 0x00, 0x00, 0x00, 0x0b, 0x0b, 0x0b, 0xa9, 0xa9,
    0xa9, 0xf2, 0xf2, 0xf2, 0xe8, 0xe8, 0xe8, 0xde, 0xde, 0xde, 0x26, 0x26,
    0x26, 0x00, 0x00, 0x00, 0x5b, 0x5b, 0x5b, 0xd1, 0xd1, 0xd1, 0xe5, 0xe5,
    0xe5, 0xf8, 0xf8, 0xf8, 0xfe, 0xfe, 0xfe, 0xff, 0xff, 0xff, 0xff, 0xff,
    0xff, 0xff, 0xff, 0xff, 0xff, 0xff, 0xff, 0xff, 0xff, 0xff, 0xff, 0xff,
    0xff, 0xff, 0xff, 0xff, 0x00, 0x00, 0xff, 0xff, 0xff, 0xff, 0xff, 0xff,
    0xff, 0xff, 0xff, 0xff, 0xff, 0xff, 0xff, 0xff, 0xff, 0xff, 0xff, 0xff,
    0xff, 0xff, 0xff, 0xfd, 0xfd, 0xfd, 0xfe, 0xfe, 0xfe, 0xc9, 0xc9, 0xc9,
    0x00, 0x00, 0x00, 0x2a, 0x2a, 0x2a, 0xe7, 0xe7, 0xe7, 0xf9, 0xf9, 0xf9,
    0x82, 0x82, 0x82, 0x00, 0x00, 0x00, 0x00, 0x00, 0x00, 0x64, 0x64, 0x64,
    0xf5, 0xf5, 0xf5, 0xe3, 0xe3, 0xe3, 0xe6, 0xe6, 0xe6, 0xe6, 0xe6, 0xe6,
    0xe6, 0xe6, 0xe6, 0xe6, 0xe6, 0xe6, 0xe5, 0xe5, 0xe5, 0xe9, 0xe9, 0xe9,
    0xdc, 0xdc, 0xdc, 0x83, 0x83, 0x83, 0x12, 0x12, 0x12, 0x00, 0x00, 0x00,
    0x2d, 0x2d, 0x2d, 0xc1, 0xc1, 0xc1, 0xf0, 0xf0, 0xf0, 0xe9, 0xe9, 0xe9,
    0xe4, 0xe4, 0xe4, 0x39, 0x39, 0x39, 0x00, 0x00, 0x00, 0x3b, 0x3b, 0x3b,
    0xca, 0xca, 0xca, 0xe2, 0xe2, 0xe2, 0xf6, 0xf6, 0xf6, 0xfd, 0xfd, 0xfd,
    0xff, 0xff, 0xff, 0xff, 0xff, 0xff, 0xff, 0xff, 0xff, 0xff, 0xff, 0xff,
    0xff, 0xff, 0xff, 0xff, 0xff, 0xff, 0xff, 0xff, 0xff, 0xff, 0xff, 0xff,
    0x00, 0x00, 0xff, 0xff, 0xff, 0xff, 0xff, 0xff, 0xff, 0xff, 0xff, 0xff,
    0xff, 0xff, 0xff, 0xff, 0xff, 0xff, 0xff, 0xff, 0xff, 0xff, 0xff, 0xff,
    0xff, 0xff, 0xfd, 0xfd, 0xfd, 0xfc, 0xfc, 0xfc, 0x43, 0x43, 0x43, 0x00,
    0x00, 0x00, 0x56, 0x56, 0x56, 0xe9, 0xe9, 0xe9, 0xfc, 0xfc, 0xfc, 0x80,
    0x80, 0x80, 0x0e, 0x0e, 0x0e, 0x4d, 0x4d, 0x4d, 0xf2, 0xf2, 0xf2, 0xe4,
    0xe4, 0xe4, 0xe6, 0xe6, 0xe6, 0xe6, 0xe6, 0xe6, 0xe6, 0xe6, 0xe6, 0xe5,
    0xe5, 0xe5, 0xe7, 0xe7, 0xe7, 0xe2, 0xe2, 0xe2, 0x1b, 0x1b, 0x1b, 0x00,
    0x00, 0x00, 0x0b, 0x0b, 0x0b, 0x78, 0x78, 0x78, 0xe3, 0xe3, 0xe3, 0xeb,
    0xeb, 0xeb, 0xf0, 0xf0, 0xf0, 0xd8, 0xd8, 0xd8, 0x37, 0x37, 0x37, 0x00,
    0x00, 0x00, 0x30, 0x30, 0x30, 0xc4, 0xc4, 0xc4, 0xe4, 0xe4, 0xe4, 0xf4,
    0xf4, 0xf4, 0xfd, 0xfd, 0xfd, 0xff, 0xff, 0xff, 0xff, 0xff, 0xff, 0xff,
    0xff, 0xff, 0xff, 0xff, 0xff, 0xff, 0xff, 0xff, 0xff, 0xff, 0xff, 0xff,
    0xff, 0xff, 0xff, 0xff, 0xff, 0xff, 0xff, 0xff, 0x00, 0x00, 0xff, 0xff,
    0xff, 0xff, 0xff, 0xff, 0xff, 0xff, 0xff, 0xff, 0xff, 0xff, 0xff, 0xff,
    0xff, 0xff, 0xff, 0xff, 0xff, 0xff, 0xff, 0xff, 0xff, 0xff, 0xfd, 0xfd,
    0xfd, 0xfe, 0xfe, 0xfe, 0xe5, 0xe5, 0xe5, 0x2d, 0x2d, 0x2d, 0x00, 0x00,
    0x00, 0x34, 0x34, 0x34, 0xbf, 0xbf, 0xbf, 0xff, 0xff, 0xff, 0xd5, 0xd5,
    0xd5, 0xd8, 0xd8, 0xd8, 0xe8, 0xe8, 0xe8, 0xe6, 0xe6, 0xe6, 0xe6, 0xe6,
    0xe6, 0xe6, 0xe6, 0xe6, 0xe6, 0xe6, 0xe6, 0xe6, 0xe6, 0xe6, 0xe6, 0xe6,
    0xe6, 0xe7, 0xe7, 0xe7, 0x72, 0x72, 0x72, 0x71, 0x71, 0x71, 0xd0, 0xd0,
    0xd0, 0xf2, 0xf2, 0xf2, 0xec, 0xec, 0xec, 0xf4, 0xf4, 0xf4, 0xb1, 0xb1,
    0xb1, 0x1f, 0x1f, 0x1f, 0x00, 0x00, 0x00, 0x39, 0x39, 0x39, 0xc8, 0xc8,
    0xc8, 0xe8, 0xe8, 0xe8, 0xf4, 0xf4, 0xf4, 0xfd, 0xfd, 0xfd, 0xff, 0xff,
    0xff, 0xff, 0xff, 0xff, 0xff, 0xff, 0xff, 0xff, 0xff, 0xff, 0xff, 0xff,
    0xff, 0xff, 0xff, 0xff, 0xff, 0xff, 0xff, 0xff, 0xff, 0xff, 0xff, 0xff,
    0xff, 0xff, 0xff, 0xff, 0x00, 0x00, 0xff, 0xff, 0xff, 0xff, 0xff, 0xff,
    0xff, 0xff, 0xff, 0xff, 0xff, 0xff, 0xff, 0xff, 0xff, 0xff, 0xff, 0xff,
    0xff, 0xff, 0xff, 0xff, 0xff, 0xff, 0xff, 0xff, 0xff, 0xfe, 0xfe, 0xfe,
    0xff, 0xff, 0xff, 0xeb, 0xeb, 0xeb, 0x55, 0x55, 0x55, 0x00, 0x00, 0x00,
    0x04, 0x04, 0x04, 0x6a, 0x6a, 0x6a, 0xdf, 0xdf, 0xdf, 0xf9, 0xf9, 0xf9,
    0xe7, 0xe7, 0xe7, 0xe2, 0xe2, 0xe2, 0xe5, 0xe5, 0xe5, 0xe6, 0xe6, 0xe6,
    0xe6, 0xe6, 0xe6, 0xe6, 0xe6, 0xe6, 0xe6, 0xe6, 0xe6, 0xe6, 0xe6, 0xe6,
    0xf1, 0xf1, 0xf1, 0xf4, 0xf4, 0xf4, 0xf4, 0xf4, 0xf4, 0xf3, 0xf3, 0xf3,
    0xd2, 0xd2, 0xd2, 0x65, 0x65, 0x65, 0x00, 0x00, 0x00, 0x00, 0x00, 0x00,
    0x5c, 0x5c, 0x5c, 0xd9, 0xd9, 0xd9, 0xee, 0xee, 0xee, 0xf6, 0xf6, 0xf6,
    0xfd, 0xfd, 0xfd, 0xff, 0xff, 0xff, 0xff, 0xff, 0xff, 0xff, 0xff, 0xff,
    0xff, 0xff, 0xff, 0xff, 0xff, 0xff, 0xff, 0xff, 0xff, 0xff, 0xff, 0xff,
    0xff, 0xff, 0xff, 0xff, 0xff, 0xff, 0xff, 0xff, 0xff, 0xff, 0xff, 0xff,
    0x00, 0x00, 0xff, 0xff, 0xff, 0xff, 0xff, 0xff, 0xff, 0xff, 0xff, 0xff,
    0xff, 0xff, 0xff, 0xff, 0xff, 0xff, 0xff, 0xff, 0xff, 0xff, 0xff, 0xff,
    0xff, 0xff, 0xff, 0xff, 0xff, 0xff, 0xff, 0xff, 0xfd, 0xfd, 0xfd, 0xff,
    0xff, 0xff, 0xff, 0xff, 0xff, 0xa2, 0xa2, 0xa2, 0x1d, 0x1d, 0x1d, 0x00,
    0x00, 0x00, 0x18, 0x18, 0x18, 0x84, 0x84, 0x84, 0xe1, 0xe1, 0xe1, 0xf6,
    0xf6, 0xf6, 0xe9, 0xe9, 0xe9, 0xe2, 0xe2, 0xe2, 0xe5, 0xe5, 0xe5, 0xe6,
    0xe6, 0xe6, 0xe6, 0xe6, 0xe6, 0xe7, 0xe7, 0xe7, 0xf3, 0xf3, 0xf3, 0xeb,
    0xeb, 0xeb, 0xc1, 0xc1, 0xc1, 0x6b, 0x6b, 0x6b, 0x10, 0x10, 0x10, 0x00,
    0x00, 0x00, 0x1f, 0x1f, 0x1f, 0x98, 0x98, 0x98, 0xee, 0xee, 0xee, 0xf2,
    0xf2, 0xf2, 0xf9, 0xf9, 0xf9, 0xfe, 0xfe, 0xfe, 0xff, 0xff, 0xff, 0xff,
    0xff, 0xff, 0xff, 0xff, 0xff, 0xff, 0xff, 0xff, 0xff, 0xff, 0xff, 0xff,
    0xff, 0xff, 0xff, 0xff, 0xff, 0xff, 0xff, 0xff, 0xff, 0xff, 0xff, 0xff,
    0xff, 0xff, 0xff, 0xff, 0xff, 0xff, 0xff, 0xff, 0x00, 0x00, 0xff, 0xff,
    0xff, 0xff, 0xff, 0xff, 0xff, 0xff, 0xff, 0xff, 0xff, 0xff, 0xff, 0xff,
    0xff, 0xff, 0xff, 0xff, 0xff, 0xff, 0xff, 0xff, 0xff, 0xff, 0xff, 0xff,
    0xff, 0xff, 0xff, 0xff, 0xff, 0xff, 0xff, 0xfe, 0xfe, 0xfe, 0xfd, 0xfd,
    0xfd, 0xff, 0xff, 0xff, 0xed, 0xed, 0xed, 0x43, 0x43, 0x43, 0x01, 0x01,
    0x01, 0x03, 0x03, 0x03, 0x1b, 0x1b, 0x1b, 0x88, 0x88, 0x88, 0xdb, 0xdb,
    0xdb, 0xf6, 0xf6, 0xf6, 0xe9, 0xe9, 0xe9, 0xe4, 0xe4, 0xe4, 0xe8, 0xe8,
    0xe8, 0xdf, 0xdf, 0xdf, 0x79, 0x79, 0x79, 0x38, 0x38, 0x38, 0x03, 0x03,
    0x03, 0x00, 0x00, 0x00, 0x17, 0x17, 0x17, 0x78, 0x78, 0x78, 0xdb, 0xdb,
    0xdb, 0xfa, 0xfa, 0xfa, 0xf5, 0xf5, 0xf5, 0xfc, 0xfc, 0xfc, 0xff, 0xff,
    0xff, 0xff, 0xff, 0xff, 0xff, 0xff, 0xff, 0xff, 0xff, 0xff, 0xff, 0xff,
    0xff, 0xff, 0xff, 0xff, 0xff, 0xff, 0xff, 0xff, 0xff, 0xff, 0xff, 0xff,
    0xff, 0xff, 0xff, 0xff, 0xff, 0xff, 0xff, 0xff, 0xff, 0xff, 0xff, 0xff,
    0xff, 0xff, 0xff, 0xff, 0x00, 0x00, 0xff, 0xff, 0xff, 0xff, 0xff, 0xff,
    0xff, 0xff, 0xff, 0xff, 0xff, 0xff, 0xff, 0xff, 0xff, 0xff, 0xff, 0xff,
    0xff, 0xff, 0xff, 0xff, 0xff, 0xff, 0xff, 0xff, 0xff, 0xff, 0xff, 0xff,
    0xff, 0xff, 0xff, 0xff, 0xff, 0xff, 0xff, 0xff, 0xff, 0xf8, 0xf8, 0xf8,
    0xff, 0xff, 0xff, 0x9c, 0x9c, 0x9c, 0x01, 0x01, 0x01, 0x24, 0x24, 0x24,
    0x0a, 0x0a, 0x0a, 0x00, 0x00, 0x00, 0x11, 0x11, 0x11, 0x67, 0x67, 0x67,
    0xdb, 0xdb, 0xdb, 0xe7, 0xe7, 0xe7, 0xef, 0xef, 0xef, 0xb2, 0xb2, 0xb2,
    0x01, 0x01, 0x01, 0x04, 0x04, 0x04, 0x26, 0x26, 0x26, 0x75, 0x75, 0x75,
    0xcf, 0xcf, 0xcf, 0xfc, 0xfc, 0xfc, 0xfa, 0xfa, 0xfa, 0xfa, 0xfa, 0xfa,
    0xfe, 0xfe, 0xfe, 0xff, 0xff, 0xff, 0xff, 0xff, 0xff, 0xff, 0xff, 0xff,
    0xff, 0xff, 0xff, 0xff, 0xff, 0xff, 0xff, 0xff, 0xff, 0xff, 0xff, 0xff,
    0xff, 0xff, 0xff, 0xff, 0xff, 0xff, 0xff, 0xff, 0xff, 0xff, 0xff, 0xff,
    0xff, 0xff, 0xff, 0xff, 0xff, 0xff, 0xff, 0xff, 0xff, 0xff, 0xff, 0xff,
    0x00, 0x00, 0xff, 0xff, 0xff, 0xff, 0xff, 0xff, 0xff, 0xff, 0xff, 0xff,
    0xff, 0xff, 0xff, 0xff, 0xff, 0xff, 0xff, 0xff, 0xff, 0xff, 0xff, 0xff,
    0xff, 0xff, 0xff, 0xff, 0xff, 0xff, 0xff, 0xff, 0xff, 0xff, 0xff, 0xff,
    0xff, 0xff, 0xff, 0xff, 0xff, 0xfd, 0xfd, 0xfd, 0xfe, 0xfe, 0xfe, 0xdf,
    0xdf, 0xdf, 0x07, 0x07, 0x07, 0x32, 0x32, 0x32, 0xd3, 0xd3, 0xd3, 0x71,
    0x71, 0x71, 0x1a, 0x1a, 0x1a, 0x00, 0x00, 0x00, 0x49, 0x49, 0x49, 0xf2,
    0xf2, 0xf2, 0xef, 0xef, 0xef, 0xa9, 0xa9, 0xa9, 0x03, 0x03, 0x03, 0x29,
    0x29, 0x29, 0x9d, 0x9d, 0x9d, 0xce, 0xce, 0xce, 0xed, 0xed, 0xed, 0xf7,
    0xf7, 0xf7, 0xfd, 0xfd, 0xfd, 0xff, 0xff, 0xff, 0xff, 0xff, 0xff, 0xff,
    0xff, 0xff, 0xff, 0xff, 0xff, 0xff, 0xff, 0xff, 0xff, 0xff, 0xff, 0xff,
    0xff, 0xff, 0xff, 0xff, 0xff, 0xff, 0xff, 0xff, 0xff, 0xff, 0xff, 0xff,
    0xff, 0xff, 0xff, 0xff, 0xff, 0xff, 0xff, 0xff, 0xff, 0xff, 0xff, 0xff,
    0xff, 0xff, 0xff, 0xff, 0xff, 0xff, 0xff, 0xff, 0x00, 0x00, 0xff, 0xff,
    0xff, 0xff, 0xff, 0xff, 0xff, 0xff, 0xff, 0xff, 0xff, 0xff, 0xff, 0xff,
    0xff, 0xff, 0xff, 0xff, 0xff, 0xff, 0xff, 0xff, 0xff, 0xff, 0xff, 0xff,
    0xff, 0xff, 0xff, 0xff, 0xff, 0xff, 0xff, 0xff, 0xff, 0xff, 0xff, 0xff,
    0xff, 0xff, 0xff, 0xff, 0xfc, 0xfc, 0xfc, 0xff, 0xff, 0xff, 0x4e, 0x4e,
    0x4e, 0x00, 0x00, 0x00, 0xaa, 0xaa, 0xaa, 0xff, 0xff, 0xff, 0xb0, 0xb0,
    0xb0, 0x07, 0x07, 0x07, 0x00, 0x00, 0x00, 0x75, 0x75, 0x75, 0xff, 0xff,
    0xff, 0x95, 0x95, 0x95, 0x00, 0x00, 0x00, 0x3c, 0x3c, 0x3c, 0xaa, 0xaa,
    0xaa, 0xcd, 0xcd, 0xcd, 0xf0, 0xf0, 0xf0, 0xfd, 0xfd, 0xfd, 0xff, 0xff,
    0xff, 0xff, 0xff, 0xff, 0xff, 0xff, 0xff, 0xff, 0xff, 0xff, 0xff, 0xff,
    0xff, 0xff, 0xff, 0xff, 0xff, 0xff, 0xff, 0xff, 0xff, 0xff, 0xff, 0xff,
    0xff, 0xff, 0xff, 0xff, 0xff, 0xff, 0xff, 0xff, 0xff, 0xff, 0xff, 0xff,
    0xff, 0xff, 0xff, 0xff, 0xff, 0xff, 0xff, 0xff, 0xff, 0xff, 0xff, 0xff,
    0xff, 0xff, 0xff, 0xff, 0x00, 0x00, 0xff, 0xff, 0xff, 0xff, 0xff, 0xff,
    0xff, 0xff, 0xff, 0xff, 0xff, 0xff, 0xff, 0xff, 0xff, 0xff, 0xff, 0xff,
    0xff, 0xff, 0xff, 0xff, 0xff, 0xff, 0xff, 0xff, 0xff, 0xff, 0xff, 0xff,
    0xff, 0xff, 0xff, 0xff, 0xff, 0xff, 0xff, 0xff, 0xff, 0xff, 0xff, 0xff,
    0xfc, 0xfc, 0xfc, 0xff, 0xff, 0xff, 0xc5, 0xc5, 0xc5, 0x01, 0x01, 0x01,
    0x2f, 0x2f, 0x2f, 0xc8, 0xc8, 0xc8, 0x2a, 0x2a, 0x2a, 0x00, 0x00, 0x00,
    0x04, 0x04, 0x04, 0x00, 0x00, 0x00, 0x7f, 0x7f, 0x7f, 0x62, 0x62, 0x62,
    0x01, 0x01, 0x01, 0x60, 0x60, 0x60, 0xc6, 0xc6, 0xc6, 0xde, 0xde, 0xde,
    0xf7, 0xf7, 0xf7, 0xfe, 0xfe, 0xfe, 0xff, 0xff, 0xff, 0xff, 0xff, 0xff,
    0xff, 0xff, 0xff, 0xff, 0xff, 0xff, 0xff, 0xff, 0xff, 0xff, 0xff, 0xff,
    0xff, 0xff, 0xff, 0xff, 0xff, 0xff, 0xff, 0xff, 0xff, 0xff, 0xff, 0xff,
    0xff, 0xff, 0xff, 0xff, 0xff, 0xff, 0xff, 0xff, 0xff, 0xff, 0xff, 0xff,
    0xff, 0xff, 0xff, 0xff, 0xff, 0xff, 0xff, 0xff, 0xff, 0xff, 0xff, 0xff,
    0x00, 0x00, 0xff, 0xff, 0xff, 0xff, 0xff, 0xff, 0xff, 0xff, 0xff, 0xff,
    0xff, 0xff, 0xff, 0xff, 0xff, 0xff, 0xff, 0xff, 0xff, 0xff, 0xff, 0xff,
    0xff, 0xff, 0xff, 0xff, 0xff, 0xff, 0xff, 0xff, 0xff, 0xff, 0xff, 0xff,
    0xff, 0xff, 0xff, 0xff, 0xff, 0xff, 0xff, 0xff, 0xff, 0xff, 0xff, 0xfc,
    0xfc, 0xfc, 0xff, 0xff, 0xff, 0x62, 0x62, 0x62, 0x00, 0x00, 0x00, 0x03,
    0x03, 0x03, 0x00, 0x00, 0x00, 0x69, 0x69, 0x69, 0xae, 0xae, 0xae, 0x18,
    0x18, 0x18, 0x00, 0x00, 0x00, 0x00, 0x00, 0x00, 0x00, 0x00, 0x00, 0xaf,
    0xaf, 0xaf, 0xe1, 0xe1, 0xe1, 0xef, 0xef, 0xef, 0xfc, 0xfc, 0xfc, 0xff,
    0xff, 0xff, 0xff, 0xff, 0xff, 0xff, 0xff, 0xff, 0xff, 0xff, 0xff, 0xff,
    0xff, 0xff, 0xff, 0xff, 0xff, 0xff, 0xff, 0xff, 0xff, 0xff, 0xff, 0xff,
    0xff, 0xff, 0xff, 0xff, 0xff, 0xff, 0xff, 0xff, 0xff, 0xff, 0xff, 0xff,
    0xff, 0xff, 0xff, 0xff, 0xff, 0xff, 0xff, 0xff, 0xff, 0xff, 0xff, 0xff,
    0xff, 0xff, 0xff, 0xff, 0xff, 0xff, 0xff, 0xff, 0x00, 0x00, 0xff, 0xff,
    0xff, 0xff, 0xff, 0xff, 0xff, 0xff, 0xff, 0xff, 0xff, 0xff, 0xff, 0xff,
    0xff, 0xff, 0xff, 0xff, 0xff, 0xff, 0xff, 0xff, 0xff, 0xff, 0xff, 0xff,
    0xff, 0xff, 0xff, 0xff, 0xff, 0xff, 0xff, 0xff, 0xff, 0xff, 0xff, 0xff,
    0xff, 0xff, 0xff, 0xff, 0xff, 0xff, 0xff, 0xfe, 0xfe, 0xfe, 0xfd, 0xfd,
    0xfd, 0xf6, 0xf6, 0xf6, 0x67, 0x67, 0x67, 0x3a, 0x3a, 0x3a, 0x97, 0x97,
    0x97, 0xf6, 0xf6, 0xf6, 0xff, 0xff, 0xff, 0xdf, 0xdf, 0xdf, 0x60, 0x60,
    0x60, 0x24, 0x24, 0x24, 0x8e, 0x8e, 0x8e, 0xf7, 0xf7, 0xf7, 0xf1, 0xf1,
    0xf1, 0xfb, 0xfb, 0xfb, 0xfe, 0xfe, 0xfe, 0xff, 0xff, 0xff, 0xff, 0xff,
    0xff, 0xff, 0xff, 0xff, 0xff, 0xff, 0xff, 0xff, 0xff, 0xff, 0xff, 0xff,
    0xff, 0xff, 0xff, 0xff, 0xff, 0xff, 0xff, 0xff, 0xff, 0xff, 0xff, 0xff,
    0xff, 0xff, 0xff, 0xff, 0xff, 0xff, 0xff, 0xff, 0xff, 0xff, 0xff, 0xff,
    0xff, 0xff, 0xff, 0xff, 0xff, 0xff, 0xff, 0xff, 0xff, 0xff, 0xff, 0xff,
    0xff, 0xff, 0xff, 0xff, 0x00, 0x00, 0xff, 0xff, 0xff, 0xff, 0xff, 0xff,
    0xff, 0xff, 0xff, 0xff, 0xff, 0xff, 0xff, 0xff, 0xff, 0xff, 0xff, 0xff,
    0xff, 0xff, 0xff, 0xff, 0xff, 0xff, 0xff, 0xff, 0xff, 0xff, 0xff, 0xff,
    0xff, 0xff, 0xff, 0xff, 0xff, 0xff, 0xff, 0xff, 0xff, 0xff, 0xff, 0xff,
    0xff, 0xff, 0xff, 0xff, 0xff, 0xff, 0xff, 0xff, 0xff, 0xff, 0xff, 0xff,
    0xff, 0xff, 0xff, 0xff, 0xff, 0xff, 0xff, 0xff, 0xff, 0xfc, 0xfc, 0xfc,
    0xfa, 0xfa, 0xfa, 0xff, 0xff, 0xff, 0xff, 0xff, 0xff, 0xfa, 0xfa, 0xfa,
    0xff, 0xff, 0xff, 0xfb, 0xfb, 0xfb, 0xfd, 0xfd, 0xfd, 0xfe, 0xfe, 0xfe,
    0xff, 0xff, 0xff, 0xff, 0xff, 0xff, 0xff, 0xff, 0xff, 0xff, 0xff, 0xff,
    0xff, 0xff, 0xff, 0xff, 0xff, 0xff, 0xff, 0xff, 0xff, 0xff, 0xff, 0xff,
    0xff, 0xff, 0xff, 0xff, 0xff, 0xff, 0xff, 0xff, 0xff, 0xff, 0xff, 0xff,
    0xff, 0xff, 0xff, 0xff, 0xff, 0xff, 0xff, 0xff, 0xff, 0xff, 0xff, 0xff,
    0xff, 0xff, 0xff, 0xff, 0xff, 0xff, 0xff, 0xff, 0xff, 0xff, 0xff, 0xff,
    0x00, 0x00, 0xff, 0xff, 0xff, 0xff, 0xff, 0xff, 0xff, 0xff, 0xff, 0xff,
    0xff, 0xff, 0xff, 0xff, 0xff, 0xff, 0xff, 0xff, 0xff, 0xff, 0xff, 0xff,
    0xff, 0xff, 0xff, 0xff, 0xff, 0xff, 0xff, 0xff, 0xff, 0xff, 0xff, 0xff,
    0xff, 0xff, 0xff, 0xff, 0xff, 0xff, 0xff, 0xff, 0xff, 0xff, 0xff, 0xff,
    0xff, 0xff, 0xff, 0xff, 0xff, 0xfe, 0xfe, 0xfe, 0xfc, 0xfc, 0xfc, 0xfe,
    0xfe, 0xfe, 0xfc, 0xfc, 0xfc, 0xff, 0xff, 0xff, 0xff, 0xff, 0xff, 0xfd,
    0xfd, 0xfd, 0xfc, 0xfc, 0xfc, 0xff, 0xff, 0xff, 0xfc, 0xfc, 0xfc, 0xff,
    0xff, 0xff, 0xff, 0xff, 0xff, 0xff, 0xff, 0xff, 0xff, 0xff, 0xff, 0xff,
    0xff, 0xff, 0xff, 0xff, 0xff, 0xff, 0xff, 0xff, 0xff, 0xff, 0xff, 0xff,
    0xff, 0xff, 0xff, 0xff, 0xff, 0xff, 0xff, 0xff, 0xff, 0xff, 0xff, 0xff,
    0xff, 0xff, 0xff, 0xff, 0xff, 0xff, 0xff, 0xff, 0xff, 0xff, 0xff, 0xff,
    0xff, 0xff, 0xff, 0xff, 0xff, 0xff, 0xff, 0xff, 0xff, 0xff, 0xff, 0xff,
    0xff, 0xff, 0xff, 0xff, 0xff, 0xff, 0xff, 0xff, 0x00, 0x00
};
static const unsigned int white_knight_bmp_len = 7654;

/* white_pawn.bmp (7654 bytes) */
static const unsigned char white_pawn_bmp[] = {
    0x42, 0x4d, 0xe6, 0x1d, 0x00, 0x00, 0x00, 0x00, 0x00, 0x00, 0x36, 0x00,
    0x00, 0x00, 0x28, 0x00, 0x00, 0x00, 0x32, 0x00, 0x00, 0x00, 0x32, 0x00,
    0x00, 0x00, 0x01, 0x00, 0x18, 0x00, 0x00, 0x00, 0x00, 0x00, 0xb0, 0x1d,
    0x00, 0x00, 0xc4, 0x0e, 0x00, 0x00, 0xc4, 0x0e, 0x00, 0x00, 0x00, 0x00,
    0x00, 0x00, 0x00, 0x00, 0x00, 0x00, 0xff, 0xff, 0xff, 0xff, 0xff, 0xff,
    0xff, 0xff, 0xff, 0xff, 0xff, 0xff, 0xff, 0xff, 0xff, 0xff, 0xff, 0xff,
    0xff, 0xff, 0xff, 0xff, 0xff, 0xff, 0xff, 0xff, 0xff, 0xff, 0xff, 0xff,
    0xff, 0xff, 0xff, 0xff, 0xff, 0xff, 0xff, 0xff, 0xff, 0xff, 0xff, 0xff,
    0xff, 0xff, 0xff, 0xff, 0xff, 0xff, 0xff, 0xff, 0xff, 0xff, 0xff, 0xff,
    0xff, 0xff, 0xff, 0xff, 0xff, 0xff, 0xff, 0xff, 0xff, 0xff, 0xff, 0xff,
    0xff, 0xff, 0xff, 0xff, 0xff, 0xff, 0xff, 0xff, 0xff, 0xff, 0xff, 0xff,
    0xff, 0xff, 0xff, 0xff, 0xff, 0xff, 0xff, 0xff, 0xff, 0xff, 0xff, 0xff,
    0xff, 0xff, 0xff, 0xff, 0xff, 0xff, 0xff, 0xff, 0xff, 0xff, 0xff, 0xff,
    0xff, 0xff, 0xff, 0xff, 0xff, 0xff, 0xff, 0xff, 0xff, 0xff, 0xff, 0xff,
    0xff, 0xff, 0xff, 0xff, 0xff, 0xff, 0xff, 0xff, 0xff, 0xff, 0xff, 0xff,
    0xff, 0xff, 0xff, 0xff, 0xff, 0xff, 0xff, 0xff, 0xff, 0xff, 0xff, 0xff,
    0xff, 0xff, 0xff, 0xff, 0xff, 0xff, 0xff, 0xff, 0xff, 0xff, 0xff, 0xff,
    0x00, 0x00, 0xff, 0xff, 0xff, 0xff, 0xff, 0xff, 0xff, 0xff, 0xff, 0xfe,
    0xfe, 0xfe, 0xfd, 0xfd, 0xfd, 0xfc, 0xfc, 0xfc, 0xfc, 0xfc, 0xfc, 0xfb,
    0xfb, 0xfb, 0xfb, 0xfb, 0xfb, 0xfb, 0xfb, 0xfb, 0xfb, 0xfb, 0xfb, 0xfb,
    0xfb, 0xfb, 0xfb, 0xfb, 0xfb, 0xfb, 0xfb, 0xfb, 0xfb, 0xfb, 0xfb, 0xfb,
    0xfb, 0xfb, 0xfb, 0xfb, 0xfb, 0xfb, 0xfb, 0xfb, 0xfb, 0xfb, 0xfb, 0xfb,
    0xfb, 0xfb, 0xfb, 0xfb, 0xfb, 0xfb, 0xfb, 0xfb, 0xfb, 0xfb, 0xfb, 0xfb,
    0xfb, 0xfb, 0xfb, 0xfb, 0xfb, 0xfb, 0xfb, 0xfb, 0xfb, 0xfb, 0xfb, 0xfb,
    0xfb, 0xfb, 0xfb, 0xfb, 0xfb, 0xfb, 0xfb, 0xfb, 0xfb, 0xfb, 0xfb, 0xfb,
    0xfb, 0xfb, 0xfb, 0xfb, 0xfb, 0xfb, 0xfb, 0xfb, 0xfb, 0xfb, 0xfb, 0xfb,
    0xfb, 0xfb, 0xfb, 0xfb, 0xfb, 0xfb, 0xfb, 0xfb, 0xfb, 0xfb, 0xfb, 0xfb,
    0xfb, 0xfb, 0xfb, 0xfb, 0xfb, 0xfb, 0xfb, 0xfb, 0xfb, 0xfb, 0xfb, 0xfc,
    0xfc, 0xfc, 0xfc, 0xfc, 0xfc, 0xfd, 0xfd, 0xfd, 0xfe, 0xfe, 0xfe, 0xff,
    0xff, 0xff, 0xff, 0xff, 0xff, 0xff, 0xff, 0xff, 0x00, 0x00, 0xff, 0xff,
    0xff, 0xff, 0xff, 0xff, 0xfe, 0xfe, 0xfe, 0xfb, 0xfb, 0xfb, 0xf6, 0xf6,
    0xf6, 0xf1, 0xf1, 0xf1, 0xed, 0xed, 0xed, 0xec, 0xec, 0xec, 0xeb, 0xeb,
    0xeb, 0xeb, 0xeb, 0xeb, 0xeb, 0xeb, 0xeb, 0xeb, 0xeb, 0xeb, 0xeb, 0xeb,
    0xeb, 0xeb, 0xeb, 0xeb, 0xeb, 0xeb, 0xeb, 0xeb, 0xeb, 0xeb, 0xeb, 0xeb,
    0xeb, 0xeb, 0xeb, 0xeb, 0xeb, 0xeb, 0xeb, 0xeb, 0xeb, 0xeb, 0xeb, 0xeb,
    0xeb, 0xeb, 0xeb, 0xeb, 0xeb, 0xeb, 0xeb, 0xeb, 0xeb, 0xeb, 0xeb, 0xeb,
    0xeb, 0xeb, 0xeb, 0xeb, 0xeb, 0xeb, 0xeb, 0xeb, 0xeb, 0xeb, 0xeb, 0xeb,
    0xeb, 0xeb, 0xeb, 0xeb, 0xeb, 0xeb, 0xeb, 0xeb, 0xeb, 0xeb, 0xeb, 0xeb,
    0xeb, 0xeb, 0xeb, 0xeb, 0xeb, 0xeb, 0xeb, 0xeb, 0xeb, 0xeb, 0xeb, 0xeb,
    0xeb, 0xeb, 0xeb, 0xeb, 0xeb, 0xeb, 0xeb, 0xeb, 0xeb, 0xeb, 0xeb, 0xeb,
    0xeb, 0xeb, 0xeb, 0xeb, 0xec, 0xec, 0xec, 0xed, 0xed, 0xed, 0xf2, 0xf2,
    0xf2, 0xf6, 0xf6, 0xf6, 0xfb, 0xfb, 0xfb, 0xfe, 0xfe, 0xfe, 0xff, 0xff,
    0xff, 0xff, 0xff, 0xff, 0x00, 0x00, 0xff, 0xff, 0xff, 0xfe, 0xfe, 0xfe,
    0xfa, 0xfa, 0xfa, 0xf0, 0xf0, 0xf0, 0xe4, 0xe4, 0xe4, 0xd6, 0xd6, 0xd6,
    0xcc, 0xcc, 0xcc, 0xc7, 0xc7, 0xc7, 0xc5, 0xc5, 0xc5, 0xc5, 0xc5, 0xc5,
    0xc5, 0xc5, 0xc5, 0xc5, 0xc5, 0xc5, 0xc5, 0xc5, 0xc5, 0xc5, 0xc5, 0xc5,
    0xc5, 0xc5, 0xc5, 0xc5, 0xc5, 0xc5, 0xc5, 0xc5, 0xc5, 0xc5, 0xc5, 0xc5,
    0xc5, 0xc5, 0xc5, 0xc5, 0xc5, 0xc5, 0xc5, 0xc5, 0xc5, 0xc5, 0xc5, 0xc5,
    0xc5, 0xc5, 0xc5, 0xc5, 0xc5, 0xc5, 0xc5, 0xc5, 0xc5, 0xc5, 0xc5, 0xc5,
    0xc5, 0xc5, 0xc5, 0xc5, 0xc5, 0xc5, 0xc5, 0xc5, 0xc5, 0xc5, 0xc5, 0xc5,
    0xc5, 0xc5, 0xc5, 0xc5, 0xc5, 0xc5, 0xc5, 0xc5, 0xc5, 0xc5, 0xc5, 0xc5,
    0xc5, 0xc5, 0xc5, 0xc5, 0xc5, 0xc5, 0xc5, 0xc5, 0xc5, 0xc5, 0xc5, 0xc5,
    0xc5, 0xc5, 0xc5, 0xc5, 0xc5, 0xc5, 0xc5, 0xc5, 0xc5, 0xc5, 0xc5, 0xc5,
    0xc7, 0xc7, 0xc7, 0xce, 0xce, 0xce, 0xd9, 0xd9, 0xd9, 0xe7, 0xe7, 0xe7,
    0xf3, 0xf3, 0xf3, 0xfb, 0xfb, 0xfb, 0xfe, 0xfe, 0xfe, 0xff, 0xff, 0xff,
    0x00, 0x00, 0xff, 0xff, 0xff, 0xfd, 0xfd, 0xfd, 0xfb, 0xfb, 0xfb, 0xf9,
    0xf9, 0xf9, 0xe0, 0xe0, 0xe0, 0xc2, 0xc2, 0xc2, 0xac, 0xac, 0xac, 0xa1,
    0xa1, 0xa1, 0x9d, 0x9d, 0x9d, 0x9d, 0x9d, 0x9d, 0x9d, 0x9d, 0x9d, 0x9d,
    0x9d, 0x9d, 0x9d, 0x9d, 0x9d, 0x9d, 0x9d, 0x9d, 0x9d, 0x9d, 0x9d, 0x9d,
    0x9d, 0x9d, 0x9d, 0x9d, 0x9d, 0x9d, 0x9d, 0x9d, 0x9d, 0x9d, 0x9d, 0x9d,
    0x9d, 0x9d, 0x9d, 0x9d, 0x9d, 0x9d, 0x9d, 0x9d, 0x9d, 0x9d, 0x9d, 0x9d,
    0x9d, 0x9d, 0x9d, 0x9d, 0x9d, 0x9d, 0x9d, 0x9d, 0x9d, 0x9d, 0x9d, 0x9d,
    0x9d, 0x9d, 0x9d, 0x9d, 0x9d, 0x9d, 0x9d, 0x9d, 0x9d, 0x9d, 0x9d, 0x9d,
    0x9d, 0x9d, 0x9d, 0x9d, 0x9d, 0x9d, 0x9d, 0x9d, 0x9d, 0x9d, 0x9d, 0x9d,
    0x9d, 0x9d, 0x9d, 0x9d, 0x9d, 0x9d, 0x9d, 0x9d, 0x9d, 0x9d, 0x9d, 0x9d,
    0x9d, 0x9d, 0x9d, 0x9d, 0x9d, 0x9d, 0x9d, 0x9d, 0xa1, 0xa1, 0xa1, 0xa7,
    0xa7, 0xa7, 0xb8, 0xb8, 0xb8, 0xd2, 0xd2, 0xd2, 0xe9, 0xe9, 0xe9, 0xf8,
    0xf8, 0xf8, 0xfe, 0xfe, 0xfe, 0xff, 0xff, 0xff, 0x00, 0x00, 0xfe, 0xfe,
    0xfe, 0xfe, 0xfe, 0xfe, 0xe1, 0xe1, 0xe1, 0x80, 0x80, 0x80, 0x6f, 0x6f,
    0x6f, 0x5e, 0x5e, 0x5e, 0x50, 0x50, 0x50, 0x48, 0x48, 0x48, 0x46, 0x46,
    0x46, 0x45, 0x45, 0x45, 0x45, 0x45, 0x45, 0x45, 0x45, 0x45, 0x45, 0x45,
    0x45, 0x45, 0x45, 0x45, 0x45, 0x45, 0x45, 0x45, 0x45, 0x45, 0x45, 0x45,
    0x45, 0x45, 0x45, 0x45, 0x45, 0x45, 0x45, 0x45, 0x45, 0x45, 0x45, 0x45,
    0x45, 0x45, 0x45, 0x45, 0x45, 0x45, 0x45, 0x45, 0x45, 0x45, 0x45, 0x45,
    0x45, 0x45, 0x45, 0x45, 0x45, 0x45, 0x45, 0x45, 0x45, 0x45, 0x45, 0x45,
    0x45, 0x45, 0x45, 0x45, 0x45, 0x45, 0x45, 0x45, 0x45, 0x45, 0x45, 0x45,
    0x45, 0x45, 0x45, 0x45, 0x45, 0x45, 0x45, 0x45, 0x45, 0x45, 0x45, 0x45,
    0x45, 0x45, 0x45, 0x45, 0x45, 0x45, 0x45, 0x45, 0x45, 0x45, 0x44, 0x44,
    0x44, 0x43, 0x43, 0x43, 0x44, 0x44, 0x44, 0x6f, 0x6f, 0x6f, 0xa2, 0xa2,
    0xa2, 0xc1, 0xc1, 0xc1, 0xe1, 0xe1, 0xe1, 0xf5, 0xf5, 0xf5, 0xfd, 0xfd,
    0xfd, 0xff, 0xff, 0xff, 0x00, 0x00, 0xfc, 0xfc, 0xfc, 0xff, 0xff, 0xff,
    0xc3, 0xc3, 0xc3, 0x00, 0x00, 0x00, 0x00, 0x00, 0x00, 0x00, 0x00, 0x00,
    0x00, 0x00, 0x00, 0x00, 0x00, 0x00, 0x00, 0x00, 0x00, 0x00, 0x00, 0x00,
    0x00, 0x00, 0x00, 0x00, 0x00, 0x00, 0x00, 0x00, 0x00, 0x00, 0x00, 0x00,
    0x00, 0x00, 0x00, 0x00, 0x00, 0x00, 0x00, 0x00, 0x00, 0x00, 0x00, 0x00,
    0x00, 0x00, 0x00, 0x00, 0x00, 0x00, 0x00, 0x00, 0x00, 0x00, 0x00, 0x00,
    0x00, 0x00, 0x00, 0x00, 0x00, 0x00, 0x00, 0x00, 0x00, 0x00, 0x00, 0x00,
    0x00, 0x00, 0x00, 0x00, 0x00, 0x00, 0x00, 0x00, 0x00, 0x00, 0x00, 0x00,
    0x00, 0x00, 0x00, 0x00, 0x00, 0x00, 0x00, 0x00, 0x00, 0x00, 0x00, 0x00,
    0x00, 0x00, 0x00, 0x00, 0x00, 0x00, 0x00, 0x00, 0x00, 0x00, 0x00, 0x00,
    0x00, 0x00, 0x00, 0x00, 0x00, 0x00, 0x00, 0x00, 0x00, 0x00, 0x00, 0x00,
    0x00, 0x00, 0x00, 0x47, 0x47, 0x47, 0x9d, 0x9d, 0x9d, 0xba, 0xba, 0xba,
    0xdf, 0xdf, 0xdf, 0xf5, 0xf5, 0xf5, 0xfd, 0xfd, 0xfd, 0xff, 0xff, 0xff,
    0x00, 0x00, 0xfd, 0xfd, 0xfd, 0xff, 0xff, 0xff, 0xcb, 0xcb, 0xcb, 0x04,
    0x04, 0x04, 0x03, 0x03, 0x03, 0x4a, 0x4a, 0x4a, 0x67, 0x67, 0x67, 0x60,
    0x60, 0x60, 0x61, 0x61, 0x61, 0x61, 0x61, 0x61, 0x61, 0x61, 0x61, 0x61,
    0x61, 0x61, 0x61, 0x61, 0x61, 0x61, 0x61, 0x61, 0x61, 0x61, 0x61, 0x61,
    0x61, 0x61, 0x61, 0x61, 0x61, 0x61, 0x61, 0x61, 0x61, 0x61, 0x61, 0x61,
    0x61, 0x61, 0x61, 0x61, 0x61, 0x61, 0x61, 0x61, 0x61, 0x61, 0x61, 0x61,
    0x61, 0x61, 0x61, 0x61, 0x61, 0x61, 0x61, 0x61, 0x61, 0x61, 0x61, 0x61,
    0x61, 0x61, 0x61, 0x61, 0x61, 0x61, 0x61, 0x61, 0x61, 0x61, 0x61, 0x61,
    0x61, 0x61, 0x61, 0x61, 0x61, 0x61, 0x61, 0x61, 0x61, 0x61, 0x61, 0x61,
    0x61, 0x61, 0x61, 0x61, 0x61, 0x61, 0x61, 0x61, 0x61, 0x61, 0x61, 0x64,
    0x64, 0x64, 0x58, 0x58, 0x58, 0x09, 0x09, 0x09, 0x02, 0x02, 0x02, 0x4e,
    0x4e, 0x4e, 0x9d, 0x9d, 0x9d, 0xbc, 0xbc, 0xbc, 0xe1, 0xe1, 0xe1, 0xf6,
    0xf6, 0xf6, 0xfd, 0xfd, 0xfd, 0xff, 0xff, 0xff, 0x00, 0x00, 0xfd, 0xfd,
    0xfd, 0xff, 0xff, 0xff, 0xd7, 0xd7, 0xd7, 0x07, 0x07, 0x07, 0x00, 0x00,
    0x00, 0xab, 0xab, 0xab, 0xff, 0xff, 0xff, 0xf3, 0xf3, 0xf3, 0xf6, 0xf6,
    0xf6, 0xf6, 0xf6, 0xf6, 0xf6, 0xf6, 0xf6, 0xf6, 0xf6, 0xf6, 0xf6, 0xf6,
    0xf6, 0xf6, 0xf6, 0xf6, 0xf6, 0xf6, 0xf6, 0xf6, 0xf6, 0xf6, 0xf6, 0xf6,
    0xf6, 0xf6, 0xf6, 0xf6, 0xf6, 0xf6, 0xf6, 0xf6, 0xf6, 0xf6, 0xf6, 0xf6,
    0xf6, 0xf6, 0xf6, 0xf6, 0xf6, 0xf6, 0xf6, 0xf6, 0xf6, 0xf6, 0xf6, 0xf6,
    0xf6, 0xf6, 0xf6, 0xf6, 0xf6, 0xf6, 0xf6, 0xf6, 0xf6, 0xf6, 0xf6, 0xf6,
    0xf6, 0xf6, 0xf6, 0xf6, 0xf6, 0xf6, 0xf6, 0xf6, 0xf6, 0xf6, 0xf6, 0xf6,
    0xf6, 0xf6, 0xf6, 0xf6, 0xf6, 0xf6, 0xf6, 0xf6, 0xf6, 0xf6, 0xf6, 0xf6,
    0xf6, 0xf6, 0xf6, 0xf6, 0xf4, 0xf4, 0xf4, 0xfe, 0xfe, 0xfe, 0xd6, 0xd6,
    0xd6, 0x06, 0x06, 0x06, 0x00, 0x00, 0x00, 0x57, 0x57, 0x57, 0xa2, 0xa2,
    0xa2, 0xc2, 0xc2, 0xc2, 0xe4, 0xe4, 0xe4, 0xf7, 0xf7, 0xf7, 0xfe, 0xfe,
    0xfe, 0xff, 0xff, 0xff, 0x00, 0x00, 0xfe, 0xfe, 0xfe, 0xff, 0xff, 0xff,
    0xea, 0xea, 0xea, 0x18, 0x18, 0x18, 0x00, 0x00, 0x00, 0x82, 0x82, 0x82,
    0xf3, 0xf3, 0xf3, 0xdf, 0xdf, 0xdf, 0xe2, 0xe2, 0xe2, 0xe2, 0xe2, 0xe2,
    0xe2, 0xe2, 0xe2, 0xe2, 0xe2, 0xe2, 0xe2, 0xe2, 0xe2, 0xe2, 0xe2, 0xe2,
    0xe2, 0xe2, 0xe2, 0xe2, 0xe2, 0xe2, 0xe2, 0xe2, 0xe2, 0xe2, 0xe2, 0xe2,
    0xe2, 0xe2, 0xe2, 0xe2, 0xe2, 0xe2, 0xe2, 0xe2, 0xe2, 0xe2, 0xe2, 0xe2,
    0xe2, 0xe2, 0xe2, 0xe2, 0xe2, 0xe2, 0xe2, 0xe2, 0xe2, 0xe2, 0xe2, 0xe2,
    0xe2, 0xe2, 0xe2, 0xe2, 0xe2, 0xe2, 0xe2, 0xe2, 0xe2, 0xe2, 0xe2, 0xe2,
    0xe2, 0xe2, 0xe2, 0xe2, 0xe2, 0xe2, 0xe2, 0xe2, 0xe2, 0xe2, 0xe2, 0xe2,
    0xe2, 0xe2, 0xe2, 0xe2, 0xe2, 0xe2, 0xe2, 0xe2, 0xe2, 0xe2, 0xe2, 0xe2,
    0xe0, 0xe0, 0xe0, 0xee, 0xee, 0xee, 0xad, 0xad, 0xad, 0x01, 0x01, 0x01,
    0x01, 0x01, 0x01, 0x66, 0x66, 0x66, 0xa8, 0xa8, 0xa8, 0xc9, 0xc9, 0xc9,
    0xe9, 0xe9, 0xe9, 0xf9, 0xf9, 0xf9, 0xfe, 0xfe, 0xfe, 0xff, 0xff, 0xff,
    0x00, 0x00, 0xff, 0xff, 0xff, 0xfe, 0xfe, 0xfe, 0xfd, 0xfd, 0xfd, 0x33,
    0x33, 0x33, 0x00, 0x00, 0x00, 0x5d, 0x5d, 0x5d, 0xf6, 0xf6, 0xf6, 0xe2,
    0xe2, 0xe2, 0xe6, 0xe6, 0xe6, 0xe6, 0xe6, 0xe6, 0xe6, 0xe6, 0xe6, 0xe6,
    0xe6, 0xe6, 0xe6, 0xe6, 0xe6, 0xe6, 0xe6, 0xe6, 0xe6, 0xe6, 0xe6, 0xe6,
    0xe6, 0xe6, 0xe6, 0xe6, 0xe6, 0xe6, 0xe6, 0xe6, 0xe6, 0xe6, 0xe6, 0xe6,
    0xe6, 0xe6, 0xe6, 0xe6, 0xe6, 0xe6, 0xe6, 0xe6, 0xe6, 0xe6, 0xe6, 0xe6,
    0xe6, 0xe6, 0xe6, 0xe6, 0xe6, 0xe6, 0xe6, 0xe6, 0xe6, 0xe6, 0xe6, 0xe6,
    0xe6, 0xe6, 0xe6, 0xe6, 0xe6, 0xe6, 0xe6, 0xe6, 0xe6, 0xe6, 0xe6, 0xe6,
    0xe6, 0xe6, 0xe6, 0xe6, 0xe6, 0xe6, 0xe6, 0xe6, 0xe6, 0xe6, 0xe6, 0xe6,
    0xe6, 0xe6, 0xe6, 0xe6, 0xe6, 0xe6, 0xe6, 0xe6, 0xe2, 0xe2, 0xe2, 0xf6,
    0xf6, 0xf6, 0x8b, 0x8b, 0x8b, 0x00, 0x00, 0x00, 0x09, 0x09, 0x09, 0x7b,
    0x7b, 0x7b, 0xaf, 0xaf, 0xaf, 0xd2, 0xd2, 0xd2, 0xee, 0xee, 0xee, 0xfb,
    0xfb, 0xfb, 0xfe, 0xfe, 0xfe, 0xff, 0xff, 0xff, 0x00, 0x00, 0xff, 0xff,
    0xff, 0xfb, 0xfb, 0xfb, 0xff, 0xff, 0xff, 0x63, 0x63, 0x63, 0x01, 0x01,
    0x01, 0x2d, 0x2d, 0x2d, 0xe9, 0xe9, 0xe9, 0xe5, 0xe5, 0xe5, 0xe6, 0xe6,
    0xe6, 0xe6, 0xe6, 0xe6, 0xe6, 0xe6, 0xe6, 0xe6, 0xe6, 0xe6, 0xe6, 0xe6,
    0xe6, 0xe6, 0xe6, 0xe6, 0xe6, 0xe6, 0xe6, 0xe6, 0xe6, 0xe6, 0xe6, 0xe6,
    0xe6, 0xe6, 0xe6, 0xe6, 0xe6, 0xe6, 0xe6, 0xe6, 0xe6, 0xe6, 0xe6, 0xe6,
    0xe6, 0xe6, 0xe6, 0xe6, 0xe6, 0xe6, 0xe6, 0xe6, 0xe6, 0xe6, 0xe6, 0xe6,
    0xe6, 0xe6, 0xe6, 0xe6, 0xe6, 0xe6, 0xe6, 0xe6, 0xe6, 0xe6, 0xe6, 0xe6,
    0xe6, 0xe6, 0xe6, 0xe6, 0xe6, 0xe6, 0xe6, 0xe6, 0xe6, 0xe6, 0xe6, 0xe6,
    0xe6, 0xe6, 0xe6, 0xe6, 0xe6, 0xe6, 0xe6, 0xe6, 0xe6, 0xe6, 0xe6, 0xe6,
    0xe6, 0xe6, 0xe6, 0xe6, 0xe2, 0xe2, 0xe2, 0xf5, 0xf5, 0xf5, 0x57, 0x57,
    0x57, 0x00, 0x00, 0x00, 0x1c, 0x1c, 0x1c, 0x92, 0x92, 0x92, 0xb9, 0xb9,
    0xb9, 0xdc, 0xdc, 0xdc, 0xf2, 0xf2, 0xf2, 0xfc, 0xfc, 0xfc, 0xff, 0xff,
    0xff, 0xff, 0xff, 0xff, 0x00, 0x00, 0xff, 0xff, 0xff, 0xfb, 0xfb, 0xfb,
    0xff, 0xff, 0xff, 0xa3, 0xa3, 0xa3, 0x01, 0x01, 0x01, 0x07, 0x07, 0x07,
    0xc3, 0xc3, 0xc3, 0xee, 0xee, 0xee, 0xe4, 0xe4, 0xe4, 0xe6, 0xe6, 0xe6,
    0xe6, 0xe6, 0xe6, 0xe6, 0xe6, 0xe6, 0xe6, 0xe6, 0xe6, 0xe6, 0xe6, 0xe6,
    0xe6, 0xe6, 0xe6, 0xe6, 0xe6, 0xe6, 0xe6, 0xe6, 0xe6, 0xe6, 0xe6, 0xe6,
    0xe6, 0xe6, 0xe6, 0xe6, 0xe6, 0xe6, 0xe6, 0xe6, 0xe6, 0xe6, 0xe6, 0xe6,
    0xe6, 0xe6, 0xe6, 0xe6, 0xe6, 0xe6, 0xe6, 0xe6, 0xe6, 0xe6, 0xe6, 0xe6,
    0xe6, 0xe6, 0xe6, 0xe6, 0xe6, 0xe6, 0xe6, 0xe6, 0xe6, 0xe6, 0xe6, 0xe6,
    0xe6, 0xe6, 0xe6, 0xe6, 0xe6, 0xe6, 0xe6, 0xe6, 0xe6, 0xe6, 0xe6, 0xe6,
    0xe6, 0xe6, 0xe6, 0xe6, 0xe6, 0xe6, 0xe6, 0xe6, 0xe6, 0xe5, 0xe5, 0xe5,
    0xe7, 0xe7, 0xe7, 0xe1, 0xe1, 0xe1, 0x1d, 0x1d, 0x1d, 0x00, 0x00, 0x00,
    0x3b, 0x3b, 0x3b, 0xa6, 0xa6, 0xa6, 0xc4, 0xc4, 0xc4, 0xe5, 0xe5, 0xe5,
    0xf7, 0xf7, 0xf7, 0xfe, 0xfe, 0xfe, 0xff, 0xff, 0xff, 0xff, 0xff, 0xff,
    0x00, 0x00, 0xff, 0xff, 0xff, 0xfe, 0xfe, 0xfe, 0xff, 0xff, 0xff, 0xe7,
    0xe7, 0xe7, 0x12, 0x12, 0x12, 0x00, 0x00, 0x00, 0x77, 0x77, 0x77, 0xf7,
    0xf7, 0xf7, 0xe2, 0xe2, 0xe2, 0xe6, 0xe6, 0xe6, 0xe6, 0xe6, 0xe6, 0xe6,
    0xe6, 0xe6, 0xe6, 0xe6, 0xe6, 0xe6, 0xe6, 0xe6, 0xe6, 0xe6, 0xe6, 0xe6,
    0xe6, 0xe6, 0xe6, 0xe6, 0xe6, 0xe6, 0xe6, 0xe6, 0xe6, 0xe6, 0xe6, 0xe6,
    0xe6, 0xe6, 0xe6, 0xe6, 0xe6, 0xe6, 0xe6, 0xe6, 0xe6, 0xe6, 0xe6, 0xe6,
    0xe6, 0xe6, 0xe6, 0xe6, 0xe6, 0xe6, 0xe6, 0xe6, 0xe6, 0xe6, 0xe6, 0xe6,
    0xe6, 0xe6, 0xe6, 0xe6, 0xe6, 0xe6, 0xe6, 0xe6, 0xe6, 0xe6, 0xe6, 0xe6,
    0xe6, 0xe6, 0xe6, 0xe6, 0xe6, 0xe6, 0xe6, 0xe6, 0xe6, 0xe6, 0xe6, 0xe6,
    0xe6, 0xe6, 0xe6, 0xe6, 0xe6, 0xe3, 0xe3, 0xe3, 0xf3, 0xf3, 0xf3, 0xa5,
    0xa5, 0xa5, 0x01, 0x01, 0x01, 0x02, 0x02, 0x02, 0x6b, 0x6b, 0x6b, 0xb5,
    0xb5, 0xb5, 0xd3, 0xd3, 0xd3, 0xee, 0xee, 0xee, 0xfa, 0xfa, 0xfa, 0xfe,
    0xfe, 0xfe, 0xff, 0xff, 0xff, 0xff, 0xff, 0xff, 0x00, 0x00, 0xff, 0xff,
    0xff, 0xff, 0xff, 0xff, 0xfc, 0xfc, 0xfc, 0xff, 0xff, 0xff, 0x5d, 0x5d,
    0x5d, 0x00, 0x00, 0x00, 0x20, 0x20, 0x20, 0xe2, 0xe2, 0xe2, 0xe7, 0xe7,
    0xe7, 0xe5, 0xe5, 0xe5, 0xe6, 0xe6, 0xe6, 0xe6, 0xe6, 0xe6, 0xe6, 0xe6,
    0xe6, 0xe6, 0xe6, 0xe6, 0xe6, 0xe6, 0xe6, 0xe6, 0xe6, 0xe6, 0xe6, 0xe6,
    0xe6, 0xe6, 0xe6, 0xe6, 0xe6, 0xe6, 0xe6, 0xe6, 0xe6, 0xe6, 0xe6, 0xe6,
    0xe6, 0xe6, 0xe6, 0xe6, 0xe6, 0xe6, 0xe6, 0xe6, 0xe6, 0xe6, 0xe6, 0xe6,
    0xe6, 0xe6, 0xe6, 0xe6, 0xe6, 0xe6, 0xe6, 0xe6, 0xe6, 0xe6, 0xe6, 0xe6,
    0xe6, 0xe6, 0xe6, 0xe6, 0xe6, 0xe6, 0xe6, 0xe6, 0xe6, 0xe6, 0xe6, 0xe6,
    0xe6, 0xe6, 0xe6, 0xe6, 0xe6, 0xe6, 0xe6, 0xe6, 0xe6, 0xe6, 0xe6, 0xe6,
    0xe6, 0xe3, 0xe3, 0xe3, 0xf3, 0xf3, 0xf3, 0x43, 0x43, 0x43, 0x01, 0x01,
    0x01, 0x1a, 0x1a, 0x1a, 0x9b, 0x9b, 0x9b, 0xc1, 0xc1, 0xc1, 0xe2, 0xe2,
    0xe2, 0xf5, 0xf5, 0xf5, 0xfd, 0xfd, 0xfd, 0xff, 0xff, 0xff, 0xff, 0xff,
    0xff, 0xff, 0xff, 0xff, 0x00, 0x00, 0xff, 0xff, 0xff, 0xff, 0xff, 0xff,
    0xfc, 0xfc, 0xfc, 0xff, 0xff, 0xff, 0xc9, 0xc9, 0xc9, 0x04, 0x04, 0x04,
    0x02, 0x02, 0x02, 0x83, 0x83, 0x83, 0xf8, 0xf8, 0xf8, 0xe1, 0xe1, 0xe1,
    0xe6, 0xe6, 0xe6, 0xe6, 0xe6, 0xe6, 0xe6, 0xe6, 0xe6, 0xe6, 0xe6, 0xe6,
    0xe6, 0xe6, 0xe6, 0xe6, 0xe6, 0xe6, 0xe6, 0xe6, 0xe6, 0xe6, 0xe6, 0xe6,
    0xe6, 0xe6, 0xe6, 0xe6, 0xe6, 0xe6, 0xe6, 0xe6, 0xe6, 0xe6, 0xe6, 0xe6,
    0xe6, 0xe6, 0xe6, 0xe6, 0xe6, 0xe6, 0xe6, 0xe6, 0xe6, 0xe6, 0xe6, 0xe6,
    0xe6, 0xe6, 0xe6, 0xe6, 0xe6, 0xe6, 0xe6, 0xe6, 0xe6, 0xe6, 0xe6, 0xe6,
    0xe6, 0xe6, 0xe6, 0xe6, 0xe6, 0xe6, 0xe6, 0xe6, 0xe6, 0xe6, 0xe6, 0xe6,
    0xe6, 0xe6, 0xe6, 0xe6, 0xe6, 0xe6, 0xe3, 0xe3, 0xe3, 0xf2, 0xf2, 0xf2,
    0xb0, 0xb0, 0xb0, 0x03, 0x03, 0x03, 0x02, 0x02, 0x02, 0x59, 0x59, 0x59,
    0xb9, 0xb9, 0xb9, 0xd2, 0xd2, 0xd2, 0xee, 0xee, 0xee, 0xfa, 0xfa, 0xfa,
    0xfe, 0xfe, 0xfe, 0xff, 0xff, 0xff, 0xff, 0xff, 0xff, 0xff, 0xff, 0xff,
    0x00, 0x00, 0xff, 0xff, 0xff, 0xff, 0xff, 0xff, 0xff, 0xff, 0xff, 0xfc,
    0xfc, 0xfc, 0xff, 0xff, 0xff, 0x56, 0x56, 0x56, 0x02, 0x02, 0x02, 0x15,
    0x15, 0x15, 0xd3, 0xd3, 0xd3, 0xec, 0xec, 0xec, 0xe4, 0xe4, 0xe4, 0xe6,
    0xe6, 0xe6, 0xe6, 0xe6, 0xe6, 0xe6, 0xe6, 0xe6, 0xe6, 0xe6, 0xe6, 0xe6,
    0xe6, 0xe6, 0xe6, 0xe6, 0xe6, 0xe6, 0xe6, 0xe6, 0xe6, 0xe6, 0xe6, 0xe6,
    0xe6, 0xe6, 0xe6, 0xe6, 0xe6, 0xe6, 0xe6, 0xe6, 0xe6, 0xe6, 0xe6, 0xe6,
    0xe6, 0xe6, 0xe6, 0xe6, 0xe6, 0xe6, 0xe6, 0xe6, 0xe6, 0xe6, 0xe6, 0xe6,
    0xe6, 0xe6, 0xe6, 0xe6, 0xe6, 0xe6, 0xe6, 0xe6, 0xe6, 0xe6, 0xe6, 0xe6,
    0xe6, 0xe6, 0xe6, 0xe6, 0xe6, 0xe6, 0xe6, 0xe6, 0xe6, 0xe6, 0xe6, 0xe5,
    0xe5, 0xe5, 0xe5, 0xe5, 0xe5, 0xec, 0xec, 0xec, 0x30, 0x30, 0x30, 0x01,
    0x01, 0x01, 0x18, 0x18, 0x18, 0xa3, 0xa3, 0xa3, 0xc8, 0xc8, 0xc8, 0xe4,
    0xe4, 0xe4, 0xf6, 0xf6, 0xf6, 0xfd, 0xfd, 0xfd, 0xff, 0xff, 0xff, 0xff,
    0xff, 0xff, 0xff, 0xff, 0xff, 0xff, 0xff, 0xff, 0x00, 0x00, 0xff, 0xff,
    0xff, 0xff, 0xff, 0xff, 0xff, 0xff, 0xff, 0xfd, 0xfd, 0xfd, 0xfe, 0xfe,
    0xfe, 0xdf, 0xdf, 0xdf, 0x10, 0x10, 0x10, 0x02, 0x02, 0x02, 0x45, 0x45,
    0x45, 0xf3, 0xf3, 0xf3, 0xe4, 0xe4, 0xe4, 0xe5, 0xe5, 0xe5, 0xe6, 0xe6,
    0xe6, 0xe6, 0xe6, 0xe6, 0xe6, 0xe6, 0xe6, 0xe6, 0xe6, 0xe6, 0xe6, 0xe6,
    0xe6, 0xe6, 0xe6, 0xe6, 0xe6, 0xe6, 0xe6, 0xe6, 0xe6, 0xe6, 0xe6, 0xe6,
    0xe6, 0xe6, 0xe6, 0xe6, 0xe6, 0xe6, 0xe6, 0xe6, 0xe6, 0xe6, 0xe6, 0xe6,
    0xe6, 0xe6, 0xe6, 0xe6, 0xe6, 0xe6, 0xe6, 0xe6, 0xe6, 0xe6, 0xe6, 0xe6,
    0xe6, 0xe6, 0xe6, 0xe6, 0xe6, 0xe6, 0xe6, 0xe6, 0xe6, 0xe6, 0xe6, 0xe6,
    0xe6, 0xe6, 0xe6, 0xe6, 0xe6, 0xe6, 0xe6, 0xe1, 0xe1, 0xe1, 0xfa, 0xfa,
    0xfa, 0x6f, 0x6f, 0x6f, 0x03, 0x03, 0x03, 0x03, 0x03, 0x03, 0x75, 0x75,
    0x75, 0xc7, 0xc7, 0xc7, 0xdb, 0xdb, 0xdb, 0xf1, 0xf1, 0xf1, 0xfb, 0xfb,
    0xfb, 0xfe, 0xfe, 0xfe, 0xff, 0xff, 0xff, 0xff, 0xff, 0xff, 0xff, 0xff,
    0xff, 0xff, 0xff, 0xff, 0x00, 0x00, 0xff, 0xff, 0xff, 0xff, 0xff, 0xff,
    0xff, 0xff, 0xff, 0xff, 0xff, 0xff, 0xfc, 0xfc, 0xfc, 0xff, 0xff, 0xff,
    0x9e, 0x9e, 0x9e, 0x03, 0x03, 0x03, 0x05, 0x05, 0x05, 0x6d, 0x6d, 0x6d,
    0xf9, 0xf9, 0xf9, 0xe3, 0xe3, 0xe3, 0xe5, 0xe5, 0xe5, 0xe6, 0xe6, 0xe6,
    0xe6, 0xe6, 0xe6, 0xe6, 0xe6, 0xe6, 0xe6, 0xe6, 0xe6, 0xe6, 0xe6, 0xe6,
    0xe6, 0xe6, 0xe6, 0xe6, 0xe6, 0xe6, 0xe6, 0xe6, 0xe6, 0xe6, 0xe6, 0xe6,
    0xe6, 0xe6, 0xe6, 0xe6, 0xe6, 0xe6, 0xe6, 0xe6, 0xe6, 0xe6, 0xe6, 0xe6,
    0xe6, 0xe6, 0xe6, 0xe6, 0xe6, 0xe6, 0xe6, 0xe6, 0xe6, 0xe6, 0xe6, 0xe6,
    0xe6, 0xe6, 0xe6, 0xe6, 0xe6, 0xe6, 0xe6, 0xe6, 0xe6, 0xe6, 0xe6, 0xe6,
    0xe1, 0xe1, 0xe1, 0xf9, 0xf9, 0xf9, 0x99, 0x99, 0x99, 0x03, 0x03, 0x03,
    0x03, 0x03, 0x03, 0x44, 0x44, 0x44, 0xc3, 0xc3, 0xc3, 0xd6, 0xd6, 0xd6,
    0xed, 0xed, 0xed, 0xf9, 0xf9, 0xf9, 0xfe, 0xfe, 0xfe, 0xff, 0xff, 0xff,
    0xff, 0xff, 0xff, 0xff, 0xff, 0xff, 0xff, 0xff, 0xff, 0xff, 0xff, 0xff,
    0x00, 0x00, 0xff, 0xff, 0xff, 0xff, 0xff, 0xff, 0xff, 0xff, 0xff, 0xff,
    0xff, 0xff, 0xff, 0xff, 0xff, 0xfb, 0xfb, 0xfb, 0xff, 0xff, 0xff, 0x6c,
    0x6c, 0x6c, 0x03, 0x03, 0x03, 0x05, 0x05, 0x05, 0x7b, 0x7b, 0x7b, 0xf8,
    0xf8, 0xf8, 0xe5, 0xe5, 0xe5, 0xe3, 0xe3, 0xe3, 0xe6, 0xe6, 0xe6, 0xe6,
    0xe6, 0xe6, 0xe6, 0xe6, 0xe6, 0xe6, 0xe6, 0xe6, 0xe6, 0xe6, 0xe6, 0xe6,
    0xe6, 0xe6, 0xe6, 0xe6, 0xe6, 0xe6, 0xe6, 0xe6, 0xe6, 0xe6, 0xe6, 0xe6,
    0xe6, 0xe6, 0xe6, 0xe6, 0xe6, 0xe6, 0xe6, 0xe6, 0xe6, 0xe6, 0xe6, 0xe6,
    0xe6, 0xe6, 0xe6, 0xe6, 0xe6, 0xe6, 0xe6, 0xe6, 0xe6, 0xe6, 0xe6, 0xe6,
    0xe6, 0xe6, 0xe4, 0xe4, 0xe4, 0xe2, 0xe2, 0xe2, 0xf9, 0xf9, 0xf9, 0xa2,
    0xa2, 0xa2, 0x08, 0x08, 0x08, 0x02, 0x02, 0x02, 0x2a, 0x2a, 0x2a, 0xba,
    0xba, 0xba, 0xd6, 0xd6, 0xd6, 0xeb, 0xeb, 0xeb, 0xf8, 0xf8, 0xf8, 0xfd,
    0xfd, 0xfd, 0xff, 0xff, 0xff, 0xff, 0xff, 0xff, 0xff, 0xff, 0xff, 0xff,
    0xff, 0xff, 0xff, 0xff, 0xff, 0xff, 0xff, 0xff, 0x00, 0x00, 0xff, 0xff,
    0xff, 0xff, 0xff, 0xff, 0xff, 0xff, 0xff, 0xff, 0xff, 0xff, 0xff, 0xff,
    0xff, 0xfe, 0xfe, 0xfe, 0xfc, 0xfc, 0xfc, 0xff, 0xff, 0xff, 0x5a, 0x5a,
    0x5a, 0x03, 0x03, 0x03, 0x05, 0x05, 0x05, 0x69, 0x69, 0x69, 0xed, 0xed,
    0xed, 0xef, 0xef, 0xef, 0xe2, 0xe2, 0xe2, 0xe4, 0xe4, 0xe4, 0xe6, 0xe6,
    0xe6, 0xe6, 0xe6, 0xe6, 0xe6, 0xe6, 0xe6, 0xe6, 0xe6, 0xe6, 0xe6, 0xe6,
    0xe6, 0xe6, 0xe6, 0xe6, 0xe6, 0xe6, 0xe6, 0xe6, 0xe6, 0xe6, 0xe6, 0xe6,
    0xe6, 0xe6, 0xe6, 0xe6, 0xe6, 0xe6, 0xe6, 0xe6, 0xe6, 0xe6, 0xe6, 0xe6,
    0xe6, 0xe6, 0xe6, 0xe6, 0xe5, 0xe5, 0xe5, 0xe2, 0xe2, 0xe2, 0xea, 0xea,
    0xea, 0xf6, 0xf6, 0xf6, 0x8c, 0x8c, 0x8c, 0x06, 0x06, 0x06, 0x01, 0x01,
    0x01, 0x23, 0x23, 0x23, 0xb4, 0xb4, 0xb4, 0xda, 0xda, 0xda, 0xea, 0xea,
    0xea, 0xf8, 0xf8, 0xf8, 0xfd, 0xfd, 0xfd, 0xff, 0xff, 0xff, 0xff, 0xff,
    0xff, 0xff, 0xff, 0xff, 0xff, 0xff, 0xff, 0xff, 0xff, 0xff, 0xff, 0xff,
    0xff, 0xff, 0xff, 0xff, 0x00, 0x00, 0xff, 0xff, 0xff, 0xff, 0xff, 0xff,
    0xff, 0xff, 0xff, 0xff, 0xff, 0xff, 0xff, 0xff, 0xff, 0xff, 0xff, 0xff,
    0xfe, 0xfe, 0xfe, 0xfd, 0xfd, 0xfd, 0xfe, 0xfe, 0xfe, 0x65, 0x65, 0x65,
    0x03, 0x03, 0x03, 0x01, 0x01, 0x01, 0x3c, 0x3c, 0x3c, 0xc4, 0xc4, 0xc4,
    0xf7, 0xf7, 0xf7, 0xed, 0xed, 0xed, 0xe4, 0xe4, 0xe4, 0xe2, 0xe2, 0xe2,
    0xe4, 0xe4, 0xe4, 0xe6, 0xe6, 0xe6, 0xe6, 0xe6, 0xe6, 0xe6, 0xe6, 0xe6,
    0xe6, 0xe6, 0xe6, 0xe6, 0xe6, 0xe6, 0xe6, 0xe6, 0xe6, 0xe6, 0xe6, 0xe6,
    0xe6, 0xe6, 0xe6, 0xe5, 0xe5, 0xe5, 0xe3, 0xe3, 0xe3, 0xe3, 0xe3, 0xe3,
    0xea, 0xea, 0xea, 0xf7, 0xf7, 0xf7, 0xd8, 0xd8, 0xd8, 0x58, 0x58, 0x58,
    0x02, 0x02, 0x02, 0x01, 0x01, 0x01, 0x2f, 0x2f, 0x2f, 0xbb, 0xbb, 0xbb,
    0xe0, 0xe0, 0xe0, 0xea, 0xea, 0xea, 0xf8, 0xf8, 0xf8, 0xfd, 0xfd, 0xfd,
    0xff, 0xff, 0xff, 0xff, 0xff, 0xff, 0xff, 0xff, 0xff, 0xff, 0xff, 0xff,
    0xff, 0xff, 0xff, 0xff, 0xff, 0xff, 0xff, 0xff, 0xff, 0xff, 0xff, 0xff,
    0x00, 0x00, 0xff, 0xff, 0xff, 0xff, 0xff, 0xff, 0xff, 0xff, 0xff, 0xff,
    0xff, 0xff, 0xff, 0xff, 0xff, 0xff, 0xff, 0xff, 0xff, 0xff, 0xff, 0xfe,
    0xfe, 0xfe, 0xfd, 0xfd, 0xfd, 0xff, 0xff, 0xff, 0x8e, 0x8e, 0x8e, 0x0a,
    0x0a, 0x0a, 0x00, 0x00, 0x00, 0x08, 0x08, 0x08, 0x69, 0x69, 0x69, 0xc9,
    0xc9, 0xc9, 0xf1, 0xf1, 0xf1, 0xf8, 0xf8, 0xf8, 0xef, 0xef, 0xef, 0xe5,
    0xe5, 0xe5, 0xe6, 0xe6, 0xe6, 0xe6, 0xe6, 0xe6, 0xe6, 0xe6, 0xe6, 0xe6,
    0xe6, 0xe6, 0xe6, 0xe6, 0xe6, 0xe6, 0xe6, 0xe6, 0xe5, 0xe5, 0xe5, 0xec,
    0xec, 0xec, 0xf8, 0xf8, 0xf8, 0xf4, 0xf4, 0xf4, 0xd6, 0xd6, 0xd6, 0x80,
    0x80, 0x80, 0x17, 0x17, 0x17, 0x00, 0x00, 0x00, 0x03, 0x03, 0x03, 0x4d,
    0x4d, 0x4d, 0xc8, 0xc8, 0xc8, 0xe5, 0xe5, 0xe5, 0xee, 0xee, 0xee, 0xf9,
    0xf9, 0xf9, 0xfd, 0xfd, 0xfd, 0xff, 0xff, 0xff, 0xff, 0xff, 0xff, 0xff,
    0xff, 0xff, 0xff, 0xff, 0xff, 0xff, 0xff, 0xff, 0xff, 0xff, 0xff, 0xff,
    0xff, 0xff, 0xff, 0xff, 0xff, 0xff, 0xff, 0xff, 0x00, 0x00, 0xff, 0xff,
    0xff, 0xff, 0xff, 0xff, 0xff, 0xff, 0xff, 0xff, 0xff, 0xff, 0xff, 0xff,
    0xff, 0xff, 0xff, 0xff, 0xff, 0xff, 0xff, 0xff, 0xff, 0xff, 0xfe, 0xfe,
    0xfe, 0xfc, 0xfc, 0xfc, 0xff, 0xff, 0xff, 0xcc, 0xcc, 0xcc, 0x41, 0x41,
    0x41, 0x00, 0x00, 0x00, 0x01, 0x01, 0x01, 0x07, 0x07, 0x07, 0x43, 0x43,
    0x43, 0x75, 0x75, 0x75, 0xbc, 0xbc, 0xbc, 0xea, 0xea, 0xea, 0xe5, 0xe5,
    0xe5, 0xe6, 0xe6, 0xe6, 0xe6, 0xe6, 0xe6, 0xe6, 0xe6, 0xe6, 0xe6, 0xe6,
    0xe6, 0xe5, 0xe5, 0xe5, 0xea, 0xea, 0xea, 0xcc, 0xcc, 0xcc, 0x7f, 0x7f,
    0x7f, 0x4f, 0x4f, 0x4f, 0x12, 0x12, 0x12, 0x01, 0x01, 0x01, 0x00, 0x00,
    0x00, 0x17, 0x17, 0x17, 0x69, 0x69, 0x69, 0xbf, 0xbf, 0xbf, 0xd8, 0xd8,
    0xd8, 0xed, 0xed, 0xed, 0xf9, 0xf9, 0xf9, 0xfd, 0xfd, 0xfd, 0xff, 0xff,
    0xff, 0xff, 0xff, 0xff, 0xff, 0xff, 0xff, 0xff, 0xff, 0xff, 0xff, 0xff,
    0xff, 0xff, 0xff, 0xff, 0xff, 0xff, 0xff, 0xff, 0xff, 0xff, 0xff, 0xff,
    0xff, 0xff, 0xff, 0xff, 0x00, 0x00, 0xff, 0xff, 0xff, 0xff, 0xff, 0xff,
    0xff, 0xff, 0xff, 0xff, 0xff, 0xff, 0xff, 0xff, 0xff, 0xff, 0xff, 0xff,
    0xff, 0xff, 0xff, 0xff, 0xff, 0xff, 0xff, 0xff, 0xff, 0xff, 0xff, 0xff,
    0xfb, 0xfb, 0xfb, 0xff, 0xff, 0xff, 0xf9, 0xf9, 0xf9, 0x8b, 0x8b, 0x8b,
    0x09, 0x09, 0x09, 0x02, 0x02, 0x02, 0x00, 0x00, 0x00, 0x29, 0x29, 0x29,
    0xba, 0xba, 0xba, 0xeb, 0xeb, 0xeb, 0xe5, 0xe5, 0xe5, 0xe6, 0xe6, 0xe6,
    0xe6, 0xe6, 0xe6, 0xe6, 0xe6, 0xe6, 0xe6, 0xe6, 0xe6, 0xe5, 0xe5, 0xe5,
    0xe9, 0xe9, 0xe9, 0xd0, 0xd0, 0xd0, 0x45, 0x45, 0x45, 0x00, 0x00, 0x00,
    0x01, 0x01, 0x01, 0x04, 0x04, 0x04, 0x30, 0x30, 0x30, 0x73, 0x73, 0x73,
    0x91, 0x91, 0x91, 0xad, 0xad, 0xad, 0xd2, 0xd2, 0xd2, 0xed, 0xed, 0xed,
    0xf9, 0xf9, 0xf9, 0xfe, 0xfe, 0xfe, 0xff, 0xff, 0xff, 0xff, 0xff, 0xff,
    0xff, 0xff, 0xff, 0xff, 0xff, 0xff, 0xff, 0xff, 0xff, 0xff, 0xff, 0xff,
    0xff, 0xff, 0xff, 0xff, 0xff, 0xff, 0xff, 0xff, 0xff, 0xff, 0xff, 0xff,
    0x00, 0x00, 0xff, 0xff, 0xff, 0xff, 0xff, 0xff, 0xff, 0xff, 0xff, 0xff,
    0xff, 0xff, 0xff, 0xff, 0xff, 0xff, 0xff, 0xff, 0xff, 0xff, 0xff, 0xff,
    0xff, 0xff, 0xff, 0xff, 0xff, 0xff, 0xff, 0xff, 0xfc, 0xfc, 0xfc, 0xf4,
    0xf4, 0xf4, 0xe3, 0xe3, 0xe3, 0x45, 0x45, 0x45, 0x03, 0x03, 0x03, 0x02,
    0x02, 0x02, 0x7e, 0x7e, 0x7e, 0xf2, 0xf2, 0xf2, 0xf0, 0xf0, 0xf0, 0xe4,
    0xe4, 0xe4, 0xe6, 0xe6, 0xe6, 0xe6, 0xe6, 0xe6, 0xe6, 0xe6, 0xe6, 0xe6,
    0xe6, 0xe6, 0xe6, 0xe6, 0xe6, 0xe6, 0xe6, 0xe6, 0xe5, 0xe5, 0xe5, 0xec,
    0xec, 0xec, 0xf8, 0xf8, 0xf8, 0xa0, 0xa0, 0xa0, 0x0f, 0x0f, 0x0f, 0x00,
    0x00, 0x00, 0x14, 0x14, 0x14, 0x60, 0x60, 0x60, 0x7c, 0x7c, 0x7c, 0x9c,
    0x9c, 0x9c, 0xc3, 0xc3, 0xc3, 0xe3, 0xe3, 0xe3, 0xf5, 0xf5, 0xf5, 0xfd,
    0xfd, 0xfd, 0xff, 0xff, 0xff, 0xff, 0xff, 0xff, 0xff, 0xff, 0xff, 0xff,
    0xff, 0xff, 0xff, 0xff, 0xff, 0xff, 0xff, 0xff, 0xff, 0xff, 0xff, 0xff,
    0xff, 0xff, 0xff, 0xff, 0xff, 0xff, 0xff, 0xff, 0x00, 0x00, 0xff, 0xff,
    0xff, 0xff, 0xff, 0xff, 0xff, 0xff, 0xff, 0xff, 0xff, 0xff, 0xff, 0xff,
    0xff, 0xff, 0xff, 0xff, 0xff, 0xff, 0xff, 0xff, 0xff, 0xff, 0xff, 0xff,
    0xff, 0xff, 0xff, 0xff, 0xf8, 0xf8, 0xf8, 0xfe, 0xfe, 0xfe, 0x69, 0x69,
    0x69, 0x02, 0x02, 0x02, 0x03, 0x03, 0x03, 0x91, 0x91, 0x91, 0xfb, 0xfb,
    0xfb, 0xe4, 0xe4, 0xe4, 0xe4, 0xe4, 0xe4, 0xe6, 0xe6, 0xe6, 0xe6, 0xe6,
    0xe6, 0xe6, 0xe6, 0xe6, 0xe6, 0xe6, 0xe6, 0xe6, 0xe6, 0xe6, 0xe6, 0xe6,
    0xe6, 0xe6, 0xe6, 0xe6, 0xe6, 0xe6, 0xe6, 0xe5, 0xe5, 0xe5, 0xe2, 0xe2,
    0xe2, 0xf9, 0xf9, 0xf9, 0xb8, 0xb8, 0xb8, 0x0d, 0x0d, 0x0d, 0x02, 0x02,
    0x02, 0x1c, 0x1c, 0x1c, 0x73, 0x73, 0x73, 0x8b, 0x8b, 0x8b, 0xb3, 0xb3,
    0xb3, 0xd8, 0xd8, 0xd8, 0xf0, 0xf0, 0xf0, 0xfb, 0xfb, 0xfb, 0xff, 0xff,
    0xff, 0xff, 0xff, 0xff, 0xff, 0xff, 0xff, 0xff, 0xff, 0xff, 0xff, 0xff,
    0xff, 0xff, 0xff, 0xff, 0xff, 0xff, 0xff, 0xff, 0xff, 0xff, 0xff, 0xff,
    0xff, 0xff, 0xff, 0xff, 0x00, 0x00, 0xff, 0xff, 0xff, 0xff, 0xff, 0xff,
    0xff, 0xff, 0xff, 0xff, 0xff, 0xff, 0xff, 0xff, 0xff, 0xff, 0xff, 0xff,
    0xff, 0xff, 0xff, 0xff, 0xff, 0xff, 0xff, 0xff, 0xff, 0xfc, 0xfc, 0xfc,
    0xfe, 0xfe, 0xfe, 0xcd, 0xcd, 0xcd, 0x08, 0x08, 0x08, 0x02, 0x02, 0x02,
    0x65, 0x65, 0x65, 0xfb, 0xfb, 0xfb, 0xe1, 0xe1, 0xe1, 0xe5, 0xe5, 0xe5,
    0xe6, 0xe6, 0xe6, 0xe6, 0xe6, 0xe6, 0xe6, 0xe6, 0xe6, 0xe6, 0xe6, 0xe6,
    0xe6, 0xe6, 0xe6, 0xe6, 0xe6, 0xe6, 0xe6, 0xe6, 0xe6, 0xe6, 0xe6, 0xe6,
    0xe6, 0xe6, 0xe6, 0xe6, 0xe6, 0xe6, 0xe6, 0xe6, 0xe6, 0xe0, 0xe0, 0xe0,
    0xfa, 0xfa, 0xfa, 0x93, 0x93, 0x93, 0x02, 0x02, 0x02, 0x02, 0x02, 0x02,
    0x4a, 0x4a, 0x4a, 0x86, 0x86, 0x86, 0xa5, 0xa5, 0xa5, 0xcf, 0xcf, 0xcf,
    0xeb, 0xeb, 0xeb, 0xf9, 0xf9, 0xf9, 0xfe, 0xfe, 0xfe, 0xff, 0xff, 0xff,
    0xff, 0xff, 0xff, 0xff, 0xff, 0xff, 0xff, 0xff, 0xff, 0xff, 0xff, 0xff,
    0xff, 0xff, 0xff, 0xff, 0xff, 0xff, 0xff, 0xff, 0xff, 0xff, 0xff, 0xff,
    0x00, 0x00, 0xff, 0xff, 0xff, 0xff, 0xff, 0xff, 0xff, 0xff, 0xff, 0xff,
    0xff, 0xff, 0xff, 0xff, 0xff, 0xff, 0xff, 0xff, 0xff, 0xff, 0xff, 0xff,
    0xff, 0xff, 0xff, 0xff, 0xff, 0xfa, 0xfa, 0xfa, 0xff, 0xff, 0xff, 0x78,
    0x78, 0x78, 0x00, 0x00, 0x00, 0x14, 0x14, 0x14, 0xd7, 0xd7, 0xd7, 0xea,
    0xea, 0xea, 0xe4, 0xe4, 0xe4, 0xe6, 0xe6, 0xe6, 0xe6, 0xe6, 0xe6, 0xe6,
    0xe6, 0xe6, 0xe6, 0xe6, 0xe6, 0xe6, 0xe6, 0xe6, 0xe6, 0xe6, 0xe6, 0xe6,
    0xe6, 0xe6, 0xe6, 0xe6, 0xe6, 0xe6, 0xe6, 0xe6, 0xe6, 0xe6, 0xe6, 0xe6,
    0xe6, 0xe6, 0xe6, 0xe6, 0xe6, 0xe6, 0xe6, 0xe6, 0xe4, 0xe4, 0xe4, 0xee,
    0xee, 0xee, 0x31, 0x31, 0x31, 0x00, 0x00, 0x00, 0x21, 0x21, 0x21, 0x7f,
    0x7f, 0x7f, 0x9d, 0x9d, 0x9d, 0xc8, 0xc8, 0xc8, 0xe7, 0xe7, 0xe7, 0xf8,
    0xf8, 0xf8, 0xfe, 0xfe, 0xfe, 0xff, 0xff, 0xff, 0xff, 0xff, 0xff, 0xff,
    0xff, 0xff, 0xff, 0xff, 0xff, 0xff, 0xff, 0xff, 0xff, 0xff, 0xff, 0xff,
    0xff, 0xff, 0xff, 0xff, 0xff, 0xff, 0xff, 0xff, 0x00, 0x00, 0xff, 0xff,
    0xff, 0xff, 0xff, 0xff, 0xff, 0xff, 0xff, 0xff, 0xff, 0xff, 0xff, 0xff,
    0xff, 0xff, 0xff, 0xff, 0xff, 0xff, 0xff, 0xff, 0xff, 0xff, 0xff, 0xff,
    0xff, 0xfc, 0xfc, 0xfc, 0xfe, 0xfe, 0xfe, 0x3f, 0x3f, 0x3f, 0x01, 0x01,
    0x01, 0x4d, 0x4d, 0x4d, 0xf4, 0xf4, 0xf4, 0xe3, 0xe3, 0xe3, 0xe6, 0xe6,
    0xe6, 0xe6, 0xe6, 0xe6, 0xe6, 0xe6, 0xe6, 0xe6, 0xe6, 0xe6, 0xe6, 0xe6,
    0xe6, 0xe6, 0xe6, 0xe6, 0xe6, 0xe6, 0xe6, 0xe6, 0xe6, 0xe6, 0xe6, 0xe6,
    0xe6, 0xe6, 0xe6, 0xe6, 0xe6, 0xe6, 0xe6, 0xe6, 0xe6, 0xe6, 0xe6, 0xe6,
    0xe6, 0xe6, 0xe6, 0xe6, 0xe2, 0xe2, 0xe2, 0xf7, 0xf7, 0xf7, 0x7b, 0x7b,
    0x7b, 0x00, 0x00, 0x00, 0x0e, 0x0e, 0x0e, 0x74, 0x74, 0x74, 0x9e, 0x9e,
    0x9e, 0xc6, 0xc6, 0xc6, 0xe7, 0xe7, 0xe7, 0xf8, 0xf8, 0xf8, 0xfe, 0xfe,
    0xfe, 0xff, 0xff, 0xff, 0xff, 0xff, 0xff, 0xff, 0xff, 0xff, 0xff, 0xff,
    0xff, 0xff, 0xff, 0xff, 0xff, 0xff, 0xff, 0xff, 0xff, 0xff, 0xff, 0xff,
    0xff, 0xff, 0xff, 0xff, 0x00, 0x00, 0xff, 0xff, 0xff, 0xff, 0xff, 0xff,
    0xff, 0xff, 0xff, 0xff, 0xff, 0xff, 0xff, 0xff, 0xff, 0xff, 0xff, 0xff,
    0xff, 0xff, 0xff, 0xff, 0xff, 0xff, 0xff, 0xff, 0xff, 0xff, 0xff, 0xff,
    0xf8, 0xf8, 0xf8, 0x2a, 0x2a, 0x2a, 0x00, 0x00, 0x00, 0x6f, 0x6f, 0x6f,
    0xf6, 0xf6, 0xf6, 0xe2, 0xe2, 0xe2, 0xe6, 0xe6, 0xe6, 0xe6, 0xe6, 0xe6,
    0xe6, 0xe6, 0xe6, 0xe6, 0xe6, 0xe6, 0xe6, 0xe6, 0xe6, 0xe6, 0xe6, 0xe6,
    0xe6, 0xe6, 0xe6, 0xe6, 0xe6, 0xe6, 0xe6, 0xe6, 0xe6, 0xe6, 0xe6, 0xe6,
    0xe6, 0xe6, 0xe6, 0xe6, 0xe6, 0xe6, 0xe6, 0xe6, 0xe6, 0xe6, 0xe6, 0xe6,
    0xe3, 0xe3, 0xe3, 0xf4, 0xf4, 0xf4, 0x9c, 0x9c, 0x9c, 0x00, 0x00, 0x00,
    0x05, 0x05, 0x05, 0x6e, 0x6e, 0x6e, 0xa4, 0xa4, 0xa4, 0xc9, 0xc9, 0xc9,
    0xe8, 0xe8, 0xe8, 0xf9, 0xf9, 0xf9, 0xfe, 0xfe, 0xfe, 0xff, 0xff, 0xff,
    0xff, 0xff, 0xff, 0xff, 0xff, 0xff, 0xff, 0xff, 0xff, 0xff, 0xff, 0xff,
    0xff, 0xff, 0xff, 0xff, 0xff, 0xff, 0xff, 0xff, 0xff, 0xff, 0xff, 0xff,
    0x00, 0x00, 0xff, 0xff, 0xff, 0xff, 0xff, 0xff, 0xff, 0xff, 0xff, 0xff,
    0xff, 0xff, 0xff, 0xff, 0xff, 0xff, 0xff, 0xff, 0xff, 0xff, 0xff, 0xff,
    0xff, 0xff, 0xff, 0xff, 0xff, 0xff, 0xff, 0xff, 0xfb, 0xfb, 0xfb, 0x2d,
    0x2d, 0x2d, 0x00, 0x00, 0x00, 0x6b, 0x6b, 0x6b, 0xf6, 0xf6, 0xf6, 0xe2,
    0xe2, 0xe2, 0xe6, 0xe6, 0xe6, 0xe6, 0xe6, 0xe6, 0xe6, 0xe6, 0xe6, 0xe6,
    0xe6, 0xe6, 0xe6, 0xe6, 0xe6, 0xe6, 0xe6, 0xe6, 0xe6, 0xe6, 0xe6, 0xe6,
    0xe6, 0xe6, 0xe6, 0xe6, 0xe6, 0xe6, 0xe6, 0xe6, 0xe6, 0xe6, 0xe6, 0xe6,
    0xe6, 0xe6, 0xe6, 0xe6, 0xe6, 0xe6, 0xe6, 0xe6, 0xe3, 0xe3, 0xe3, 0xf4,
    0xf4, 0xf4, 0x98, 0x98, 0x98, 0x00, 0x00, 0x00, 0x06, 0x06, 0x06, 0x77,
    0x77, 0x77, 0xae, 0xae, 0xae, 0xd1, 0xd1, 0xd1, 0xed, 0xed, 0xed, 0xfa,
    0xfa, 0xfa, 0xfe, 0xfe, 0xfe, 0xff, 0xff, 0xff, 0xff, 0xff, 0xff, 0xff,
    0xff, 0xff, 0xff, 0xff, 0xff, 0xff, 0xff, 0xff, 0xff, 0xff, 0xff, 0xff,
    0xff, 0xff, 0xff, 0xff, 0xff, 0xff, 0xff, 0xff, 0x00, 0x00, 0xff, 0xff,
    0xff, 0xff, 0xff, 0xff, 0xff, 0xff, 0xff, 0xff, 0xff, 0xff, 0xff, 0xff,
    0xff, 0xff, 0xff, 0xff, 0xff, 0xff, 0xff, 0xff, 0xff, 0xff, 0xff, 0xff,
    0xff, 0xfc, 0xfc, 0xfc, 0xff, 0xff, 0xff, 0x4d, 0x4d, 0x4d, 0x01, 0x01,
    0x01, 0x40, 0x40, 0x40, 0xf1, 0xf1, 0xf1, 0xe3, 0xe3, 0xe3, 0xe6, 0xe6,
    0xe6, 0xe6, 0xe6, 0xe6, 0xe6, 0xe6, 0xe6, 0xe6, 0xe6, 0xe6, 0xe6, 0xe6,
    0xe6, 0xe6, 0xe6, 0xe6, 0xe6, 0xe6, 0xe6, 0xe6, 0xe6, 0xe6, 0xe6, 0xe6,
    0xe6, 0xe6, 0xe6, 0xe6, 0xe6, 0xe6, 0xe6, 0xe6, 0xe6, 0xe6, 0xe6, 0xe6,
    0xe6, 0xe6, 0xe6, 0xe6, 0xe1, 0xe1, 0xe1, 0xf7, 0xf7, 0xf7, 0x6d, 0x6d,
    0x6d, 0x00, 0x00, 0x00, 0x13, 0x13, 0x13, 0x8f, 0x8f, 0x8f, 0xba, 0xba,
    0xba, 0xdc, 0xdc, 0xdc, 0xf2, 0xf2, 0xf2, 0xfc, 0xfc, 0xfc, 0xff, 0xff,
    0xff, 0xff, 0xff, 0xff, 0xff, 0xff, 0xff, 0xff, 0xff, 0xff, 0xff, 0xff,
    0xff, 0xff, 0xff, 0xff, 0xff, 0xff, 0xff, 0xff, 0xff, 0xff, 0xff, 0xff,
    0xff, 0xff, 0xff, 0xff, 0x00, 0x00, 0xff, 0xff, 0xff, 0xff, 0xff, 0xff,
    0xff, 0xff, 0xff, 0xff, 0xff, 0xff, 0xff, 0xff, 0xff, 0xff, 0xff, 0xff,
    0xff, 0xff, 0xff, 0xff, 0xff, 0xff, 0xff, 0xff, 0xff, 0xfb, 0xfb, 0xfb,
    0xff, 0xff, 0xff, 0x93, 0x93, 0x93, 0x01, 0x01, 0x01, 0x0b, 0x0b, 0x0b,
    0xc5, 0xc5, 0xc5, 0xef, 0xef, 0xef, 0xe3, 0xe3, 0xe3, 0xe6, 0xe6, 0xe6,
    0xe6, 0xe6, 0xe6, 0xe6, 0xe6, 0xe6, 0xe6, 0xe6, 0xe6, 0xe6, 0xe6, 0xe6,
    0xe6, 0xe6, 0xe6, 0xe6, 0xe6, 0xe6, 0xe6, 0xe6, 0xe6, 0xe6, 0xe6, 0xe6,
    0xe6, 0xe6, 0xe6, 0xe6, 0xe6, 0xe6, 0xe6, 0xe6, 0xe6, 0xe5, 0xe5, 0xe5,
    0xe7, 0xe7, 0xe7, 0xe4, 0xe4, 0xe4, 0x20, 0x20, 0x20, 0x00, 0x00, 0x00,
    0x37, 0x37, 0x37, 0xaf, 0xaf, 0xaf, 0xc9, 0xc9, 0xc9, 0xe8, 0xe8, 0xe8,
    0xf7, 0xf7, 0xf7, 0xfd, 0xfd, 0xfd, 0xff, 0xff, 0xff, 0xff, 0xff, 0xff,
    0xff, 0xff, 0xff, 0xff, 0xff, 0xff, 0xff, 0xff, 0xff, 0xff, 0xff, 0xff,
    0xff, 0xff, 0xff, 0xff, 0xff, 0xff, 0xff, 0xff, 0xff, 0xff, 0xff, 0xff,
    0x00, 0x00, 0xff, 0xff, 0xff, 0xff, 0xff, 0xff, 0xff, 0xff, 0xff, 0xff,
    0xff, 0xff, 0xff, 0xff, 0xff, 0xff, 0xff, 0xff, 0xff, 0xff, 0xff, 0xff,
    0xff, 0xff, 0xff, 0xff, 0xff, 0xfe, 0xfe, 0xfe, 0xfe, 0xfe, 0xfe, 0xeb,
    0xeb, 0xeb, 0x17, 0x17, 0x17, 0x02, 0x02, 0x02, 0x45, 0x45, 0x45, 0xf4,
    0xf4, 0xf4, 0xe5, 0xe5, 0xe5, 0xe3, 0xe3, 0xe3, 0xe6, 0xe6, 0xe6, 0xe6,
    0xe6, 0xe6, 0xe6, 0xe6, 0xe6, 0xe6, 0xe6, 0xe6, 0xe6, 0xe6, 0xe6, 0xe6,
    0xe6, 0xe6, 0xe6, 0xe6, 0xe6, 0xe6, 0xe6, 0xe6, 0xe6, 0xe6, 0xe6, 0xe6,
    0xe6, 0xe6, 0xe5, 0xe5, 0xe5, 0xe1, 0xe1, 0xe1, 0xfc, 0xfc, 0xfc, 0x6f,
    0x6f, 0x6f, 0x02, 0x02, 0x02, 0x03, 0x03, 0x03, 0x81, 0x81, 0x81, 0xc6,
    0xc6, 0xc6, 0xdd, 0xdd, 0xdd, 0xf3, 0xf3, 0xf3, 0xfb, 0xfb, 0xfb, 0xfe,
    0xfe, 0xfe, 0xff, 0xff, 0xff, 0xff, 0xff, 0xff, 0xff, 0xff, 0xff, 0xff,
    0xff, 0xff, 0xff, 0xff, 0xff, 0xff, 0xff, 0xff, 0xff, 0xff, 0xff, 0xff,
    0xff, 0xff, 0xff, 0xff, 0xff, 0xff, 0xff, 0xff, 0x00, 0x00, 0xff, 0xff,
    0xff, 0xff, 0xff, 0xff, 0xff, 0xff, 0xff, 0xff, 0xff, 0xff, 0xff, 0xff,
    0xff, 0xff, 0xff, 0xff, 0xff, 0xff, 0xff, 0xff, 0xff, 0xff, 0xff, 0xff,
    0xff, 0xff, 0xff, 0xff, 0xfc, 0xfc, 0xfc, 0xff, 0xff, 0xff, 0x9f, 0x9f,
    0x9f, 0x03, 0x03, 0x03, 0x05, 0x05, 0x05, 0x66, 0x66, 0x66, 0xf4, 0xf4,
    0xf4, 0xec, 0xec, 0xec, 0xe1, 0xe1, 0xe1, 0xe5, 0xe5, 0xe5, 0xe6, 0xe6,
    0xe6, 0xe6, 0xe6, 0xe6, 0xe6, 0xe6, 0xe6, 0xe6, 0xe6, 0xe6, 0xe6, 0xe6,
    0xe6, 0xe6, 0xe6, 0xe6, 0xe6, 0xe6, 0xe6, 0xe2, 0xe2, 0xe2, 0xe7, 0xe7,
    0xe7, 0xfa, 0xfa, 0xfa, 0x8d, 0x8d, 0x8d, 0x04, 0x04, 0x04, 0x03, 0x03,
    0x03, 0x46, 0x46, 0x46, 0xc5, 0xc5, 0xc5, 0xd7, 0xd7, 0xd7, 0xee, 0xee,
    0xee, 0xfa, 0xfa, 0xfa, 0xfe, 0xfe, 0xfe, 0xff, 0xff, 0xff, 0xff, 0xff,
    0xff, 0xff, 0xff, 0xff, 0xff, 0xff, 0xff, 0xff, 0xff, 0xff, 0xff, 0xff,
    0xff, 0xff, 0xff, 0xff, 0xff, 0xff, 0xff, 0xff, 0xff, 0xff, 0xff, 0xff,
    0xff, 0xff, 0xff, 0xff, 0x00, 0x00, 0xff, 0xff, 0xff, 0xff, 0xff, 0xff,
    0xff, 0xff, 0xff, 0xff, 0xff, 0xff, 0xff, 0xff, 0xff, 0xff, 0xff, 0xff,
    0xff, 0xff, 0xff, 0xff, 0xff, 0xff, 0xff, 0xff, 0xff, 0xff, 0xff, 0xff,
    0xff, 0xff, 0xff, 0xfc, 0xfc, 0xfc, 0xff, 0xff, 0xff, 0x72, 0x72, 0x72,
    0x03, 0x03, 0x03, 0x02, 0x02, 0x02, 0x4b, 0x4b, 0x4b, 0xd2, 0xd2, 0xd2,
    0xf8, 0xf8, 0xf8, 0xec, 0xec, 0xec, 0xe5, 0xe5, 0xe5, 0xe6, 0xe6, 0xe6,
    0xe6, 0xe6, 0xe6, 0xe6, 0xe6, 0xe6, 0xe6, 0xe6, 0xe6, 0xe5, 0xe5, 0xe5,
    0xe9, 0xe9, 0xe9, 0xf8, 0xf8, 0xf8, 0xe2, 0xe2, 0xe2, 0x6a, 0x6a, 0x6a,
    0x02, 0x02, 0x02, 0x02, 0x02, 0x02, 0x2d, 0x2d, 0x2d, 0xb8, 0xb8, 0xb8,
    0xd7, 0xd7, 0xd7, 0xeb, 0xeb, 0xeb, 0xf8, 0xf8, 0xf8, 0xfd, 0xfd, 0xfd,
    0xff, 0xff, 0xff, 0xff, 0xff, 0xff, 0xff, 0xff, 0xff, 0xff, 0xff, 0xff,
    0xff, 0xff, 0xff, 0xff, 0xff, 0xff, 0xff, 0xff, 0xff, 0xff, 0xff, 0xff,
    0xff, 0xff, 0xff, 0xff, 0xff, 0xff, 0xff, 0xff, 0xff, 0xff, 0xff, 0xff,
    0x00, 0x00, 0xff, 0xff, 0xff, 0xff, 0xff, 0xff, 0xff, 0xff, 0xff, 0xff,
    0xff, 0xff, 0xff, 0xff, 0xff, 0xff, 0xff, 0xff, 0xff, 0xff, 0xff, 0xff,
    0xff, 0xff, 0xff, 0xff, 0xff, 0xff, 0xff, 0xff, 0xff, 0xff, 0xff, 0xff,
    0xff, 0xff, 0xfc, 0xfc, 0xfc, 0xff, 0xff, 0xff, 0x7e, 0x7e, 0x7e, 0x03,
    0x03, 0x03, 0x01, 0x01, 0x01, 0x11, 0x11, 0x11, 0x6b, 0x6b, 0x6b, 0xcb,
    0xcb, 0xcb, 0xea, 0xea, 0xea, 0xe5, 0xe5, 0xe5, 0xe6, 0xe6, 0xe6, 0xe6,
    0xe6, 0xe6, 0xe5, 0xe5, 0xe5, 0xe8, 0xe8, 0xe8, 0xd9, 0xd9, 0xd9, 0x7e,
    0x7e, 0x7e, 0x20, 0x20, 0x20, 0x01, 0x01, 0x01, 0x02, 0x02, 0x02, 0x2f,
    0x2f, 0x2f, 0xa1, 0xa1, 0xa1, 0xcc, 0xcc, 0xcc, 0xe6, 0xe6, 0xe6, 0xf6,
    0xf6, 0xf6, 0xfd, 0xfd, 0xfd, 0xff, 0xff, 0xff, 0xff, 0xff, 0xff, 0xff,
    0xff, 0xff, 0xff, 0xff, 0xff, 0xff, 0xff, 0xff, 0xff, 0xff, 0xff, 0xff,
    0xff, 0xff, 0xff, 0xff, 0xff, 0xff, 0xff, 0xff, 0xff, 0xff, 0xff, 0xff,
    0xff, 0xff, 0xff, 0xff, 0xff, 0xff, 0xff, 0xff, 0x00, 0x00, 0xff, 0xff,
    0xff, 0xff, 0xff, 0xff, 0xff, 0xff, 0xff, 0xff, 0xff, 0xff, 0xff, 0xff,
    0xff, 0xff, 0xff, 0xff, 0xff, 0xff, 0xff, 0xff, 0xff, 0xff, 0xff, 0xff,
    0xff, 0xff, 0xff, 0xff, 0xff, 0xff, 0xff, 0xff, 0xff, 0xff, 0xff, 0xff,
    0xff, 0xfb, 0xfb, 0xfb, 0xff, 0xff, 0xff, 0xa9, 0xa9, 0xa9, 0x0a, 0x0a,
    0x0a, 0x01, 0x01, 0x01, 0x04, 0x04, 0x04, 0xbf, 0xbf, 0xbf, 0xed, 0xed,
    0xed, 0xe4, 0xe4, 0xe4, 0xe6, 0xe6, 0xe6, 0xe6, 0xe6, 0xe6, 0xe5, 0xe5,
    0xe5, 0xe8, 0xe8, 0xe8, 0xdb, 0xdb, 0xdb, 0x1f, 0x1f, 0x1f, 0x01, 0x01,
    0x01, 0x05, 0x05, 0x05, 0x3a, 0x3a, 0x3a, 0x88, 0x88, 0x88, 0xa7, 0xa7,
    0xa7, 0xce, 0xce, 0xce, 0xec, 0xec, 0xec, 0xf9, 0xf9, 0xf9, 0xfe, 0xfe,
    0xfe, 0xff, 0xff, 0xff, 0xff, 0xff, 0xff, 0xff, 0xff, 0xff, 0xff, 0xff,
    0xff, 0xff, 0xff, 0xff, 0xff, 0xff, 0xff, 0xff, 0xff, 0xff, 0xff, 0xff,
    0xff, 0xff, 0xff, 0xff, 0xff, 0xff, 0xff, 0xff, 0xff, 0xff, 0xff, 0xff,
    0xff, 0xff, 0xff, 0xff, 0x00, 0x00, 0xff, 0xff, 0xff, 0xff, 0xff, 0xff,
    0xff, 0xff, 0xff, 0xff, 0xff, 0xff, 0xff, 0xff, 0xff, 0xff, 0xff, 0xff,
    0xff, 0xff, 0xff, 0xff, 0xff, 0xff, 0xff, 0xff, 0xff, 0xff, 0xff, 0xff,
    0xff, 0xff, 0xff, 0xff, 0xff, 0xff, 0xff, 0xff, 0xff, 0xfb, 0xfb, 0xfb,
    0xfd, 0xfd, 0xfd, 0xa5, 0xa5, 0xa5, 0x03, 0x03, 0x03, 0x06, 0x06, 0x06,
    0xab, 0xab, 0xab, 0xf8, 0xf8, 0xf8, 0xe2, 0xe2, 0xe2, 0xe6, 0xe6, 0xe6,
    0xe6, 0xe6, 0xe6, 0xe6, 0xe6, 0xe6, 0xe6, 0xe6, 0xe6, 0xe4, 0xe4, 0xe4,
    0xf1, 0xf1, 0xf1, 0xd1, 0xd1, 0xd1, 0x14, 0x14, 0x14, 0x01, 0x01, 0x01,
    0x36, 0x36, 0x36, 0x86, 0x86, 0x86, 0xa3, 0xa3, 0xa3, 0xcf, 0xcf, 0xcf,
    0xec, 0xec, 0xec, 0xfa, 0xfa, 0xfa, 0xfe, 0xfe, 0xfe, 0xff, 0xff, 0xff,
    0xff, 0xff, 0xff, 0xff, 0xff, 0xff, 0xff, 0xff, 0xff, 0xff, 0xff, 0xff,
    0xff, 0xff, 0xff, 0xff, 0xff, 0xff, 0xff, 0xff, 0xff, 0xff, 0xff, 0xff,
    0xff, 0xff, 0xff, 0xff, 0xff, 0xff, 0xff, 0xff, 0xff, 0xff, 0xff, 0xff,
    0x00, 0x00, 0xff, 0xff, 0xff, 0xff, 0xff, 0xff, 0xff, 0xff, 0xff, 0xff,
    0xff, 0xff, 0xff, 0xff, 0xff, 0xff, 0xff, 0xff, 0xff, 0xff, 0xff, 0xff,
    0xff, 0xff, 0xff, 0xff, 0xff, 0xff, 0xff, 0xff, 0xff, 0xff, 0xff, 0xff,
    0xff, 0xff, 0xff, 0xff, 0xff, 0xfb, 0xfb, 0xfb, 0xff, 0xff, 0xff, 0x54,
    0x54, 0x54, 0x00, 0x00, 0x00, 0x36, 0x36, 0x36, 0xf0, 0xf0, 0xf0, 0xe3,
    0xe3, 0xe3, 0xe6, 0xe6, 0xe6, 0xe6, 0xe6, 0xe6, 0xe6, 0xe6, 0xe6, 0xe6,
    0xe6, 0xe6, 0xe6, 0xe6, 0xe6, 0xe6, 0xe6, 0xe6, 0xe1, 0xe1, 0xe1, 0xf9,
    0xf9, 0xf9, 0x61, 0x61, 0x61, 0x00, 0x00, 0x00, 0x15, 0x15, 0x15, 0x82,
    0x82, 0x82, 0xa8, 0xa8, 0xa8, 0xd0, 0xd0, 0xd0, 0xed, 0xed, 0xed, 0xfa,
    0xfa, 0xfa, 0xfe, 0xfe, 0xfe, 0xff, 0xff, 0xff, 0xff, 0xff, 0xff, 0xff,
    0xff, 0xff, 0xff, 0xff, 0xff, 0xff, 0xff, 0xff, 0xff, 0xff, 0xff, 0xff,
    0xff, 0xff, 0xff, 0xff, 0xff, 0xff, 0xff, 0xff, 0xff, 0xff, 0xff, 0xff,
    0xff, 0xff, 0xff, 0xff, 0xff, 0xff, 0xff, 0xff, 0x00, 0x00, 0xff, 0xff,
    0xff, 0xff, 0xff, 0xff, 0xff, 0xff, 0xff, 0xff, 0xff, 0xff, 0xff, 0xff,
    0xff, 0xff, 0xff, 0xff, 0xff, 0xff, 0xff, 0xff, 0xff, 0xff, 0xff, 0xff,
    0xff, 0xff, 0xff, 0xff, 0xff, 0xff, 0xff, 0xff, 0xff, 0xff, 0xff, 0xff,
    0xff, 0xfc, 0xfc, 0xfc, 0xff, 0xff, 0xff, 0x47, 0x47, 0x47, 0x00, 0x00,
    0x00, 0x53, 0x53, 0x53, 0xf3, 0xf3, 0xf3, 0xe2, 0xe2, 0xe2, 0xe6, 0xe6,
    0xe6, 0xe6, 0xe6, 0xe6, 0xe6, 0xe6, 0xe6, 0xe6, 0xe6, 0xe6, 0xe6, 0xe6,
    0xe6, 0xe6, 0xe6, 0xe6, 0xe2, 0xe2, 0xe2, 0xf5, 0xf5, 0xf5, 0x80, 0x80,
    0x80, 0x00, 0x00, 0x00, 0x11, 0x11, 0x11, 0x86, 0x86, 0x86, 0xb2, 0xb2,
    0xb2, 0xd7, 0xd7, 0xd7, 0xf0, 0xf0, 0xf0, 0xfb, 0xfb, 0xfb, 0xfe, 0xfe,
    0xfe, 0xff, 0xff, 0xff, 0xff, 0xff, 0xff, 0xff, 0xff, 0xff, 0xff, 0xff,
    0xff, 0xff, 0xff, 0xff, 0xff, 0xff, 0xff, 0xff, 0xff, 0xff, 0xff, 0xff,
    0xff, 0xff, 0xff, 0xff, 0xff, 0xff, 0xff, 0xff, 0xff, 0xff, 0xff, 0xff,
    0xff, 0xff, 0xff, 0xff, 0x00, 0x00, 0xff, 0xff, 0xff, 0xff, 0xff, 0xff,
    0xff, 0xff, 0xff, 0xff, 0xff, 0xff, 0xff, 0xff, 0xff, 0xff, 0xff, 0xff,
    0xff, 0xff, 0xff, 0xff, 0xff, 0xff, 0xff, 0xff, 0xff, 0xff, 0xff, 0xff,
    0xff, 0xff, 0xff, 0xff, 0xff, 0xff, 0xff, 0xff, 0xff, 0xfb, 0xfb, 0xfb,
    0xff, 0xff, 0xff, 0x62, 0x62, 0x62, 0x01, 0x01, 0x01, 0x2a, 0x2a, 0x2a,
    0xec, 0xec, 0xec, 0xe4, 0xe4, 0xe4, 0xe5, 0xe5, 0xe5, 0xe6, 0xe6, 0xe6,
    0xe6, 0xe6, 0xe6, 0xe6, 0xe6, 0xe6, 0xe6, 0xe6, 0xe6, 0xe6, 0xe6, 0xe6,
    0xe0, 0xe0, 0xe0, 0xf9, 0xf9, 0xf9, 0x52, 0x52, 0x52, 0x01, 0x01, 0x01,
    0x1d, 0x1d, 0x1d, 0x9f, 0x9f, 0x9f, 0xc1, 0xc1, 0xc1, 0xe2, 0xe2, 0xe2,
    0xf5, 0xf5, 0xf5, 0xfd, 0xfd, 0xfd, 0xff, 0xff, 0xff, 0xff, 0xff, 0xff,
    0xff, 0xff, 0xff, 0xff, 0xff, 0xff, 0xff, 0xff, 0xff, 0xff, 0xff, 0xff,
    0xff, 0xff, 0xff, 0xff, 0xff, 0xff, 0xff, 0xff, 0xff, 0xff, 0xff, 0xff,
    0xff, 0xff, 0xff, 0xff, 0xff, 0xff, 0xff, 0xff, 0xff, 0xff, 0xff, 0xff,
    0x00, 0x00, 0xff, 0xff, 0xff, 0xff, 0xff, 0xff, 0xff, 0xff, 0xff, 0xff,
    0xff, 0xff, 0xff, 0xff, 0xff, 0xff, 0xff, 0xff, 0xff, 0xff, 0xff, 0xff,
    0xff, 0xff, 0xff, 0xff, 0xff, 0xff, 0xff, 0xff, 0xff, 0xff, 0xff, 0xff,
    0xff, 0xff, 0xff, 0xff, 0xff, 0xfc, 0xfc, 0xfc, 0xff, 0xff, 0xff, 0xb5,
    0xb5, 0xb5, 0x02, 0x02, 0x02, 0x05, 0x05, 0x05, 0x89, 0x89, 0x89, 0xfe,
    0xfe, 0xfe, 0xe4, 0xe4, 0xe4, 0xe2, 0xe2, 0xe2, 0xe3, 0xe3, 0xe3, 0xe3,
    0xe3, 0xe3, 0xe2, 0xe2, 0xe2, 0xe2, 0xe2, 0xe2, 0xfb, 0xfb, 0xfb, 0xb4,
    0xb4, 0xb4, 0x0b, 0x0b, 0x0b, 0x02, 0x02, 0x02, 0x53, 0x53, 0x53, 0xc2,
    0xc2, 0xc2, 0xd4, 0xd4, 0xd4, 0xee, 0xee, 0xee, 0xfa, 0xfa, 0xfa, 0xfe,
    0xfe, 0xfe, 0xff, 0xff, 0xff, 0xff, 0xff, 0xff, 0xff, 0xff, 0xff, 0xff,
    0xff, 0xff, 0xff, 0xff, 0xff, 0xff, 0xff, 0xff, 0xff, 0xff, 0xff, 0xff,
    0xff, 0xff, 0xff, 0xff, 0xff, 0xff, 0xff, 0xff, 0xff, 0xff, 0xff, 0xff,
    0xff, 0xff, 0xff, 0xff, 0xff, 0xff, 0xff, 0xff, 0x00, 0x00, 0xff, 0xff,
    0xff, 0xff, 0xff, 0xff, 0xff, 0xff, 0xff, 0xff, 0xff, 0xff, 0xff, 0xff,
    0xff, 0xff, 0xff, 0xff, 0xff, 0xff, 0xff, 0xff, 0xff, 0xff, 0xff, 0xff,
    0xff, 0xff, 0xff, 0xff, 0xff, 0xff, 0xff, 0xff, 0xff, 0xff, 0xff, 0xff,
    0xff, 0xff, 0xff, 0xff, 0xfd, 0xfd, 0xfd, 0xfe, 0xfe, 0xfe, 0x50, 0x50,
    0x50, 0x02, 0x02, 0x02, 0x0a, 0x0a, 0x0a, 0x84, 0x84, 0x84, 0xe9, 0xe9,
    0xe9, 0xf6, 0xf6, 0xf6, 0xf5, 0xf5, 0xf5, 0xf5, 0xf5, 0xf5, 0xf6, 0xf6,
    0xf6, 0xf0, 0xf0, 0xf0, 0xa3, 0xa3, 0xa3, 0x17, 0x17, 0x17, 0x00, 0x00,
    0x00, 0x19, 0x19, 0x19, 0xb5, 0xb5, 0xb5, 0xd6, 0xd6, 0xd6, 0xe9, 0xe9,
    0xe9, 0xf7, 0xf7, 0xf7, 0xfd, 0xfd, 0xfd, 0xff, 0xff, 0xff, 0xff, 0xff,
    0xff, 0xff, 0xff, 0xff, 0xff, 0xff, 0xff, 0xff, 0xff, 0xff, 0xff, 0xff,
    0xff, 0xff, 0xff, 0xff, 0xff, 0xff, 0xff, 0xff, 0xff, 0xff, 0xff, 0xff,
    0xff, 0xff, 0xff, 0xff, 0xff, 0xff, 0xff, 0xff, 0xff, 0xff, 0xff, 0xff,
    0xff, 0xff, 0xff, 0xff, 0x00, 0x00, 0xff, 0xff, 0xff, 0xff, 0xff, 0xff,
    0xff, 0xff, 0xff, 0xff, 0xff, 0xff, 0xff, 0xff, 0xff, 0xff, 0xff, 0xff,
    0xff, 0xff, 0xff, 0xff, 0xff, 0xff, 0xff, 0xff, 0xff, 0xff, 0xff, 0xff,
    0xff, 0xff, 0xff, 0xff, 0xff, 0xff, 0xff, 0xff, 0xff, 0xff, 0xff, 0xff,
    0xfe, 0xfe, 0xfe, 0xfd, 0xfd, 0xfd, 0xf0, 0xf0, 0xf0, 0x43, 0x43, 0x43,
    0x00, 0x00, 0x00, 0x00, 0x00, 0x00, 0x2a, 0x2a, 0x2a, 0x70, 0x70, 0x70,
    0x95, 0x95, 0x95, 0x96, 0x96, 0x96, 0x7b, 0x7b, 0x7b, 0x39, 0x39, 0x39,
    0x00, 0x00, 0x00, 0x00, 0x00, 0x00, 0x1d, 0x1d, 0x1d, 0xb0, 0xb0, 0xb0,
    0xe3, 0xe3, 0xe3, 0xea, 0xea, 0xea, 0xf7, 0xf7, 0xf7, 0xfc, 0xfc, 0xfc,
    0xfe, 0xfe, 0xfe, 0xff, 0xff, 0xff, 0xff, 0xff, 0xff, 0xff, 0xff, 0xff,
    0xff, 0xff, 0xff, 0xff, 0xff, 0xff, 0xff, 0xff, 0xff, 0xff, 0xff, 0xff,
    0xff, 0xff, 0xff, 0xff, 0xff, 0xff, 0xff, 0xff, 0xff, 0xff, 0xff, 0xff,
    0xff, 0xff, 0xff, 0xff, 0xff, 0xff, 0xff, 0xff, 0xff, 0xff, 0xff, 0xff,
    0x00, 0x00, 0xff, 0xff, 0xff, 0xff, 0xff, 0xff, 0xff, 0xff, 0xff, 0xff,
    0xff, 0xff, 0xff, 0xff, 0xff, 0xff, 0xff, 0xff, 0xff, 0xff, 0xff, 0xff,
    0xff, 0xff, 0xff, 0xff, 0xff, 0xff, 0xff, 0xff, 0xff, 0xff, 0xff, 0xff,
    0xff, 0xff, 0xff, 0xff, 0xff, 0xff, 0xff, 0xff, 0xff, 0xff, 0xff, 0xfe,
    0xfe, 0xfe, 0xff, 0xff, 0xff, 0xfb, 0xfb, 0xfb, 0x85, 0x85, 0x85, 0x1c,
    0x1c, 0x1c, 0x00, 0x00, 0x00, 0x00, 0x00, 0x00, 0x00, 0x00, 0x00, 0x00,
    0x00, 0x00, 0x00, 0x00, 0x00, 0x00, 0x00, 0x00, 0x0c, 0x0c, 0x0c, 0x5f,
    0x5f, 0x5f, 0xd2, 0xd2, 0xd2, 0xf0, 0xf0, 0xf0, 0xf0, 0xf0, 0xf0, 0xfa,
    0xfa, 0xfa, 0xfd, 0xfd, 0xfd, 0xff, 0xff, 0xff, 0xff, 0xff, 0xff, 0xff,
    0xff, 0xff, 0xff, 0xff, 0xff, 0xff, 0xff, 0xff, 0xff, 0xff, 0xff, 0xff,
    0xff, 0xff, 0xff, 0xff, 0xff, 0xff, 0xff, 0xff, 0xff, 0xff, 0xff, 0xff,
    0xff, 0xff, 0xff, 0xff, 0xff, 0xff, 0xff, 0xff, 0xff, 0xff, 0xff, 0xff,
    0xff, 0xff, 0xff, 0xff, 0xff, 0xff, 0xff, 0xff, 0x00, 0x00, 0xff, 0xff,
    0xff, 0xff, 0xff, 0xff, 0xff, 0xff, 0xff, 0xff, 0xff, 0xff, 0xff, 0xff,
    0xff, 0xff, 0xff, 0xff, 0xff, 0xff, 0xff, 0xff, 0xff, 0xff, 0xff, 0xff,
    0xff, 0xff, 0xff, 0xff, 0xff, 0xff, 0xff, 0xff, 0xff, 0xff, 0xff, 0xff,
    0xff, 0xff, 0xff, 0xff, 0xff, 0xff, 0xff, 0xff, 0xff, 0xff, 0xfe, 0xfe,
    0xfe, 0xff, 0xff, 0xff, 0xff, 0xff, 0xff, 0xed, 0xed, 0xed, 0xad, 0xad,
    0xad, 0x78, 0x78, 0x78, 0x59, 0x59, 0x59, 0x55, 0x55, 0x55, 0x6c, 0x6c,
    0x6c, 0x99, 0x99, 0x99, 0xd5, 0xd5, 0xd5, 0xfd, 0xfd, 0xfd, 0xf9, 0xf9,
    0xf9, 0xf7, 0xf7, 0xf7, 0xfc, 0xfc, 0xfc, 0xfe, 0xfe, 0xfe, 0xff, 0xff,
    0xff, 0xff, 0xff, 0xff, 0xff, 0xff, 0xff, 0xff, 0xff, 0xff, 0xff, 0xff,
    0xff, 0xff, 0xff, 0xff, 0xff, 0xff, 0xff, 0xff, 0xff, 0xff, 0xff, 0xff,
    0xff, 0xff, 0xff, 0xff, 0xff, 0xff, 0xff, 0xff, 0xff, 0xff, 0xff, 0xff,
    0xff, 0xff, 0xff, 0xff, 0xff, 0xff, 0xff, 0xff, 0xff, 0xff, 0xff, 0xff,
    0xff, 0xff, 0xff, 0xff, 0x00, 0x00, 0xff, 0xff, 0xff, 0xff, 0xff, 0xff,
    0xff, 0xff, 0xff, 0xff, 0xff, 0xff, 0xff, 0xff, 0xff, 0xff, 0xff, 0xff,
    0xff, 0xff, 0xff, 0xff, 0xff, 0xff, 0xff, 0xff, 0xff, 0xff, 0xff, 0xff,
    0xff, 0xff, 0xff, 0xff, 0xff, 0xff, 0xff, 0xff, 0xff, 0xff, 0xff, 0xff,
    0xff, 0xff, 0xff, 0xff, 0xff, 0xff, 0xff, 0xff, 0xff, 0xff, 0xff, 0xff,
    0xfc, 0xfc, 0xfc, 0xff, 0xff, 0xff, 0xff, 0xff, 0xff, 0xff, 0xff, 0xff,
    0xff, 0xff, 0xff, 0xff, 0xff, 0xff, 0xff, 0xff, 0xff, 0xff, 0xff, 0xff,
    0xff, 0xff, 0xff, 0xfa, 0xfa, 0xfa, 0xfc, 0xfc, 0xfc, 0xfe, 0xfe, 0xfe,
    0xff, 0xff, 0xff, 0xff, 0xff, 0xff, 0xff, 0xff, 0xff, 0xff, 0xff, 0xff,
    0xff, 0xff, 0xff, 0xff, 0xff, 0xff, 0xff, 0xff, 0xff, 0xff, 0xff, 0xff,
    0xff, 0xff, 0xff, 0xff, 0xff, 0xff, 0xff, 0xff, 0xff, 0xff, 0xff, 0xff,
    0xff, 0xff, 0xff, 0xff, 0xff, 0xff, 0xff, 0xff, 0xff, 0xff, 0xff, 0xff,
    0xff, 0xff, 0xff, 0xff, 0xff, 0xff, 0xff, 0xff, 0xff, 0xff, 0xff, 0xff,
    0x00, 0x00, 0xff, 0xff, 0xff, 0xff, 0xff, 0xff, 0xff, 0xff, 0xff, 0xff,
    0xff, 0xff, 0xff, 0xff, 0xff, 0xff, 0xff, 0xff, 0xff, 0xff, 0xff, 0xff,
    0xff, 0xff, 0xff, 0xff, 0xff, 0xff, 0xff, 0xff, 0xff, 0xff, 0xff, 0xff,
    0xff, 0xff, 0xff, 0xff, 0xff, 0xff, 0xff, 0xff, 0xff, 0xff, 0xff, 0xff,
    0xff, 0xff, 0xff, 0xff, 0xff, 0xff, 0xff, 0xff, 0xff, 0xff, 0xff, 0xfe,
    0xfe, 0xfe, 0xfc, 0xfc, 0xfc, 0xfb, 0xfb, 0xfb, 0xfc, 0xfc, 0xfc, 0xfc,
    0xfc, 0xfc, 0xfb, 0xfb, 0xfb, 0xfb, 0xfb, 0xfb, 0xfd, 0xfd, 0xfd, 0xff,
    0xff, 0xff, 0xff, 0xff, 0xff, 0xff, 0xff, 0xff, 0xff, 0xff, 0xff, 0xff,
    0xff, 0xff, 0xff, 0xff, 0xff, 0xff, 0xff, 0xff, 0xff, 0xff, 0xff, 0xff,
    0xff, 0xff, 0xff, 0xff, 0xff, 0xff, 0xff, 0xff, 0xff, 0xff, 0xff, 0xff,
    0xff, 0xff, 0xff, 0xff, 0xff, 0xff, 0xff, 0xff, 0xff, 0xff, 0xff, 0xff,
    0xff, 0xff, 0xff, 0xff, 0xff, 0xff, 0xff, 0xff, 0xff, 0xff, 0xff, 0xff,
    0xff, 0xff, 0xff, 0xff, 0xff, 0xff, 0xff, 0xff, 0x00, 0x00
};
static const unsigned int white_pawn_bmp_len = 7654;

/* white_queen.bmp (7654 bytes) */
static const unsigned char white_queen_bmp[] = {
    0x42, 0x4d, 0xe6, 0x1d, 0x00, 0x00, 0x00, 0x00, 0x00, 0x00, 0x36, 0x00,
    0x00, 0x00, 0x28, 0x00, 0x00, 0x00, 0x32, 0x00, 0x00, 0x00, 0x32, 0x00,
    0x00, 0x00, 0x01, 0x00, 0x18, 0x00, 0x00, 0x00, 0x00, 0x00, 0xb0, 0x1d,
    0x00, 0x00, 0xc4, 0x0e, 0x00, 0x00, 0xc4, 0x0e, 0x00, 0x00, 0x00, 0x00,
    0x00, 0x00, 0x00, 0x00, 0x00, 0x00, 0xff, 0xff, 0xff, 0xff, 0xff, 0xff,
    0xff, 0xff, 0xff, 0xff, 0xff, 0xff, 0xff, 0xff, 0xff, 0xff, 0xff, 0xff,
    0xff, 0xff, 0xff, 0xff, 0xff, 0xff, 0xff, 0xff, 0xff, 0xff, 0xff, 0xff,
    0xff, 0xff, 0xff, 0xff, 0xff, 0xff, 0xff, 0xff, 0xff, 0xff, 0xff, 0xff,
    0xff, 0xff, 0xff, 0xff, 0xff, 0xff, 0xff, 0xff, 0xff, 0xff, 0xff, 0xff,
    0xff, 0xff, 0xff, 0xff, 0xff, 0xff, 0xff, 0xff, 0xff, 0xfe, 0xfe, 0xfe,
    0xfe, 0xfe, 0xfe, 0xfe, 0xfe, 0xfe, 0xfe, 0xfe, 0xfe, 0xfe, 0xfe, 0xfe,
    0xfe, 0xfe, 0xfe, 0xfe, 0xfe, 0xfe, 0xff, 0xff, 0xff, 0xff, 0xff, 0xff,
    0xff, 0xff, 0xff, 0xff, 0xff, 0xff, 0xff, 0xff, 0xff, 0xff, 0xff, 0xff,
    0xff, 0xff, 0xff, 0xff, 0xff, 0xff, 0xff, 0xff, 0xff, 0xff, 0xff, 0xff,
    0xff, 0xff, 0xff, 0xff, 0xff, 0xff, 0xff, 0xff, 0xff, 0xff, 0xff, 0xff,
    0xff, 0xff, 0xff, 0xff, 0xff, 0xff, 0xff, 0xff, 0xff, 0xff, 0xff, 0xff,
    0xff, 0xff, 0xff, 0xff, 0xff, 0xff, 0xff, 0xff, 0xff, 0xff, 0xff, 0xff,
    0x00, 0x00, 0xff, 0xff, 0xff, 0xff, 0xff, 0xff, 0xff, 0xff, 0xff, 0xff,
    0xff, 0xff, 0xff, 0xff, 0xff, 0xff, 0xff, 0xff, 0xff, 0xff, 0xff, 0xff,
    0xff, 0xff, 0xff, 0xff, 0xff, 0xff, 0xff, 0xff, 0xff, 0xff, 0xff, 0xfe,
    0xfe, 0xfe, 0xfe, 0xfe, 0xfe, 0xfd, 0xfd, 0xfd, 0xfd, 0xfd, 0xfd, 0xfc,
    0xfc, 0xfc, 0xfc, 0xfc, 0xfc, 0xfb, 0xfb, 0xfb, 0xfa, 0xfa, 0xfa, 0xfa,
    0xfa, 0xfa, 0xf9, 0xf9, 0xf9, 0xf8, 0xf8, 0xf8, 0xf8, 0xf8, 0xf8, 0xf8,
    0xf8, 0xf8, 0xf7, 0xf7, 0xf7, 0xf7, 0xf7, 0xf7, 0xf8, 0xf8, 0xf8, 0xf8,
    0xf8, 0xf8, 0xf8, 0xf8, 0xf8, 0xf9, 0xf9, 0xf9, 0xfa, 0xfa, 0xfa, 0xfa,
    0xfa, 0xfa, 0xfb, 0xfb, 0xfb, 0xfc, 0xfc, 0xfc, 0xfc, 0xfc, 0xfc, 0xfd,
    0xfd, 0xfd, 0xfd, 0xfd, 0xfd, 0xfe, 0xfe, 0xfe, 0xfe, 0xfe, 0xfe, 0xff,
    0xff, 0xff, 0xff, 0xff, 0xff, 0xff, 0xff, 0xff, 0xff, 0xff, 0xff, 0xff,
    0xff, 0xff, 0xff, 0xff, 0xff, 0xff, 0xff, 0xff, 0xff, 0xff, 0xff, 0xff,
    0xff, 0xff, 0xff, 0xff, 0xff, 0xff, 0xff, 0xff, 0x00, 0x00, 0xff, 0xff,
    0xff, 0xff, 0xff, 0xff, 0xff, 0xff, 0xff, 0xff, 0xff, 0xff, 0xff, 0xff,
    0xff, 0xff, 0xff, 0xff, 0xff, 0xff, 0xff, 0xff, 0xff, 0xff, 0xff, 0xff,
    0xff, 0xfe, 0xfe, 0xfe, 0xfb, 0xfb, 0xfb, 0xf7, 0xf7, 0xf7, 0xf3, 0xf3,
    0xf3, 0xf0, 0xf0, 0xf0, 0xed, 0xed, 0xed, 0xea, 0xea, 0xea, 0xe7, 0xe7,
    0xe7, 0xe4, 0xe4, 0xe4, 0xe1, 0xe1, 0xe1, 0xdf, 0xdf, 0xdf, 0xdd, 0xdd,
    0xdd, 0xdc, 0xdc, 0xdc, 0xda, 0xda, 0xda, 0xd9, 0xd9, 0xd9, 0xd8, 0xd8,
    0xd8, 0xd8, 0xd8, 0xd8, 0xd9, 0xd9, 0xd9, 0xda, 0xda, 0xda, 0xdc, 0xdc,
    0xdc, 0xde, 0xde, 0xde, 0xdf, 0xdf, 0xdf, 0xe2, 0xe2, 0xe2, 0xe5, 0xe5,
    0xe5, 0xe7, 0xe7, 0xe7, 0xea, 0xea, 0xea, 0xed, 0xed, 0xed, 0xf1, 0xf1,
    0xf1, 0xf3, 0xf3, 0xf3, 0xf7, 0xf7, 0xf7, 0xfb, 0xfb, 0xfb, 0xfe, 0xfe,
    0xfe, 0xff, 0xff, 0xff, 0xff, 0xff, 0xff, 0xff, 0xff, 0xff, 0xff, 0xff,
    0xff, 0xff, 0xff, 0xff, 0xff, 0xff, 0xff, 0xff, 0xff, 0xff, 0xff, 0xff,
    0xff, 0xff, 0xff, 0xff, 0x00, 0x00, 0xff, 0xff, 0xff, 0xff, 0xff, 0xff,
    0xff, 0xff, 0xff, 0xff, 0xff, 0xff, 0xff, 0xff, 0xff, 0xff, 0xff, 0xff,
    0xff, 0xff, 0xff, 0xff, 0xff, 0xff, 0xfe, 0xfe, 0xfe, 0xf7, 0xf7, 0xf7,
    0xe9, 0xe9, 0xe9, 0xda, 0xda, 0xda, 0xcf, 0xcf, 0xcf, 0xc8, 0xc8, 0xc8,
    0xc3, 0xc3, 0xc3, 0xbf, 0xbf, 0xbf, 0xbb, 0xbb, 0xbb, 0xb7, 0xb7, 0xb7,
    0xb5, 0xb5, 0xb5, 0xb2, 0xb2, 0xb2, 0xb0, 0xb0, 0xb0, 0xae, 0xae, 0xae,
    0xac, 0xac, 0xac, 0xaa, 0xaa, 0xaa, 0xa9, 0xa9, 0xa9, 0xa9, 0xa9, 0xa9,
    0xaa, 0xaa, 0xaa, 0xab, 0xab, 0xab, 0xae, 0xae, 0xae, 0xaf, 0xaf, 0xaf,
    0xb0, 0xb0, 0xb0, 0xb2, 0xb2, 0xb2, 0xb5, 0xb5, 0xb5, 0xb8, 0xb8, 0xb8,
    0xbd, 0xbd, 0xbd, 0xc2, 0xc2, 0xc2, 0xc8, 0xc8, 0xc8, 0xd0, 0xd0, 0xd0,
    0xdc, 0xdc, 0xdc, 0xed, 0xed, 0xed, 0xf9, 0xf9, 0xf9, 0xfe, 0xfe, 0xfe,
    0xff, 0xff, 0xff, 0xff, 0xff, 0xff, 0xff, 0xff, 0xff, 0xff, 0xff, 0xff,
    0xff, 0xff, 0xff, 0xff, 0xff, 0xff, 0xff, 0xff, 0xff, 0xff, 0xff, 0xff,
    0x00, 0x00, 0xff, 0xff, 0xff, 0xff, 0xff, 0xff, 0xff, 0xff, 0xff, 0xff,
    0xff, 0xff, 0xff, 0xff, 0xff, 0xff, 0xff, 0xff, 0xff, 0xff, 0xff, 0xff,
    0xff, 0xff, 0xfc, 0xfc, 0xfc, 0xf4, 0xf4, 0xf4, 0xd9, 0xd9, 0xd9, 0xb6,
    0xb6, 0xb6, 0xa2, 0xa2, 0xa2, 0x96, 0x96, 0x96, 0x8d, 0x8d, 0x8d, 0x84,
    0x84, 0x84, 0x7c, 0x7c, 0x7c, 0x75, 0x75, 0x75, 0x6e, 0x6e, 0x6e, 0x69,
    0x69, 0x69, 0x64, 0x64, 0x64, 0x61, 0x61, 0x61, 0x5e, 0x5e, 0x5e, 0x5c,
    0x5c, 0x5c, 0x5c, 0x5c, 0x5c, 0x5e, 0x5e, 0x5e, 0x60, 0x60, 0x60, 0x64,
    0x64, 0x64, 0x68, 0x68, 0x68, 0x6d, 0x6d, 0x6d, 0x72, 0x72, 0x72, 0x7a,
    0x7a, 0x7a, 0x7f, 0x7f, 0x7f, 0x86, 0x86, 0x86, 0x8d, 0x8d, 0x8d, 0x93,
    0x93, 0x93, 0x99, 0x99, 0x99, 0xa0, 0xa0, 0xa0, 0xaf, 0xaf, 0xaf, 0xd1,
    0xd1, 0xd1, 0xf0, 0xf0, 0xf0, 0xfd, 0xfd, 0xfd, 0xff, 0xff, 0xff, 0xff,
    0xff, 0xff, 0xff, 0xff, 0xff, 0xff, 0xff, 0xff, 0xff, 0xff, 0xff, 0xff,
    0xff, 0xff, 0xff, 0xff, 0xff, 0xff, 0xff, 0xff, 0x00, 0x00, 0xff, 0xff,
    0xff, 0xff, 0xff, 0xff, 0xff, 0xff, 0xff, 0xff, 0xff, 0xff, 0xff, 0xff,
    0xff, 0xff, 0xff, 0xff, 0xff, 0xff, 0xff, 0xfe, 0xfe, 0xfe, 0xfc, 0xfc,
    0xfc, 0xc5, 0xc5, 0xc5, 0x73, 0x73, 0x73, 0x45, 0x45, 0x45, 0x2b, 0x2b,
    0x2b, 0x1d, 0x1d, 0x1d, 0x12, 0x12, 0x12, 0x0b, 0x0b, 0x0b, 0x05, 0x05,
    0x05, 0x01, 0x01, 0x01, 0x00, 0x00, 0x00, 0x00, 0x00, 0x00, 0x00, 0x00,
    0x00, 0x00, 0x00, 0x00, 0x00, 0x00, 0x00, 0x00, 0x00, 0x00, 0x00, 0x00,
    0x00, 0x00, 0x00, 0x00, 0x00, 0x00, 0x00, 0x00, 0x00, 0x00, 0x00, 0x00,
    0x00, 0x00, 0x00, 0x00, 0x03, 0x03, 0x03, 0x08, 0x08, 0x08, 0x0e, 0x0e,
    0x0e, 0x16, 0x16, 0x16, 0x21, 0x21, 0x21, 0x2f, 0x2f, 0x2f, 0x40, 0x40,
    0x40, 0x54, 0x54, 0x54, 0x86, 0x86, 0x86, 0xb6, 0xb6, 0xb6, 0xe5, 0xe5,
    0xe5, 0xfb, 0xfb, 0xfb, 0xff, 0xff, 0xff, 0xff, 0xff, 0xff, 0xff, 0xff,
    0xff, 0xff, 0xff, 0xff, 0xff, 0xff, 0xff, 0xff, 0xff, 0xff, 0xff, 0xff,
    0xff, 0xff, 0xff, 0xff, 0x00, 0x00, 0xff, 0xff, 0xff, 0xff, 0xff, 0xff,
    0xff, 0xff, 0xff, 0xff, 0xff, 0xff, 0xff, 0xff, 0xff, 0xff, 0xff, 0xff,
    0xfe, 0xfe, 0xfe, 0xfe, 0xfe, 0xfe, 0xf9, 0xf9, 0xf9, 0x29, 0x29, 0x29,
    0x00, 0x00, 0x00, 0x00, 0x00, 0x00, 0x03, 0x03, 0x03, 0x11, 0x11, 0x11,
    0x20, 0x20, 0x20, 0x30, 0x30, 0x30, 0x3f, 0x3f, 0x3f, 0x4c, 0x4c, 0x4c,
    0x58, 0x58, 0x58, 0x63, 0x63, 0x63, 0x6b, 0x6b, 0x6b, 0x70, 0x70, 0x70,
    0x74, 0x74, 0x74, 0x76, 0x76, 0x76, 0x75, 0x75, 0x75, 0x72, 0x72, 0x72,
    0x6d, 0x6d, 0x6d, 0x67, 0x67, 0x67, 0x5c, 0x5c, 0x5c, 0x51, 0x51, 0x51,
    0x44, 0x44, 0x44, 0x36, 0x36, 0x36, 0x27, 0x27, 0x27, 0x17, 0x17, 0x17,
    0x08, 0x08, 0x08, 0x00, 0x00, 0x00, 0x00, 0x00, 0x00, 0x00, 0x00, 0x00,
    0x59, 0x59, 0x59, 0xad, 0xad, 0xad, 0xde, 0xde, 0xde, 0xfa, 0xfa, 0xfa,
    0xff, 0xff, 0xff, 0xff, 0xff, 0xff, 0xff, 0xff, 0xff, 0xff, 0xff, 0xff,
    0xff, 0xff, 0xff, 0xff, 0xff, 0xff, 0xff, 0xff, 0xff, 0xff, 0xff, 0xff,
    0x00, 0x00, 0xff, 0xff, 0xff, 0xff, 0xff, 0xff, 0xff, 0xff, 0xff, 0xff,
    0xff, 0xff, 0xff, 0xff, 0xff, 0xff, 0xff, 0xff, 0xfe, 0xfe, 0xfe, 0xff,
    0xff, 0xff, 0xf1, 0xf1, 0xf1, 0x18, 0x18, 0x18, 0x36, 0x36, 0x36, 0xb8,
    0xb8, 0xb8, 0xc5, 0xc5, 0xc5, 0xd7, 0xd7, 0xd7, 0xe3, 0xe3, 0xe3, 0xeb,
    0xeb, 0xeb, 0xf0, 0xf0, 0xf0, 0xf4, 0xf4, 0xf4, 0xf5, 0xf5, 0xf5, 0xf6,
    0xf6, 0xf6, 0xf7, 0xf7, 0xf7, 0xf7, 0xf7, 0xf7, 0xf7, 0xf7, 0xf7, 0xf7,
    0xf7, 0xf7, 0xf7, 0xf7, 0xf7, 0xf7, 0xf7, 0xf7, 0xf7, 0xf7, 0xf7, 0xf6,
    0xf6, 0xf6, 0xf6, 0xf6, 0xf6, 0xf4, 0xf4, 0xf4, 0xf2, 0xf2, 0xf2, 0xee,
    0xee, 0xee, 0xe7, 0xe7, 0xe7, 0xdd, 0xdd, 0xdd, 0xcd, 0xcd, 0xcd, 0xc1,
    0xc1, 0xc1, 0x7a, 0x7a, 0x7a, 0x01, 0x01, 0x01, 0x4c, 0x4c, 0x4c, 0xac,
    0xac, 0xac, 0xdc, 0xdc, 0xdc, 0xfa, 0xfa, 0xfa, 0xff, 0xff, 0xff, 0xff,
    0xff, 0xff, 0xff, 0xff, 0xff, 0xff, 0xff, 0xff, 0xff, 0xff, 0xff, 0xff,
    0xff, 0xff, 0xff, 0xff, 0xff, 0xff, 0xff, 0xff, 0x00, 0x00, 0xff, 0xff,
    0xff, 0xff, 0xff, 0xff, 0xff, 0xff, 0xff, 0xff, 0xff, 0xff, 0xff, 0xff,
    0xff, 0xff, 0xff, 0xff, 0xfe, 0xfe, 0xfe, 0xff, 0xff, 0xff, 0xf0, 0xf0,
    0xf0, 0x16, 0x16, 0x16, 0x59, 0x59, 0x59, 0xff, 0xff, 0xff, 0xea, 0xea,
    0xea, 0xea, 0xea, 0xea, 0xe7, 0xe7, 0xe7, 0xe5, 0xe5, 0xe5, 0xe4, 0xe4,
    0xe4, 0xe3, 0xe3, 0xe3, 0xe3, 0xe3, 0xe3, 0xe2, 0xe2, 0xe2, 0xe2, 0xe2,
    0xe2, 0xe2, 0xe2, 0xe2, 0xe2, 0xe2, 0xe2, 0xe2, 0xe2, 0xe2, 0xe2, 0xe2,
    0xe2, 0xe2, 0xe2, 0xe2, 0xe2, 0xe2, 0xe2, 0xe2, 0xe2, 0xe2, 0xe2, 0xe2,
    0xe2, 0xe3, 0xe3, 0xe3, 0xe3, 0xe3, 0xe3, 0xe4, 0xe4, 0xe4, 0xe6, 0xe6,
    0xe6, 0xe9, 0xe9, 0xe9, 0xe9, 0xe9, 0xe9, 0xfc, 0xfc, 0xfc, 0xbd, 0xbd,
    0xbd, 0x00, 0x00, 0x00, 0x4c, 0x4c, 0x4c, 0xb0, 0xb0, 0xb0, 0xdf, 0xdf,
    0xdf, 0xfb, 0xfb, 0xfb, 0xff, 0xff, 0xff, 0xff, 0xff, 0xff, 0xff, 0xff,
    0xff, 0xff, 0xff, 0xff, 0xff, 0xff, 0xff, 0xff, 0xff, 0xff, 0xff, 0xff,
    0xff, 0xff, 0xff, 0xff, 0x00, 0x00, 0xff, 0xff, 0xff, 0xff, 0xff, 0xff,
    0xff, 0xff, 0xff, 0xff, 0xff, 0xff, 0xff, 0xff, 0xff, 0xff, 0xff, 0xff,
    0xfe, 0xfe, 0xfe, 0xff, 0xff, 0xff, 0xf5, 0xf5, 0xf5, 0x1a, 0x1a, 0x1a,
    0x4c, 0x4c, 0x4c, 0xf0, 0xf0, 0xf0, 0xe1, 0xe1, 0xe1, 0xe5, 0xe5, 0xe5,
    0xe5, 0xe5, 0xe5, 0xe6, 0xe6, 0xe6, 0xe6, 0xe6, 0xe6, 0xe6, 0xe6, 0xe6,
    0xe6, 0xe6, 0xe6, 0xe6, 0xe6, 0xe6, 0xe6, 0xe6, 0xe6, 0xe6, 0xe6, 0xe6,
    0xe6, 0xe6, 0xe6, 0xe6, 0xe6, 0xe6, 0xe6, 0xe6, 0xe6, 0xe6, 0xe6, 0xe6,
    0xe6, 0xe6, 0xe6, 0xe6, 0xe6, 0xe6, 0xe6, 0xe6, 0xe6, 0xe6, 0xe6, 0xe6,
    0xe6, 0xe6, 0xe6, 0xe6, 0xe6, 0xe6, 0xe6, 0xe6, 0xe6, 0xe5, 0xe5, 0xe5,
    0xe2, 0xe2, 0xe2, 0xf0, 0xf0, 0xf0, 0xaa, 0xaa, 0xaa, 0x00, 0x00, 0x00,
    0x53, 0x53, 0x53, 0xb9, 0xb9, 0xb9, 0xe4, 0xe4, 0xe4, 0xfc, 0xfc, 0xfc,
    0xff, 0xff, 0xff, 0xff, 0xff, 0xff, 0xff, 0xff, 0xff, 0xff, 0xff, 0xff,
    0xff, 0xff, 0xff, 0xff, 0xff, 0xff, 0xff, 0xff, 0xff, 0xff, 0xff, 0xff,
    0x00, 0x00, 0xff, 0xff, 0xff, 0xff, 0xff, 0xff, 0xff, 0xff, 0xff, 0xff,
    0xff, 0xff, 0xff, 0xff, 0xff, 0xff, 0xff, 0xff, 0xff, 0xff, 0xff, 0xff,
    0xff, 0xff, 0xff, 0xff, 0xff, 0x2b, 0x2b, 0x2b, 0x36, 0x36, 0x36, 0xef,
    0xef, 0xef, 0xe0, 0xe0, 0xe0, 0xe3, 0xe3, 0xe3, 0xe3, 0xe3, 0xe3, 0xe4,
    0xe4, 0xe4, 0xe5, 0xe5, 0xe5, 0xe5, 0xe5, 0xe5, 0xe5, 0xe5, 0xe5, 0xe6,
    0xe6, 0xe6, 0xe6, 0xe6, 0xe6, 0xe6, 0xe6, 0xe6, 0xe6, 0xe6, 0xe6, 0xe6,
    0xe6, 0xe6, 0xe6, 0xe6, 0xe6, 0xe6, 0xe6, 0xe6, 0xe6, 0xe6, 0xe6, 0xe6,
    0xe6, 0xe6, 0xe5, 0xe5, 0xe5, 0xe5, 0xe5, 0xe5, 0xe5, 0xe5, 0xe5, 0xe4,
    0xe4, 0xe4, 0xe3, 0xe3, 0xe3, 0xe3, 0xe3, 0xe3, 0xdf, 0xdf, 0xdf, 0xf3,
    0xf3, 0xf3, 0x96, 0x96, 0x96, 0x00, 0x00, 0x00, 0x69, 0x69, 0x69, 0xc7,
    0xc7, 0xc7, 0xeb, 0xeb, 0xeb, 0xfd, 0xfd, 0xfd, 0xff, 0xff, 0xff, 0xff,
    0xff, 0xff, 0xff, 0xff, 0xff, 0xff, 0xff, 0xff, 0xff, 0xff, 0xff, 0xff,
    0xff, 0xff, 0xff, 0xff, 0xff, 0xff, 0xff, 0xff, 0x00, 0x00, 0xff, 0xff,
    0xff, 0xff, 0xff, 0xff, 0xff, 0xff, 0xff, 0xff, 0xff, 0xff, 0xff, 0xff,
    0xff, 0xff, 0xff, 0xff, 0xff, 0xff, 0xff, 0xfc, 0xfc, 0xfc, 0xff, 0xff,
    0xff, 0x54, 0x54, 0x54, 0x0e, 0x0e, 0x0e, 0xdb, 0xdb, 0xdb, 0xfd, 0xfd,
    0xfd, 0xf4, 0xf4, 0xf4, 0xf3, 0xf3, 0xf3, 0xef, 0xef, 0xef, 0xec, 0xec,
    0xec, 0xea, 0xea, 0xea, 0xe8, 0xe8, 0xe8, 0xe7, 0xe7, 0xe7, 0xe6, 0xe6,
    0xe6, 0xe5, 0xe5, 0xe5, 0xe5, 0xe5, 0xe5, 0xe5, 0xe5, 0xe5, 0xe5, 0xe5,
    0xe5, 0xe5, 0xe5, 0xe5, 0xe5, 0xe5, 0xe5, 0xe6, 0xe6, 0xe6, 0xe7, 0xe7,
    0xe7, 0xe9, 0xe9, 0xe9, 0xeb, 0xeb, 0xeb, 0xee, 0xee, 0xee, 0xf1, 0xf1,
    0xf1, 0xf5, 0xf5, 0xf5, 0xf4, 0xf4, 0xf4, 0xff, 0xff, 0xff, 0x58, 0x58,
    0x58, 0x01, 0x01, 0x01, 0x8f, 0x8f, 0x8f, 0xd7, 0xd7, 0xd7, 0xf4, 0xf4,
    0xf4, 0xfe, 0xfe, 0xfe, 0xff, 0xff, 0xff, 0xff, 0xff, 0xff, 0xff, 0xff,
    0xff, 0xff, 0xff, 0xff, 0xff, 0xff, 0xff, 0xff, 0xff, 0xff, 0xff, 0xff,
    0xff, 0xff, 0xff, 0xff, 0x00, 0x00, 0xff, 0xff, 0xff, 0xff, 0xff, 0xff,
    0xff, 0xff, 0xff, 0xff, 0xff, 0xff, 0xff, 0xff, 0xff, 0xff, 0xff, 0xff,
    0xff, 0xff, 0xff, 0xfc, 0xfc, 0xfc, 0xff, 0xff, 0xff, 0xab, 0xab, 0xab,
    0x00, 0x00, 0x00, 0x34, 0x34, 0x34, 0x70, 0x70, 0x70, 0x8e, 0x8e, 0x8e,
    0xaa, 0xaa, 0xaa, 0xbf, 0xbf, 0xbf, 0xcf, 0xcf, 0xcf, 0xda, 0xda, 0xda,
    0xe2, 0xe2, 0xe2, 0xe7, 0xe7, 0xe7, 0xeb, 0xeb, 0xeb, 0xed, 0xed, 0xed,
    0xee, 0xee, 0xee, 0xef, 0xef, 0xef, 0xef, 0xef, 0xef, 0xee, 0xee, 0xee,
    0xec, 0xec, 0xec, 0xe9, 0xe9, 0xe9, 0xe4, 0xe4, 0xe4, 0xde, 0xde, 0xde,
    0xd4, 0xd4, 0xd4, 0xc6, 0xc6, 0xc6, 0xb4, 0xb4, 0xb4, 0x9b, 0x9b, 0x9b,
    0x7d, 0x7d, 0x7d, 0x54, 0x54, 0x54, 0x07, 0x07, 0x07, 0x23, 0x23, 0x23,
    0xb6, 0xb6, 0xb6, 0xe3, 0xe3, 0xe3, 0xfa, 0xfa, 0xfa, 0xff, 0xff, 0xff,
    0xff, 0xff, 0xff, 0xff, 0xff, 0xff, 0xff, 0xff, 0xff, 0xff, 0xff, 0xff,
    0xff, 0xff, 0xff, 0xff, 0xff, 0xff, 0xff, 0xff, 0xff, 0xff, 0xff, 0xff,
    0x00, 0x00, 0xff, 0xff, 0xff, 0xff, 0xff, 0xff, 0xff, 0xff, 0xff, 0xff,
    0xff, 0xff, 0xff, 0xff, 0xff, 0xff, 0xff, 0xff, 0xff, 0xff, 0xff, 0xff,
    0xff, 0xff, 0xfd, 0xfd, 0xfd, 0xfc, 0xfc, 0xfc, 0x42, 0x42, 0x42, 0x00,
    0x00, 0x00, 0x03, 0x03, 0x03, 0x00, 0x00, 0x00, 0x00, 0x00, 0x00, 0x00,
    0x00, 0x00, 0x00, 0x00, 0x00, 0x04, 0x04, 0x04, 0x10, 0x10, 0x10, 0x1b,
    0x1b, 0x1b, 0x24, 0x24, 0x24, 0x2a, 0x2a, 0x2a, 0x2f, 0x2f, 0x2f, 0x31,
    0x31, 0x31, 0x30, 0x30, 0x30, 0x2c, 0x2c, 0x2c, 0x27, 0x27, 0x27, 0x1f,
    0x1f, 0x1f, 0x15, 0x15, 0x15, 0x0a, 0x0a, 0x0a, 0x00, 0x00, 0x00, 0x00,
    0x00, 0x00, 0x00, 0x00, 0x00, 0x00, 0x00, 0x00, 0x00, 0x00, 0x00, 0x01,
    0x01, 0x01, 0x03, 0x03, 0x03, 0x6d, 0x6d, 0x6d, 0xc3, 0xc3, 0xc3, 0xeb,
    0xeb, 0xeb, 0xfd, 0xfd, 0xfd, 0xff, 0xff, 0xff, 0xff, 0xff, 0xff, 0xff,
    0xff, 0xff, 0xff, 0xff, 0xff, 0xff, 0xff, 0xff, 0xff, 0xff, 0xff, 0xff,
    0xff, 0xff, 0xff, 0xff, 0xff, 0xff, 0xff, 0xff, 0x00, 0x00, 0xff, 0xff,
    0xff, 0xff, 0xff, 0xff, 0xff, 0xff, 0xff, 0xff, 0xff, 0xff, 0xff, 0xff,
    0xff, 0xff, 0xff, 0xff, 0xff, 0xff, 0xff, 0xff, 0xff, 0xff, 0xfb, 0xfb,
    0xfb, 0xff, 0xff, 0xff, 0x8c, 0x8c, 0x8c, 0x03, 0x03, 0x03, 0x8d, 0x8d,
    0x8d, 0x9f, 0x9f, 0x9f, 0x79, 0x79, 0x79, 0x60, 0x60, 0x60, 0x49, 0x49,
    0x49, 0x37, 0x37, 0x37, 0x28, 0x28, 0x28, 0x1d, 0x1d, 0x1d, 0x14, 0x14,
    0x14, 0x0e, 0x0e, 0x0e, 0x0b, 0x0b, 0x0b, 0x09, 0x09, 0x09, 0x0a, 0x0a,
    0x0a, 0x0d, 0x0d, 0x0d, 0x11, 0x11, 0x11, 0x19, 0x19, 0x19, 0x23, 0x23,
    0x23, 0x30, 0x30, 0x30, 0x41, 0x41, 0x41, 0x56, 0x56, 0x56, 0x6f, 0x6f,
    0x6f, 0x8a, 0x8a, 0x8a, 0xad, 0xad, 0xad, 0x2c, 0x2c, 0x2c, 0x12, 0x12,
    0x12, 0x84, 0x84, 0x84, 0xb8, 0xb8, 0xb8, 0xe8, 0xe8, 0xe8, 0xfb, 0xfb,
    0xfb, 0xff, 0xff, 0xff, 0xff, 0xff, 0xff, 0xff, 0xff, 0xff, 0xff, 0xff,
    0xff, 0xff, 0xff, 0xff, 0xff, 0xff, 0xff, 0xff, 0xff, 0xff, 0xff, 0xff,
    0xff, 0xff, 0xff, 0xff, 0x00, 0x00, 0xff, 0xff, 0xff, 0xff, 0xff, 0xff,
    0xff, 0xff, 0xff, 0xff, 0xff, 0xff, 0xff, 0xff, 0xff, 0xff, 0xff, 0xff,
    0xff, 0xff, 0xff, 0xff, 0xff, 0xff, 0xfa, 0xfa, 0xfa, 0xfe, 0xfe, 0xfe,
    0x9c, 0x9c, 0x9c, 0x00, 0x00, 0x00, 0xa5, 0xa5, 0xa5, 0xff, 0xff, 0xff,
    0xf0, 0xf0, 0xf0, 0xf3, 0xf3, 0xf3, 0xf0, 0xf0, 0xf0, 0xed, 0xed, 0xed,
    0xe9, 0xe9, 0xe9, 0xe5, 0xe5, 0xe5, 0xe1, 0xe1, 0xe1, 0xde, 0xde, 0xde,
    0xdc, 0xdc, 0xdc, 0xdb, 0xdb, 0xdb, 0xdb, 0xdb, 0xdb, 0xdd, 0xdd, 0xdd,
    0xe0, 0xe0, 0xe0, 0xe3, 0xe3, 0xe3, 0xe7, 0xe7, 0xe7, 0xeb, 0xeb, 0xeb,
    0xef, 0xef, 0xef, 0xf2, 0xf2, 0xf2, 0xf2, 0xf2, 0xf2, 0xf4, 0xf4, 0xf4,
    0xee, 0xee, 0xee, 0x1f, 0x1f, 0x1f, 0x1b, 0x1b, 0x1b, 0x7b, 0x7b, 0x7b,
    0xa1, 0xa1, 0xa1, 0xd6, 0xd6, 0xd6, 0xf4, 0xf4, 0xf4, 0xfd, 0xfd, 0xfd,
    0xff, 0xff, 0xff, 0xff, 0xff, 0xff, 0xff, 0xff, 0xff, 0xff, 0xff, 0xff,
    0xff, 0xff, 0xff, 0xff, 0xff, 0xff, 0xff, 0xff, 0xff, 0xff, 0xff, 0xff,
    0x00, 0x00, 0xff, 0xff, 0xff, 0xff, 0xff, 0xff, 0xff, 0xff, 0xff, 0xff,
    0xff, 0xff, 0xff, 0xff, 0xff, 0xff, 0xff, 0xff, 0xff, 0xff, 0xff, 0xfe,
    0xfe, 0xfe, 0xf5, 0xf5, 0xf5, 0xe8, 0xe8, 0xe8, 0x40, 0x40, 0x40, 0x08,
    0x08, 0x08, 0xc1, 0xc1, 0xc1, 0xfa, 0xfa, 0xfa, 0xf1, 0xf1, 0xf1, 0xf3,
    0xf3, 0xf3, 0xf3, 0xf3, 0xf3, 0xf3, 0xf3, 0xf3, 0xf3, 0xf3, 0xf3, 0xf4,
    0xf4, 0xf4, 0xf4, 0xf4, 0xf4, 0xf4, 0xf4, 0xf4, 0xf4, 0xf4, 0xf4, 0xf4,
    0xf4, 0xf4, 0xf4, 0xf4, 0xf4, 0xf4, 0xf4, 0xf4, 0xf4, 0xf4, 0xf4, 0xf4,
    0xf4, 0xf4, 0xf3, 0xf3, 0xf3, 0xf3, 0xf3, 0xf3, 0xf3, 0xf3, 0xf3, 0xf3,
    0xf3, 0xf3, 0xf3, 0xf3, 0xf3, 0xf0, 0xf0, 0xf0, 0xf6, 0xf6, 0xf6, 0x44,
    0x44, 0x44, 0x07, 0x07, 0x07, 0x5a, 0x5a, 0x5a, 0x8a, 0x8a, 0x8a, 0xb8,
    0xb8, 0xb8, 0xe3, 0xe3, 0xe3, 0xf8, 0xf8, 0xf8, 0xfe, 0xfe, 0xfe, 0xff,
    0xff, 0xff, 0xff, 0xff, 0xff, 0xff, 0xff, 0xff, 0xff, 0xff, 0xff, 0xff,
    0xff, 0xff, 0xff, 0xff, 0xff, 0xff, 0xff, 0xff, 0x00, 0x00, 0xff, 0xff,
    0xff, 0xff, 0xff, 0xff, 0xff, 0xff, 0xff, 0xff, 0xff, 0xff, 0xff, 0xff,
    0xff, 0xff, 0xff, 0xff, 0xff, 0xff, 0xff, 0xf6, 0xf6, 0xf6, 0xf4, 0xf4,
    0xf4, 0x8b, 0x8b, 0x8b, 0x00, 0x00, 0x00, 0x02, 0x02, 0x02, 0x2d, 0x2d,
    0x2d, 0x4b, 0x4b, 0x4b, 0x64, 0x64, 0x64, 0x78, 0x78, 0x78, 0x89, 0x89,
    0x89, 0x95, 0x95, 0x95, 0x9f, 0x9f, 0x9f, 0xa7, 0xa7, 0xa7, 0xad, 0xad,
    0xad, 0xb1, 0xb1, 0xb1, 0xb3, 0xb3, 0xb3, 0xb5, 0xb5, 0xb5, 0xb4, 0xb4,
    0xb4, 0xb2, 0xb2, 0xb2, 0xaf, 0xaf, 0xaf, 0xaa, 0xaa, 0xaa, 0xa3, 0xa3,
    0xa3, 0x9a, 0x9a, 0x9a, 0x8e, 0x8e, 0x8e, 0x80, 0x80, 0x80, 0x6d, 0x6d,
    0x6d, 0x55, 0x55, 0x55, 0x3d, 0x3d, 0x3d, 0x0e, 0x0e, 0x0e, 0x00, 0x00,
    0x00, 0x1d, 0x1d, 0x1d, 0x75, 0x75, 0x75, 0x94, 0x94, 0x94, 0xc5, 0xc5,
    0xc5, 0xe9, 0xe9, 0xe9, 0xfa, 0xfa, 0xfa, 0xff, 0xff, 0xff, 0xff, 0xff,
    0xff, 0xff, 0xff, 0xff, 0xff, 0xff, 0xff, 0xff, 0xff, 0xff, 0xff, 0xff,
    0xff, 0xff, 0xff, 0xff, 0x00, 0x00, 0xff, 0xff, 0xff, 0xff, 0xff, 0xff,
    0xff, 0xff, 0xff, 0xff, 0xff, 0xff, 0xff, 0xff, 0xff, 0xff, 0xff, 0xff,
    0xfb, 0xfb, 0xfb, 0xf5, 0xf5, 0xf5, 0xc3, 0xc3, 0xc3, 0x18, 0x18, 0x18,
    0x0b, 0x0b, 0x0b, 0x36, 0x36, 0x36, 0x0b, 0x0b, 0x0b, 0x00, 0x00, 0x00,
    0x00, 0x00, 0x00, 0x00, 0x00, 0x00, 0x00, 0x00, 0x00, 0x00, 0x00, 0x00,
    0x00, 0x00, 0x00, 0x00, 0x00, 0x00, 0x00, 0x00, 0x00, 0x00, 0x00, 0x00,
    0x00, 0x00, 0x00, 0x00, 0x00, 0x00, 0x00, 0x00, 0x00, 0x00, 0x00, 0x00,
    0x00, 0x00, 0x00, 0x00, 0x00, 0x00, 0x00, 0x00, 0x00, 0x00, 0x00, 0x00,
    0x00, 0x00, 0x00, 0x00, 0x00, 0x00, 0x00, 0x00, 0x00, 0x00, 0x00, 0x00,
    0x01, 0x01, 0x01, 0x26, 0x26, 0x26, 0x24, 0x24, 0x24, 0x00, 0x00, 0x00,
    0x3f, 0x3f, 0x3f, 0x7e, 0x7e, 0x7e, 0x9e, 0x9e, 0x9e, 0xcf, 0xcf, 0xcf,
    0xf1, 0xf1, 0xf1, 0xfd, 0xfd, 0xfd, 0xff, 0xff, 0xff, 0xff, 0xff, 0xff,
    0xff, 0xff, 0xff, 0xff, 0xff, 0xff, 0xff, 0xff, 0xff, 0xff, 0xff, 0xff,
    0x00, 0x00, 0xff, 0xff, 0xff, 0xff, 0xff, 0xff, 0xff, 0xff, 0xff, 0xff,
    0xff, 0xff, 0xff, 0xff, 0xff, 0xfe, 0xfe, 0xfe, 0xfb, 0xfb, 0xfb, 0xdd,
    0xdd, 0xdd, 0x2d, 0x2d, 0x2d, 0x00, 0x00, 0x00, 0x8e, 0x8e, 0x8e, 0xf9,
    0xf9, 0xf9, 0xdc, 0xdc, 0xdc, 0xce, 0xce, 0xce, 0xbd, 0xbd, 0xbd, 0xac,
    0xac, 0xac, 0x9e, 0x9e, 0x9e, 0x91, 0x91, 0x91, 0x87, 0x87, 0x87, 0x7e,
    0x7e, 0x7e, 0x77, 0x77, 0x77, 0x72, 0x72, 0x72, 0x6f, 0x6f, 0x6f, 0x6d,
    0x6d, 0x6d, 0x6e, 0x6e, 0x6e, 0x71, 0x71, 0x71, 0x75, 0x75, 0x75, 0x7b,
    0x7b, 0x7b, 0x83, 0x83, 0x83, 0x8d, 0x8d, 0x8d, 0x98, 0x98, 0x98, 0xa6,
    0xa6, 0xa6, 0xb6, 0xb6, 0xb6, 0xc6, 0xc6, 0xc6, 0xd7, 0xd7, 0xd7, 0xec,
    0xec, 0xec, 0xd9, 0xd9, 0xd9, 0x1a, 0x1a, 0x1a, 0x01, 0x01, 0x01, 0x4a,
    0x4a, 0x4a, 0x85, 0x85, 0x85, 0xb1, 0xb1, 0xb1, 0xe3, 0xe3, 0xe3, 0xfa,
    0xfa, 0xfa, 0xff, 0xff, 0xff, 0xff, 0xff, 0xff, 0xff, 0xff, 0xff, 0xff,
    0xff, 0xff, 0xff, 0xff, 0xff, 0xff, 0xff, 0xff, 0x00, 0x00, 0xff, 0xff,
    0xff, 0xff, 0xff, 0xff, 0xff, 0xff, 0xff, 0xff, 0xff, 0xff, 0xff, 0xff,
    0xff, 0xfc, 0xfc, 0xfc, 0xfe, 0xfe, 0xfe, 0x57, 0x57, 0x57, 0x00, 0x00,
    0x00, 0x6b, 0x6b, 0x6b, 0xf1, 0xf1, 0xf1, 0xe0, 0xe0, 0xe0, 0xe6, 0xe6,
    0xe6, 0xeb, 0xeb, 0xeb, 0xef, 0xef, 0xef, 0xf2, 0xf2, 0xf2, 0xf4, 0xf4,
    0xf4, 0xf6, 0xf6, 0xf6, 0xf6, 0xf6, 0xf6, 0xf7, 0xf7, 0xf7, 0xf7, 0xf7,
    0xf7, 0xf7, 0xf7, 0xf7, 0xf7, 0xf7, 0xf7, 0xf7, 0xf7, 0xf7, 0xf7, 0xf7,
    0xf7, 0xf7, 0xf7, 0xf7, 0xf7, 0xf7, 0xf7, 0xf7, 0xf7, 0xf7, 0xf7, 0xf7,
    0xf7, 0xf6, 0xf6, 0xf6, 0xf5, 0xf5, 0xf5, 0xf3, 0xf3, 0xf3, 0xf0, 0xf0,
    0xf0, 0xed, 0xed, 0xed, 0xe8, 0xe8, 0xe8, 0xe0, 0xe0, 0xe0, 0xed, 0xed,
    0xed, 0xba, 0xba, 0xba, 0x0e, 0x0e, 0x0e, 0x06, 0x06, 0x06, 0x65, 0x65,
    0x65, 0xa0, 0xa0, 0xa0, 0xd5, 0xd5, 0xd5, 0xf7, 0xf7, 0xf7, 0xff, 0xff,
    0xff, 0xff, 0xff, 0xff, 0xff, 0xff, 0xff, 0xff, 0xff, 0xff, 0xff, 0xff,
    0xff, 0xff, 0xff, 0xff, 0x00, 0x00, 0xff, 0xff, 0xff, 0xff, 0xff, 0xff,
    0xff, 0xff, 0xff, 0xff, 0xff, 0xff, 0xfe, 0xfe, 0xfe, 0xff, 0xff, 0xff,
    0xd8, 0xd8, 0xd8, 0x03, 0x03, 0x03, 0x4d, 0x4d, 0x4d, 0xff, 0xff, 0xff,
    0xf5, 0xf5, 0xf5, 0xf4, 0xf4, 0xf4, 0xf0, 0xf0, 0xf0, 0xeb, 0xeb, 0xeb,
    0xe7, 0xe7, 0xe7, 0xe4, 0xe4, 0xe4, 0xe2, 0xe2, 0xe2, 0xe0, 0xe0, 0xe0,
    0xdf, 0xdf, 0xdf, 0xdf, 0xdf, 0xdf, 0xdf, 0xdf, 0xdf, 0xde, 0xde, 0xde,
    0xde, 0xde, 0xde, 0xde, 0xde, 0xde, 0xde, 0xde, 0xde, 0xde, 0xde, 0xde,
    0xde, 0xde, 0xde, 0xdf, 0xdf, 0xdf, 0xdf, 0xdf, 0xdf, 0xe0, 0xe0, 0xe0,
    0xe1, 0xe1, 0xe1, 0xe3, 0xe3, 0xe3, 0xe6, 0xe6, 0xe6, 0xe9, 0xe9, 0xe9,
    0xee, 0xee, 0xee, 0xf3, 0xf3, 0xf3, 0xf1, 0xf1, 0xf1, 0xff, 0xff, 0xff,
    0xad, 0xad, 0xad, 0x02, 0x02, 0x02, 0x37, 0x37, 0x37, 0x97, 0x97, 0x97,
    0xcb, 0xcb, 0xcb, 0xf4, 0xf4, 0xf4, 0xfe, 0xfe, 0xfe, 0xff, 0xff, 0xff,
    0xff, 0xff, 0xff, 0xff, 0xff, 0xff, 0xff, 0xff, 0xff, 0xff, 0xff, 0xff,
    0x00, 0x00, 0xff, 0xff, 0xff, 0xff, 0xff, 0xff, 0xff, 0xff, 0xff, 0xff,
    0xff, 0xff, 0xfc, 0xfc, 0xfc, 0xff, 0xff, 0xff, 0xb3, 0xb3, 0xb3, 0x00,
    0x00, 0x00, 0x23, 0x23, 0x23, 0x56, 0x56, 0x56, 0x79, 0x79, 0x79, 0x9c,
    0x9c, 0x9c, 0xb5, 0xb5, 0xb5, 0xca, 0xca, 0xca, 0xdb, 0xdb, 0xdb, 0xe7,
    0xe7, 0xe7, 0xee, 0xee, 0xee, 0xf2, 0xf2, 0xf2, 0xf5, 0xf5, 0xf5, 0xf6,
    0xf6, 0xf6, 0xf6, 0xf6, 0xf6, 0xf7, 0xf7, 0xf7, 0xf7, 0xf7, 0xf7, 0xf7,
    0xf7, 0xf7, 0xf7, 0xf7, 0xf7, 0xf7, 0xf7, 0xf7, 0xf7, 0xf7, 0xf7, 0xf6,
    0xf6, 0xf6, 0xf5, 0xf5, 0xf5, 0xf3, 0xf3, 0xf3, 0xef, 0xef, 0xef, 0xea,
    0xea, 0xea, 0xe0, 0xe0, 0xe0, 0xd1, 0xd1, 0xd1, 0xbe, 0xbe, 0xbe, 0xa8,
    0xa8, 0xa8, 0x8a, 0x8a, 0x8a, 0x65, 0x65, 0x65, 0x41, 0x41, 0x41, 0x02,
    0x02, 0x02, 0x22, 0x22, 0x22, 0x8e, 0x8e, 0x8e, 0xc3, 0xc3, 0xc3, 0xf0,
    0xf0, 0xf0, 0xfe, 0xfe, 0xfe, 0xff, 0xff, 0xff, 0xff, 0xff, 0xff, 0xff,
    0xff, 0xff, 0xff, 0xff, 0xff, 0xff, 0xff, 0xff, 0x00, 0x00, 0xff, 0xff,
    0xff, 0xff, 0xff, 0xff, 0xff, 0xff, 0xff, 0xff, 0xff, 0xff, 0xfc, 0xfc,
    0xfc, 0xff, 0xff, 0xff, 0x97, 0x97, 0x97, 0x00, 0x00, 0x00, 0x0b, 0x0b,
    0x0b, 0x00, 0x00, 0x00, 0x00, 0x00, 0x00, 0x00, 0x00, 0x00, 0x00, 0x00,
    0x00, 0x05, 0x05, 0x05, 0x0c, 0x0c, 0x0c, 0x1a, 0x1a, 0x1a, 0x2d, 0x2d,
    0x2d, 0x3e, 0x3e, 0x3e, 0x4c, 0x4c, 0x4c, 0x59, 0x59, 0x59, 0x63, 0x63,
    0x63, 0x6a, 0x6a, 0x6a, 0x6f, 0x6f, 0x6f, 0x72, 0x72, 0x72, 0x71, 0x71,
    0x71, 0x6d, 0x6d, 0x6d, 0x66, 0x66, 0x66, 0x5e, 0x5e, 0x5e, 0x53, 0x53,
    0x53, 0x47, 0x47, 0x47, 0x37, 0x37, 0x37, 0x26, 0x26, 0x26, 0x14, 0x14,
    0x14, 0x0a, 0x0a, 0x0a, 0x00, 0x00, 0x00, 0x00, 0x00, 0x00, 0x00, 0x00,
    0x00, 0x00, 0x00, 0x00, 0x01, 0x01, 0x01, 0x04, 0x04, 0x04, 0x16, 0x16,
    0x16, 0x83, 0x83, 0x83, 0xbb, 0xbb, 0xbb, 0xeb, 0xeb, 0xeb, 0xfd, 0xfd,
    0xfd, 0xff, 0xff, 0xff, 0xff, 0xff, 0xff, 0xff, 0xff, 0xff, 0xff, 0xff,
    0xff, 0xff, 0xff, 0xff, 0x00, 0x00, 0xff, 0xff, 0xff, 0xff, 0xff, 0xff,
    0xff, 0xff, 0xff, 0xff, 0xff, 0xff, 0xfb, 0xfb, 0xfb, 0xff, 0xff, 0xff,
    0x70, 0x70, 0x70, 0x04, 0x04, 0x04, 0xc1, 0xc1, 0xc1, 0xcd, 0xcd, 0xcd,
    0xa6, 0xa6, 0xa6, 0x8f, 0x8f, 0x8f, 0x1f, 0x1f, 0x1f, 0x00, 0x00, 0x00,
    0x1f, 0x1f, 0x1f, 0x20, 0x20, 0x20, 0x0c, 0x0c, 0x0c, 0x00, 0x00, 0x00,
    0x00, 0x00, 0x00, 0x00, 0x00, 0x00, 0x00, 0x00, 0x00, 0x00, 0x00, 0x00,
    0x00, 0x00, 0x00, 0x00, 0x00, 0x00, 0x00, 0x00, 0x00, 0x00, 0x00, 0x00,
    0x00, 0x00, 0x00, 0x00, 0x00, 0x00, 0x00, 0x00, 0x00, 0x00, 0x00, 0x00,
    0x00, 0x00, 0x00, 0x06, 0x06, 0x06, 0x14, 0x14, 0x14, 0x03, 0x03, 0x03,
    0x00, 0x00, 0x00, 0x4e, 0x4e, 0x4e, 0x83, 0x83, 0x83, 0xa0, 0xa0, 0xa0,
    0xd4, 0xd4, 0xd4, 0x46, 0x46, 0x46, 0x09, 0x09, 0x09, 0x78, 0x78, 0x78,
    0xb3, 0xb3, 0xb3, 0xe5, 0xe5, 0xe5, 0xfc, 0xfc, 0xfc, 0xff, 0xff, 0xff,
    0xff, 0xff, 0xff, 0xff, 0xff, 0xff, 0xff, 0xff, 0xff, 0xff, 0xff, 0xff,
    0x00, 0x00, 0xff, 0xff, 0xff, 0xff, 0xff, 0xff, 0xff, 0xff, 0xff, 0xff,
    0xff, 0xff, 0xfc, 0xfc, 0xfc, 0xff, 0xff, 0xff, 0x4c, 0x4c, 0x4c, 0x17,
    0x17, 0x17, 0xe2, 0xe2, 0xe2, 0xee, 0xee, 0xee, 0xfd, 0xfd, 0xfd, 0xc8,
    0xc8, 0xc8, 0x0e, 0x0e, 0x0e, 0x01, 0x01, 0x01, 0xa0, 0xa0, 0xa0, 0xf6,
    0xf6, 0xf6, 0xdb, 0xdb, 0xdb, 0xd9, 0xd9, 0xd9, 0xbf, 0xbf, 0xbf, 0x0f,
    0x0f, 0x0f, 0x06, 0x06, 0x06, 0xa4, 0xa4, 0xa4, 0xb8, 0xb8, 0xb8, 0xaf,
    0xaf, 0xaf, 0xae, 0xae, 0xae, 0xbd, 0xbd, 0xbd, 0x45, 0x45, 0x45, 0x04,
    0x04, 0x04, 0x6f, 0x6f, 0x6f, 0xd3, 0xd3, 0xd3, 0xcb, 0xcb, 0xcb, 0xd8,
    0xd8, 0xd8, 0xdd, 0xdd, 0xdd, 0x22, 0x22, 0x22, 0x00, 0x00, 0x00, 0x6a,
    0x6a, 0x6a, 0xff, 0xff, 0xff, 0xec, 0xec, 0xec, 0xff, 0xff, 0xff, 0x6d,
    0x6d, 0x6d, 0x01, 0x01, 0x01, 0x69, 0x69, 0x69, 0xab, 0xab, 0xab, 0xdf,
    0xdf, 0xdf, 0xfa, 0xfa, 0xfa, 0xff, 0xff, 0xff, 0xff, 0xff, 0xff, 0xff,
    0xff, 0xff, 0xff, 0xff, 0xff, 0xff, 0xff, 0xff, 0x00, 0x00, 0xff, 0xff,
    0xff, 0xff, 0xff, 0xff, 0xff, 0xff, 0xff, 0xff, 0xff, 0xff, 0xfe, 0xfe,
    0xfe, 0xfb, 0xfb, 0xfb, 0x2c, 0x2c, 0x2c, 0x32, 0x32, 0x32, 0xec, 0xec,
    0xec, 0xe1, 0xe1, 0xe1, 0xeb, 0xeb, 0xeb, 0x32, 0x32, 0x32, 0x00, 0x00,
    0x00, 0x00, 0x00, 0x00, 0x99, 0x99, 0x99, 0xf4, 0xf4, 0xf4, 0xe2, 0xe2,
    0xe2, 0xfa, 0xfa, 0xfa, 0x9d, 0x9d, 0x9d, 0x01, 0x01, 0x01, 0x00, 0x00,
    0x00, 0xb7, 0xb7, 0xb7, 0xfe, 0xfe, 0xfe, 0xef, 0xef, 0xef, 0xf1, 0xf1,
    0xf1, 0xf7, 0xf7, 0xf7, 0x35, 0x35, 0x35, 0x00, 0x00, 0x00, 0x3b, 0x3b,
    0x3b, 0xf6, 0xf6, 0xf6, 0xea, 0xea, 0xea, 0xeb, 0xeb, 0xeb, 0xe4, 0xe4,
    0xe4, 0x1e, 0x1e, 0x1e, 0x00, 0x00, 0x00, 0x00, 0x00, 0x00, 0xb2, 0xb2,
    0xb2, 0xeb, 0xeb, 0xeb, 0xf1, 0xf1, 0xf1, 0x8f, 0x8f, 0x8f, 0x00, 0x00,
    0x00, 0x57, 0x57, 0x57, 0xa4, 0xa4, 0xa4, 0xd7, 0xd7, 0xd7, 0xf8, 0xf8,
    0xf8, 0xff, 0xff, 0xff, 0xff, 0xff, 0xff, 0xff, 0xff, 0xff, 0xff, 0xff,
    0xff, 0xff, 0xff, 0xff, 0x00, 0x00, 0xff, 0xff, 0xff, 0xff, 0xff, 0xff,
    0xff, 0xff, 0xff, 0xfe, 0xfe, 0xfe, 0xff, 0xff, 0xff, 0xe8, 0xe8, 0xe8,
    0x11, 0x11, 0x11, 0x53, 0x53, 0x53, 0xf1, 0xf1, 0xf1, 0xf2, 0xf2, 0xf2,
    0x92, 0x92, 0x92, 0x00, 0x00, 0x00, 0x1d, 0x1d, 0x1d, 0x02, 0x02, 0x02,
    0x9a, 0x9a, 0x9a, 0xf4, 0xf4, 0xf4, 0xdf, 0xdf, 0xdf, 0xf1, 0xf1, 0xf1,
    0x42, 0x42, 0x42, 0x00, 0x00, 0x00, 0x00, 0x00, 0x00, 0x82, 0x82, 0x82,
    0xf4, 0xf4, 0xf4, 0xdf, 0xdf, 0xdf, 0xe7, 0xe7, 0xe7, 0xd3, 0xd3, 0xd3,
    0x0e, 0x0e, 0x0e, 0x00, 0x00, 0x00, 0x01, 0x01, 0x01, 0xb9, 0xb9, 0xb9,
    0xed, 0xed, 0xed, 0xe4, 0xe4, 0xe4, 0xe1, 0xe1, 0xe1, 0x1e, 0x1e, 0x1e,
    0x10, 0x10, 0x10, 0x06, 0x06, 0x06, 0x35, 0x35, 0x35, 0xeb, 0xeb, 0xeb,
    0xf0, 0xf0, 0xf0, 0xb1, 0xb1, 0xb1, 0x00, 0x00, 0x00, 0x42, 0x42, 0x42,
    0x9c, 0x9c, 0x9c, 0xcf, 0xcf, 0xcf, 0xf5, 0xf5, 0xf5, 0xfe, 0xfe, 0xfe,
    0xff, 0xff, 0xff, 0xff, 0xff, 0xff, 0xff, 0xff, 0xff, 0xff, 0xff, 0xff,
    0x00, 0x00, 0xff, 0xff, 0xff, 0xff, 0xff, 0xff, 0xff, 0xff, 0xff, 0xfd,
    0xfd, 0xfd, 0xff, 0xff, 0xff, 0xce, 0xce, 0xce, 0x01, 0x01, 0x01, 0x74,
    0x74, 0x74, 0xf9, 0xf9, 0xf9, 0xda, 0xda, 0xda, 0x1a, 0x1a, 0x1a, 0x17,
    0x17, 0x17, 0x6f, 0x6f, 0x6f, 0x00, 0x00, 0x00, 0x9a, 0x9a, 0x9a, 0xf3,
    0xf3, 0xf3, 0xe9, 0xe9, 0xe9, 0xcc, 0xcc, 0xcc, 0x08, 0x08, 0x08, 0x21,
    0x21, 0x21, 0x0d, 0x0d, 0x0d, 0x5a, 0x5a, 0x5a, 0xf6, 0xf6, 0xf6, 0xe0,
    0xe0, 0xe0, 0xf0, 0xf0, 0xf0, 0xb7, 0xb7, 0xb7, 0x00, 0x00, 0x00, 0x29,
    0x29, 0x29, 0x06, 0x06, 0x06, 0x6a, 0x6a, 0x6a, 0xf6, 0xf6, 0xf6, 0xe4,
    0xe4, 0xe4, 0xe3, 0xe3, 0xe3, 0x1e, 0x1e, 0x1e, 0x2d, 0x2d, 0x2d, 0x44,
    0x44, 0x44, 0x00, 0x00, 0x00, 0x92, 0x92, 0x92, 0xfc, 0xfc, 0xfc, 0xc9,
    0xc9, 0xc9, 0x06, 0x06, 0x06, 0x2f, 0x2f, 0x2f, 0x95, 0x95, 0x95, 0xc7,
    0xc7, 0xc7, 0xf2, 0xf2, 0xf2, 0xfe, 0xfe, 0xfe, 0xff, 0xff, 0xff, 0xff,
    0xff, 0xff, 0xff, 0xff, 0xff, 0xff, 0xff, 0xff, 0x00, 0x00, 0xff, 0xff,
    0xff, 0xff, 0xff, 0xff, 0xff, 0xff, 0xff, 0xfc, 0xfc, 0xfc, 0xff, 0xff,
    0xff, 0xac, 0xac, 0xac, 0x00, 0x00, 0x00, 0x96, 0x96, 0x96, 0xff, 0xff,
    0xff, 0x68, 0x68, 0x68, 0x00, 0x00, 0x00, 0x72, 0x72, 0x72, 0x95, 0x95,
    0x95, 0x00, 0x00, 0x00, 0x9c, 0x9c, 0x9c, 0xf1, 0xf1, 0xf1, 0xf3, 0xf3,
    0xf3, 0x84, 0x84, 0x84, 0x00, 0x00, 0x00, 0x6c, 0x6c, 0x6c, 0x25, 0x25,
    0x25, 0x33, 0x33, 0x33, 0xed, 0xed, 0xed, 0xe1, 0xe1, 0xe1, 0xf5, 0xf5,
    0xf5, 0x91, 0x91, 0x91, 0x00, 0x00, 0x00, 0x69, 0x69, 0x69, 0x25, 0x25,
    0x25, 0x1c, 0x1c, 0x1c, 0xe2, 0xe2, 0xe2, 0xe9, 0xe9, 0xe9, 0xe2, 0xe2,
    0xe2, 0x1e, 0x1e, 0x1e, 0x24, 0x24, 0x24, 0x93, 0x93, 0x93, 0x13, 0x13,
    0x13, 0x19, 0x19, 0x19, 0xdf, 0xdf, 0xdf, 0xe3, 0xe3, 0xe3, 0x1b, 0x1b,
    0x1b, 0x1e, 0x1e, 0x1e, 0x8b, 0x8b, 0x8b, 0xbe, 0xbe, 0xbe, 0xee, 0xee,
    0xee, 0xfd, 0xfd, 0xfd, 0xff, 0xff, 0xff, 0xff, 0xff, 0xff, 0xff, 0xff,
    0xff, 0xff, 0xff, 0xff, 0x00, 0x00, 0xff, 0xff, 0xff, 0xff, 0xff, 0xff,
    0xff, 0xff, 0xff, 0xfb, 0xfb, 0xfb, 0xff, 0xff, 0xff, 0x85, 0x85, 0x85,
    0x00, 0x00, 0x00, 0xc4, 0xc4, 0xc4, 0xd0, 0xd0, 0xd0, 0x06, 0x06, 0x06,
    0x20, 0x20, 0x20, 0xc8, 0xc8, 0xc8, 0x9d, 0x9d, 0x9d, 0x00, 0x00, 0x00,
    0x9c, 0x9c, 0x9c, 0xf3, 0xf3, 0xf3, 0xea, 0xea, 0xea, 0x33, 0x33, 0x33,
    0x0a, 0x0a, 0x0a, 0xa9, 0xa9, 0xa9, 0x43, 0x43, 0x43, 0x13, 0x13, 0x13,
    0xdc, 0xdc, 0xdc, 0xe5, 0xe5, 0xe5, 0xf6, 0xf6, 0xf6, 0x67, 0x67, 0x67,
    0x00, 0x00, 0x00, 0x8b, 0x8b, 0x8b, 0x69, 0x69, 0x69, 0x00, 0x00, 0x00,
    0xa4, 0xa4, 0xa4, 0xf5, 0xf5, 0xf5, 0xe0, 0xe0, 0xe0, 0x1e, 0x1e, 0x1e,
    0x1f, 0x1f, 0x1f, 0xa9, 0xa9, 0xa9, 0x7c, 0x7c, 0x7c, 0x00, 0x00, 0x00,
    0x69, 0x69, 0x69, 0xff, 0xff, 0xff, 0x34, 0x34, 0x34, 0x10, 0x10, 0x10,
    0x80, 0x80, 0x80, 0xb6, 0xb6, 0xb6, 0xe9, 0xe9, 0xe9, 0xfc, 0xfc, 0xfc,
    0xff, 0xff, 0xff, 0xff, 0xff, 0xff, 0xff, 0xff, 0xff, 0xff, 0xff, 0xff,
    0x00, 0x00, 0xff, 0xff, 0xff, 0xff, 0xff, 0xff, 0xff, 0xff, 0xff, 0xfb,
    0xfb, 0xfb, 0xff, 0xff, 0xff, 0x5f, 0x5f, 0x5f, 0x09, 0x09, 0x09, 0xe1,
    0xe1, 0xe1, 0x4b, 0x4b, 0x4b, 0x00, 0x00, 0x00, 0x82, 0x82, 0x82, 0xe8,
    0xe8, 0xe8, 0xa7, 0xa7, 0xa7, 0x00, 0x00, 0x00, 0x9a, 0x9a, 0x9a, 0xfc,
    0xfc, 0xfc, 0xbd, 0xbd, 0xbd, 0x02, 0x02, 0x02, 0x37, 0x37, 0x37, 0xcd,
    0xcd, 0xcd, 0x6f, 0x6f, 0x6f, 0x01, 0x01, 0x01, 0xbf, 0xbf, 0xbf, 0xed,
    0xed, 0xed, 0xee, 0xee, 0xee, 0x3e, 0x3e, 0x3e, 0x0c, 0x0c, 0x0c, 0x99,
    0x99, 0x99, 0xb6, 0xb6, 0xb6, 0x0a, 0x0a, 0x0a, 0x4d, 0x4d, 0x4d, 0xf5,
    0xf5, 0xf5, 0xdf, 0xdf, 0xdf, 0x1e, 0x1e, 0x1e, 0x22, 0x22, 0x22, 0x99,
    0x99, 0x99, 0xd6, 0xd6, 0xd6, 0x36, 0x36, 0x36, 0x05, 0x05, 0x05, 0xd5,
    0xd5, 0xd5, 0x62, 0x62, 0x62, 0x05, 0x05, 0x05, 0x72, 0x72, 0x72, 0xae,
    0xae, 0xae, 0xe1, 0xe1, 0xe1, 0xfa, 0xfa, 0xfa, 0xff, 0xff, 0xff, 0xff,
    0xff, 0xff, 0xff, 0xff, 0xff, 0xff, 0xff, 0xff, 0x00, 0x00, 0xff, 0xff,
    0xff, 0xff, 0xff, 0xff, 0xfe, 0xfe, 0xfe, 0xfa, 0xfa, 0xfa, 0xfb, 0xfb,
    0xfb, 0x3a, 0x3a, 0x3a, 0x32, 0x32, 0x32, 0xa7, 0xa7, 0xa7, 0x00, 0x00,
    0x00, 0x3b, 0x3b, 0x3b, 0xc7, 0xc7, 0xc7, 0xf5, 0xf5, 0xf5, 0xaf, 0xaf,
    0xaf, 0x00, 0x00, 0x00, 0x98, 0x98, 0x98, 0xff, 0xff, 0xff, 0x6e, 0x6e,
    0x6e, 0x00, 0x00, 0x00, 0x74, 0x74, 0x74, 0xdd, 0xdd, 0xdd, 0xa3, 0xa3,
    0xa3, 0x00, 0x00, 0x00, 0x98, 0x98, 0x98, 0xf7, 0xf7, 0xf7, 0xde, 0xde,
    0xde, 0x1b, 0x1b, 0x1b, 0x22, 0x22, 0x22, 0xa1, 0xa1, 0xa1, 0xe3, 0xe3,
    0xe3, 0x48, 0x48, 0x48, 0x0c, 0x0c, 0x0c, 0xd5, 0xd5, 0xd5, 0xe8, 0xe8,
    0xe8, 0x1c, 0x1c, 0x1c, 0x22, 0x22, 0x22, 0x98, 0x98, 0x98, 0xdb, 0xdb,
    0xdb, 0xbf, 0xbf, 0xbf, 0x01, 0x01, 0x01, 0x58, 0x58, 0x58, 0x89, 0x89,
    0x89, 0x00, 0x00, 0x00, 0x61, 0x61, 0x61, 0xa2, 0xa2, 0xa2, 0xd3, 0xd3,
    0xd3, 0xf3, 0xf3, 0xf3, 0xfc, 0xfc, 0xfc, 0xfe, 0xfe, 0xfe, 0xff, 0xff,
    0xff, 0xff, 0xff, 0xff, 0x00, 0x00, 0xff, 0xff, 0xff, 0xff, 0xff, 0xff,
    0xfb, 0xfb, 0xfb, 0xf0, 0xf0, 0xf0, 0xd6, 0xd6, 0xd6, 0x1a, 0x1a, 0x1a,
    0x3e, 0x3e, 0x3e, 0x31, 0x31, 0x31, 0x09, 0x09, 0x09, 0x9c, 0x9c, 0x9c,
    0xdc, 0xdc, 0xdc, 0xff, 0xff, 0xff, 0xb2, 0xb2, 0xb2, 0x00, 0x00, 0x00,
    0x9c, 0x9c, 0x9c, 0xf4, 0xf4, 0xf4, 0x1f, 0x1f, 0x1f, 0x14, 0x14, 0x14,
    0xa4, 0xa4, 0xa4, 0xe3, 0xe3, 0xe3, 0xd2, 0xd2, 0xd2, 0x03, 0x03, 0x03,
    0x6b, 0x6b, 0x6b, 0xfe, 0xfe, 0xfe, 0xc3, 0xc3, 0xc3, 0x03, 0x03, 0x03,
    0x3a, 0x3a, 0x3a, 0xad, 0xad, 0xad, 0xed, 0xed, 0xed, 0xa8, 0xa8, 0xa8,
    0x00, 0x00, 0x00, 0x8b, 0x8b, 0x8b, 0xf3, 0xf3, 0xf3, 0x1a, 0x1a, 0x1a,
    0x22, 0x22, 0x22, 0x9b, 0x9b, 0x9b, 0xcb, 0xcb, 0xcb, 0xff, 0xff, 0xff,
    0x5f, 0x5f, 0x5f, 0x04, 0x04, 0x04, 0x5d, 0x5d, 0x5d, 0x03, 0x03, 0x03,
    0x4b, 0x4b, 0x4b, 0x8e, 0x8e, 0x8e, 0xb4, 0xb4, 0xb4, 0xdb, 0xdb, 0xdb,
    0xf1, 0xf1, 0xf1, 0xfc, 0xfc, 0xfc, 0xff, 0xff, 0xff, 0xff, 0xff, 0xff,
    0x00, 0x00, 0xff, 0xff, 0xff, 0xfe, 0xfe, 0xfe, 0xf2, 0xf2, 0xf2, 0xe7,
    0xe7, 0xe7, 0xa4, 0xa4, 0xa4, 0x05, 0x05, 0x05, 0x0a, 0x0a, 0x0a, 0x00,
    0x00, 0x00, 0x4c, 0x4c, 0x4c, 0xc5, 0xc5, 0xc5, 0xe5, 0xe5, 0xe5, 0xff,
    0xff, 0xff, 0xb2, 0xb2, 0xb2, 0x00, 0x00, 0x00, 0xa7, 0xa7, 0xa7, 0xbf,
    0xbf, 0xbf, 0x00, 0x00, 0x00, 0x48, 0x48, 0x48, 0xc1, 0xc1, 0xc1, 0xe9,
    0xe9, 0xe9, 0xf4, 0xf4, 0xf4, 0x1c, 0x1c, 0x1c, 0x41, 0x41, 0x41, 0xff,
    0xff, 0xff, 0xa2, 0xa2, 0xa2, 0x00, 0x00, 0x00, 0x55, 0x55, 0x55, 0xba,
    0xba, 0xba, 0xe8, 0xe8, 0xe8, 0xf2, 0xf2, 0xf2, 0x18, 0x18, 0x18, 0x34,
    0x34, 0x34, 0xeb, 0xeb, 0xeb, 0x1c, 0x1c, 0x1c, 0x22, 0x22, 0x22, 0x9b,
    0x9b, 0x9b, 0xcd, 0xcd, 0xcd, 0xf9, 0xf9, 0xf9, 0xe4, 0xe4, 0xe4, 0x0e,
    0x0e, 0x0e, 0x07, 0x07, 0x07, 0x03, 0x03, 0x03, 0x37, 0x37, 0x37, 0x7e,
    0x7e, 0x7e, 0x8d, 0x8d, 0x8d, 0xb2, 0xb2, 0xb2, 0xda, 0xda, 0xda, 0xf5,
    0xf5, 0xf5, 0xfe, 0xfe, 0xfe, 0xff, 0xff, 0xff, 0x00, 0x00, 0xff, 0xff,
    0xff, 0xfb, 0xfb, 0xfb, 0xef, 0xef, 0xef, 0x7f, 0x7f, 0x7f, 0x21, 0x21,
    0x21, 0x02, 0x02, 0x02, 0x00, 0x00, 0x00, 0x15, 0x15, 0x15, 0x84, 0x84,
    0x84, 0xbe, 0xbe, 0xbe, 0xe9, 0xe9, 0xe9, 0xff, 0xff, 0xff, 0xb2, 0xb2,
    0xb2, 0x00, 0x00, 0x00, 0xad, 0xad, 0xad, 0x6d, 0x6d, 0x6d, 0x01, 0x01,
    0x01, 0x83, 0x83, 0x83, 0xd2, 0xd2, 0xd2, 0xf0, 0xf0, 0xf0, 0xff, 0xff,
    0xff, 0x40, 0x40, 0x40, 0x1c, 0x1c, 0x1c, 0xf6, 0xf6, 0xf6, 0x7b, 0x7b,
    0x7b, 0x00, 0x00, 0x00, 0x72, 0x72, 0x72, 0xc4, 0xc4, 0xc4, 0xe8, 0xe8,
    0xe8, 0xff, 0xff, 0xff, 0x6b, 0x6b, 0x6b, 0x03, 0x03, 0x03, 0xbe, 0xbe,
    0xbe, 0x27, 0x27, 0x27, 0x22, 0x22, 0x22, 0x9a, 0x9a, 0x9a, 0xce, 0xce,
    0xce, 0xf1, 0xf1, 0xf1, 0xff, 0xff, 0xff, 0x8a, 0x8a, 0x8a, 0x00, 0x00,
    0x00, 0x02, 0x02, 0x02, 0x09, 0x09, 0x09, 0x2e, 0x2e, 0x2e, 0x67, 0x67,
    0x67, 0x8f, 0x8f, 0x8f, 0xbd, 0xbd, 0xbd, 0xea, 0xea, 0xea, 0xfc, 0xfc,
    0xfc, 0xff, 0xff, 0xff, 0x00, 0x00, 0xfc, 0xfc, 0xfc, 0xff, 0xff, 0xff,
    0x87, 0x87, 0x87, 0x00, 0x00, 0x00, 0x0a, 0x0a, 0x0a, 0x13, 0x13, 0x13,
    0x00, 0x00, 0x00, 0x26, 0x26, 0x26, 0x84, 0x84, 0x84, 0xb5, 0xb5, 0xb5,
    0xe6, 0xe6, 0xe6, 0xff, 0xff, 0xff, 0xb1, 0xb1, 0xb1, 0x00, 0x00, 0x00,
    0x95, 0x95, 0x95, 0x24, 0x24, 0x24, 0x1e, 0x1e, 0x1e, 0xad, 0xad, 0xad,
    0xde, 0xde, 0xde, 0xf5, 0xf5, 0xf5, 0xff, 0xff, 0xff, 0x6c, 0x6c, 0x6c,
    0x04, 0x04, 0x04, 0xdd, 0xdd, 0xdd, 0x56, 0x56, 0x56, 0x07, 0x07, 0x07,
    0x89, 0x89, 0x89, 0xcc, 0xcc, 0xcc, 0xef, 0xef, 0xef, 0xff, 0xff, 0xff,
    0xc9, 0xc9, 0xc9, 0x00, 0x00, 0x00, 0x69, 0x69, 0x69, 0x2f, 0x2f, 0x2f,
    0x22, 0x22, 0x22, 0x97, 0x97, 0x97, 0xc8, 0xc8, 0xc8, 0xee, 0xee, 0xee,
    0xff, 0xff, 0xff, 0xb7, 0xb7, 0xb7, 0x02, 0x02, 0x02, 0x03, 0x03, 0x03,
    0x17, 0x17, 0x17, 0x00, 0x00, 0x00, 0x14, 0x14, 0x14, 0x76, 0x76, 0x76,
    0xaa, 0xaa, 0xaa, 0xdf, 0xdf, 0xdf, 0xfa, 0xfa, 0xfa, 0xff, 0xff, 0xff,
    0x00, 0x00, 0xff, 0xff, 0xff, 0xf2, 0xf2, 0xf2, 0x17, 0x17, 0x17, 0x25,
    0x25, 0x25, 0xce, 0xce, 0xce, 0xde, 0xde, 0xde, 0x3c, 0x3c, 0x3c, 0x01,
    0x01, 0x01, 0x6f, 0x6f, 0x6f, 0xb8, 0xb8, 0xb8, 0xe4, 0xe4, 0xe4, 0xff,
    0xff, 0xff, 0xa9, 0xa9, 0xa9, 0x01, 0x01, 0x01, 0x52, 0x52, 0x52, 0x02,
    0x02, 0x02, 0x52, 0x52, 0x52, 0xc4, 0xc4, 0xc4, 0xe9, 0xe9, 0xe9, 0xf9,
    0xf9, 0xf9, 0xff, 0xff, 0xff, 0x9c, 0x9c, 0x9c, 0x00, 0x00, 0x00, 0xb0,
    0xb0, 0xb0, 0x36, 0x36, 0x36, 0x19, 0x19, 0x19, 0x9c, 0x9c, 0x9c, 0xd3,
    0xd3, 0xd3, 0xf6, 0xf6, 0xf6, 0xfd, 0xfd, 0xfd, 0xfd, 0xfd, 0xfd, 0x2e,
    0x2e, 0x2e, 0x18, 0x18, 0x18, 0x17, 0x17, 0x17, 0x21, 0x21, 0x21, 0x88,
    0x88, 0x88, 0xb3, 0xb3, 0xb3, 0xdd, 0xdd, 0xdd, 0xfd, 0xfd, 0xfd, 0x4c,
    0x4c, 0x4c, 0x0a, 0x0a, 0x0a, 0xa8, 0xa8, 0xa8, 0xed, 0xed, 0xed, 0x6b,
    0x6b, 0x6b, 0x00, 0x00, 0x00, 0x4e, 0x4e, 0x4e, 0xac, 0xac, 0xac, 0xdb,
    0xdb, 0xdb, 0xfa, 0xfa, 0xfa, 0xff, 0xff, 0xff, 0x00, 0x00, 0xff, 0xff,
    0xff, 0xda, 0xda, 0xda, 0x01, 0x01, 0x01, 0x76, 0x76, 0x76, 0xfa, 0xfa,
    0xfa, 0xf4, 0xf4, 0xf4, 0xa2, 0xa2, 0xa2, 0x01, 0x01, 0x01, 0x69, 0x69,
    0x69, 0xc7, 0xc7, 0xc7, 0xe5, 0xe5, 0xe5, 0xf8, 0xf8, 0xf8, 0x9d, 0x9d,
    0x9d, 0x01, 0x01, 0x01, 0x09, 0x09, 0x09, 0x03, 0x03, 0x03, 0x7d, 0x7d,
    0x7d, 0xc6, 0xc6, 0xc6, 0xee, 0xee, 0xee, 0xfb, 0xfb, 0xfb, 0xff, 0xff,
    0xff, 0xc7, 0xc7, 0xc7, 0x00, 0x00, 0x00, 0x70, 0x70, 0x70, 0x1d, 0x1d,
    0x1d, 0x2e, 0x2e, 0x2e, 0xa8, 0xa8, 0xa8, 0xd8, 0xd8, 0xd8, 0xf8, 0xf8,
    0xf8, 0xfb, 0xfb, 0xfb, 0xff, 0xff, 0xff, 0x84, 0x84, 0x84, 0x00, 0x00,
    0x00, 0x00, 0x00, 0x00, 0x21, 0x21, 0x21, 0x7b, 0x7b, 0x7b, 0x91, 0x91,
    0x91, 0xc1, 0xc1, 0xc1, 0xe7, 0xe7, 0xe7, 0x26, 0x26, 0x26, 0x3b, 0x3b,
    0x3b, 0xf9, 0xf9, 0xf9, 0xeb, 0xeb, 0xeb, 0xd5, 0xd5, 0xd5, 0x06, 0x06,
    0x06, 0x3f, 0x3f, 0x3f, 0xbb, 0xbb, 0xbb, 0xe1, 0xe1, 0xe1, 0xfb, 0xfb,
    0xfb, 0xff, 0xff, 0xff, 0x00, 0x00, 0xff, 0xff, 0xff, 0xed, 0xed, 0xed,
    0x0a, 0x0a, 0x0a, 0x43, 0x43, 0x43, 0xf0, 0xf0, 0xf0, 0xfb, 0xfb, 0xfb,
    0x66, 0x66, 0x66, 0x00, 0x00, 0x00, 0x8b, 0x8b, 0x8b, 0xdb, 0xdb, 0xdb,
    0xe9, 0xe9, 0xe9, 0xed, 0xed, 0xed, 0x7a, 0x7a, 0x7a, 0x04, 0x04, 0x04,
    0x01, 0x01, 0x01, 0x24, 0x24, 0x24, 0x87, 0x87, 0x87, 0xb8, 0xb8, 0xb8,
    0xe8, 0xe8, 0xe8, 0xfb, 0xfb, 0xfb, 0xff, 0xff, 0xff, 0xe1, 0xe1, 0xe1,
    0x0c, 0x0c, 0x0c, 0x20, 0x20, 0x20, 0x08, 0x08, 0x08, 0x42, 0x42, 0x42,
    0xa4, 0xa4, 0xa4, 0xd3, 0xd3, 0xd3, 0xf5, 0xf5, 0xf5, 0xfc, 0xfc, 0xfc,
    0xff, 0xff, 0xff, 0xc1, 0xc1, 0xc1, 0x05, 0x05, 0x05, 0x01, 0x01, 0x01,
    0x08, 0x08, 0x08, 0x3a, 0x3a, 0x3a, 0x77, 0x77, 0x77, 0x9c, 0x9c, 0x9c,
    0xdb, 0xdb, 0xdb, 0x37, 0x37, 0x37, 0x1b, 0x1b, 0x1b, 0xd7, 0xd7, 0xd7,
    0xff, 0xff, 0xff, 0x9c, 0x9c, 0x9c, 0x01, 0x01, 0x01, 0x5e, 0x5e, 0x5e,
    0xd6, 0xd6, 0xd6, 0xec, 0xec, 0xec, 0xfd, 0xfd, 0xfd, 0xff, 0xff, 0xff,
    0x00, 0x00, 0xfc, 0xfc, 0xfc, 0xff, 0xff, 0xff, 0x65, 0x65, 0x65, 0x00,
    0x00, 0x00, 0x3a, 0x3a, 0x3a, 0x48, 0x48, 0x48, 0x00, 0x00, 0x00, 0x2d,
    0x2d, 0x2d, 0xd4, 0xd4, 0xd4, 0xe9, 0xe9, 0xe9, 0xf5, 0xf5, 0xf5, 0x71,
    0x71, 0x71, 0x07, 0x07, 0x07, 0x03, 0x03, 0x03, 0x00, 0x00, 0x00, 0x26,
    0x26, 0x26, 0x7a, 0x7a, 0x7a, 0xa5, 0xa5, 0xa5, 0xdc, 0xdc, 0xdc, 0xf8,
    0xf8, 0xf8, 0xf9, 0xf9, 0xf9, 0xef, 0xef, 0xef, 0x2d, 0x2d, 0x2d, 0x00,
    0x00, 0x00, 0x00, 0x00, 0x00, 0x54, 0x54, 0x54, 0x90, 0x90, 0x90, 0xbf,
    0xbf, 0xbf, 0xea, 0xea, 0xea, 0xfa, 0xfa, 0xfa, 0xfc, 0xfc, 0xfc, 0x50,
    0x50, 0x50, 0x00, 0x00, 0x00, 0x22, 0x22, 0x22, 0x15, 0x15, 0x15, 0x00,
    0x00, 0x00, 0x3b, 0x3b, 0x3b, 0x8c, 0x8c, 0x8c, 0xd0, 0xd0, 0xd0, 0x96,
    0x96, 0x96, 0x00, 0x00, 0x00, 0x22, 0x22, 0x22, 0x55, 0x55, 0x55, 0x08,
    0x08, 0x08, 0x09, 0x09, 0x09, 0xb9, 0xb9, 0xb9, 0xea, 0xea, 0xea, 0xf8,
    0xf8, 0xf8, 0xfe, 0xfe, 0xfe, 0xff, 0xff, 0xff, 0x00, 0x00, 0xfe, 0xfe,
    0xfe, 0xfd, 0xfd, 0xfd, 0xf3, 0xf3, 0xf3, 0x5d, 0x5d, 0x5d, 0x0a, 0x0a,
    0x0a, 0x05, 0x05, 0x05, 0x40, 0x40, 0x40, 0xcf, 0xcf, 0xcf, 0xf2, 0xf2,
    0xf2, 0xfc, 0xfc, 0xfc, 0xb2, 0xb2, 0xb2, 0x00, 0x00, 0x00, 0x23, 0x23,
    0x23, 0x7a, 0x7a, 0x7a, 0x2a, 0x2a, 0x2a, 0x00, 0x00, 0x00, 0x4e, 0x4e,
    0x4e, 0xa0, 0xa0, 0xa0, 0xd3, 0xd3, 0xd3, 0xf4, 0xf4, 0xf4, 0xfc, 0xfc,
    0xfc, 0xc2, 0xc2, 0xc2, 0x1e, 0x1e, 0x1e, 0x02, 0x02, 0x02, 0x01, 0x01,
    0x01, 0x3b, 0x3b, 0x3b, 0x7b, 0x7b, 0x7b, 0xa4, 0xa4, 0xa4, 0xd7, 0xd7,
    0xd7, 0xff, 0xff, 0xff, 0xce, 0xce, 0xce, 0x00, 0x00, 0x00, 0x4d, 0x4d,
    0x4d, 0xeb, 0xeb, 0xeb, 0xd6, 0xd6, 0xd6, 0x29, 0x29, 0x29, 0x0a, 0x0a,
    0x0a, 0x84, 0x84, 0x84, 0xc0, 0xc0, 0xc0, 0xf6, 0xf6, 0xf6, 0x84, 0x84,
    0x84, 0x14, 0x14, 0x14, 0x05, 0x05, 0x05, 0x28, 0x28, 0x28, 0xae, 0xae,
    0xae, 0xf6, 0xf6, 0xf6, 0xf6, 0xf6, 0xf6, 0xfe, 0xfe, 0xfe, 0xff, 0xff,
    0xff, 0xff, 0xff, 0xff, 0x00, 0x00, 0xff, 0xff, 0xff, 0xff, 0xff, 0xff,
    0xff, 0xff, 0xff, 0xff, 0xff, 0xff, 0xe3, 0xe3, 0xe3, 0xdb, 0xdb, 0xdb,
    0xfd, 0xfd, 0xfd, 0xff, 0xff, 0xff, 0xf7, 0xf7, 0xf7, 0xff, 0xff, 0xff,
    0x60, 0x60, 0x60, 0x0b, 0x0b, 0x0b, 0xc8, 0xc8, 0xc8, 0xff, 0xff, 0xff,
    0xcf, 0xcf, 0xcf, 0x0f, 0x0f, 0x0f, 0x29, 0x29, 0x29, 0xa4, 0xa4, 0xa4,
    0xd4, 0xd4, 0xd4, 0xf8, 0xf8, 0xf8, 0xeb, 0xeb, 0xeb, 0x22, 0x22, 0x22,
    0x00, 0x00, 0x00, 0x31, 0x31, 0x31, 0x11, 0x11, 0x11, 0x00, 0x00, 0x00,
    0x4c, 0x4c, 0x4c, 0x98, 0x98, 0x98, 0xc8, 0xc8, 0xc8, 0xff, 0xff, 0xff,
    0xad, 0xad, 0xad, 0x02, 0x02, 0x02, 0xa9, 0xa9, 0xa9, 0xf2, 0xf2, 0xf2,
    0xfa, 0xfa, 0xfa, 0x73, 0x73, 0x73, 0x01, 0x01, 0x01, 0x87, 0x87, 0x87,
    0xcf, 0xcf, 0xcf, 0xf0, 0xf0, 0xf0, 0xff, 0xff, 0xff, 0xec, 0xec, 0xec,
    0xd9, 0xd9, 0xd9, 0xf5, 0xf5, 0xf5, 0xff, 0xff, 0xff, 0xfa, 0xfa, 0xfa,
    0xfe, 0xfe, 0xfe, 0xff, 0xff, 0xff, 0xff, 0xff, 0xff, 0xff, 0xff, 0xff,
    0x00, 0x00, 0xff, 0xff, 0xff, 0xff, 0xff, 0xff, 0xfe, 0xfe, 0xfe, 0xfd,
    0xfd, 0xfd, 0xff, 0xff, 0xff, 0xff, 0xff, 0xff, 0xfe, 0xfe, 0xfe, 0xfd,
    0xfd, 0xfd, 0xfc, 0xfc, 0xfc, 0xff, 0xff, 0xff, 0x53, 0x53, 0x53, 0x16,
    0x16, 0x16, 0xe7, 0xe7, 0xe7, 0xef, 0xef, 0xef, 0xeb, 0xeb, 0xeb, 0x1e,
    0x1e, 0x1e, 0x28, 0x28, 0x28, 0xb9, 0xb9, 0xb9, 0xdd, 0xdd, 0xdd, 0xff,
    0xff, 0xff, 0xa1, 0xa1, 0xa1, 0x00, 0x00, 0x00, 0x79, 0x79, 0x79, 0xfa,
    0xfa, 0xfa, 0xc3, 0xc3, 0xc3, 0x14, 0x14, 0x14, 0x1a, 0x1a, 0x1a, 0x94,
    0x94, 0x94, 0xc8, 0xc8, 0xc8, 0xfd, 0xfd, 0xfd, 0xcc, 0xcc, 0xcc, 0x00,
    0x00, 0x00, 0x60, 0x60, 0x60, 0xf7, 0xf7, 0xf7, 0xe6, 0xe6, 0xe6, 0x36,
    0x36, 0x36, 0x09, 0x09, 0x09, 0xad, 0xad, 0xad, 0xe1, 0xe1, 0xe1, 0xf7,
    0xf7, 0xf7, 0xfc, 0xfc, 0xfc, 0xff, 0xff, 0xff, 0xff, 0xff, 0xff, 0xff,
    0xff, 0xff, 0xfc, 0xfc, 0xfc, 0xff, 0xff, 0xff, 0xff, 0xff, 0xff, 0xff,
    0xff, 0xff, 0xff, 0xff, 0xff, 0xff, 0xff, 0xff, 0x00, 0x00, 0xff, 0xff,
    0xff, 0xff, 0xff, 0xff, 0xff, 0xff, 0xff, 0xff, 0xff, 0xff, 0xfd, 0xfd,
    0xfd, 0xfd, 0xfd, 0xfd, 0xff, 0xff, 0xff, 0xff, 0xff, 0xff, 0xfb, 0xfb,
    0xfb, 0xff, 0xff, 0xff, 0x90, 0x90, 0x90, 0x00, 0x00, 0x00, 0x6f, 0x6f,
    0x6f, 0xdb, 0xdb, 0xdb, 0x78, 0x78, 0x78, 0x00, 0x00, 0x00, 0x5b, 0x5b,
    0x5b, 0xdc, 0xdc, 0xdc, 0xe9, 0xe9, 0xe9, 0xff, 0xff, 0xff, 0x7d, 0x7d,
    0x7d, 0x04, 0x04, 0x04, 0xd2, 0xd2, 0xd2, 0xea, 0xea, 0xea, 0xfa, 0xfa,
    0xfa, 0x46, 0x46, 0x46, 0x0f, 0x0f, 0x0f, 0x9e, 0x9e, 0x9e, 0xd6, 0xd6,
    0xd6, 0xf4, 0xf4, 0xf4, 0xfc, 0xfc, 0xfc, 0x44, 0x44, 0x44, 0x00, 0x00,
    0x00, 0x35, 0x35, 0x35, 0x27, 0x27, 0x27, 0x00, 0x00, 0x00, 0x5f, 0x5f,
    0x5f, 0xe5, 0xe5, 0xe5, 0xef, 0xef, 0xef, 0xfd, 0xfd, 0xfd, 0xff, 0xff,
    0xff, 0xfe, 0xfe, 0xfe, 0xfd, 0xfd, 0xfd, 0xfe, 0xfe, 0xfe, 0xff, 0xff,
    0xff, 0xff, 0xff, 0xff, 0xff, 0xff, 0xff, 0xff, 0xff, 0xff, 0xff, 0xff,
    0xff, 0xff, 0xff, 0xff, 0x00, 0x00, 0xff, 0xff, 0xff, 0xff, 0xff, 0xff,
    0xff, 0xff, 0xff, 0xff, 0xff, 0xff, 0xff, 0xff, 0xff, 0xff, 0xff, 0xff,
    0xff, 0xff, 0xff, 0xff, 0xff, 0xff, 0xfe, 0xfe, 0xfe, 0xfe, 0xfe, 0xfe,
    0xf1, 0xf1, 0xf1, 0x33, 0x33, 0x33, 0x00, 0x00, 0x00, 0x04, 0x04, 0x04,
    0x00, 0x00, 0x00, 0x23, 0x23, 0x23, 0xcd, 0xcd, 0xcd, 0xef, 0xef, 0xef,
    0xf6, 0xf6, 0xf6, 0xff, 0xff, 0xff, 0xa5, 0xa5, 0xa5, 0x00, 0x00, 0x00,
    0x7f, 0x7f, 0x7f, 0xfc, 0xfc, 0xfc, 0xcb, 0xcb, 0xcb, 0x18, 0x18, 0x18,
    0x24, 0x24, 0x24, 0xc4, 0xc4, 0xc4, 0xe5, 0xe5, 0xe5, 0xf9, 0xf9, 0xf9,
    0xfe, 0xfe, 0xfe, 0xea, 0xea, 0xea, 0x57, 0x57, 0x57, 0x11, 0x11, 0x11,
    0x17, 0x17, 0x17, 0x6c, 0x6c, 0x6c, 0xe9, 0xe9, 0xe9, 0xf4, 0xf4, 0xf4,
    0xfb, 0xfb, 0xfb, 0xff, 0xff, 0xff, 0xff, 0xff, 0xff, 0xff, 0xff, 0xff,
    0xff, 0xff, 0xff, 0xff, 0xff, 0xff, 0xff, 0xff, 0xff, 0xff, 0xff, 0xff,
    0xff, 0xff, 0xff, 0xff, 0xff, 0xff, 0xff, 0xff, 0xff, 0xff, 0xff, 0xff,
    0x00, 0x00, 0xff, 0xff, 0xff, 0xff, 0xff, 0xff, 0xff, 0xff, 0xff, 0xff,
    0xff, 0xff, 0xff, 0xff, 0xff, 0xff, 0xff, 0xff, 0xff, 0xff, 0xff, 0xff,
    0xff, 0xff, 0xff, 0xff, 0xff, 0xfe, 0xfe, 0xfe, 0xff, 0xff, 0xff, 0xf0,
    0xf0, 0xf0, 0x83, 0x83, 0x83, 0x53, 0x53, 0x53, 0x7a, 0x7a, 0x7a, 0xdf,
    0xdf, 0xdf, 0xfa, 0xfa, 0xfa, 0xf9, 0xf9, 0xf9, 0xfd, 0xfd, 0xfd, 0xfe,
    0xfe, 0xfe, 0xf1, 0xf1, 0xf1, 0x25, 0x25, 0x25, 0x00, 0x00, 0x00, 0x35,
    0x35, 0x35, 0x13, 0x13, 0x13, 0x00, 0x00, 0x00, 0x8a, 0x8a, 0x8a, 0xea,
    0xea, 0xea, 0xf3, 0xf3, 0xf3, 0xfe, 0xfe, 0xfe, 0xfe, 0xfe, 0xfe, 0xff,
    0xff, 0xff, 0xff, 0xff, 0xff, 0xec, 0xec, 0xec, 0xee, 0xee, 0xee, 0xff,
    0xff, 0xff, 0xfc, 0xfc, 0xfc, 0xfd, 0xfd, 0xfd, 0xff, 0xff, 0xff, 0xff,
    0xff, 0xff, 0xff, 0xff, 0xff, 0xff, 0xff, 0xff, 0xff, 0xff, 0xff, 0xff,
    0xff, 0xff, 0xff, 0xff, 0xff, 0xff, 0xff, 0xff, 0xff, 0xff, 0xff, 0xff,
    0xff, 0xff, 0xff, 0xff, 0xff, 0xff, 0xff, 0xff, 0x00, 0x00, 0xff, 0xff,
    0xff, 0xff, 0xff, 0xff, 0xff, 0xff, 0xff, 0xff, 0xff, 0xff, 0xff, 0xff,
    0xff, 0xff, 0xff, 0xff, 0xff, 0xff, 0xff, 0xff, 0xff, 0xff, 0xff, 0xff,
    0xff, 0xff, 0xff, 0xff, 0xfe, 0xfe, 0xfe, 0xff, 0xff, 0xff, 0xff, 0xff,
    0xff, 0xff, 0xff, 0xff, 0xff, 0xff, 0xff, 0xff, 0xff, 0xff, 0xfc, 0xfc,
    0xfc, 0xff, 0xff, 0xff, 0xff, 0xff, 0xff, 0xfd, 0xfd, 0xfd, 0xff, 0xff,
    0xff, 0xdb, 0xdb, 0xdb, 0x4a, 0x4a, 0x4a, 0x16, 0x16, 0x16, 0x26, 0x26,
    0x26, 0x90, 0x90, 0x90, 0xf4, 0xf4, 0xf4, 0xf4, 0xf4, 0xf4, 0xfd, 0xfd,
    0xfd, 0xff, 0xff, 0xff, 0xff, 0xff, 0xff, 0xfe, 0xfe, 0xfe, 0xfd, 0xfd,
    0xfd, 0xff, 0xff, 0xff, 0xff, 0xff, 0xff, 0xfc, 0xfc, 0xfc, 0xfe, 0xfe,
    0xfe, 0xff, 0xff, 0xff, 0xff, 0xff, 0xff, 0xff, 0xff, 0xff, 0xff, 0xff,
    0xff, 0xff, 0xff, 0xff, 0xff, 0xff, 0xff, 0xff, 0xff, 0xff, 0xff, 0xff,
    0xff, 0xff, 0xff, 0xff, 0xff, 0xff, 0xff, 0xff, 0xff, 0xff, 0xff, 0xff,
    0xff, 0xff, 0xff, 0xff, 0x00, 0x00, 0xff, 0xff, 0xff, 0xff, 0xff, 0xff,
    0xff, 0xff, 0xff, 0xff, 0xff, 0xff, 0xff, 0xff, 0xff, 0xff, 0xff, 0xff,
    0xff, 0xff, 0xff, 0xff, 0xff, 0xff, 0xff, 0xff, 0xff, 0xff, 0xff, 0xff,
    0xff, 0xff, 0xff, 0xfe, 0xfe, 0xfe, 0xfb, 0xfb, 0xfb, 0xfc, 0xfc, 0xfc,
    0xfc, 0xfc, 0xfc, 0xfe, 0xfe, 0xfe, 0xff, 0xff, 0xff, 0xff, 0xff, 0xff,
    0xff, 0xff, 0xff, 0xff, 0xff, 0xff, 0xfe, 0xfe, 0xfe, 0xff, 0xff, 0xff,
    0xff, 0xff, 0xff, 0xf0, 0xf0, 0xf0, 0xf8, 0xf8, 0xf8, 0xff, 0xff, 0xff,
    0xfb, 0xfb, 0xfb, 0xfe, 0xfe, 0xfe, 0xff, 0xff, 0xff, 0xff, 0xff, 0xff,
    0xff, 0xff, 0xff, 0xff, 0xff, 0xff, 0xff, 0xff, 0xff, 0xfe, 0xfe, 0xfe,
    0xfe, 0xfe, 0xfe, 0xff, 0xff, 0xff, 0xff, 0xff, 0xff, 0xff, 0xff, 0xff,
    0xff, 0xff, 0xff, 0xff, 0xff, 0xff, 0xff, 0xff, 0xff, 0xff, 0xff, 0xff,
    0xff, 0xff, 0xff, 0xff, 0xff, 0xff, 0xff, 0xff, 0xff, 0xff, 0xff, 0xff,
    0xff, 0xff, 0xff, 0xff, 0xff, 0xff, 0xff, 0xff, 0xff, 0xff, 0xff, 0xff,
    0x00, 0x00, 0xff, 0xff, 0xff, 0xff, 0xff, 0xff, 0xff, 0xff, 0xff, 0xff,
    0xff, 0xff, 0xff, 0xff, 0xff, 0xff, 0xff, 0xff, 0xff, 0xff, 0xff, 0xff,
    0xff, 0xff, 0xff, 0xff, 0xff, 0xff, 0xff, 0xff, 0xff, 0xff, 0xff, 0xff,
    0xff, 0xff, 0xff, 0xff, 0xff, 0xff, 0xff, 0xff, 0xff, 0xff, 0xff, 0xff,
    0xff, 0xff, 0xff, 0xff, 0xff, 0xff, 0xff, 0xff, 0xff, 0xff, 0xff, 0xff,
    0xff, 0xff, 0xff, 0xff, 0xff, 0xfd, 0xfd, 0xfd, 0xfd, 0xfd, 0xfd, 0xff,
    0xff, 0xff, 0xff, 0xff, 0xff, 0xfc, 0xfc, 0xfc, 0xff, 0xff, 0xff, 0xff,
    0xff, 0xff, 0xff, 0xff, 0xff, 0xff, 0xff, 0xff, 0xff, 0xff, 0xff, 0xff,
    0xff, 0xff, 0xff, 0xff, 0xff, 0xff, 0xff, 0xff, 0xff, 0xff, 0xff, 0xff,
    0xff, 0xff, 0xff, 0xff, 0xff, 0xff, 0xff, 0xff, 0xff, 0xff, 0xff, 0xff,
    0xff, 0xff, 0xff, 0xff, 0xff, 0xff, 0xff, 0xff, 0xff, 0xff, 0xff, 0xff,
    0xff, 0xff, 0xff, 0xff, 0xff, 0xff, 0xff, 0xff, 0xff, 0xff, 0xff, 0xff,
    0xff, 0xff, 0xff, 0xff, 0xff, 0xff, 0xff, 0xff, 0x00, 0x00
};
static const unsigned int white_queen_bmp_len = 7654;

/* white_rook.bmp (7654 bytes) */
static const unsigned char white_rook_bmp[] = {
    0x42, 0x4d, 0xe6, 0x1d, 0x00, 0x00, 0x00, 0x00, 0x00, 0x00, 0x36, 0x00,
    0x00, 0x00, 0x28, 0x00, 0x00, 0x00, 0x32, 0x00, 0x00, 0x00, 0x32, 0x00,
    0x00, 0x00, 0x01, 0x00, 0x18, 0x00, 0x00, 0x00, 0x00, 0x00, 0xb0, 0x1d,
    0x00, 0x00, 0xc4, 0x0e, 0x00, 0x00, 0xc4, 0x0e, 0x00, 0x00, 0x00, 0x00,
    0x00, 0x00, 0x00, 0x00, 0x00, 0x00, 0xff, 0xff, 0xff, 0xff, 0xff, 0xff,
    0xff, 0xff, 0xff, 0xff, 0xff, 0xff, 0xff, 0xff, 0xff, 0xff, 0xff, 0xff,
    0xfe, 0xfe, 0xfe, 0xfe, 0xfe, 0xfe, 0xfe, 0xfe, 0xfe, 0xfe, 0xfe, 0xfe,
    0xfe, 0xfe, 0xfe, 0xfe, 0xfe, 0xfe, 0xfe, 0xfe, 0xfe, 0xfe, 0xfe, 0xfe,
    0xfe, 0xfe, 0xfe, 0xfe, 0xfe, 0xfe, 0xfe, 0xfe, 0xfe, 0xfe, 0xfe, 0xfe,
    0xfe, 0xfe, 0xfe, 0xfe, 0xfe, 0xfe, 0xfe, 0xfe, 0xfe, 0xfe, 0xfe, 0xfe,
    0xfe, 0xfe, 0xfe, 0xfe, 0xfe, 0xfe, 0xfe, 0xfe, 0xfe, 0xfe, 0xfe, 0xfe,
    0xfe, 0xfe, 0xfe, 0xfe, 0xfe, 0xfe, 0xfe, 0xfe, 0xfe, 0xfe, 0xfe, 0xfe,
    0xfe, 0xfe, 0xfe, 0xfe, 0xfe, 0xfe, 0xfe, 0xfe, 0xfe, 0xfe, 0xfe, 0xfe,
    0xfe, 0xfe, 0xfe, 0xfe, 0xfe, 0xfe, 0xfe, 0xfe, 0xfe, 0xfe, 0xfe, 0xfe,
    0xfe, 0xfe, 0xfe, 0xfe, 0xfe, 0xfe, 0xfe, 0xfe, 0xfe, 0xfe, 0xfe, 0xfe,
    0xfe, 0xfe, 0xfe, 0xfe, 0xfe, 0xfe, 0xff, 0xff, 0xff, 0xff, 0xff, 0xff,
    0xff, 0xff, 0xff, 0xff, 0xff, 0xff, 0xff, 0xff, 0xff, 0xff, 0xff, 0xff,
    0x00, 0x00, 0xff, 0xff, 0xff, 0xff, 0xff, 0xff, 0xfe, 0xfe, 0xfe, 0xfd,
    0xfd, 0xfd, 0xfb, 0xfb, 0xfb, 0xfa, 0xfa, 0xfa, 0xf9, 0xf9, 0xf9, 0xf8,
    0xf8, 0xf8, 0xf8, 0xf8, 0xf8, 0xf8, 0xf8, 0xf8, 0xf8, 0xf8, 0xf8, 0xf8,
    0xf8, 0xf8, 0xf8, 0xf8, 0xf8, 0xf8, 0xf8, 0xf8, 0xf8, 0xf8, 0xf8, 0xf8,
    0xf8, 0xf8, 0xf8, 0xf8, 0xf8, 0xf8, 0xf8, 0xf8, 0xf8, 0xf8, 0xf8, 0xf8,
    0xf8, 0xf8, 0xf8, 0xf8, 0xf8, 0xf8, 0xf8, 0xf8, 0xf8, 0xf8, 0xf8, 0xf8,
    0xf8, 0xf8, 0xf8, 0xf8, 0xf8, 0xf8, 0xf8, 0xf8, 0xf8, 0xf8, 0xf8, 0xf8,
    0xf8, 0xf8, 0xf8, 0xf8, 0xf8, 0xf8, 0xf8, 0xf8, 0xf8, 0xf8, 0xf8, 0xf8,
    0xf8, 0xf8, 0xf8, 0xf8, 0xf8, 0xf8, 0xf8, 0xf8, 0xf8, 0xf8, 0xf8, 0xf8,
    0xf8, 0xf8, 0xf8, 0xf8, 0xf8, 0xf8, 0xf8, 0xf8, 0xf8, 0xf8, 0xf8, 0xf8,
    0xf8, 0xf8, 0xf8, 0xf8, 0xf8, 0xf8, 0xf8, 0xf8, 0xf8, 0xf8, 0xf8, 0xf9,
    0xf9, 0xf9, 0xf9, 0xf9, 0xf9, 0xfb, 0xfb, 0xfb, 0xfd, 0xfd, 0xfd, 0xfe,
    0xfe, 0xfe, 0xff, 0xff, 0xff, 0xff, 0xff, 0xff, 0x00, 0x00, 0xff, 0xff,
    0xff, 0xff, 0xff, 0xff, 0xfc, 0xfc, 0xfc, 0xf4, 0xf4, 0xf4, 0xeb, 0xeb,
    0xeb, 0xe3, 0xe3, 0xe3, 0xdf, 0xdf, 0xdf, 0xde, 0xde, 0xde, 0xdd, 0xdd,
    0xdd, 0xdd, 0xdd, 0xdd, 0xdd, 0xdd, 0xdd, 0xdd, 0xdd, 0xdd, 0xdd, 0xdd,
    0xdd, 0xdd, 0xdd, 0xdd, 0xdd, 0xdd, 0xdd, 0xdd, 0xdd, 0xdd, 0xdd, 0xdd,
    0xdd, 0xdd, 0xdd, 0xdd, 0xdd, 0xdd, 0xdd, 0xdd, 0xdd, 0xdd, 0xdd, 0xdd,
    0xdd, 0xdd, 0xdd, 0xdd, 0xdd, 0xdd, 0xdd, 0xdd, 0xdd, 0xdd, 0xdd, 0xdd,
    0xdd, 0xdd, 0xdd, 0xdd, 0xdd, 0xdd, 0xdd, 0xdd, 0xdd, 0xdd, 0xdd, 0xdd,
    0xdd, 0xdd, 0xdd, 0xdd, 0xdd, 0xdd, 0xdd, 0xdd, 0xdd, 0xdd, 0xdd, 0xdd,
    0xdd, 0xdd, 0xdd, 0xdd, 0xdd, 0xdd, 0xdd, 0xdd, 0xdd, 0xdd, 0xdd, 0xdd,
    0xdd, 0xdd, 0xdd, 0xdd, 0xdd, 0xdd, 0xdd, 0xdd, 0xdd, 0xdd, 0xdd, 0xdd,
    0xdd, 0xdd, 0xdd, 0xdd, 0xde, 0xde, 0xde, 0xdf, 0xdf, 0xdf, 0xe3, 0xe3,
    0xe3, 0xeb, 0xeb, 0xeb, 0xf4, 0xf4, 0xf4, 0xfb, 0xfb, 0xfb, 0xff, 0xff,
    0xff, 0xff, 0xff, 0xff, 0x00, 0x00, 0xff, 0xff, 0xff, 0xfd, 0xfd, 0xfd,
    0xf5, 0xf5, 0xf5, 0xe8, 0xe8, 0xe8, 0xd0, 0xd0, 0xd0, 0xbc, 0xbc, 0xbc,
    0xb2, 0xb2, 0xb2, 0xb0, 0xb0, 0xb0, 0xb0, 0xb0, 0xb0, 0xb0, 0xb0, 0xb0,
    0xb0, 0xb0, 0xb0, 0xb0, 0xb0, 0xb0, 0xb0, 0xb0, 0xb0, 0xb0, 0xb0, 0xb0,
    0xb0, 0xb0, 0xb0, 0xb0, 0xb0, 0xb0, 0xb0, 0xb0, 0xb0, 0xb0, 0xb0, 0xb0,
    0xb0, 0xb0, 0xb0, 0xb0, 0xb0, 0xb0, 0xb0, 0xb0, 0xb0, 0xb0, 0xb0, 0xb0,
    0xb0, 0xb0, 0xb0, 0xb0, 0xb0, 0xb0, 0xb0, 0xb0, 0xb0, 0xb0, 0xb0, 0xb0,
    0xb0, 0xb0, 0xb0, 0xb0, 0xb0, 0xb0, 0xb0, 0xb0, 0xb0, 0xb0, 0xb0, 0xb0,
    0xb0, 0xb0, 0xb0, 0xb0, 0xb0, 0xb0, 0xb0, 0xb0, 0xb0, 0xb0, 0xb0, 0xb0,
    0xb0, 0xb0, 0xb0, 0xb0, 0xb0, 0xb0, 0xb0, 0xb0, 0xb0, 0xb0, 0xb0, 0xb0,
    0xb0, 0xb0, 0xb0, 0xb0, 0xb0, 0xb0, 0xb0, 0xb0, 0xb0, 0xb0, 0xb0, 0xb0,
    0xb0, 0xb0, 0xb0, 0xb2, 0xb2, 0xb2, 0xb8, 0xb8, 0xb8, 0xcb, 0xcb, 0xcb,
    0xe3, 0xe3, 0xe3, 0xf5, 0xf5, 0xf5, 0xfd, 0xfd, 0xfd, 0xff, 0xff, 0xff,
    0x00, 0x00, 0xff, 0xff, 0xff, 0xfc, 0xfc, 0xfc, 0xf3, 0xf3, 0xf3, 0xc3,
    0xc3, 0xc3, 0x9f, 0x9f, 0x9f, 0x85, 0x85, 0x85, 0x78, 0x78, 0x78, 0x75,
    0x75, 0x75, 0x75, 0x75, 0x75, 0x75, 0x75, 0x75, 0x75, 0x75, 0x75, 0x75,
    0x75, 0x75, 0x75, 0x75, 0x75, 0x75, 0x75, 0x75, 0x75, 0x75, 0x75, 0x75,
    0x75, 0x75, 0x75, 0x75, 0x75, 0x75, 0x75, 0x75, 0x75, 0x75, 0x75, 0x75,
    0x75, 0x75, 0x75, 0x75, 0x75, 0x75, 0x75, 0x75, 0x75, 0x75, 0x75, 0x75,
    0x75, 0x75, 0x75, 0x75, 0x75, 0x75, 0x75, 0x75, 0x75, 0x75, 0x75, 0x75,
    0x75, 0x75, 0x75, 0x75, 0x75, 0x75, 0x75, 0x75, 0x75, 0x75, 0x75, 0x75,
    0x75, 0x75, 0x75, 0x75, 0x75, 0x75, 0x75, 0x75, 0x75, 0x75, 0x75, 0x75,
    0x75, 0x75, 0x75, 0x75, 0x75, 0x75, 0x75, 0x75, 0x75, 0x75, 0x75, 0x75,
    0x75, 0x75, 0x75, 0x75, 0x75, 0x75, 0x75, 0x75, 0x74, 0x74, 0x74, 0x77,
    0x77, 0x77, 0x8d, 0x8d, 0x8d, 0xa8, 0xa8, 0xa8, 0xcf, 0xcf, 0xcf, 0xee,
    0xee, 0xee, 0xfc, 0xfc, 0xfc, 0xff, 0xff, 0xff, 0x00, 0x00, 0xfc, 0xfc,
    0xfc, 0xff, 0xff, 0xff, 0x88, 0x88, 0x88, 0x0d, 0x0d, 0x0d, 0x0b, 0x0b,
    0x0b, 0x06, 0x06, 0x06, 0x05, 0x05, 0x05, 0x05, 0x05, 0x05, 0x05, 0x05,
    0x05, 0x05, 0x05, 0x05, 0x05, 0x05, 0x05, 0x05, 0x05, 0x05, 0x05, 0x05,
    0x05, 0x05, 0x05, 0x05, 0x05, 0x05, 0x05, 0x05, 0x05, 0x05, 0x05, 0x05,
    0x05, 0x05, 0x05, 0x05, 0x05, 0x05, 0x05, 0x05, 0x05, 0x05, 0x05, 0x05,
    0x05, 0x05, 0x05, 0x05, 0x05, 0x05, 0x05, 0x05, 0x05, 0x05, 0x05, 0x05,
    0x05, 0x05, 0x05, 0x05, 0x05, 0x05, 0x05, 0x05, 0x05, 0x05, 0x05, 0x05,
    0x05, 0x05, 0x05, 0x05, 0x05, 0x05, 0x05, 0x05, 0x05, 0x05, 0x05, 0x05,
    0x05, 0x05, 0x05, 0x05, 0x05, 0x05, 0x05, 0x05, 0x05, 0x05, 0x05, 0x05,
    0x05, 0x05, 0x05, 0x05, 0x05, 0x05, 0x05, 0x05, 0x05, 0x05, 0x05, 0x05,
    0x05, 0x05, 0x05, 0x05, 0x06, 0x06, 0x06, 0x07, 0x07, 0x07, 0x4b, 0x4b,
    0x4b, 0x9a, 0x9a, 0x9a, 0xc2, 0xc2, 0xc2, 0xe9, 0xe9, 0xe9, 0xfb, 0xfb,
    0xfb, 0xff, 0xff, 0xff, 0x00, 0x00, 0xfb, 0xfb, 0xfb, 0xff, 0xff, 0xff,
    0x57, 0x57, 0x57, 0x00, 0x00, 0x00, 0x1f, 0x1f, 0x1f, 0x32, 0x32, 0x32,
    0x2e, 0x2e, 0x2e, 0x2f, 0x2f, 0x2f, 0x2f, 0x2f, 0x2f, 0x2f, 0x2f, 0x2f,
    0x2f, 0x2f, 0x2f, 0x2f, 0x2f, 0x2f, 0x2f, 0x2f, 0x2f, 0x2f, 0x2f, 0x2f,
    0x2f, 0x2f, 0x2f, 0x2f, 0x2f, 0x2f, 0x2f, 0x2f, 0x2f, 0x2f, 0x2f, 0x2f,
    0x2f, 0x2f, 0x2f, 0x2f, 0x2f, 0x2f, 0x2f, 0x2f, 0x2f, 0x2f, 0x2f, 0x2f,
    0x2f, 0x2f, 0x2f, 0x2f, 0x2f, 0x2f, 0x2f, 0x2f, 0x2f, 0x2f, 0x2f, 0x2f,
    0x2f, 0x2f, 0x2f, 0x2f, 0x2f, 0x2f, 0x2f, 0x2f, 0x2f, 0x2f, 0x2f, 0x2f,
    0x2f, 0x2f, 0x2f, 0x2f, 0x2f, 0x2f, 0x2f, 0x2f, 0x2f, 0x2f, 0x2f, 0x2f,
    0x2f, 0x2f, 0x2f, 0x2f, 0x2f, 0x2f, 0x2f, 0x2f, 0x2f, 0x2f, 0x2f, 0x2f,
    0x2f, 0x2f, 0x2f, 0x2f, 0x2f, 0x2f, 0x2e, 0x2e, 0x2e, 0x32, 0x32, 0x32,
    0x1a, 0x1a, 0x1a, 0x00, 0x00, 0x00, 0x33, 0x33, 0x33, 0x97, 0x97, 0x97,
    0xbe, 0xbe, 0xbe, 0xe8, 0xe8, 0xe8, 0xfa, 0xfa, 0xfa, 0xff, 0xff, 0xff,
    0x00, 0x00, 0xfb, 0xfb, 0xfb, 0xff, 0xff, 0xff, 0x62, 0x62, 0x62, 0x01,
    0x01, 0x01, 0x97, 0x97, 0x97, 0xfd, 0xfd, 0xfd, 0xe9, 0xe9, 0xe9, 0xed,
    0xed, 0xed, 0xed, 0xed, 0xed, 0xed, 0xed, 0xed, 0xed, 0xed, 0xed, 0xed,
    0xed, 0xed, 0xed, 0xed, 0xed, 0xed, 0xed, 0xed, 0xed, 0xed, 0xed, 0xed,
    0xed, 0xed, 0xed, 0xed, 0xed, 0xed, 0xed, 0xed, 0xed, 0xed, 0xed, 0xed,
    0xed, 0xed, 0xed, 0xed, 0xed, 0xed, 0xed, 0xed, 0xed, 0xed, 0xed, 0xed,
    0xed, 0xed, 0xed, 0xed, 0xed, 0xed, 0xed, 0xed, 0xed, 0xed, 0xed, 0xed,
    0xed, 0xed, 0xed, 0xed, 0xed, 0xed, 0xed, 0xed, 0xed, 0xed, 0xed, 0xed,
    0xed, 0xed, 0xed, 0xed, 0xed, 0xed, 0xed, 0xed, 0xed, 0xed, 0xed, 0xed,
    0xed, 0xed, 0xed, 0xed, 0xed, 0xed, 0xed, 0xed, 0xed, 0xed, 0xed, 0xec,
    0xec, 0xec, 0xe8, 0xe8, 0xe8, 0xfe, 0xfe, 0xfe, 0x82, 0x82, 0x82, 0x01,
    0x01, 0x01, 0x3c, 0x3c, 0x3c, 0x9b, 0x9b, 0x9b, 0xc1, 0xc1, 0xc1, 0xe9,
    0xe9, 0xe9, 0xfb, 0xfb, 0xfb, 0xff, 0xff, 0xff, 0x00, 0x00, 0xfb, 0xfb,
    0xfb, 0xff, 0xff, 0xff, 0x62, 0x62, 0x62, 0x02, 0x02, 0x02, 0x92, 0x92,
    0x92, 0xf2, 0xf2, 0xf2, 0xde, 0xde, 0xde, 0xe1, 0xe1, 0xe1, 0xe0, 0xe0,
    0xe0, 0xe2, 0xe2, 0xe2, 0xe2, 0xe2, 0xe2, 0xe2, 0xe2, 0xe2, 0xe2, 0xe2,
    0xe2, 0xe2, 0xe2, 0xe2, 0xe2, 0xe2, 0xe2, 0xe2, 0xe2, 0xe2, 0xe2, 0xe2,
    0xe2, 0xe2, 0xe2, 0xe2, 0xe2, 0xe2, 0xe2, 0xe2, 0xe2, 0xe2, 0xe2, 0xe2,
    0xe2, 0xe2, 0xe2, 0xe2, 0xe2, 0xe2, 0xe2, 0xe2, 0xe2, 0xe2, 0xe2, 0xe2,
    0xe2, 0xe2, 0xe2, 0xe2, 0xe2, 0xe2, 0xe2, 0xe2, 0xe2, 0xe2, 0xe2, 0xe2,
    0xe2, 0xe2, 0xe2, 0xe2, 0xe2, 0xe2, 0xe2, 0xe2, 0xe2, 0xe2, 0xe2, 0xe2,
    0xe2, 0xe2, 0xe2, 0xe2, 0xe2, 0xe2, 0xe2, 0xe2, 0xe2, 0xe2, 0xe2, 0xe2,
    0xe2, 0xe2, 0xe2, 0xe2, 0xe0, 0xe0, 0xe0, 0xe1, 0xe1, 0xe1, 0xdd, 0xdd,
    0xdd, 0xf2, 0xf2, 0xf2, 0x7d, 0x7d, 0x7d, 0x02, 0x02, 0x02, 0x48, 0x48,
    0x48, 0xb0, 0xb0, 0xb0, 0xcc, 0xcc, 0xcc, 0xed, 0xed, 0xed, 0xfc, 0xfc,
    0xfc, 0xff, 0xff, 0xff, 0x00, 0x00, 0xfb, 0xfb, 0xfb, 0xff, 0xff, 0xff,
    0x58, 0x58, 0x58, 0x00, 0x00, 0x00, 0x13, 0x13, 0x13, 0x20, 0x20, 0x20,
    0x1e, 0x1e, 0x1e, 0x1d, 0x1d, 0x1d, 0x1b, 0x1b, 0x1b, 0x16, 0x16, 0x16,
    0x16, 0x16, 0x16, 0x16, 0x16, 0x16, 0x16, 0x16, 0x16, 0x16, 0x16, 0x16,
    0x16, 0x16, 0x16, 0x16, 0x16, 0x16, 0x16, 0x16, 0x16, 0x16, 0x16, 0x16,
    0x16, 0x16, 0x16, 0x16, 0x16, 0x16, 0x16, 0x16, 0x16, 0x16, 0x16, 0x16,
    0x16, 0x16, 0x16, 0x16, 0x16, 0x16, 0x16, 0x16, 0x16, 0x16, 0x16, 0x16,
    0x16, 0x16, 0x16, 0x16, 0x16, 0x16, 0x16, 0x16, 0x16, 0x16, 0x16, 0x16,
    0x16, 0x16, 0x16, 0x16, 0x16, 0x16, 0x16, 0x16, 0x16, 0x16, 0x16, 0x16,
    0x16, 0x16, 0x16, 0x16, 0x16, 0x16, 0x16, 0x16, 0x16, 0x16, 0x16, 0x16,
    0x1c, 0x1c, 0x1c, 0x1e, 0x1e, 0x1e, 0x1e, 0x1e, 0x1e, 0x20, 0x20, 0x20,
    0x10, 0x10, 0x10, 0x00, 0x00, 0x00, 0x50, 0x50, 0x50, 0xd7, 0xd7, 0xd7,
    0xdf, 0xdf, 0xdf, 0xf4, 0xf4, 0xf4, 0xfd, 0xfd, 0xfd, 0xff, 0xff, 0xff,
    0x00, 0x00, 0xfc, 0xfc, 0xfc, 0xff, 0xff, 0xff, 0x9d, 0x9d, 0x9d, 0x20,
    0x20, 0x20, 0x1f, 0x1f, 0x1f, 0x1d, 0x1d, 0x1d, 0x16, 0x16, 0x16, 0x00,
    0x00, 0x00, 0x00, 0x00, 0x00, 0x15, 0x15, 0x15, 0x14, 0x14, 0x14, 0x14,
    0x14, 0x14, 0x14, 0x14, 0x14, 0x14, 0x14, 0x14, 0x14, 0x14, 0x14, 0x14,
    0x14, 0x14, 0x14, 0x14, 0x14, 0x14, 0x14, 0x14, 0x14, 0x14, 0x14, 0x14,
    0x14, 0x14, 0x14, 0x14, 0x14, 0x14, 0x14, 0x14, 0x14, 0x14, 0x14, 0x14,
    0x14, 0x14, 0x14, 0x14, 0x14, 0x14, 0x14, 0x14, 0x14, 0x14, 0x14, 0x14,
    0x14, 0x14, 0x14, 0x14, 0x14, 0x14, 0x14, 0x14, 0x14, 0x14, 0x14, 0x14,
    0x14, 0x14, 0x14, 0x14, 0x14, 0x14, 0x14, 0x14, 0x14, 0x14, 0x14, 0x14,
    0x14, 0x14, 0x14, 0x14, 0x14, 0x14, 0x14, 0x14, 0x00, 0x00, 0x00, 0x00,
    0x00, 0x00, 0x0c, 0x0c, 0x0c, 0x13, 0x13, 0x13, 0x19, 0x19, 0x19, 0x1e,
    0x1e, 0x1e, 0x9b, 0x9b, 0x9b, 0xf5, 0xf5, 0xf5, 0xf1, 0xf1, 0xf1, 0xfb,
    0xfb, 0xfb, 0xfe, 0xfe, 0xfe, 0xff, 0xff, 0xff, 0x00, 0x00, 0xff, 0xff,
    0xff, 0xff, 0xff, 0xff, 0xff, 0xff, 0xff, 0xf7, 0xf7, 0xf7, 0xf2, 0xf2,
    0xf2, 0xf9, 0xf9, 0xf9, 0xc2, 0xc2, 0xc2, 0x02, 0x02, 0x02, 0x2a, 0x2a,
    0x2a, 0xe4, 0xe4, 0xe4, 0xe1, 0xe1, 0xe1, 0xe1, 0xe1, 0xe1, 0xe1, 0xe1,
    0xe1, 0xe1, 0xe1, 0xe1, 0xe1, 0xe1, 0xe1, 0xe1, 0xe1, 0xe1, 0xe1, 0xe1,
    0xe1, 0xe1, 0xe1, 0xe1, 0xe1, 0xe1, 0xe1, 0xe1, 0xe1, 0xe1, 0xe1, 0xe1,
    0xe1, 0xe1, 0xe1, 0xe1, 0xe1, 0xe1, 0xe1, 0xe1, 0xe1, 0xe1, 0xe1, 0xe1,
    0xe1, 0xe1, 0xe1, 0xe1, 0xe1, 0xe1, 0xe1, 0xe1, 0xe1, 0xe1, 0xe1, 0xe1,
    0xe1, 0xe1, 0xe1, 0xe1, 0xe1, 0xe1, 0xe1, 0xe1, 0xe1, 0xe1, 0xe1, 0xe1,
    0xe1, 0xe1, 0xe1, 0xe1, 0xe1, 0xe1, 0xe1, 0xe0, 0xe0, 0xe0, 0xe3, 0xe3,
    0xe3, 0xdd, 0xdd, 0xdd, 0x1e, 0x1e, 0x1e, 0x04, 0x04, 0x04, 0x6d, 0x6d,
    0x6d, 0xa5, 0xa5, 0xa5, 0xcb, 0xcb, 0xcb, 0xe8, 0xe8, 0xe8, 0xfd, 0xfd,
    0xfd, 0xfa, 0xfa, 0xfa, 0xfd, 0xfd, 0xfd, 0xfe, 0xfe, 0xfe, 0xff, 0xff,
    0xff, 0xff, 0xff, 0xff, 0x00, 0x00, 0xff, 0xff, 0xff, 0xff, 0xff, 0xff,
    0xfe, 0xfe, 0xfe, 0xff, 0xff, 0xff, 0xff, 0xff, 0xff, 0xff, 0xff, 0xff,
    0xcd, 0xcd, 0xcd, 0x00, 0x00, 0x00, 0x2a, 0x2a, 0x2a, 0xe7, 0xe7, 0xe7,
    0xe4, 0xe4, 0xe4, 0xe4, 0xe4, 0xe4, 0xe4, 0xe4, 0xe4, 0xe4, 0xe4, 0xe4,
    0xe4, 0xe4, 0xe4, 0xe4, 0xe4, 0xe4, 0xe4, 0xe4, 0xe4, 0xe4, 0xe4, 0xe4,
    0xe4, 0xe4, 0xe4, 0xe4, 0xe4, 0xe4, 0xe4, 0xe4, 0xe4, 0xe4, 0xe4, 0xe4,
    0xe4, 0xe4, 0xe4, 0xe4, 0xe4, 0xe4, 0xe4, 0xe4, 0xe4, 0xe4, 0xe4, 0xe4,
    0xe4, 0xe4, 0xe4, 0xe4, 0xe4, 0xe4, 0xe4, 0xe4, 0xe4, 0xe4, 0xe4, 0xe4,
    0xe4, 0xe4, 0xe4, 0xe4, 0xe4, 0xe4, 0xe4, 0xe4, 0xe4, 0xe4, 0xe4, 0xe4,
    0xe4, 0xe4, 0xe4, 0xe3, 0xe3, 0xe3, 0xe6, 0xe6, 0xe6, 0xdf, 0xdf, 0xdf,
    0x1d, 0x1d, 0x1d, 0x02, 0x02, 0x02, 0x72, 0x72, 0x72, 0xae, 0xae, 0xae,
    0xd9, 0xd9, 0xd9, 0xf5, 0xf5, 0xf5, 0xfc, 0xfc, 0xfc, 0xff, 0xff, 0xff,
    0xff, 0xff, 0xff, 0xff, 0xff, 0xff, 0xff, 0xff, 0xff, 0xff, 0xff, 0xff,
    0x00, 0x00, 0xff, 0xff, 0xff, 0xff, 0xff, 0xff, 0xff, 0xff, 0xff, 0xfe,
    0xfe, 0xfe, 0xfc, 0xfc, 0xfc, 0xfe, 0xfe, 0xfe, 0xcc, 0xcc, 0xcc, 0x00,
    0x00, 0x00, 0x2d, 0x2d, 0x2d, 0xf9, 0xf9, 0xf9, 0xf6, 0xf6, 0xf6, 0xf6,
    0xf6, 0xf6, 0xf6, 0xf6, 0xf6, 0xf6, 0xf6, 0xf6, 0xf6, 0xf6, 0xf6, 0xf6,
    0xf6, 0xf6, 0xf6, 0xf6, 0xf6, 0xf6, 0xf6, 0xf6, 0xf6, 0xf6, 0xf6, 0xf6,
    0xf6, 0xf6, 0xf6, 0xf6, 0xf6, 0xf6, 0xf6, 0xf6, 0xf6, 0xf6, 0xf6, 0xf6,
    0xf6, 0xf6, 0xf6, 0xf6, 0xf6, 0xf6, 0xf6, 0xf6, 0xf6, 0xf6, 0xf6, 0xf6,
    0xf6, 0xf6, 0xf6, 0xf6, 0xf6, 0xf6, 0xf6, 0xf6, 0xf6, 0xf6, 0xf6, 0xf6,
    0xf6, 0xf6, 0xf6, 0xf6, 0xf6, 0xf6, 0xf6, 0xf6, 0xf6, 0xf6, 0xf6, 0xf5,
    0xf5, 0xf5, 0xf8, 0xf8, 0xf8, 0xf1, 0xf1, 0xf1, 0x1f, 0x1f, 0x1f, 0x02,
    0x02, 0x02, 0x77, 0x77, 0x77, 0xb3, 0xb3, 0xb3, 0xdb, 0xdb, 0xdb, 0xf5,
    0xf5, 0xf5, 0xfe, 0xfe, 0xfe, 0xff, 0xff, 0xff, 0xff, 0xff, 0xff, 0xff,
    0xff, 0xff, 0xff, 0xff, 0xff, 0xff, 0xff, 0xff, 0x00, 0x00, 0xff, 0xff,
    0xff, 0xff, 0xff, 0xff, 0xff, 0xff, 0xff, 0xff, 0xff, 0xff, 0xfd, 0xfd,
    0xfd, 0xff, 0xff, 0xff, 0xcc, 0xcc, 0xcc, 0x02, 0x02, 0x02, 0x18, 0x18,
    0x18, 0x81, 0x81, 0x81, 0x80, 0x80, 0x80, 0x83, 0x83, 0x83, 0x83, 0x83,
    0x83, 0x83, 0x83, 0x83, 0x83, 0x83, 0x83, 0x83, 0x83, 0x83, 0x83, 0x83,
    0x83, 0x83, 0x83, 0x83, 0x83, 0x83, 0x83, 0x83, 0x83, 0x83, 0x83, 0x83,
    0x83, 0x83, 0x83, 0x83, 0x83, 0x83, 0x83, 0x83, 0x83, 0x83, 0x83, 0x83,
    0x83, 0x83, 0x83, 0x83, 0x83, 0x83, 0x83, 0x83, 0x83, 0x83, 0x83, 0x83,
    0x83, 0x83, 0x83, 0x83, 0x83, 0x83, 0x83, 0x83, 0x83, 0x83, 0x83, 0x83,
    0x83, 0x83, 0x83, 0x83, 0x83, 0x83, 0x83, 0x82, 0x82, 0x82, 0x81, 0x81,
    0x81, 0x7d, 0x7d, 0x7d, 0x11, 0x11, 0x11, 0x03, 0x03, 0x03, 0x87, 0x87,
    0x87, 0xc6, 0xc6, 0xc6, 0xe5, 0xe5, 0xe5, 0xf8, 0xf8, 0xf8, 0xfe, 0xfe,
    0xfe, 0xff, 0xff, 0xff, 0xff, 0xff, 0xff, 0xff, 0xff, 0xff, 0xff, 0xff,
    0xff, 0xff, 0xff, 0xff, 0x00, 0x00, 0xff, 0xff, 0xff, 0xff, 0xff, 0xff,
    0xff, 0xff, 0xff, 0xff, 0xff, 0xff, 0xfd, 0xfd, 0xfd, 0xff, 0xff, 0xff,
    0xd7, 0xd7, 0xd7, 0x00, 0x00, 0x00, 0x00, 0x00, 0x00, 0x01, 0x01, 0x01,
    0x00, 0x00, 0x00, 0x00, 0x00, 0x00, 0x00, 0x00, 0x00, 0x00, 0x00, 0x00,
    0x00, 0x00, 0x00, 0x00, 0x00, 0x00, 0x00, 0x00, 0x00, 0x00, 0x00, 0x00,
    0x00, 0x00, 0x00, 0x00, 0x00, 0x00, 0x00, 0x00, 0x00, 0x00, 0x00, 0x00,
    0x00, 0x00, 0x00, 0x00, 0x00, 0x00, 0x00, 0x00, 0x00, 0x00, 0x00, 0x00,
    0x00, 0x00, 0x00, 0x00, 0x00, 0x00, 0x00, 0x00, 0x00, 0x00, 0x00, 0x00,
    0x00, 0x00, 0x00, 0x00, 0x00, 0x00, 0x00, 0x00, 0x00, 0x00, 0x00, 0x00,
    0x00, 0x00, 0x00, 0x00, 0x00, 0x00, 0x00, 0x00, 0x00, 0x01, 0x01, 0x01,
    0x00, 0x00, 0x00, 0x00, 0x00, 0x00, 0xa5, 0xa5, 0xa5, 0xdd, 0xdd, 0xdd,
    0xf1, 0xf1, 0xf1, 0xfc, 0xfc, 0xfc, 0xff, 0xff, 0xff, 0xff, 0xff, 0xff,
    0xff, 0xff, 0xff, 0xff, 0xff, 0xff, 0xff, 0xff, 0xff, 0xff, 0xff, 0xff,
    0x00, 0x00, 0xff, 0xff, 0xff, 0xff, 0xff, 0xff, 0xff, 0xff, 0xff, 0xff,
    0xff, 0xff, 0xff, 0xff, 0xff, 0xfe, 0xfe, 0xfe, 0xfc, 0xfc, 0xfc, 0xb3,
    0xb3, 0xb3, 0x23, 0x23, 0x23, 0x05, 0x05, 0x05, 0x44, 0x44, 0x44, 0x9b,
    0x9b, 0x9b, 0x88, 0x88, 0x88, 0x8b, 0x8b, 0x8b, 0x8b, 0x8b, 0x8b, 0x8b,
    0x8b, 0x8b, 0x8b, 0x8b, 0x8b, 0x8b, 0x8b, 0x8b, 0x8b, 0x8b, 0x8b, 0x8b,
    0x8b, 0x8b, 0x8b, 0x8b, 0x8b, 0x8b, 0x8b, 0x8b, 0x8b, 0x8b, 0x8b, 0x8b,
    0x8b, 0x8b, 0x8b, 0x8b, 0x8b, 0x8b, 0x8b, 0x8b, 0x8b, 0x8b, 0x8b, 0x8b,
    0x8b, 0x8b, 0x8b, 0x8b, 0x8b, 0x8b, 0x8b, 0x8b, 0x8b, 0x8b, 0x8b, 0x8b,
    0x8b, 0x8b, 0x8b, 0x8b, 0x8b, 0x8b, 0x8b, 0x8b, 0x88, 0x88, 0x88, 0x9b,
    0x9b, 0x9b, 0x39, 0x39, 0x39, 0x04, 0x04, 0x04, 0x1b, 0x1b, 0x1b, 0x84,
    0x84, 0x84, 0xd3, 0xd3, 0xd3, 0xee, 0xee, 0xee, 0xfa, 0xfa, 0xfa, 0xfe,
    0xfe, 0xfe, 0xff, 0xff, 0xff, 0xff, 0xff, 0xff, 0xff, 0xff, 0xff, 0xff,
    0xff, 0xff, 0xff, 0xff, 0xff, 0xff, 0xff, 0xff, 0x00, 0x00, 0xff, 0xff,
    0xff, 0xff, 0xff, 0xff, 0xff, 0xff, 0xff, 0xff, 0xff, 0xff, 0xff, 0xff,
    0xff, 0xff, 0xff, 0xff, 0xfc, 0xfc, 0xfc, 0xff, 0xff, 0xff, 0xba, 0xba,
    0xba, 0x01, 0x01, 0x01, 0x19, 0x19, 0x19, 0xdd, 0xdd, 0xdd, 0xff, 0xff,
    0xff, 0xff, 0xff, 0xff, 0xff, 0xff, 0xff, 0xff, 0xff, 0xff, 0xff, 0xff,
    0xff, 0xff, 0xff, 0xff, 0xff, 0xff, 0xff, 0xff, 0xff, 0xff, 0xff, 0xff,
    0xff, 0xff, 0xff, 0xff, 0xff, 0xff, 0xff, 0xff, 0xff, 0xff, 0xff, 0xff,
    0xff, 0xff, 0xff, 0xff, 0xff, 0xff, 0xff, 0xff, 0xff, 0xff, 0xff, 0xff,
    0xff, 0xff, 0xff, 0xff, 0xff, 0xff, 0xff, 0xff, 0xff, 0xff, 0xff, 0xff,
    0xff, 0xff, 0xff, 0xff, 0xff, 0xff, 0xff, 0xd0, 0xd0, 0xd0, 0x11, 0x11,
    0x11, 0x03, 0x03, 0x03, 0x7a, 0x7a, 0x7a, 0xd0, 0xd0, 0xd0, 0xe5, 0xe5,
    0xe5, 0xf9, 0xf9, 0xf9, 0xfe, 0xfe, 0xfe, 0xff, 0xff, 0xff, 0xff, 0xff,
    0xff, 0xff, 0xff, 0xff, 0xff, 0xff, 0xff, 0xff, 0xff, 0xff, 0xff, 0xff,
    0xff, 0xff, 0xff, 0xff, 0x00, 0x00, 0xff, 0xff, 0xff, 0xff, 0xff, 0xff,
    0xff, 0xff, 0xff, 0xff, 0xff, 0xff, 0xff, 0xff, 0xff, 0xff, 0xff, 0xff,
    0xff, 0xff, 0xff, 0xf9, 0xf9, 0xf9, 0xff, 0xff, 0xff, 0x66, 0x66, 0x66,
    0x00, 0x00, 0x00, 0x31, 0x31, 0x31, 0x86, 0x86, 0x86, 0x7b, 0x7b, 0x7b,
    0x7d, 0x7d, 0x7d, 0x7d, 0x7d, 0x7d, 0x7d, 0x7d, 0x7d, 0x7d, 0x7d, 0x7d,
    0x7d, 0x7d, 0x7d, 0x7d, 0x7d, 0x7d, 0x7d, 0x7d, 0x7d, 0x7d, 0x7d, 0x7d,
    0x7d, 0x7d, 0x7d, 0x7d, 0x7d, 0x7d, 0x7d, 0x7d, 0x7d, 0x7d, 0x7d, 0x7d,
    0x7d, 0x7d, 0x7d, 0x7d, 0x7d, 0x7d, 0x7d, 0x7d, 0x7d, 0x7d, 0x7d, 0x7d,
    0x7d, 0x7d, 0x7d, 0x7d, 0x7d, 0x7d, 0x7d, 0x7d, 0x7d, 0x7b, 0x7b, 0x7b,
    0x85, 0x85, 0x85, 0x28, 0x28, 0x28, 0x00, 0x00, 0x00, 0x3d, 0x3d, 0x3d,
    0xa8, 0xa8, 0xa8, 0xcc, 0xcc, 0xcc, 0xf0, 0xf0, 0xf0, 0xfc, 0xfc, 0xfc,
    0xff, 0xff, 0xff, 0xff, 0xff, 0xff, 0xff, 0xff, 0xff, 0xff, 0xff, 0xff,
    0xff, 0xff, 0xff, 0xff, 0xff, 0xff, 0xff, 0xff, 0xff, 0xff, 0xff, 0xff,
    0x00, 0x00, 0xff, 0xff, 0xff, 0xff, 0xff, 0xff, 0xff, 0xff, 0xff, 0xff,
    0xff, 0xff, 0xff, 0xff, 0xff, 0xff, 0xff, 0xff, 0xff, 0xff, 0xff, 0xfd,
    0xfd, 0xfd, 0xfe, 0xfe, 0xfe, 0xc9, 0xc9, 0xc9, 0x01, 0x01, 0x01, 0x01,
    0x01, 0x01, 0x00, 0x00, 0x00, 0x00, 0x00, 0x00, 0x00, 0x00, 0x00, 0x00,
    0x00, 0x00, 0x00, 0x00, 0x00, 0x00, 0x00, 0x00, 0x00, 0x00, 0x00, 0x00,
    0x00, 0x00, 0x00, 0x00, 0x00, 0x00, 0x00, 0x00, 0x00, 0x00, 0x00, 0x00,
    0x00, 0x00, 0x00, 0x00, 0x00, 0x00, 0x00, 0x00, 0x00, 0x00, 0x00, 0x00,
    0x00, 0x00, 0x00, 0x00, 0x00, 0x00, 0x00, 0x00, 0x00, 0x00, 0x00, 0x00,
    0x00, 0x00, 0x00, 0x00, 0x00, 0x00, 0x00, 0x00, 0x00, 0x00, 0x00, 0x00,
    0x00, 0x00, 0x01, 0x01, 0x01, 0x6c, 0x6c, 0x6c, 0xa9, 0xa9, 0xa9, 0xd4,
    0xd4, 0xd4, 0xf3, 0xf3, 0xf3, 0xfe, 0xfe, 0xfe, 0xff, 0xff, 0xff, 0xff,
    0xff, 0xff, 0xff, 0xff, 0xff, 0xff, 0xff, 0xff, 0xff, 0xff, 0xff, 0xff,
    0xff, 0xff, 0xff, 0xff, 0xff, 0xff, 0xff, 0xff, 0x00, 0x00, 0xff, 0xff,
    0xff, 0xff, 0xff, 0xff, 0xff, 0xff, 0xff, 0xff, 0xff, 0xff, 0xff, 0xff,
    0xff, 0xff, 0xff, 0xff, 0xff, 0xff, 0xff, 0xfd, 0xfd, 0xfd, 0xff, 0xff,
    0xff, 0xc6, 0xc6, 0xc6, 0x00, 0x00, 0x00, 0x1f, 0x1f, 0x1f, 0x96, 0x96,
    0x96, 0x93, 0x93, 0x93, 0x94, 0x94, 0x94, 0x94, 0x94, 0x94, 0x94, 0x94,
    0x94, 0x94, 0x94, 0x94, 0x94, 0x94, 0x94, 0x94, 0x94, 0x94, 0x94, 0x94,
    0x94, 0x94, 0x94, 0x94, 0x94, 0x94, 0x94, 0x94, 0x94, 0x94, 0x94, 0x94,
    0x94, 0x94, 0x94, 0x94, 0x94, 0x94, 0x94, 0x94, 0x94, 0x94, 0x94, 0x94,
    0x94, 0x94, 0x94, 0x94, 0x94, 0x94, 0x94, 0x94, 0x94, 0x94, 0x93, 0x93,
    0x93, 0x94, 0x94, 0x94, 0x93, 0x93, 0x93, 0x16, 0x16, 0x16, 0x00, 0x00,
    0x00, 0x6c, 0x6c, 0x6c, 0xaa, 0xaa, 0xaa, 0xd5, 0xd5, 0xd5, 0xf4, 0xf4,
    0xf4, 0xfe, 0xfe, 0xfe, 0xff, 0xff, 0xff, 0xff, 0xff, 0xff, 0xff, 0xff,
    0xff, 0xff, 0xff, 0xff, 0xff, 0xff, 0xff, 0xff, 0xff, 0xff, 0xff, 0xff,
    0xff, 0xff, 0xff, 0xff, 0x00, 0x00, 0xff, 0xff, 0xff, 0xff, 0xff, 0xff,
    0xff, 0xff, 0xff, 0xff, 0xff, 0xff, 0xff, 0xff, 0xff, 0xff, 0xff, 0xff,
    0xff, 0xff, 0xff, 0xfd, 0xfd, 0xfd, 0xff, 0xff, 0xff, 0xc8, 0xc8, 0xc8,
    0x00, 0x00, 0x00, 0x31, 0x31, 0x31, 0xfa, 0xfa, 0xfa, 0xf4, 0xf4, 0xf4,
    0xf5, 0xf5, 0xf5, 0xf5, 0xf5, 0xf5, 0xf5, 0xf5, 0xf5, 0xf5, 0xf5, 0xf5,
    0xf5, 0xf5, 0xf5, 0xf5, 0xf5, 0xf5, 0xf5, 0xf5, 0xf5, 0xf5, 0xf5, 0xf5,
    0xf5, 0xf5, 0xf5, 0xf5, 0xf5, 0xf5, 0xf5, 0xf5, 0xf5, 0xf5, 0xf5, 0xf5,
    0xf5, 0xf5, 0xf5, 0xf5, 0xf5, 0xf5, 0xf5, 0xf5, 0xf5, 0xf5, 0xf5, 0xf5,
    0xf5, 0xf5, 0xf5, 0xf5, 0xf5, 0xf5, 0xf4, 0xf4, 0xf4, 0xf7, 0xf7, 0xf7,
    0xf3, 0xf3, 0xf3, 0x23, 0x23, 0x23, 0x00, 0x00, 0x00, 0x6d, 0x6d, 0x6d,
    0xaa, 0xaa, 0xaa, 0xd5, 0xd5, 0xd5, 0xf4, 0xf4, 0xf4, 0xfe, 0xfe, 0xfe,
    0xff, 0xff, 0xff, 0xff, 0xff, 0xff, 0xff, 0xff, 0xff, 0xff, 0xff, 0xff,
    0xff, 0xff, 0xff, 0xff, 0xff, 0xff, 0xff, 0xff, 0xff, 0xff, 0xff, 0xff,
    0x00, 0x00, 0xff, 0xff, 0xff, 0xff, 0xff, 0xff, 0xff, 0xff, 0xff, 0xff,
    0xff, 0xff, 0xff, 0xff, 0xff, 0xff, 0xff, 0xff, 0xff, 0xff, 0xff, 0xfd,
    0xfd, 0xfd, 0xff, 0xff, 0xff, 0xc8, 0xc8, 0xc8, 0x00, 0x00, 0x00, 0x2d,
    0x2d, 0x2d, 0xe6, 0xe6, 0xe6, 0xe2, 0xe2, 0xe2, 0xe3, 0xe3, 0xe3, 0xe3,
    0xe3, 0xe3, 0xe3, 0xe3, 0xe3, 0xe3, 0xe3, 0xe3, 0xe3, 0xe3, 0xe3, 0xe3,
    0xe3, 0xe3, 0xe3, 0xe3, 0xe3, 0xe3, 0xe3, 0xe3, 0xe3, 0xe3, 0xe3, 0xe3,
    0xe3, 0xe3, 0xe3, 0xe3, 0xe3, 0xe3, 0xe3, 0xe3, 0xe3, 0xe3, 0xe3, 0xe3,
    0xe3, 0xe3, 0xe3, 0xe3, 0xe3, 0xe3, 0xe3, 0xe3, 0xe3, 0xe3, 0xe3, 0xe3,
    0xe3, 0xe3, 0xe2, 0xe2, 0xe2, 0xe4, 0xe4, 0xe4, 0xe1, 0xe1, 0xe1, 0x21,
    0x21, 0x21, 0x00, 0x00, 0x00, 0x6d, 0x6d, 0x6d, 0xaa, 0xaa, 0xaa, 0xd5,
    0xd5, 0xd5, 0xf4, 0xf4, 0xf4, 0xfe, 0xfe, 0xfe, 0xff, 0xff, 0xff, 0xff,
    0xff, 0xff, 0xff, 0xff, 0xff, 0xff, 0xff, 0xff, 0xff, 0xff, 0xff, 0xff,
    0xff, 0xff, 0xff, 0xff, 0xff, 0xff, 0xff, 0xff, 0x00, 0x00, 0xff, 0xff,
    0xff, 0xff, 0xff, 0xff, 0xff, 0xff, 0xff, 0xff, 0xff, 0xff, 0xff, 0xff,
    0xff, 0xff, 0xff, 0xff, 0xff, 0xff, 0xff, 0xfd, 0xfd, 0xfd, 0xff, 0xff,
    0xff, 0xc8, 0xc8, 0xc8, 0x00, 0x00, 0x00, 0x2e, 0x2e, 0x2e, 0xea, 0xea,
    0xea, 0xe5, 0xe5, 0xe5, 0xe6, 0xe6, 0xe6, 0xe6, 0xe6, 0xe6, 0xe6, 0xe6,
    0xe6, 0xe6, 0xe6, 0xe6, 0xe6, 0xe6, 0xe6, 0xe6, 0xe6, 0xe6, 0xe6, 0xe6,
    0xe6, 0xe6, 0xe6, 0xe6, 0xe6, 0xe6, 0xe6, 0xe6, 0xe6, 0xe6, 0xe6, 0xe6,
    0xe6, 0xe6, 0xe6, 0xe6, 0xe6, 0xe6, 0xe6, 0xe6, 0xe6, 0xe6, 0xe6, 0xe6,
    0xe6, 0xe6, 0xe6, 0xe6, 0xe6, 0xe6, 0xe6, 0xe6, 0xe6, 0xe6, 0xe5, 0xe5,
    0xe5, 0xe7, 0xe7, 0xe7, 0xe4, 0xe4, 0xe4, 0x21, 0x21, 0x21, 0x00, 0x00,
    0x00, 0x6d, 0x6d, 0x6d, 0xaa, 0xaa, 0xaa, 0xd5, 0xd5, 0xd5, 0xf4, 0xf4,
    0xf4, 0xfe, 0xfe, 0xfe, 0xff, 0xff, 0xff, 0xff, 0xff, 0xff, 0xff, 0xff,
    0xff, 0xff, 0xff, 0xff, 0xff, 0xff, 0xff, 0xff, 0xff, 0xff, 0xff, 0xff,
    0xff, 0xff, 0xff, 0xff, 0x00, 0x00, 0xff, 0xff, 0xff, 0xff, 0xff, 0xff,
    0xff, 0xff, 0xff, 0xff, 0xff, 0xff, 0xff, 0xff, 0xff, 0xff, 0xff, 0xff,
    0xff, 0xff, 0xff, 0xfd, 0xfd, 0xfd, 0xff, 0xff, 0xff, 0xc8, 0xc8, 0xc8,
    0x00, 0x00, 0x00, 0x2e, 0x2e, 0x2e, 0xea, 0xea, 0xea, 0xe5, 0xe5, 0xe5,
    0xe6, 0xe6, 0xe6, 0xe6, 0xe6, 0xe6, 0xe6, 0xe6, 0xe6, 0xe6, 0xe6, 0xe6,
    0xe6, 0xe6, 0xe6, 0xe6, 0xe6, 0xe6, 0xe6, 0xe6, 0xe6, 0xe6, 0xe6, 0xe6,
    0xe6, 0xe6, 0xe6, 0xe6, 0xe6, 0xe6, 0xe6, 0xe6, 0xe6, 0xe6, 0xe6, 0xe6,
    0xe6, 0xe6, 0xe6, 0xe6, 0xe6, 0xe6, 0xe6, 0xe6, 0xe6, 0xe6, 0xe6, 0xe6,
    0xe6, 0xe6, 0xe6, 0xe6, 0xe6, 0xe6, 0xe5, 0xe5, 0xe5, 0xe7, 0xe7, 0xe7,
    0xe4, 0xe4, 0xe4, 0x21, 0x21, 0x21, 0x00, 0x00, 0x00, 0x6d, 0x6d, 0x6d,
    0xaa, 0xaa, 0xaa, 0xd5, 0xd5, 0xd5, 0xf4, 0xf4, 0xf4, 0xfe, 0xfe, 0xfe,
    0xff, 0xff, 0xff, 0xff, 0xff, 0xff, 0xff, 0xff, 0xff, 0xff, 0xff, 0xff,
    0xff, 0xff, 0xff, 0xff, 0xff, 0xff, 0xff, 0xff, 0xff, 0xff, 0xff, 0xff,
    0x00, 0x00, 0xff, 0xff, 0xff, 0xff, 0xff, 0xff, 0xff, 0xff, 0xff, 0xff,
    0xff, 0xff, 0xff, 0xff, 0xff, 0xff, 0xff, 0xff, 0xff, 0xff, 0xff, 0xfd,
    0xfd, 0xfd, 0xff, 0xff, 0xff, 0xc8, 0xc8, 0xc8, 0x00, 0x00, 0x00, 0x2e,
    0x2e, 0x2e, 0xea, 0xea, 0xea, 0xe5, 0xe5, 0xe5, 0xe6, 0xe6, 0xe6, 0xe6,
    0xe6, 0xe6, 0xe6, 0xe6, 0xe6, 0xe6, 0xe6, 0xe6, 0xe6, 0xe6, 0xe6, 0xe6,
    0xe6, 0xe6, 0xe6, 0xe6, 0xe6, 0xe6, 0xe6, 0xe6, 0xe6, 0xe6, 0xe6, 0xe6,
    0xe6, 0xe6, 0xe6, 0xe6, 0xe6, 0xe6, 0xe6, 0xe6, 0xe6, 0xe6, 0xe6, 0xe6,
    0xe6, 0xe6, 0xe6, 0xe6, 0xe6, 0xe6, 0xe6, 0xe6, 0xe6, 0xe6, 0xe6, 0xe6,
    0xe6, 0xe6, 0xe5, 0xe5, 0xe5, 0xe7, 0xe7, 0xe7, 0xe4, 0xe4, 0xe4, 0x21,
    0x21, 0x21, 0x00, 0x00, 0x00, 0x6d, 0x6d, 0x6d, 0xaa, 0xaa, 0xaa, 0xd5,
    0xd5, 0xd5, 0xf4, 0xf4, 0xf4, 0xfe, 0xfe, 0xfe, 0xff, 0xff, 0xff, 0xff,
    0xff, 0xff, 0xff, 0xff, 0xff, 0xff, 0xff, 0xff, 0xff, 0xff, 0xff, 0xff,
    0xff, 0xff, 0xff, 0xff, 0xff, 0xff, 0xff, 0xff, 0x00, 0x00, 0xff, 0xff,
    0xff, 0xff, 0xff, 0xff, 0xff, 0xff, 0xff, 0xff, 0xff, 0xff, 0xff, 0xff,
    0xff, 0xff, 0xff, 0xff, 0xff, 0xff, 0xff, 0xfd, 0xfd, 0xfd, 0xff, 0xff,
    0xff, 0xc8, 0xc8, 0xc8, 0x00, 0x00, 0x00, 0x2e, 0x2e, 0x2e, 0xea, 0xea,
    0xea, 0xe5, 0xe5, 0xe5, 0xe6, 0xe6, 0xe6, 0xe6, 0xe6, 0xe6, 0xe6, 0xe6,
    0xe6, 0xe6, 0xe6, 0xe6, 0xe6, 0xe6, 0xe6, 0xe6, 0xe6, 0xe6, 0xe6, 0xe6,
    0xe6, 0xe6, 0xe6, 0xe6, 0xe6, 0xe6, 0xe6, 0xe6, 0xe6, 0xe6, 0xe6, 0xe6,
    0xe6, 0xe6, 0xe6, 0xe6, 0xe6, 0xe6, 0xe6, 0xe6, 0xe6, 0xe6, 0xe6, 0xe6,
    0xe6, 0xe6, 0xe6, 0xe6, 0xe6, 0xe6, 0xe6, 0xe6, 0xe6, 0xe6, 0xe5, 0xe5,
    0xe5, 0xe7, 0xe7, 0xe7, 0xe4, 0xe4, 0xe4, 0x21, 0x21, 0x21, 0x00, 0x00,
    0x00, 0x6d, 0x6d, 0x6d, 0xaa, 0xaa, 0xaa, 0xd5, 0xd5, 0xd5, 0xf4, 0xf4,
    0xf4, 0xfe, 0xfe, 0xfe, 0xff, 0xff, 0xff, 0xff, 0xff, 0xff, 0xff, 0xff,
    0xff, 0xff, 0xff, 0xff, 0xff, 0xff, 0xff, 0xff, 0xff, 0xff, 0xff, 0xff,
    0xff, 0xff, 0xff, 0xff, 0x00, 0x00, 0xff, 0xff, 0xff, 0xff, 0xff, 0xff,
    0xff, 0xff, 0xff, 0xff, 0xff, 0xff, 0xff, 0xff, 0xff, 0xff, 0xff, 0xff,
    0xff, 0xff, 0xff, 0xfd, 0xfd, 0xfd, 0xff, 0xff, 0xff, 0xc8, 0xc8, 0xc8,
    0x00, 0x00, 0x00, 0x2e, 0x2e, 0x2e, 0xea, 0xea, 0xea, 0xe5, 0xe5, 0xe5,
    0xe6, 0xe6, 0xe6, 0xe6, 0xe6, 0xe6, 0xe6, 0xe6, 0xe6, 0xe6, 0xe6, 0xe6,
    0xe6, 0xe6, 0xe6, 0xe6, 0xe6, 0xe6, 0xe6, 0xe6, 0xe6, 0xe6, 0xe6, 0xe6,
    0xe6, 0xe6, 0xe6, 0xe6, 0xe6, 0xe6, 0xe6, 0xe6, 0xe6, 0xe6, 0xe6, 0xe6,
    0xe6, 0xe6, 0xe6, 0xe6, 0xe6, 0xe6, 0xe6, 0xe6, 0xe6, 0xe6, 0xe6, 0xe6,
    0xe6, 0xe6, 0xe6, 0xe6, 0xe6, 0xe6, 0xe5, 0xe5, 0xe5, 0xe7, 0xe7, 0xe7,
    0xe4, 0xe4, 0xe4, 0x21, 0x21, 0x21, 0x00, 0x00, 0x00, 0x6d, 0x6d, 0x6d,
    0xaa, 0xaa, 0xaa, 0xd5, 0xd5, 0xd5, 0xf4, 0xf4, 0xf4, 0xfe, 0xfe, 0xfe,
    0xff, 0xff, 0xff, 0xff, 0xff, 0xff, 0xff, 0xff, 0xff, 0xff, 0xff, 0xff,
    0xff, 0xff, 0xff, 0xff, 0xff, 0xff, 0xff, 0xff, 0xff, 0xff, 0xff, 0xff,
    0x00, 0x00, 0xff, 0xff, 0xff, 0xff, 0xff, 0xff, 0xff, 0xff, 0xff, 0xff,
    0xff, 0xff, 0xff, 0xff, 0xff, 0xff, 0xff, 0xff, 0xff, 0xff, 0xff, 0xfd,
    0xfd, 0xfd, 0xff, 0xff, 0xff, 0xc8, 0xc8, 0xc8, 0x00, 0x00, 0x00, 0x2e,
    0x2e, 0x2e, 0xea, 0xea, 0xea, 0xe5, 0xe5, 0xe5, 0xe6, 0xe6, 0xe6, 0xe6,
    0xe6, 0xe6, 0xe6, 0xe6, 0xe6, 0xe6, 0xe6, 0xe6, 0xe6, 0xe6, 0xe6, 0xe6,
    0xe6, 0xe6, 0xe6, 0xe6, 0xe6, 0xe6, 0xe6, 0xe6, 0xe6, 0xe6, 0xe6, 0xe6,
    0xe6, 0xe6, 0xe6, 0xe6, 0xe6, 0xe6, 0xe6, 0xe6, 0xe6, 0xe6, 0xe6, 0xe6,
    0xe6, 0xe6, 0xe6, 0xe6, 0xe6, 0xe6, 0xe6, 0xe6, 0xe6, 0xe6, 0xe6, 0xe6,
    0xe6, 0xe6, 0xe5, 0xe5, 0xe5, 0xe7, 0xe7, 0xe7, 0xe4, 0xe4, 0xe4, 0x21,
    0x21, 0x21, 0x00, 0x00, 0x00, 0x6d, 0x6d, 0x6d, 0xaa, 0xaa, 0xaa, 0xd5,
    0xd5, 0xd5, 0xf4, 0xf4, 0xf4, 0xfe, 0xfe, 0xfe, 0xff, 0xff, 0xff, 0xff,
    0xff, 0xff, 0xff, 0xff, 0xff, 0xff, 0xff, 0xff, 0xff, 0xff, 0xff, 0xff,
    0xff, 0xff, 0xff, 0xff, 0xff, 0xff, 0xff, 0xff, 0x00, 0x00, 0xff, 0xff,
    0xff, 0xff, 0xff, 0xff, 0xff, 0xff, 0xff, 0xff, 0xff, 0xff, 0xff, 0xff,
    0xff, 0xff, 0xff, 0xff, 0xff, 0xff, 0xff, 0xfd, 0xfd, 0xfd, 0xff, 0xff,
    0xff, 0xc8, 0xc8, 0xc8, 0x00, 0x00, 0x00, 0x2e, 0x2e, 0x2e, 0xea, 0xea,
    0xea, 0xe5, 0xe5, 0xe5, 0xe6, 0xe6, 0xe6, 0xe6, 0xe6, 0xe6, 0xe6, 0xe6,
    0xe6, 0xe6, 0xe6, 0xe6, 0xe6, 0xe6, 0xe6, 0xe6, 0xe6, 0xe6, 0xe6, 0xe6,
    0xe6, 0xe6, 0xe6, 0xe6, 0xe6, 0xe6, 0xe6, 0xe6, 0xe6, 0xe6, 0xe6, 0xe6,
    0xe6, 0xe6, 0xe6, 0xe6, 0xe6, 0xe6, 0xe6, 0xe6, 0xe6, 0xe6, 0xe6, 0xe6,
    0xe6, 0xe6, 0xe6, 0xe6, 0xe6, 0xe6, 0xe6, 0xe6, 0xe6, 0xe6, 0xe5, 0xe5,
    0xe5, 0xe7, 0xe7, 0xe7, 0xe4, 0xe4, 0xe4, 0x21, 0x21, 0x21, 0x00, 0x00,
    0x00, 0x6d, 0x6d, 0x6d, 0xaa, 0xaa, 0xaa, 0xd5, 0xd5, 0xd5, 0xf4, 0xf4,
    0xf4, 0xfe, 0xfe, 0xfe, 0xff, 0xff, 0xff, 0xff, 0xff, 0xff, 0xff, 0xff,
    0xff, 0xff, 0xff, 0xff, 0xff, 0xff, 0xff, 0xff, 0xff, 0xff, 0xff, 0xff,
    0xff, 0xff, 0xff, 0xff, 0x00, 0x00, 0xff, 0xff, 0xff, 0xff, 0xff, 0xff,
    0xff, 0xff, 0xff, 0xff, 0xff, 0xff, 0xff, 0xff, 0xff, 0xff, 0xff, 0xff,
    0xff, 0xff, 0xff, 0xfd, 0xfd, 0xfd, 0xff, 0xff, 0xff, 0xc8, 0xc8, 0xc8,
    0x00, 0x00, 0x00, 0x2e, 0x2e, 0x2e, 0xea, 0xea, 0xea, 0xe5, 0xe5, 0xe5,
    0xe6, 0xe6, 0xe6, 0xe6, 0xe6, 0xe6, 0xe6, 0xe6, 0xe6, 0xe6, 0xe6, 0xe6,
    0xe6, 0xe6, 0xe6, 0xe6, 0xe6, 0xe6, 0xe6, 0xe6, 0xe6, 0xe6, 0xe6, 0xe6,
    0xe6, 0xe6, 0xe6, 0xe6, 0xe6, 0xe6, 0xe6, 0xe6, 0xe6, 0xe6, 0xe6, 0xe6,
    0xe6, 0xe6, 0xe6, 0xe6, 0xe6, 0xe6, 0xe6, 0xe6, 0xe6, 0xe6, 0xe6, 0xe6,
    0xe6, 0xe6, 0xe6, 0xe6, 0xe6, 0xe6, 0xe5, 0xe5, 0xe5, 0xe7, 0xe7, 0xe7,
    0xe4, 0xe4, 0xe4, 0x21, 0x21, 0x21, 0x00, 0x00, 0x00, 0x6d, 0x6d, 0x6d,
    0xaa, 0xaa, 0xaa, 0xd5, 0xd5, 0xd5, 0xf4, 0xf4, 0xf4, 0xfe, 0xfe, 0xfe,
    0xff, 0xff, 0xff, 0xff, 0xff, 0xff, 0xff, 0xff, 0xff, 0xff, 0xff, 0xff,
    0xff, 0xff, 0xff, 0xff, 0xff, 0xff, 0xff, 0xff, 0xff, 0xff, 0xff, 0xff,
    0x00, 0x00, 0xff, 0xff, 0xff, 0xff, 0xff, 0xff, 0xff, 0xff, 0xff, 0xff,
    0xff, 0xff, 0xff, 0xff, 0xff, 0xff, 0xff, 0xff, 0xff, 0xff, 0xff, 0xfd,
    0xfd, 0xfd, 0xff, 0xff, 0xff, 0xc8, 0xc8, 0xc8, 0x00, 0x00, 0x00, 0x2e,
    0x2e, 0x2e, 0xea, 0xea, 0xea, 0xe5, 0xe5, 0xe5, 0xe6, 0xe6, 0xe6, 0xe6,
    0xe6, 0xe6, 0xe6, 0xe6, 0xe6, 0xe6, 0xe6, 0xe6, 0xe6, 0xe6, 0xe6, 0xe6,
    0xe6, 0xe6, 0xe6, 0xe6, 0xe6, 0xe6, 0xe6, 0xe6, 0xe6, 0xe6, 0xe6, 0xe6,
    0xe6, 0xe6, 0xe6, 0xe6, 0xe6, 0xe6, 0xe6, 0xe6, 0xe6, 0xe6, 0xe6, 0xe6,
    0xe6, 0xe6, 0xe6, 0xe6, 0xe6, 0xe6, 0xe6, 0xe6, 0xe6, 0xe6, 0xe6, 0xe6,
    0xe6, 0xe6, 0xe5, 0xe5, 0xe5, 0xe7, 0xe7, 0xe7, 0xe4, 0xe4, 0xe4, 0x21,
    0x21, 0x21, 0x00, 0x00, 0x00, 0x6d, 0x6d, 0x6d, 0xaa, 0xaa, 0xaa, 0xd5,
    0xd5, 0xd5, 0xf4, 0xf4, 0xf4, 0xfe, 0xfe, 0xfe, 0xff, 0xff, 0xff, 0xff,
    0xff, 0xff, 0xff, 0xff, 0xff, 0xff, 0xff, 0xff, 0xff, 0xff, 0xff, 0xff,
    0xff, 0xff, 0xff, 0xff, 0xff, 0xff, 0xff, 0xff, 0x00, 0x00, 0xff, 0xff,
    0xff, 0xff, 0xff, 0xff, 0xff, 0xff, 0xff, 0xff, 0xff, 0xff, 0xff, 0xff,
    0xff, 0xff, 0xff, 0xff, 0xff, 0xff, 0xff, 0xfd, 0xfd, 0xfd, 0xff, 0xff,
    0xff, 0xc7, 0xc7, 0xc7, 0x00, 0x00, 0x00, 0x2e, 0x2e, 0x2e, 0xe9, 0xe9,
    0xe9, 0xe4, 0xe4, 0xe4, 0xe5, 0xe5, 0xe5, 0xe5, 0xe5, 0xe5, 0xe5, 0xe5,
    0xe5, 0xe5, 0xe5, 0xe5, 0xe5, 0xe5, 0xe5, 0xe5, 0xe5, 0xe5, 0xe5, 0xe5,
    0xe5, 0xe5, 0xe5, 0xe5, 0xe5, 0xe5, 0xe5, 0xe5, 0xe5, 0xe5, 0xe5, 0xe5,
    0xe5, 0xe5, 0xe5, 0xe5, 0xe5, 0xe5, 0xe5, 0xe5, 0xe5, 0xe5, 0xe5, 0xe5,
    0xe5, 0xe5, 0xe5, 0xe5, 0xe5, 0xe5, 0xe5, 0xe5, 0xe5, 0xe5, 0xe4, 0xe4,
    0xe4, 0xe6, 0xe6, 0xe6, 0xe3, 0xe3, 0xe3, 0x21, 0x21, 0x21, 0x00, 0x00,
    0x00, 0x6c, 0x6c, 0x6c, 0xa8, 0xa8, 0xa8, 0xd4, 0xd4, 0xd4, 0xf2, 0xf2,
    0xf2, 0xfd, 0xfd, 0xfd, 0xff, 0xff, 0xff, 0xff, 0xff, 0xff, 0xff, 0xff,
    0xff, 0xff, 0xff, 0xff, 0xff, 0xff, 0xff, 0xff, 0xff, 0xff, 0xff, 0xff,
    0xff, 0xff, 0xff, 0xff, 0x00, 0x00, 0xff, 0xff, 0xff, 0xff, 0xff, 0xff,
    0xff, 0xff, 0xff, 0xff, 0xff, 0xff, 0xff, 0xff, 0xff, 0xff, 0xff, 0xff,
    0xff, 0xff, 0xff, 0xfc, 0xfc, 0xfc, 0xff, 0xff, 0xff, 0xc1, 0xc1, 0xc1,
    0x00, 0x00, 0x00, 0x2e, 0x2e, 0x2e, 0xec, 0xec, 0xec, 0xe7, 0xe7, 0xe7,
    0xe8, 0xe8, 0xe8, 0xe8, 0xe8, 0xe8, 0xe8, 0xe8, 0xe8, 0xe8, 0xe8, 0xe8,
    0xe8, 0xe8, 0xe8, 0xe8, 0xe8, 0xe8, 0xe8, 0xe8, 0xe8, 0xe8, 0xe8, 0xe8,
    0xe8, 0xe8, 0xe8, 0xe8, 0xe8, 0xe8, 0xe8, 0xe8, 0xe8, 0xe8, 0xe8, 0xe8,
    0xe8, 0xe8, 0xe8, 0xe8, 0xe8, 0xe8, 0xe8, 0xe8, 0xe8, 0xe8, 0xe8, 0xe8,
    0xe8, 0xe8, 0xe8, 0xe8, 0xe8, 0xe8, 0xe7, 0xe7, 0xe7, 0xe9, 0xe9, 0xe9,
    0xe6, 0xe6, 0xe6, 0x21, 0x21, 0x21, 0x00, 0x00, 0x00, 0x67, 0x67, 0x67,
    0xa0, 0xa0, 0xa0, 0xcb, 0xcb, 0xcb, 0xec, 0xec, 0xec, 0xfb, 0xfb, 0xfb,
    0xfe, 0xfe, 0xfe, 0xff, 0xff, 0xff, 0xff, 0xff, 0xff, 0xff, 0xff, 0xff,
    0xff, 0xff, 0xff, 0xff, 0xff, 0xff, 0xff, 0xff, 0xff, 0xff, 0xff, 0xff,
    0x00, 0x00, 0xff, 0xff, 0xff, 0xff, 0xff, 0xff, 0xff, 0xff, 0xff, 0xff,
    0xff, 0xff, 0xff, 0xff, 0xff, 0xff, 0xff, 0xff, 0xfe, 0xfe, 0xfe, 0xf9,
    0xf9, 0xf9, 0xf8, 0xf8, 0xf8, 0xb7, 0xb7, 0xb7, 0x00, 0x00, 0x00, 0x2e,
    0x2e, 0x2e, 0xe6, 0xe6, 0xe6, 0xe1, 0xe1, 0xe1, 0xe2, 0xe2, 0xe2, 0xe2,
    0xe2, 0xe2, 0xe2, 0xe2, 0xe2, 0xe2, 0xe2, 0xe2, 0xe2, 0xe2, 0xe2, 0xe2,
    0xe2, 0xe2, 0xe2, 0xe2, 0xe2, 0xe2, 0xe2, 0xe2, 0xe2, 0xe2, 0xe2, 0xe2,
    0xe2, 0xe2, 0xe2, 0xe2, 0xe2, 0xe2, 0xe2, 0xe2, 0xe2, 0xe2, 0xe2, 0xe2,
    0xe2, 0xe2, 0xe2, 0xe2, 0xe2, 0xe2, 0xe2, 0xe2, 0xe2, 0xe2, 0xe2, 0xe2,
    0xe2, 0xe2, 0xe1, 0xe1, 0xe1, 0xe3, 0xe3, 0xe3, 0xe0, 0xe0, 0xe0, 0x22,
    0x22, 0x22, 0x01, 0x01, 0x01, 0x61, 0x61, 0x61, 0x8e, 0x8e, 0x8e, 0xb5,
    0xb5, 0xb5, 0xdb, 0xdb, 0xdb, 0xf1, 0xf1, 0xf1, 0xfb, 0xfb, 0xfb, 0xfe,
    0xfe, 0xfe, 0xff, 0xff, 0xff, 0xff, 0xff, 0xff, 0xff, 0xff, 0xff, 0xff,
    0xff, 0xff, 0xff, 0xff, 0xff, 0xff, 0xff, 0xff, 0x00, 0x00, 0xff, 0xff,
    0xff, 0xff, 0xff, 0xff, 0xff, 0xff, 0xff, 0xff, 0xff, 0xff, 0xff, 0xff,
    0xff, 0xfe, 0xfe, 0xfe, 0xfb, 0xfb, 0xfb, 0xec, 0xec, 0xec, 0xe9, 0xe9,
    0xe9, 0x8a, 0x8a, 0x8a, 0x02, 0x02, 0x02, 0x02, 0x02, 0x02, 0x16, 0x16,
    0x16, 0x16, 0x16, 0x16, 0x16, 0x16, 0x16, 0x16, 0x16, 0x16, 0x16, 0x16,
    0x16, 0x16, 0x16, 0x16, 0x16, 0x16, 0x16, 0x16, 0x16, 0x16, 0x16, 0x16,
    0x16, 0x16, 0x16, 0x16, 0x16, 0x16, 0x16, 0x16, 0x16, 0x16, 0x16, 0x16,
    0x16, 0x16, 0x16, 0x16, 0x16, 0x16, 0x16, 0x16, 0x16, 0x16, 0x16, 0x16,
    0x16, 0x16, 0x16, 0x16, 0x16, 0x16, 0x16, 0x16, 0x16, 0x16, 0x15, 0x15,
    0x15, 0x16, 0x16, 0x16, 0x15, 0x15, 0x15, 0x01, 0x01, 0x01, 0x03, 0x03,
    0x03, 0x4f, 0x4f, 0x4f, 0x7d, 0x7d, 0x7d, 0x93, 0x93, 0x93, 0xbb, 0xbb,
    0xbb, 0xdb, 0xdb, 0xdb, 0xf0, 0xf0, 0xf0, 0xfb, 0xfb, 0xfb, 0xfe, 0xfe,
    0xfe, 0xff, 0xff, 0xff, 0xff, 0xff, 0xff, 0xff, 0xff, 0xff, 0xff, 0xff,
    0xff, 0xff, 0xff, 0xff, 0x00, 0x00, 0xff, 0xff, 0xff, 0xff, 0xff, 0xff,
    0xff, 0xff, 0xff, 0xff, 0xff, 0xff, 0xff, 0xff, 0xff, 0xfb, 0xfb, 0xfb,
    0xed, 0xed, 0xed, 0xe5, 0xe5, 0xe5, 0x93, 0x93, 0x93, 0x11, 0x11, 0x11,
    0x01, 0x01, 0x01, 0x17, 0x17, 0x17, 0x17, 0x17, 0x17, 0x16, 0x16, 0x16,
    0x16, 0x16, 0x16, 0x16, 0x16, 0x16, 0x16, 0x16, 0x16, 0x16, 0x16, 0x16,
    0x16, 0x16, 0x16, 0x16, 0x16, 0x16, 0x16, 0x16, 0x16, 0x16, 0x16, 0x16,
    0x16, 0x16, 0x16, 0x16, 0x16, 0x16, 0x16, 0x16, 0x16, 0x16, 0x16, 0x16,
    0x16, 0x16, 0x16, 0x16, 0x16, 0x16, 0x16, 0x16, 0x16, 0x16, 0x16, 0x16,
    0x16, 0x16, 0x16, 0x16, 0x16, 0x16, 0x16, 0x16, 0x16, 0x15, 0x15, 0x15,
    0x18, 0x18, 0x18, 0x15, 0x15, 0x15, 0x01, 0x01, 0x01, 0x0d, 0x0d, 0x0d,
    0x54, 0x54, 0x54, 0x7d, 0x7d, 0x7d, 0x93, 0x93, 0x93, 0xb9, 0xb9, 0xb9,
    0xda, 0xda, 0xda, 0xf1, 0xf1, 0xf1, 0xfb, 0xfb, 0xfb, 0xfe, 0xfe, 0xfe,
    0xff, 0xff, 0xff, 0xff, 0xff, 0xff, 0xff, 0xff, 0xff, 0xff, 0xff, 0xff,
    0x00, 0x00, 0xff, 0xff, 0xff, 0xff, 0xff, 0xff, 0xff, 0xff, 0xff, 0xff,
    0xff, 0xff, 0xfd, 0xfd, 0xfd, 0xf2, 0xf2, 0xf2, 0xee, 0xee, 0xee, 0x8b,
    0x8b, 0x8b, 0x07, 0x07, 0x07, 0x00, 0x00, 0x00, 0x62, 0x62, 0x62, 0xe4,
    0xe4, 0xe4, 0xe1, 0xe1, 0xe1, 0xe2, 0xe2, 0xe2, 0xe2, 0xe2, 0xe2, 0xe2,
    0xe2, 0xe2, 0xe2, 0xe2, 0xe2, 0xe2, 0xe2, 0xe2, 0xe2, 0xe2, 0xe2, 0xe2,
    0xe2, 0xe2, 0xe2, 0xe2, 0xe2, 0xe2, 0xe2, 0xe2, 0xe2, 0xe2, 0xe2, 0xe2,
    0xe2, 0xe2, 0xe2, 0xe2, 0xe2, 0xe2, 0xe2, 0xe2, 0xe2, 0xe2, 0xe2, 0xe2,
    0xe2, 0xe2, 0xe2, 0xe2, 0xe2, 0xe2, 0xe2, 0xe2, 0xe2, 0xe2, 0xe2, 0xe2,
    0xe2, 0xe2, 0xe2, 0xe2, 0xe2, 0xe2, 0xe2, 0xe2, 0xe2, 0xe2, 0xe2, 0xe0,
    0xe0, 0xe0, 0x54, 0x54, 0x54, 0x00, 0x00, 0x00, 0x07, 0x07, 0x07, 0x4e,
    0x4e, 0x4e, 0x7c, 0x7c, 0x7c, 0x92, 0x92, 0x92, 0xbc, 0xbc, 0xbc, 0xdf,
    0xdf, 0xdf, 0xf5, 0xf5, 0xf5, 0xfd, 0xfd, 0xfd, 0xff, 0xff, 0xff, 0xff,
    0xff, 0xff, 0xff, 0xff, 0xff, 0xff, 0xff, 0xff, 0x00, 0x00, 0xff, 0xff,
    0xff, 0xff, 0xff, 0xff, 0xff, 0xff, 0xff, 0xff, 0xff, 0xff, 0xfb, 0xfb,
    0xfb, 0xfd, 0xfd, 0xfd, 0x8b, 0x8b, 0x8b, 0x04, 0x04, 0x04, 0x06, 0x06,
    0x06, 0x78, 0x78, 0x78, 0xfb, 0xfb, 0xfb, 0xee, 0xee, 0xee, 0xed, 0xed,
    0xed, 0xed, 0xed, 0xed, 0xed, 0xed, 0xed, 0xed, 0xed, 0xed, 0xed, 0xed,
    0xed, 0xed, 0xed, 0xed, 0xed, 0xed, 0xed, 0xed, 0xed, 0xed, 0xed, 0xed,
    0xed, 0xed, 0xed, 0xed, 0xed, 0xed, 0xed, 0xed, 0xed, 0xed, 0xed, 0xed,
    0xed, 0xed, 0xed, 0xed, 0xed, 0xed, 0xed, 0xed, 0xed, 0xed, 0xed, 0xed,
    0xed, 0xed, 0xed, 0xed, 0xed, 0xed, 0xed, 0xed, 0xed, 0xed, 0xed, 0xed,
    0xed, 0xed, 0xed, 0xed, 0xec, 0xec, 0xec, 0xf0, 0xf0, 0xf0, 0xf7, 0xf7,
    0xf7, 0x6a, 0x6a, 0x6a, 0x04, 0x04, 0x04, 0x06, 0x06, 0x06, 0x48, 0x48,
    0x48, 0x80, 0x80, 0x80, 0x9f, 0x9f, 0x9f, 0xcd, 0xcd, 0xcd, 0xee, 0xee,
    0xee, 0xfb, 0xfb, 0xfb, 0xff, 0xff, 0xff, 0xff, 0xff, 0xff, 0xff, 0xff,
    0xff, 0xff, 0xff, 0xff, 0x00, 0x00, 0xff, 0xff, 0xff, 0xff, 0xff, 0xff,
    0xff, 0xff, 0xff, 0xfc, 0xfc, 0xfc, 0xfe, 0xfe, 0xfe, 0x9a, 0x9a, 0x9a,
    0x00, 0x00, 0x00, 0x02, 0x02, 0x02, 0x03, 0x03, 0x03, 0x34, 0x34, 0x34,
    0x2b, 0x2b, 0x2b, 0x29, 0x29, 0x29, 0x2b, 0x2b, 0x2b, 0x2a, 0x2a, 0x2a,
    0x2a, 0x2a, 0x2a, 0x2a, 0x2a, 0x2a, 0x2a, 0x2a, 0x2a, 0x2a, 0x2a, 0x2a,
    0x2a, 0x2a, 0x2a, 0x2a, 0x2a, 0x2a, 0x2a, 0x2a, 0x2a, 0x2a, 0x2a, 0x2a,
    0x2a, 0x2a, 0x2a, 0x2a, 0x2a, 0x2a, 0x2a, 0x2a, 0x2a, 0x2a, 0x2a, 0x2a,
    0x2a, 0x2a, 0x2a, 0x2a, 0x2a, 0x2a, 0x2a, 0x2a, 0x2a, 0x2a, 0x2a, 0x2a,
    0x2a, 0x2a, 0x2a, 0x2a, 0x2a, 0x2a, 0x2a, 0x2a, 0x2a, 0x2a, 0x2a, 0x2a,
    0x2b, 0x2b, 0x2b, 0x29, 0x29, 0x29, 0x2c, 0x2c, 0x2c, 0x31, 0x31, 0x31,
    0x01, 0x01, 0x01, 0x01, 0x01, 0x01, 0x00, 0x00, 0x00, 0x4f, 0x4f, 0x4f,
    0x97, 0x97, 0x97, 0xc2, 0xc2, 0xc2, 0xe9, 0xe9, 0xe9, 0xfa, 0xfa, 0xfa,
    0xff, 0xff, 0xff, 0xff, 0xff, 0xff, 0xff, 0xff, 0xff, 0xff, 0xff, 0xff,
    0x00, 0x00, 0xff, 0xff, 0xff, 0xff, 0xff, 0xff, 0xff, 0xff, 0xff, 0xfc,
    0xfc, 0xfc, 0xff, 0xff, 0xff, 0x4f, 0x4f, 0x4f, 0x00, 0x00, 0x00, 0x0e,
    0x0e, 0x0e, 0x0d, 0x0d, 0x0d, 0x01, 0x01, 0x01, 0x03, 0x03, 0x03, 0x03,
    0x03, 0x03, 0x03, 0x03, 0x03, 0x03, 0x03, 0x03, 0x03, 0x03, 0x03, 0x03,
    0x03, 0x03, 0x03, 0x03, 0x03, 0x03, 0x03, 0x03, 0x03, 0x03, 0x03, 0x03,
    0x03, 0x03, 0x03, 0x03, 0x03, 0x03, 0x03, 0x03, 0x03, 0x03, 0x03, 0x03,
    0x03, 0x03, 0x03, 0x03, 0x03, 0x03, 0x03, 0x03, 0x03, 0x03, 0x03, 0x03,
    0x03, 0x03, 0x03, 0x03, 0x03, 0x03, 0x03, 0x03, 0x03, 0x03, 0x03, 0x03,
    0x03, 0x03, 0x03, 0x03, 0x03, 0x03, 0x03, 0x03, 0x03, 0x03, 0x03, 0x04,
    0x04, 0x04, 0x03, 0x03, 0x03, 0x02, 0x02, 0x02, 0x0e, 0x0e, 0x0e, 0x0a,
    0x0a, 0x0a, 0x00, 0x00, 0x00, 0x2e, 0x2e, 0x2e, 0x95, 0x95, 0x95, 0xbd,
    0xbd, 0xbd, 0xe7, 0xe7, 0xe7, 0xfa, 0xfa, 0xfa, 0xff, 0xff, 0xff, 0xff,
    0xff, 0xff, 0xff, 0xff, 0xff, 0xff, 0xff, 0xff, 0x00, 0x00, 0xff, 0xff,
    0xff, 0xff, 0xff, 0xff, 0xff, 0xff, 0xff, 0xfc, 0xfc, 0xfc, 0xff, 0xff,
    0xff, 0x5c, 0x5c, 0x5c, 0x00, 0x00, 0x00, 0x8d, 0x8d, 0x8d, 0xe2, 0xe2,
    0xe2, 0xd3, 0xd3, 0xd3, 0xd7, 0xd7, 0xd7, 0xd4, 0xd4, 0xd4, 0xd4, 0xd4,
    0xd4, 0xd4, 0xd4, 0xd4, 0xd4, 0xd4, 0xd4, 0xd4, 0xd4, 0xd4, 0xd4, 0xd4,
    0xd4, 0xd4, 0xd4, 0xd4, 0xd4, 0xd4, 0xd4, 0xd4, 0xd4, 0xd4, 0xd4, 0xd4,
    0xd4, 0xd7, 0xd7, 0xd7, 0xd6, 0xd6, 0xd6, 0xd6, 0xd6, 0xd6, 0xd6, 0xd6,
    0xd6, 0xd6, 0xd6, 0xd6, 0xd4, 0xd4, 0xd4, 0xd4, 0xd4, 0xd4, 0xd4, 0xd4,
    0xd4, 0xd4, 0xd4, 0xd4, 0xd4, 0xd4, 0xd4, 0xd4, 0xd4, 0xd4, 0xd4, 0xd4,
    0xd4, 0xd4, 0xd4, 0xd4, 0xd4, 0xd4, 0xd4, 0xd4, 0xd4, 0xd4, 0xd7, 0xd7,
    0xd7, 0xd2, 0xd2, 0xd2, 0xe3, 0xe3, 0xe3, 0x7a, 0x7a, 0x7a, 0x00, 0x00,
    0x00, 0x35, 0x35, 0x35, 0x94, 0x94, 0x94, 0xbd, 0xbd, 0xbd, 0xe7, 0xe7,
    0xe7, 0xfa, 0xfa, 0xfa, 0xff, 0xff, 0xff, 0xff, 0xff, 0xff, 0xff, 0xff,
    0xff, 0xff, 0xff, 0xff, 0x00, 0x00, 0xff, 0xff, 0xff, 0xff, 0xff, 0xff,
    0xff, 0xff, 0xff, 0xfc, 0xfc, 0xfc, 0xff, 0xff, 0xff, 0x5a, 0x5a, 0x5a,
    0x00, 0x00, 0x00, 0x9c, 0x9c, 0x9c, 0xfa, 0xfa, 0xfa, 0xe8, 0xe8, 0xe8,
    0xea, 0xea, 0xea, 0xf4, 0xf4, 0xf4, 0xf6, 0xf6, 0xf6, 0xf6, 0xf6, 0xf6,
    0xf6, 0xf6, 0xf6, 0xf6, 0xf6, 0xf6, 0xf6, 0xf6, 0xf6, 0xf6, 0xf6, 0xf6,
    0xf6, 0xf6, 0xf6, 0xf6, 0xf6, 0xf6, 0xf5, 0xf5, 0xf5, 0xea, 0xea, 0xea,
    0xeb, 0xeb, 0xeb, 0xeb, 0xeb, 0xeb, 0xeb, 0xeb, 0xeb, 0xea, 0xea, 0xea,
    0xf6, 0xf6, 0xf6, 0xf6, 0xf6, 0xf6, 0xf6, 0xf6, 0xf6, 0xf6, 0xf6, 0xf6,
    0xf6, 0xf6, 0xf6, 0xf6, 0xf6, 0xf6, 0xf6, 0xf6, 0xf6, 0xf6, 0xf6, 0xf6,
    0xf7, 0xf7, 0xf7, 0xf3, 0xf3, 0xf3, 0xe9, 0xe9, 0xe9, 0xe7, 0xe7, 0xe7,
    0xfb, 0xfb, 0xfb, 0x88, 0x88, 0x88, 0x00, 0x00, 0x00, 0x34, 0x34, 0x34,
    0x94, 0x94, 0x94, 0xbd, 0xbd, 0xbd, 0xe7, 0xe7, 0xe7, 0xfa, 0xfa, 0xfa,
    0xff, 0xff, 0xff, 0xff, 0xff, 0xff, 0xff, 0xff, 0xff, 0xff, 0xff, 0xff,
    0x00, 0x00, 0xff, 0xff, 0xff, 0xff, 0xff, 0xff, 0xff, 0xff, 0xff, 0xfc,
    0xfc, 0xfc, 0xff, 0xff, 0xff, 0x5a, 0x5a, 0x5a, 0x00, 0x00, 0x00, 0x98,
    0x98, 0x98, 0xf3, 0xf3, 0xf3, 0xdf, 0xdf, 0xdf, 0xed, 0xed, 0xed, 0x9e,
    0x9e, 0x9e, 0x44, 0x44, 0x44, 0x44, 0x44, 0x44, 0x42, 0x42, 0x42, 0x42,
    0x42, 0x42, 0x42, 0x42, 0x42, 0x42, 0x42, 0x42, 0x44, 0x44, 0x44, 0x43,
    0x43, 0x43, 0x96, 0x96, 0x96, 0xed, 0xed, 0xed, 0xe2, 0xe2, 0xe2, 0xe4,
    0xe4, 0xe4, 0xe2, 0xe2, 0xe2, 0xec, 0xec, 0xec, 0x8b, 0x8b, 0x8b, 0x43,
    0x43, 0x43, 0x44, 0x44, 0x44, 0x42, 0x42, 0x42, 0x42, 0x42, 0x42, 0x42,
    0x42, 0x42, 0x42, 0x42, 0x42, 0x44, 0x44, 0x44, 0x45, 0x45, 0x45, 0xa9,
    0xa9, 0xa9, 0xed, 0xed, 0xed, 0xde, 0xde, 0xde, 0xf4, 0xf4, 0xf4, 0x84,
    0x84, 0x84, 0x00, 0x00, 0x00, 0x34, 0x34, 0x34, 0x95, 0x95, 0x95, 0xbd,
    0xbd, 0xbd, 0xe7, 0xe7, 0xe7, 0xfa, 0xfa, 0xfa, 0xff, 0xff, 0xff, 0xff,
    0xff, 0xff, 0xff, 0xff, 0xff, 0xff, 0xff, 0xff, 0x00, 0x00, 0xff, 0xff,
    0xff, 0xff, 0xff, 0xff, 0xff, 0xff, 0xff, 0xfc, 0xfc, 0xfc, 0xff, 0xff,
    0xff, 0x5a, 0x5a, 0x5a, 0x00, 0x00, 0x00, 0x9b, 0x9b, 0x9b, 0xf9, 0xf9,
    0xf9, 0xe3, 0xe3, 0xe3, 0xf8, 0xf8, 0xf8, 0x43, 0x43, 0x43, 0x00, 0x00,
    0x00, 0x00, 0x00, 0x00, 0x00, 0x00, 0x00, 0x00, 0x00, 0x00, 0x00, 0x00,
    0x00, 0x01, 0x01, 0x01, 0x00, 0x00, 0x00, 0x00, 0x00, 0x00, 0x35, 0x35,
    0x35, 0xf5, 0xf5, 0xf5, 0xe7, 0xe7, 0xe7, 0xe9, 0xe9, 0xe9, 0xe8, 0xe8,
    0xe8, 0xef, 0xef, 0xef, 0x25, 0x25, 0x25, 0x00, 0x00, 0x00, 0x00, 0x00,
    0x00, 0x00, 0x00, 0x00, 0x00, 0x00, 0x00, 0x00, 0x00, 0x00, 0x01, 0x01,
    0x01, 0x00, 0x00, 0x00, 0x00, 0x00, 0x00, 0x54, 0x54, 0x54, 0xfa, 0xfa,
    0xfa, 0xe2, 0xe2, 0xe2, 0xfa, 0xfa, 0xfa, 0x87, 0x87, 0x87, 0x00, 0x00,
    0x00, 0x38, 0x38, 0x38, 0x9b, 0x9b, 0x9b, 0xc1, 0xc1, 0xc1, 0xe8, 0xe8,
    0xe8, 0xfa, 0xfa, 0xfa, 0xff, 0xff, 0xff, 0xff, 0xff, 0xff, 0xff, 0xff,
    0xff, 0xff, 0xff, 0xff, 0x00, 0x00, 0xff, 0xff, 0xff, 0xff, 0xff, 0xff,
    0xff, 0xff, 0xff, 0xfc, 0xfc, 0xfc, 0xff, 0xff, 0xff, 0x5e, 0x5e, 0x5e,
    0x02, 0x02, 0x02, 0x93, 0x93, 0x93, 0xe8, 0xe8, 0xe8, 0xd4, 0xd4, 0xd4,
    0xe6, 0xe6, 0xe6, 0x4c, 0x4c, 0x4c, 0x05, 0x05, 0x05, 0x5d, 0x5d, 0x5d,
    0x9f, 0x9f, 0x9f, 0xb4, 0xb4, 0xb4, 0xc7, 0xc7, 0xc7, 0xda, 0xda, 0xda,
    0x9c, 0x9c, 0x9c, 0x06, 0x06, 0x06, 0x3e, 0x3e, 0x3e, 0xe3, 0xe3, 0xe3,
    0xd8, 0xd8, 0xd8, 0xda, 0xda, 0xda, 0xd9, 0xd9, 0xd9, 0xde, 0xde, 0xde,
    0x30, 0x30, 0x30, 0x06, 0x06, 0x06, 0x6c, 0x6c, 0x6c, 0xa0, 0xa0, 0xa0,
    0xb7, 0xb7, 0xb7, 0xc8, 0xc8, 0xc8, 0xdb, 0xdb, 0xdb, 0x86, 0x86, 0x86,
    0x06, 0x06, 0x06, 0x59, 0x59, 0x59, 0xe8, 0xe8, 0xe8, 0xd3, 0xd3, 0xd3,
    0xe9, 0xe9, 0xe9, 0x7f, 0x7f, 0x7f, 0x02, 0x02, 0x02, 0x45, 0x45, 0x45,
    0xb2, 0xb2, 0xb2, 0xcd, 0xcd, 0xcd, 0xed, 0xed, 0xed, 0xfb, 0xfb, 0xfb,
    0xff, 0xff, 0xff, 0xff, 0xff, 0xff, 0xff, 0xff, 0xff, 0xff, 0xff, 0xff,
    0x00, 0x00, 0xff, 0xff, 0xff, 0xff, 0xff, 0xff, 0xff, 0xff, 0xff, 0xfc,
    0xfc, 0xfc, 0xff, 0xff, 0xff, 0x51, 0x51, 0x51, 0x00, 0x00, 0x00, 0x0c,
    0x0c, 0x0c, 0x14, 0x14, 0x14, 0x12, 0x12, 0x12, 0x14, 0x14, 0x14, 0x06,
    0x06, 0x06, 0x00, 0x00, 0x00, 0x81, 0x81, 0x81, 0xe2, 0xe2, 0xe2, 0xec,
    0xec, 0xec, 0xfc, 0xfc, 0xfc, 0xff, 0xff, 0xff, 0xbb, 0xbb, 0xbb, 0x00,
    0x00, 0x00, 0x05, 0x05, 0x05, 0x14, 0x14, 0x14, 0x13, 0x13, 0x13, 0x13,
    0x13, 0x13, 0x13, 0x13, 0x13, 0x13, 0x13, 0x13, 0x04, 0x04, 0x04, 0x00,
    0x00, 0x00, 0x9b, 0x9b, 0x9b, 0xe1, 0xe1, 0xe1, 0xef, 0xef, 0xef, 0xfc,
    0xfc, 0xfc, 0xff, 0xff, 0xff, 0x9b, 0x9b, 0x9b, 0x00, 0x00, 0x00, 0x07,
    0x07, 0x07, 0x14, 0x14, 0x14, 0x12, 0x12, 0x12, 0x14, 0x14, 0x14, 0x0b,
    0x0b, 0x0b, 0x00, 0x00, 0x00, 0x4b, 0x4b, 0x4b, 0xd9, 0xd9, 0xd9, 0xe0,
    0xe0, 0xe0, 0xf5, 0xf5, 0xf5, 0xfd, 0xfd, 0xfd, 0xff, 0xff, 0xff, 0xff,
    0xff, 0xff, 0xff, 0xff, 0xff, 0xff, 0xff, 0xff, 0x00, 0x00, 0xff, 0xff,
    0xff, 0xff, 0xff, 0xff, 0xff, 0xff, 0xff, 0xfc, 0xfc, 0xfc, 0xff, 0xff,
    0xff, 0xa1, 0xa1, 0xa1, 0x2c, 0x2c, 0x2c, 0x2c, 0x2c, 0x2c, 0x28, 0x28,
    0x28, 0x28, 0x28, 0x28, 0x28, 0x28, 0x28, 0x28, 0x28, 0x28, 0x34, 0x34,
    0x34, 0xc6, 0xc6, 0xc6, 0xf2, 0xf2, 0xf2, 0xf3, 0xf3, 0xf3, 0xf9, 0xf9,
    0xf9, 0xfc, 0xfc, 0xfc, 0xe0, 0xe0, 0xe0, 0x3c, 0x3c, 0x3c, 0x2a, 0x2a,
    0x2a, 0x29, 0x29, 0x29, 0x28, 0x28, 0x28, 0x28, 0x28, 0x28, 0x28, 0x28,
    0x28, 0x29, 0x29, 0x29, 0x28, 0x28, 0x28, 0x3e, 0x3e, 0x3e, 0xd6, 0xd6,
    0xd6, 0xf0, 0xf0, 0xf0, 0xf5, 0xf5, 0xf5, 0xf9, 0xf9, 0xf9, 0xfd, 0xfd,
    0xfd, 0xce, 0xce, 0xce, 0x34, 0x34, 0x34, 0x2b, 0x2b, 0x2b, 0x29, 0x29,
    0x29, 0x28, 0x28, 0x28, 0x28, 0x28, 0x28, 0x2a, 0x2a, 0x2a, 0x2b, 0x2b,
    0x2b, 0xa0, 0xa0, 0xa0, 0xf6, 0xf6, 0xf6, 0xf2, 0xf2, 0xf2, 0xfb, 0xfb,
    0xfb, 0xff, 0xff, 0xff, 0xff, 0xff, 0xff, 0xff, 0xff, 0xff, 0xff, 0xff,
    0xff, 0xff, 0xff, 0xff, 0x00, 0x00, 0xff, 0xff, 0xff, 0xff, 0xff, 0xff,
    0xff, 0xff, 0xff, 0xff, 0xff, 0xff, 0xff, 0xff, 0xff, 0xff, 0xff, 0xff,
    0xff, 0xff, 0xff, 0xfd, 0xfd, 0xfd, 0xfb, 0xfb, 0xfb, 0xfa, 0xfa, 0xfa,
    0xfa, 0xfa, 0xfa, 0xf9, 0xf9, 0xf9, 0xfd, 0xfd, 0xfd, 0xfe, 0xfe, 0xfe,
    0xfb, 0xfb, 0xfb, 0xfe, 0xfe, 0xfe, 0xff, 0xff, 0xff, 0xff, 0xff, 0xff,
    0xff, 0xff, 0xff, 0xff, 0xff, 0xff, 0xfd, 0xfd, 0xfd, 0xfc, 0xfc, 0xfc,
    0xfa, 0xfa, 0xfa, 0xfa, 0xfa, 0xfa, 0xfa, 0xfa, 0xfa, 0xfa, 0xfa, 0xfa,
    0xf9, 0xf9, 0xf9, 0xff, 0xff, 0xff, 0xfd, 0xfd, 0xfd, 0xfb, 0xfb, 0xfb,
    0xfe, 0xfe, 0xfe, 0xff, 0xff, 0xff, 0xff, 0xff, 0xff, 0xff, 0xff, 0xff,
    0xff, 0xff, 0xff, 0xfc, 0xfc, 0xfc, 0xfc, 0xfc, 0xfc, 0xfa, 0xfa, 0xfa,
    0xfa, 0xfa, 0xfa, 0xfa, 0xfa, 0xfa, 0xfa, 0xfa, 0xfa, 0xff, 0xff, 0xff,
    0xfa, 0xfa, 0xfa, 0xfd, 0xfd, 0xfd, 0xfe, 0xfe, 0xfe, 0xff, 0xff, 0xff,
    0xff, 0xff, 0xff, 0xff, 0xff, 0xff, 0xff, 0xff, 0xff, 0xff, 0xff, 0xff,
    0x00, 0x00, 0xff, 0xff, 0xff, 0xff, 0xff, 0xff, 0xff, 0xff, 0xff, 0xff,
    0xff, 0xff, 0xff, 0xff, 0xff, 0xfd, 0xfd, 0xfd, 0xff, 0xff, 0xff, 0xff,
    0xff, 0xff, 0xff, 0xff, 0xff, 0xff, 0xff, 0xff, 0xff, 0xff, 0xff, 0xff,
    0xff, 0xff, 0xfe, 0xfe, 0xfe, 0xfe, 0xfe, 0xfe, 0xff, 0xff, 0xff, 0xff,
    0xff, 0xff, 0xff, 0xff, 0xff, 0xff, 0xff, 0xff, 0xfe, 0xfe, 0xfe, 0xfe,
    0xfe, 0xfe, 0xff, 0xff, 0xff, 0xff, 0xff, 0xff, 0xff, 0xff, 0xff, 0xff,
    0xff, 0xff, 0xff, 0xff, 0xff, 0xff, 0xff, 0xff, 0xff, 0xff, 0xff, 0xfd,
    0xfd, 0xfd, 0xfe, 0xfe, 0xfe, 0xff, 0xff, 0xff, 0xff, 0xff, 0xff, 0xff,
    0xff, 0xff, 0xff, 0xff, 0xff, 0xfe, 0xfe, 0xfe, 0xfe, 0xfe, 0xfe, 0xff,
    0xff, 0xff, 0xff, 0xff, 0xff, 0xff, 0xff, 0xff, 0xff, 0xff, 0xff, 0xff,
    0xff, 0xff, 0xfe, 0xfe, 0xfe, 0xfd, 0xfd, 0xfd, 0xff, 0xff, 0xff, 0xff,
    0xff, 0xff, 0xff, 0xff, 0xff, 0xff, 0xff, 0xff, 0xff, 0xff, 0xff, 0xff,
    0xff, 0xff, 0xff, 0xff, 0xff, 0xff, 0xff, 0xff, 0x00, 0x00
};
static const unsigned int white_rook_bmp_len = 7654;

#endif /* CHESS_PIECES_H */
